ID_GiaoTrinh,Ten_GT,Info,NXB,NamXB,ID_LoaiGT,SoLuong,ID_Nguon,ID_User_CapNhat,TinhTrang_DS,Link_TVS,Link_Dspace
43,"Commerce 1:Oxfoxd English for careersent : Student's book/Martyn Hobb, Julia Starr Keddle",Dewey Class no. :428H682-----Call no. :428222; ----- Mô tả: 135 p.;30cm,New York:Oxford University Pres,2006,1,120,2,3,,,abc
44,"Intelligent business coursebook :Intermediate business English/Tonya Trappe, Graham Tullis",Dewey Class no. :428T774-----Call no. :428222; ----- Mô tả: 176tr.;30cm,England :Pearson Education Limited,2005,1,120,2,3,,,NULL
45,Business Matters,Business Matters/ Mark Powell,Commercial Colour Press Plc,,1,0,2,3,,,NULL
46,Communicative Grammar Practice,Communicative Grammar Practice/ Leo Jones,Commercial Colour Press Plc,,2,0,2,3,,,NULL
47,Let’s talk,Let’s talk/ Leo Jones,Cambridge University Press,,2,0,2,3,,,NULL
48,Managing Cultural Differences,Managing Cultural Differences/ Lisa Hoecklin,Addison-Wesley,,2,0,2,3,,,NULL
49,Kỹ năng giao tiếp và thương lượng trong kinh doanh/Thái Trí Dũng,Dewey Class no. :658.45T364-D916-----Call no. :658.45222; ----- Mô tả: 307tr.;21cm,H.:Lao động - Xã hội,2012,1,5,2,3,,,NULL
50,Giáo trình vận tải và bảo hiểm trong ngoại thương/Trịnh Thị Thu Hương,Dewey Class no. :368.2T833-H957-----Call no. :368.2222; ----- Mô tả: 387tr.;24cm,H.:Thông tin và Truyền thông,2011,1,3,1,3,,,NULL
51,Gard Guidance on Maritime Claims and Insurance,,,,1,0,1,3,,,NULL
52,Business Communication for Success,Business Communication for Success/ Scott McLean,University of Minnesota Libraries Publishing,2012,1,0,2,3,,,NULL
53,Bảo hiểm và giám định hàng hóa xuất nhập khẩu vận chuyên bằng đường biển/Đỗ Hữu Vinh,Dewey Class no. :368.22Đ631-V784-----Call no. :368.22222; ----- Mô tả: 426tr.;24cm,H.:Giao thông vận tải,2009,1,2,2,3,,,NULL
54,Marine Cargo Insurance Clauses,,,,1,0,2,3,,,NULL
55,Cẩm Nang Kinh Doanh – Giao Tiếp Thuơng Mại,Cẩm Nang Kinh Doanh – Giao Tiếp Thuơng Mại/ Nhóm First New biên dịch ,"Havard Business Essential, Nhà xuất bản Tổng Hợp TP HCM",,2,0,2,3,,,NULL
56,English Marine Insurance Act. 1906,,,,2,0,2,3,,,NULL
57,Kỹ năng giao tiếp và thương lượng trong kinh doanh/Thái Trí Dũng,Dewey Class no. :658.45T364-D916-----Call no. :658.45222; ----- Mô tả: 307tr.;21cm,H.:Lao động - Xã hội,2012,1,5,2,3,,,NULL
58,Kỹ năng thương lượng =Negotiation:Cẩm nang kinh doanh,Dewey Class no. :658.4052K99-----Call no. :222658.4052; ----- Mô tả: 183tr.;24cm,Tp.HCM:Tổng hợp,2006,2,2,2,3,,,NULL
59,Business Communication: Polishing Your Professional Presence ,Business Communication: Polishing Your Professional Presence/ Barbara G. Shwom,Pearson,2015,2,0,2,3,,,NULL
60,Cẩm Nang Kinh Doanh – Giao Tiếp Thuơng Mại,First New biên dịch,"Havard Business Essential, Tổng Hợp TP HCM",,2,0,2,3,,,NULL
61,Kỹ năng thương lượng =Negotiation:Cẩm nang kinh doanh,Dewey Class no. :658.4052K99-----Call no. :222658.4052; ----- Mô tả: 183tr.;24cm,Tp.HCM:Tổng hợp,2006,2,2,2,3,,,NULL
62,Hành vi tổ chức,Hành vi tổ chức/ Nguyễn Hữu Lam,Lao động – Xã hội,2011,1,0,2,3,,,NULL
63,Hành vi tổ chức,,Lao động – Xã hội,2011,1,0,2,3,,,NULL
64,Giáo trình Hành vi tổ chức,"Giáo trình Hành vi tổ chức/ Bùi Anh Tuấn, Phạm Thúy Hương.",ĐH Kinh tế Quốc dân,2013,2,0,2,3,,,NULL
65,Giáo trình Hành vi tổ chức,,ĐH Kinh tế Quốc dân,2013,2,0,2,3,,,
66,"Computer intergrated manufacturing/Rehg, Kraebber",,,,1,0,2,3,,,NULL
67,Giáo trình hệ thống CIM,,,,1,0,2,3,,,NULL
68,Tài liệu học tập Thí nghiệm CIM,,,,1,0,2,3,,,NULL
69,"Automation, production systems and computer intergrated manufacturing/Mikell, P. Groover",,Prentice Hall,,2,0,2,3,,,NULL
70,Hệ thống thông tin quản lý/Nguyễn Thanh Hùng,Dewey Class no. :003.3N573-H936-----Call no. :222003.3; ----- Mô tả: 476tr.;24cm.,Tp.Hồ Chí Minh:Đại học Quốc Gia Tp.Hồ Chí Minh,2006,1,30,2,3,,,NULL
71,"Hệ thống thông tin quản lý :Bài giảng/Phạm Thị Thanh Hồng, Phạm Minh Tuấn",Dewey Class no. :003.3P534-H772-----Call no. :003.3222; ----- Mô tả: 223tr.;24cm,Tp.HCM :Đại học Quốc gia Tp.Hồ Chí Minh,2007,2,1,2,3,,,NULL
72,"Management information systems:Managing the digital firm/Kenneth C. Laudon, Jane P. Laudon",Dewey Class no. :658.4038L372-----Call no. :22658.4038; ----- Mô tả: 630p.;29cm,Boston:Prentice Hall,2012,2,1,2,3,,,NULL
73,The Corporate Culture Survival Guide/Edgar H. S.,,Jossey-Bass,2009,1,0,2,3,,,NULL
74,Văn hóa doanh nghiệp/Đỗ Thị Phi Hoài,,Tài Chính,2009,2,0,2,3,,,NULL
75,Đạo đức kinh doanh và văn hóa công ty:Phương pháp môn học và phân tích tình huống/Nguyễn Mạnh Quân,Dewey Class no. :174N573-Q141-----Call no. :174222; ----- Mô tả: 238tr.;21cm.,Hà Nội.:Đại học Kinh tế Quốc dân,2007,2,4,2,3,,,NULL
76,Doanh nhân và Văn hóa kinh doanh/Nguyễn Quang Vinh,,Tổng Hợp TP.HCM,2010,2,0,2,3,,,NULL
77,Tối ưu hóa tuyến tính:Bài giảng và bài tập/Nguyễn Thành Cả,Dewey Class no. :519.6N573-C111-----Call no. :222519.6; ----- Mô tả: 303tr.;21cm.,Tp.HCM:Lao Động Xã Hội,2006,1,14,2,3,,,NULL
78,Tối ưu hóa ứng dụng:Lý thuyết - bài tập - bài giải/Pham Trí Cao,Dewey Class no. :519.3P534-C235-----Call no. :519.3222; ----- Mô tả: 362tr.;24cm,H.:Thống kê,2009,2,4,2,3,,,NULL
79,Giáo trình Quy hoạch toán học/Ngô Hữu Tâm,Dewey Class no. :519N569-T153-----Call no. :221519; ----- Mô tả: 159tr.; 27cm..,Tp.HCM:Đại Học sư Phạm Kỹ Thuật,2007,2,524,1,3,,,NULL
80,"Introduction to Operations Research, 7th Ed/Frederick S.Hillier, Gerald J.Lieberman",,McGraw-Hill Companies,2001,2,0,2,3,,,NULL
81,"Microsoft Office Professional 2013 Step By Step/Beth Melton, Mark Dodge, Echo Swinford, Andrew Couch, Eric Legault, Ben M. Schorr, Ciprian Adrian Rusen",,O‘Reilly,2013,1,0,2,3,,,NULL
82,"Giáo trình Thương mại điện tử/Nguyễn Văn Hồng, Nguyễn Văn Thoan",,Bách Khoa Hà Nội ,2013,1,0,2,3,,,NULL
83,"E-commerce:Business, technology, society/Kenneth C. Laudon, Carol Guercio Traver",Dewey Class no. :658.872L372-----Call no. :22658.872; ----- Mô tả: 909p.;27cm,Boston:Pearson,2012,1,1,2,3,,,NULL
84,"Management information systems:Managing the digital firm/Kenneth C. Laudon, Jane P. Laudon",Dewey Class no. :658.4038L372-----Call no. :22658.4038; ----- Mô tả: 630p.;29cm,Boston:Prentice Hall,2012,2,1,2,3,,,NULL
85,Introduction to Electronic Commerce/Efraim Turban et al.,,Pearson,2011,2,0,2,3,,,NULL
86,Entrepreneurship: The Practice and Mindset,"Entrepreneurship: The Practice and Mindset/ Heidi M. Neck,‎ Christopher P. Neck,‎ Emma L. Murray",SAGE Publications,2017,2,1,2,3,,http://172.30.11.76:4000/handle/123456789/471,
87,Thị trường chứng khoán /Bùi Kim Yến,Dewey Class no. :332.642B932-Y45-----Call no. :332.642222; ----- Mô tả: 519tr. ;24cm,H.:Lao động Xã hội,2013,1,5,2,3,,,NULL
88,Nhập môn logic học/Phạm Đình Nghiệm,Dewey Class no. :160P534-N576-----Call no. :222160; ----- Mô tả: 180tr.;24cm,Tp.HCM.:Đại học Quốc gia Tp.Hồ Chí Minh,2011,1,16,2,3,,,NULL
89,"Câu hỏi trắc nghiệm và bài tập thị trường chứng khoán/Vòng Thình Nam, Võ Thị Xuân Hạnh",Dewey Class no. :332.642V946-N174-----Call no. :332.642222; ----- Mô tả: 132tr.;24cm,Tp. Hồ Chí Minh:Đại học Quốc gia Tp. Hồ Chí Minh,2014,2,319,2,3,,,NULL
90,"Entrepreneurship: Theory, Process, and Practice","Entrepreneurship: Theory, Process, and Practice/ Donald F. Kuratko",South-Western College Pub,2016,2,0,2,3,,http://172.30.11.76:4000/handle/123456789/515,NULL
91,"Phân tích và đầu tư chứng khoán:Soạn theo chương trình mới của UBCKNN - Lý thuyết cô đọng. Bài tập phong phú. Lời giải chi tiết/Bùi Kim Yến, Thân Thị Thu Thủy (ch.b.); Trần Phương Thảo, Phan Thu Hiền,...",Dewey Class no. :332.642B932-Y45-----Call no. :223332.642; ----- Mô tả: 610tr.;24cm,Tp. Hồ Chí Minh:Thống kê,2014,2,10,2,3,,,NULL
92,Entrepreneurship,"Entrepreneurship/ Robert D Hisrich,‎ Michael P Peters,‎ Dean A. Shepherd",McGraw-Hill Education,2016,2,0,2,3,,http://172.30.11.76:4000/handle/123456789/514,NULL
93,Bài tập và bài giải phân tích và đầu tư chứng khoán/Bùi Kim Yến,Dewey Class no. :332.642B932-Y45-----Call no. :223332.642; ----- Mô tả: 350tr.;24cm,H.:Lao động Xã hội,2014,2,10,2,3,,,NULL
94,Luật chứng khoán,,,,2,0,2,3,,,NULL
95,Bài giảng của giảng viên dành cho môn học Tâm lý học kinh doanh,,,,2,0,2,3,,,NULL
96,Kinh doanh quốc tế hiện đại,Kinh doanh quốc tế hiện đại/ Sách biên dịch,Kinh tế TpHCM,,1,0,2,3,,,NULL
97,Giáo trình vận tải và giao nhận trong ngoại thương/Nguyễn Như Tiến,Dewey Class no. :388N573-T562-----Call no. :222388; ----- Mô tả: null,H.:Khoa học và Kỹ Thuật,2011,1,6,2,3,,,NULL
98,"Transportation : A global supply chain perspective / John J. Coyle, Robert A. Novack, Brian J. Gibson","Dewey Class no. :388 C881-----Call no. :388 223; ----- Mô tả: xxii, 503p. : illustrations ; 26cm",Boston,MA,1,1,2,3,,,NULL
99,Giáo trình vận tải và bảo hiểm trong ngoại thương/Trịnh Thị Thu Hương,Dewey Class no. :368.2T833-H957-----Call no. :368.2222; ----- Mô tả: 387tr.;24cm,H.:Thông tin và Truyền thông,2011,2,3,2,3,,,NULL
100,Tranh chấp và giải quyết tranh chấp phát sinh từ hợp đồng thuê tàu chuyến/Nguyễn Như Tiến,,Giao thông vận tải,2004,2,0,2,3,,,NULL
101,Hướng dẫn sử dụng vận đơn đường biển trong thương mại và hàng hải quốc tế/Nguyễn Như Tiến,,Giao thông vận tải,2001,2,0,2,3,,,NULL
102,"International business: Competing in the global marketplace/ Charles W. L. Hill, G. Tomas M. Hult",Dewey Class no. :658.049H645-----Call no. :223658.049; ----- Mô tả: 667p.; 28cm,NewYork,NY: McGraw Hill,1,1,2,3,,,NULL
103,"Các công ước quốc tế về vận tải và hàng hải/Hoàng Văn Châu, Trịnh Thị Thu Hương (dịch)	",,Giao thông vận tải,1999,2,0,2,3,,,NULL
104,"Quản trị vận hành hiện đại (Quản trị sản xuất và dịch vụ) : Lý thuyết và tình huống thực hành ứng dụng của các công ty Việt Nam / Đặng Minh Trang, Lưu Đan Thọ",Dewey Class no. :658.5 Đ182-T772-----Call no. :658.5 223; ----- Mô tả: 486tr. ; 24cm,H. : Tài chính,2015,1,2,2,3,,,NULL
105,"Bài tập và bài giải quản trị vận hành hiện đại (Quản trị sản xuất và dịch vụ) : Tình huống thực hành ứng dụng của các công ty Việt Nam / Đặng Minh Trang, Lưu Đan Thọ","Dewey Class no. :658.5 Đ182-T772-----Call no. :658.5 223; ----- Mô tả: v,344tr. : Hình vẽ, sơ đồ ; 24cm",H. : Tài chính,2015,1,7,2,3,,,NULL
106,"Quản trị kinh doanh quốc tế:Bối cảnh toàn cầu hóa lý thuyết & khảo cứu tình huống hiện đại (Dành cho sinh viên, nhà quản lý công ty)/Nguyễn Văn Dung",Dewey Class no. :337N573-D916-----Call no. :222337; ----- Mô tả: 461tr.;24cm,Hà Nội:Thống Kê,2007,2,4,2,3,,,NULL
107,"Giáo trình quản trị tài chính công ty / Nguyễn Quốc Khánh, Đàng Quang Vắng",Dewey Class no. :658.1 N573-K45-----Call no. :658.1 223; ----- Mô tả: 597tr. ; 24cm,Tp. Hồ Chí Minh : Đại học Quốc gia Tp. Hồ Chí Minh,2016,1,380,2,3,,,NULL
108,"Financial Management: Theory & Practice 15th Edition/Eugene F. Brigham, Michael C. Ehrhardt",,,,1,0,2,3,,,NULL
109,"Quản trị tài chính công ty hiện đại/Trần Ngọc Thơ, Nguyễn Thị Ngọc Trang, Phan Thị Bích Nguyệt, Nguyễn Thị Liên Hoa, Nguyễn Thị Uyên Uyên","
",Thống Kê,2007,2,0,2,3,,,NULL
110,Quản trị kinh doanh quốc tế,Quản trị kinh doanh quốc tế/ Hà Văn Hội,Bưu Điện,,2,0,2,3,,,
111,"Lý thuyết tài chính tiền tệ/Dương Thị Bình Minh, Sử Đình Thành","
",Thống Kê,2007,2,0,2,3,,,NULL
112,"Quản trị tài chính công ty: Hệ thống câu hỏi trắc nghiệm, bài tập và đáp án/Vũ Duy Hào, Lưu Thị Hương","
",Giao thông Vận tải,2010,2,0,2,3,,,NULL
113,Quản trị quan hệ khách hàng =Customer relationshipn management - CRM/Trương Đình Chiến,Dewey Class no. :658.812T871-C533-----Call no. :658.812222; ----- Mô tả: 236tr.;21cm,H.:Phụ nữ,2009,1,1,2,3,,,NULL
114,Quản lý quan hệ khách hàng = Customer relationship management/Nguyễn Văn Dung,Dewey Class no. :658.812N573-D916-----Call no. :658.812222; ----- Mô tả: 239tr.;21cm,H.:Giao thông vận tải,2008,2,3,2,3,,,NULL
115,"Giao nhận, vận tải và bảo hiểm/Đỗ Quốc Dũng, Trần Hoàng Giang,  Nguyễn Thành Long",,Tài chính,2015,1,0,2,3,,,NULL
116,"Contemporary Logistics/Paul R. Murphy Jr., A. Michael Knemeyer, ",,,2014,1,0,2,3,,,NULL
117,Strategy and Competition/Micheal E. Porter,,,2014,2,0,2,3,,,NULL
118,Quản trị Logistics/Đoàn Thị Hồng Vân,Dewey Class no. :658.5Đ631-V217-----Call no. :658.5222; ----- Mô tả: 370tr.;24cm,H.:Thống kê,2006,2,1,2,3,,,NULL
119,Kinh tế học đại cương,"Kinh tế học đại cương/ Trần Đăng Thịnh (c.b), Nguyễn Thị Thanh Vân, Huỳnh Thị Cẩm Tú, Phan Thị Kim Phương",Đại học Quốc gia,2013,1,834,1,3,,,NULL
120,"Bài tập kinh tế học đại cương/ Trần Đăng Thịnh (chủ biên), Nguyễn Thị Thanh Vân, Trương Thị Hòa, Nguyễn Thị Thanh Thúy, Phan Thị Kim Phương",Dewey Class no. :330.076 T772-T443-----Call no. :330.076 222; ----- Mô tả: 142tr. ; 24cm,Tp.HCM : Đại học Quốc gia Tp. Hồ Chí Minh,2016,1,228,1,3,,,NULL
121,Principles of Economics,Principles of Economics/ Gregory Mankiw,,201,2,0,2,3,,,
122,Kinh tế học vi mô,Kinh tế học vi mô/ Lê Bảo Lâm,Thống kê,2005,2,0,2,3,,,
123,Kinh tế học vĩ mô,Kinh tế học vĩ mô/ Dương Tấn Diệp,Thống kê,2006,2,0,2,3,,,NULL
124,Cẩm nang quản trị kho hàng/Phan Thanh Lâm,,Phụ nữ,,1,0,2,3,,,
125,Warehouse distribution and operation handbook ,,,,1,0,2,3,,,
126,Business Logistics/ Supply chain managenment/Ballou R. H.,,,2004,2,0,2,3,,,NULL
127,Essentials of inventory management/Max Muller,,,2003,2,0,2,3,,,
128,"Kinh tế vi mô/Lê Bảo Lâm, Nguyễn Như Ý, Trần Thị Bích Dung, Trần Bá Thọ",Dewey Class no. :338.507K55-----Call no. :338.507222; ----- Mô tả: 221tr.;20cm.,Hà Nội:Lao động - Xã hội,2007,2,9,2,3,,,NULL
129,Quản trị học=Management/Nguyễn Thị Liên Diệp,Dewey Class no. :658N573-D562-----Call no. :222658; ----- Mô tả: 372tr.;21cm,H.:Lao Động - Xã Hội,2010,1,2,2,3,,,NULL
130,"Quản trị chiến lược/Lê Thế Giới, Nguyễn Thanh Liêm, Trần Hữu Hải",Dewey Class no. :658.4012L433-G495-----Call no. :222658.4012; ----- Mô tả: 581tr.;27cm,H.:Thống kê,2007,1,15,2,3,,,NULL
131,Câu hỏi  Bài tập trắc nghiệm Kinh tế học vi mô,"Câu hỏi  Bài tập trắc nghiệm Kinh tế học vi mô/ Nguyễn Như Ý, Trần Thị Bích Dung, Trần Bá Thọ",Hà Nội:Lao động - Xã hội,2007,2,9,2,3,,,NULL
132,"Fundamentals of management/ Stephen P. Robbins, Mary K. Coulter, David A. De Cenzo","Dewey Class no. :658R632-----Call no. :658223; ----- Mô tả: xxiii, 506p.;28cm",Boston: Pearson,2017,2,1,2,3,,,NULL
133,Bài tập Kinh tế học vĩ mô,Bài tập Kinh tế học vĩ mô/ Dương Tấn Diệp,Thống kê,2007,2,0,2,3,,,NULL
134,Quản lý chuỗi cung ứng/Nguyễn Kim Anh,,ĐH Mở,2006,1,1,2,3,,,NULL
135,Quản lý chuỗi cung ứng/Nguyễn Kim Anh,,ĐH Mở,2006,1,1,2,3,,,NULL
136,"Designing and managing the supply chain : Concepts, strategies, and case studies / David Simchi-Levi, Philip Kaminsky, Edith Simchi-Levi","Dewey Class no. :658.5 S588-----Call no. :658.5 223; ----- Mô tả: xxviii, 498p. ; 26cm + 1 CD-Rom",New York,NY : McGraw-Hill Education,1,1,2,3,,,NULL
137,"Supply Chain Management. Strategy, Planing, and Operation/ Sunil Chopra","Dewey Class no. :658.7C549-----Call no. :658.7223; ----- Mô tả: xiii, 528p.: 24 cm.",Pearson Education: Malaysia,2019,1,1,2,3,,,NULL
138,Quản trị vận hành và chuỗi cung ứng/F.Robert Jacobs & Richard B.Chase,, Kinh tế TP.HCM,2017,1,0,2,3,,,NULL
139,"Logistics Management and Strategy: Competing Through the Supply Chain/Alan Harrison, Remko Van Hoek",,Prentice Hall,2008,1,0,2,3,,,NULL
140,Giáo trình nguyên lý Kế toán,"Giáo trình nguyên lý Kế toán/ Võ Văn Nhị, Phạm Ngọc Toàn;  Trần Thị Thanh Hải ",Kinh tế TP. Hồ Chí Minh ,2015,1,0,2,3,,,NULL
141,"Strategic Management and Business Policy toward Global sustainability, 13th edition/Thomas L. Wheelen and J. David Hunger",,"Pearson Education, Inc",2012,2,0,2,3,,,NULL
142,Luật kế toán,, ,,2,0,2,3,,,NULL
143,"Strategic Management: Concepts and cases, 13th edition/Fred R. David",,Prentice Hall,2011,2,0,2,3,,,NULL
144,"Research Methods for Business Students Fourth Edition/Mark Saunders, Philip Lewis, Adrian Thornhill",,Pearson Education,2010,1,1,2,3,,,NULL
145,Phương pháp nghiên cứu kinh tế kiến thức cơ bản/Trần Tiến Khai,Dewey Class no. :330.072T772-K45-----Call no. :222330.072; ----- Mô tả: 345tr.;24cm,H.:Lao động - Xã hội,2012,1,5,2,3,,,NULL
146,"Research methods for business students / Mark Saunders, Philip Lewis, Adrian Thornhill","Dewey Class no. :650.072 S257-----Call no. :650.072222; ----- Mô tả: xxvi, 741p. ; 29cm",England. : Pearson Education limited,2010,1,1,2,3,,,NULL
147,Business Research Methods: An Applied Orientation/Sreejesh,,Springer,2014,2,0,2,3,,,NULL
148,"Quản lý chất lượng /Tạ Thị Kiều An, Ngô Thị Ánh, Nguyễn Thị Ngọc Diệp,...",Dewey Class no. :658.4013Q123-----Call no. :658.401 3221; ----- Mô tả: 441tr.;24cm,H.:Thống kê,2010,1,180,2,3,,http://172.16.2.21/libol50/search/detail.asp?ID=39420,
149,"Research methods for business students =Phương pháp nghiên cứu trong kinh doanh/Mark Saunders, Philip Lewis, Adrian Thornhill; Nguyễn Văn Dung",Dewey Class no. :650.072R432-----Call no. :650.072222; ----- Mô tả: 710tr.;29cm,H.:Tài chính,2010,1,1,2,3,,,NULL
150,"Quản lý chất lượng trong các tổ chức : Bài tập /Tạ Thị Kiều An, Ngô Thị Ánh, Nguyễn Ngọc Diệp,...",Dewey Class no. :658.4013Q123-----Call no. :658.401 3221; ----- Mô tả: 138tr.;24cm,Hà Nội:Thống kê,2007,1,7,2,3,,,NULL
151,"Research methods for business students =Phương pháp nghiên cứu trong kinh doanh/Mark Saunders, Philip Lewis, Adrian Thornhill; Nguyễn Văn Dung",Dewey Class no. :650.072R432-----Call no. :650.072222; ----- Mô tả: 710tr.;29cm,H.:Tài chính,2010,2,5,2,3,,,NULL
152,Quản trị chất lượng = Quality management/Nguyễn Kim Định,Dewey Class no. :658.562N573-Đ584-----Call no. :658.562; ----- Mô tả: 397tr.;24cm,Tp.HCM.:Đại học Quốc gia Tp.Hồ Chí Minh,2010,2,26,2,3,,,NULL
153,"Quản lý chất lượng/Bùi Nguyễn Hùng, Nguyễn Thuý Quỳnh Loan",Dewey Class no. :658.562B932-H936-----Call no. :222658.562; ----- Mô tả: 352tr.;24cm.,Tp.Hồ Chí Minh:Đại học Quốc gia,2004,2,17,2,3,,,NULL
154,Quality planning and analysis: From product development through use/ Frank M. Gryna ; Earlier ed. by J. M. Juran,"Dewey Class no. :658.562G894-----Call no. :658.562223; ----- Mô tả: xxii, 729p.; 24cm",New York: McGraw-Hill,2001,2,1,2,3,,,NULL
155,"Giáo trình Nguyên lý Kế toán/Võ Văn Nhị, Phạm Ngọc Toàn;  Trần Thị Thanh Hải ",,Kinh tế TP. Hồ Chí Minh ,2015,1,0,2,3,,,NULL
156,Giáo trình Quản trị ngoại thương/Đoàn Thị Hồng Vân,,,2013,1,0,2,3,,,NULL
157,Kỹ thuật kinh doanh xuất nhập khẩu/Võ Thanh Thu,Dewey Class no. :382.3V872-T532-----Call no. :221382.3; ----- Mô tả: 470tr.;28cm.,Hà Nội:Lao động - Xã hội,2006,2,1,2,3,,,NULL
158,Giáo trình Kỹ thuật Kinh doanh thương mại quốc tế/Hà Thị Ngọc Oanh,,Thống Kê,2014,2,1,2,3,,,NULL
159,"Nghiệp vụ ngoại thương/Đỗ Quốc Dũng (ch.b); Trần Hoàng Giang, Nguyễn Thành Long, Vòng Thình Nam (biên soạn)","Dewey Class no. :382Đ631-D916-----Call no. :223382; ----- Mô tả: 538tr.,24cm",H.:Tài chính,2015,2,2,2,3,,,NULL
160,Intercorms/Nguyễn Văn Dung,,,2011,2,0,2,3,,,NULL
161,Negotiation and Arbitration of International Commercial Contracts/Joseph L. Daly,,,,2,0,2,3,,,NULL
162,Uniform custom and practice for documentary Credit 600/UCP 600,,,,2,0,2,3,,,NULL
163,Quản lý chuỗi cung ứng,Quản lý chuỗi cung ứng/ Nguyễn Kim Anh,ĐH Mở,2006,1,0,2,3,,,NULL
164,"Export - Import theory, practices and procedure. /Belayt Seyoum",,,2010,2,0,2,3,,,NULL
165,Purchasing and supply chain management / Arjan J. van Weele,"Dewey Class no. :658.72 W396-----Call no. :658.72 223; ----- Mô tả: xiii, 386p. ; 26cm",Andover,Hampshire : Cengage Learning,1,1,2,3,,,NULL
166,Purchasing and supply chain management / Arjan J. van Weele,"Dewey Class no. :658.72 W396-----Call no. :658.72 223; ----- Mô tả: xiii, 386p. ; 26cm",Andover,Hampshire : Cengage Learning,1,1,2,3,,,NULL
167," Contracts, relationships and integration: Towards a model of the procurement of complex performance/Lewis, M.A., Roehrich, J.K. ",,"International Journal of Procurement Management, 2(2):125–142.",2009,1,1,2,3,,,NULL
168,Supply chain management,"Supply chain management/ Sunil Chopra, Peter Meindl",Pearson,2013,1,0,2,3,,,NULL
169,"Designing and managing the supply chain : Concepts, strategies, and case studies / David Simchi-Levi, Philip Kaminsky, Edith Simchi-Levi","Dewey Class no. :658.5 S588-----Call no. :658.5 223; ----- Mô tả: xxviii, 498p. ; 26cm + 1 CD-Rom",New York,NY : McGraw-Hill Education,1,1,2,3,,,NULL
170,"Marketing dịch vụ hiện đại/Lưu Đan Thọ, Tôn Thất Hoàng Hải, Cao Minh Nhựt",,Tài Chính,2016,1,0,2,3,,,NULL
171,Quản trị chiến lược chuỗi cung ứng,Quản trị chiến lược chuỗi cung ứng/ Shoshanah Cohen & Joseph Roussel,Lao Động Xã Hội,2008,2,0,2,3,,,NULL
172,"Giáo trình marketing căn bản/Đinh Tiên Minh, Quách Thị Bửu Châu, Nguyễn Văn Trưng, Đào Hoài Nam",Dewey Class no. :658.83G434-----Call no. :222658.83; ----- Mô tả: 282tr.;24cm,Tp.HCM:Lao Động,2012,2,1,2,3,,,NULL
173,Giáo trình marketing dịch vụ:Sách chuyên khảo/Lưu Văn Nghiêm,Dewey Class no. :658.83L975-N576-----Call no. :658.83222; ----- Mô tả: 414tr.;21cm,H.:Đại học Kinh tế Quốc dân,2008,2,4,2,3,,,NULL
174,International Human Resource Management,"International Human Resource Management/ Dowling, P., Festing, M., Engle, A.",Cengage Learning,2013,1,0,2,3,,,NULL
175,"Quản trị dịch vụ/Lưu Đan Thọ, Vòng Thình Nam",,Tài Chính,2016,2,0,2,3,,,NULL
176,"Giáo trình marketing căn bản/Đinh Tiên Minh, Quách Thị Bửu Châu, Nguyễn Văn Trưng, Đào Hoài Nam",Dewey Class no. :658.83G434-----Call no. :222658.83; ----- Mô tả: 282tr.;24cm,Tp.HCM:Lao Động,2012,1,1,2,3,,,NULL
177,Quản trị nguồn nhân lực =Human Resource Management /Trần Kim Dung,Dewey Class no. :658.3T772-D916-----Call no. :221658.3; ----- Mô tả: 487tr.;24cm..,Tp.HCM:Thống Kê,2011,1,141,2,3,,,NULL
178,Giáo trình Marketing căn bản/Trần Minh Đạo,Dewey Class no. :658.83T772-Đ211-----Call no. :222658.83; ----- Mô tả: 407tr.;21cm,H.:Kinh tế quốc dân,2009,2,5,2,3,,,NULL
179,"Quản trị marketing/Lê Thế Giới, Nguyễn Xuân Lãn",Dewey Class no. :658.8L433-G495-----Call no. :222658.8; ----- Mô tả: 336tr.;27cm..,Hà Nội:Giáo dục Việt Nam,2010,2,13,2,3,,,NULL
180,Quản trị nhân lực,"Quản trị nhân lực/ Nguyễn Ngọc Quân, Nguyễn Vân Điềm",Đại học Kinh tế Quốc dân,2012,2,0,2,3,,,NULL
181,"Quản trị marketing/Philip Kotler; Vũ Trọng Hùng (dịch), Phan Thăng (hiệu đính)",Dewey Class no. :658.8K87-----Call no. :221658.8; ----- Mô tả: 874tr.;28cm.,Hà Nội:Thống Kê,2007,2,1,2,3,,,NULL
182,Quản trị nhân sự,Quản trị nhân sự/ Nguyễn Hữu Thân,Thống kê,2012,2,0,2,3,,,NULL
183,Quản trị nguồn nhân lực,"Quản trị nguồn nhân lực/ George T. Milkovich, John W. Boudreau (Dịch: Vũ Trọng Hùng)",Thống kê,2005,2,0,2,3,,,NULL
184,"Quản trị marketing hiện đại - Định hướng mối quan hệ: Lý thuyết và tình huống ứng dụng của các công ty Việt Nam/Lưu Đan Thọ, Trần Thanh Toàn, Nguyễn Nam Hải",Dewey Class no. :658.8 L975-T449-----Call no. :658.8 223; ----- Mô tả: 306tr.; 21cm,H.: Tài chính,2016,2,10,2,3,,,NULL
185, Lịch sử các học thuyết kinh tế/Trần Bình Trọng (chủ biên),,Đại học Kinh tế Quốc dân,2013,1,0,2,3,,,NULL
186,"Lịch sử các học thuyết kinh tế/Phạm Văn Chiến, Nguyễn Ngọc Thanh",,Đại học Quốc gia Hà Nội,2010,2,0,2,3,,,NULL
187,"Tư tưởng kinh tế kể từ Keynes/Michel Beaud, Gilles Dostaler, Nguyễn Đôn Phước (biên dịch)",,Tri Thức,2008,2,0,2,3,,,NULL
188,Thanh toán quốc tế,"Thanh toán quốc tế/ Trần Hoàng Ngân, Nguyễn Minh Kiều",Thống kê,2014,1,1,2,3,,,NULL
189,"Giải pháp Keynes – Con đường dẫn đến sự thịnh vượng kinh tế toàn cầu/Paul Davidson (biên soạn), Nguyễn Hằng (biên dịch)",,Trẻ,2009,2,0,2,3,,,NULL
190,Thanh toán quốc tế trong ngoại thương và tài trợ thương mại quốc tế,Thanh toán quốc tế trong ngoại thương và tài trợ thương mại quốc tế/ Đinh Xuân Trình,Thống kê,2012,1,0,2,3,,,NULL
191,"Ba người khổng lồ trong kinh tế học (Adam Smith, Các Mác, và John Maynard Keynes)/Mark Skousen (chủ biên), Nguyễn Hoàng Hà và cộng sự (biên dịch)",,Chính trị Quốc gia,2013,2,0,2,3,,,NULL
192,"Quản trị vận hành hiện đại (Quản trị sản xuất và dịch vụ) : Lý thuyết và tình huống thực hành ứng dụng của các công ty Việt Nam / Đặng Minh Trang, Lưu Đan Thọ",Dewey Class no. :658.5 Đ182-T772-----Call no. :658.5 223; ----- Mô tả: 486tr. ; 24cm,H. : Tài chính,2015,1,2,1,3,,,NULL
193," Giao nhận, vận tải và bảo hiểm /Đỗ Quốc Dũng, Trần Hoàng Giang,  Nguyễn Thành Long",,Tài Chính,2015,1,0,2,3,,,NULL
194,Unitization and packaging cargo/AFFA training manual,,,2014,1,0,2,3,,,NULL
195,"Fundamentals of Packaging Technology -5th Edition/CPP, Institute of Packaging Professionals, Walter Soroka",,,2014,2,0,2,3,,,NULL
196,Intermodal Transportation/Joseph Tshilomb JK,,,2016,2,0,2,3,,,NULL
197,"Câu hỏi và bài tập môn Thuế /Lê Xuân Trường, Vương Thị Thu Hiền",Dewey Class no. :336.2L433-T871-----Call no. :222336.2; ----- Mô tả: 223tr. ;21cm.,H. :Tài chính,2007,2,14,2,3,,,NULL
198,Thanh toán quốc tế,"Thanh toán quốc tế/ Trầm Thị Hương,  Nguyễn Đăng Dờn",Lao động – Xã hội,2008,2,12,2,3,,,NULL
199,Cẩm nang Thanh toán quốc tế và tài trợ ngoại thương,Cẩm nang Thanh toán quốc tế và tài trợ ngoại thương/  Nguyễn Văn Tiến,Thống kê,2014,2,0,2,3,,,NULL
200,Incoterms 2000 – Hỏi và đáp về Incoterms 2000,"Incoterms 2000 – Hỏi và đáp về Incoterms 2000/ Võ Thanh Thu,  Đoàn Thị Hồng Vân  ",Thống kê,2002,2,0,2,3,,,NULL
201,Toàn tập UCP 600:Phân tích và bình luận toàn diện tình huống tín dụng chứng từ / Nguyễn Trọng Thùy,Dewey Class no. :332.7N573-T547-----Call no. :332.7222; ----- Mô tả: 537tr.;27cm,H.:Thống kê,2009,2,4,2,3,,,NULL
202,"Giáo trình Kiểm toán/Bộ môn Kiểm toán, Khoa Kế toán - Kiểm toán, Trường Đại học Kinh tế TP.HCM",,Thống kê,2017,1,0,2,3,,,NULL
203,"Principles of auditing & other assurance services/O. Ray Whittington, Kurt Pany","Dewey Class no. :657.45W626-----Call no. :657.45222; ----- Mô tả: xxx, 833p.;28cm",Boston:McGraw-Hill,2010,2,1,2,3,,,NULL
204,"Auditing: An Integrated Approach/Arens, A.A. và Locbbecke, J.K.	","Dewey Class no. :657.45W626-----Call no. :657.45222; ----- Mô tả: xxx, 833p.;28cm",Prentice-Hall,2000,2,0,2,3,,,NULL
205,"Kiểm toán (Auditing)/Alvin A.Arens & James K.Loebbecke – Dịch và biên soạn Phạm Văn Dược, Đặng Kim Cương",,Thống kê,2009,2,0,2,3,,,NULL
206,"Giáo trình kế toán số, kế toán doanh nghiệp/Công ty CP MISA",,Văn hoá - Thông tin Hà Nội,2021,1,0,2,3,,,NULL
207,Hệ thống thông tin kế toán – tập 3 /Bộ môn hệ thống thông tin kế toán – Đại học Kinh tế TPHCM,,Thống kê,2011,2,0,2,3,,,NULL
208,Giáo trình Kế toán Ngân hàng/Trương Thị Hồng,,Tài chính,2019,1,0,2,3,,,NULL
209,"Giáo trình Kế toán ngân hàng/Nguyễn Thị Loan, Lâm Thị Hồng Hoa, Học viện Ngân hàng",,Thống kê,2016,2,6,2,3,,,NULL
210,"Giáo trình Kế toán ngân hàng/Nguyễn Thị Thanh Hương (chủ biên) – Vũ Thiện Thập, Học viện Ngân hàng",,Thống kê,2016,2,6,2,3,,,NULL
211,"Microsoft Office Professional 2013 Step By Step/Beth Melton, Mark Dodge, Echo Swinford, Andrew Couch, Eric Legault, Ben M. Schorr, Ciprian Adrian Rusen",,O‘Reilly,2013,1,0,2,3,,,
212,"Microsoft Office Professional 2013 Step By Step/Beth Melton, Mark Dodge, Echo Swinford, Andrew Couch, Eric Legault, Ben M. Schorr, Ciprian Adrian Rusen",,O‘Reilly,2013,1,0,2,3,,,NULL
213,"Giáo trình Kế toán tài chính, phần 3-4/Nhóm GV khoa kế toán kiểm toán",,Kinh tế TPHCM,,1,0,2,3,,,NULL
214,"Giáo trình Kế toán quản trị/""Huỳnh Lợi,  Ray H. Garrison, Eric W. Noreen và Peter C. Brewer""",,Kinh tế TPHCM,2017,1,0,2,3,,,
215,Giáo trình kế toán hành chính sự nghiệp/Võ Văn Nhị,,Kinh tế TPHCM,2017,1,0,2,3,,,NULL
216,"Presentation Skills For Students/Joan van Emden, Lucinda Becker",,Palgrave,2016,1,0,2,3,,,
217,Giáo trình Thị trường chứng khoán/Đào Kim Yến,,Lao động Xã hội,2013,1,0,2,3,,,NULL
218,Giáo trình Nghiệp vụ ngân hàng thương mại/Trầm Thị Xuân Hương,,Kinh tế,2013,1,0,2,3,,,NULL
219,Tangled Web: A Guide to Securing Modern Web Applications. ,"Tangled Web: A Guide to Securing Modern Web Applications/ Zalewski, M.",No Starch Press,2012,1,0,2,3,,,NULL
220,"Giáo trình kế toán tài chính - Quyển 1: Đã chỉnh sửa và bổ sung theo thông tư số 200/2014/TT/BTC ngày 22/12/2014/Nguyễn Xuân Hưng, Phan Thị Thu Hà, Nguyễn Thị Kim Cúc,...",Dewey Class no. :657G434-----Call no. :657223; ----- Mô tả: 274tr.;27cm,Tp. Hồ Chí Minh:Kinh tế Tp. Hồ Chí Minh,2015,1,120,2,3,,,NULL
221,"Giáo trình kế toán tài chính - Quyển 2: Đã chỉnh sửa và bổ sung theo thông tư số 200/2014/TT/BTC ngày 22/12/2014/Nguyễn Thị Kim Cúc, Nguyễn Xuân Hưng, Đặng Ngọc Vàng,...",Dewey Class no. :657G434-----Call no. :657223; ----- Mô tả: 290tr.;27cm,Tp. Hồ Chí Minh:Kinh tế Tp. Hồ Chí Minh,2015,1,120,2,3,,,NULL
222,Cryptography and network security: Principles and practice / William Stallings,Dewey Class no. :005.82 S782-----Call no. :005.82 223; ----- Mô tả: 766p. ; 24cm,Boston : Pearson,2017,2,1,2,3,,,NULL
223,"Giáo trình kế toán tài chính - Quyển 3: Đã chỉnh sửa và bổ sung theo thông tư số 200/2014/TT/BTC ngày 22/12/2014/Đặng Ngọc Vàng, Bùi Văn Dương, Hà Xuân Thạch,...",Dewey Class no. :657G434-----Call no. :657223; ----- Mô tả: 335tr.;27cm,Tp. Hồ Chí Minh:Kinh tế Tp. Hồ Chí Minh,2015,1,120,2,3,,,NULL
224,"Commerce 1:Oxfoxd English for careersent : Student's book/Martyn Hobb, Julia Starr Keddle",Dewey Class no. :428H682-----Call no. :428222; ----- Mô tả: 135 p.;30cm,New York:Oxford University Pres,2006,1,120,2,3,,,NULL
225,"Giáo trình Kế toán tài chính, phần 3/Khoa Kế toán - ĐHKT TPHCM",,Kinh tế TPHCM,,1,0,2,3,,,NULL
226,"Giáo trình Kế toán tài chính, phần 3/Khoa Kế toán - ĐHKT TPHCM",,Kinh tế TPHCM,,1,0,2,3,,,NULL
227,"Hướng dẫn thực hành lập sổ sách kế toán - Báo cáo tài chính và báo cáo thuế GTGT trên EXCEl :Sữa đổi, bổ sung theo QĐ 15/2006/QĐ-BTC, ngày 20/03/2006 (Áp dụng cho doanh nghiệp lớn)và QĐ 48/QĐ-BTC, ngày 14 tháng 09 năm 2006 ( Áp dụng cho DN vừa và nhỏ ), chỉnh sửa theo TT 161/2007/TT-BTC ngày 21/12/2007 và TT 84/2008/TT-BTC ngày 30/09/2008 /Bùi Văn Dương, Võ Văn Nhị, Đặng Quang Sáng, Nguyễn Ngọc Hiến",Dewey Class no. :657H957-----Call no. :222657; ----- Mô tả: 691tr.;24cm,H.:Tài Chính,2009,2,30,2,3,,,NULL
228,"Kê khai, quyết toán thuế 2017 và chính sách thuế mới sửa đổi, bổ sung","Kê khai, quyết toán thuế 2017 và chính sách thuế mới sửa đổi, bổ sung/ Tổng cục thuế",Tài chính,2018,1,0,2,3,,,
229,Chính sách Thuế và những quy định về công tác quản lý kế toán trong các loại hình doanh nghiệp,Chính sách Thuế và những quy định về công tác quản lý kế toán trong các loại hình doanh nghiệp,Kinh tế,2018,2,0,2,3,,,NULL
230,"Giáo trình Nguyên lý kế toán/""Võ Văn Nhị (chủ biên) """,,Tài Chính,2020,1,30,2,3,,,NULL
231,Giáo trình Thuế/ Phan Hữu Nghị,,Kinh tế Quốc Dân,2020,1,0,2,3,,,
232,"Database systems : The complete book / Hector Garcia-Molina, Jeffrey D. Ullman, Jennifer Widom","Dewey Class no. :005.74 G216-----Call no. :005.74 223; ----- Mô tả: xxxvi, 1203p. ; 24 cm",Upper Saddle River,N.J. : Pearson Prentice Hall,1,1,2,3,,,NULL
233,"Kiểm toán (Auditing)/Alvin A.Arens & James K.Loebbecke – Dịch và biên soạn Phạm Văn Dược, Đặng Kim Cương",,Thống kê,2009,2,0,2,3,,,NULL
234,"Giáo trình Kiểm toán/Bộ môn Kiểm toán, Khoa Kế toán - Kiểm toán, Trường Đại học Kinh tế TP.HCM",,Thống kê,2017,1,0,2,3,,,NULL
235,"Database system concepts/Abraham Silberschatz, Henry F. Korth, S. Sudarshan",Dewey Class no. :005.74 S582-----Call no. :22005.74 ; ----- Mô tả: 1349p.;25cm,New York: McGraw-Hill Higher Education,2011,1,1,2,3,,,NULL
236,"Interpretation and Application of IFRS Standards/PFK International Limited	",,Wiley,2021,1,0,2,3,,,NULL
237,Giáo trình Hệ thống thông tin kế toán - phần 2 (Kế toán Access)/Khoa Kế toán Kiểm toán ĐH Công Nghiệp,,,2009,1,0,2,3,,,NULL
238,Fundamentals of Database System,"Fundamentals of Database System/ Ramez Elmasri, Shamkant Navathe",Addison-Wesley,2011,1,0,2,3,,,NULL
239,Tài chính doanh nghiệp căn bản:Lý thuyết & thực hành quản lý ứng dụng cho các doanh nghiệp Việt Nam/Nguyễn Minh Kiều,Dewey Class no. :658.15N573-K47-----Call no. :658.15222; ----- Mô tả: 897tr.;24cm,Hà Nội:Thống kê,2009,1,101,2,3,,,NULL
240,Tài chính doanh nghiệp căn bản:Lý thuyết & thực hành quản lý ứng dụng cho các doanh nghiệp Việt Nam/Nguyễn Minh Kiều,Dewey Class no. :658.15N573-K47-----Call no. :658.15222; ----- Mô tả: 897tr.;24cm,Hà Nội:Thống kê,2009,1,101,2,3,,,NULL
241,"Phân tích hoạt động kinh doanh/ Trần Thụy Ái Phương, Nguyễn Thị Châu Long",Dewey Class no. :658T772-P577-----Call no. :658223; ----- Mô tả: 175tr.; 24cm,Tp. Hồ Chí Minh: Đại học Quốc gia Tp.Hồ Chí Minh,2018,1,237,2,3,,,NULL
242,"Research methods for business students / Mark Saunders, Philip Lewis, Adrian Thornhill","Dewey Class no. :650.072 S257-----Call no. :650.072222; ----- Mô tả: xxvi, 741p. ; 29cm",England. : Pearson Education limited,2010,1,1,2,3,,,NULL
243,Phương pháp nghiên cứu kinh tế kiến thức cơ bản/Trần Tiến Khai,Dewey Class no. :330.072T772-K45-----Call no. :222330.072; ----- Mô tả: 345tr.;24cm,H.:Lao động - Xã hội,2012,1,5,2,3,,,NULL
244,An Introduction to Mathematical Economoics Part1/Micheal Sampson ,,Loglinear,2015,1,5,2,3,,,NULL
245,How to Win Your Investors' Confidence,How to Win Your Investors' Confidence/  Gerald Schwetje and Sam Vaseghi,Springer Science & Business Media,2007,1,0,2,3,,,NULL
246,How to Write a Business Plan,How to Write a Business Plan/ Mike McKeever,"Delta Printing Solutions, Inc.",2011,2,0,2,3,,,NULL
247,"The Corporate Culture Survival Guide/Edgar H. S., ",,Jossey-Bass,2009,1,0,2,3,,,NULL
248,Guide to business planning,"Guide to business planning/ Graham Friend, Stefan Zehle",The Economist Newspaper Ltd,2004,2,0,2,3,,,NULL
249,Văn hóa doanh nghiệp/Đỗ Thị Phi Hoài,,Tài Chính,2009,2,0,2,3,,,NULL
250,Đạo đức kinh doanh và văn hóa công ty:Phương pháp môn học và phân tích tình huống/Nguyễn Mạnh Quân,Dewey Class no. :174N573-Q141-----Call no. :174222; ----- Mô tả: 238tr.;21cm.,Hà Nội.:Đại học Kinh tế Quốc dân,2007,2,4,2,3,,,NULL
251,"Doanh nhân và Văn hóa kinh doanh/""Nguyễn Quang Vinh,  Trần Hữu Quang """,,,,2,0,2,3,,,NULL
252,"Hệ thống sản xuất/Nguyễn Thị Thu Hằng, Đường Võ Hùng",Dewey Class no. :658.5N573-H239-----Call no. :222658.5; ----- Mô tả: 203tr.;24cm.,Tp.Hồ Chí Minh:Đại học Quốc gia Tp. Hồ Chí Minh,2014,1,101,2,3,,,NULL
253,Operations Management/Roberta S. Russelll and Bernard W. Taylor III,,Prentice-Hall,,2,0,2,3,,,NULL
254, Bài giảng Quản trị sản xuất 1,,,,1,0,2,3,,,NULL
255,Project Management – Achieving competitive advantage/Pinto,,Pearson,2013,1,0,2,3,,,http://172.16.2.21/libol50/search/detail.asp?ID=60069
256,Giáo trình luật kinh tế /Phạm Duy Nghĩa,Dewey Class no. :343.59707P534-N576-----Call no. :222343.597 07; ----- Mô tả: 551tr.;24cm,H.:Công an nhân dân,2010,1,2,2,3,,,NULL
257,Quản lý dự án/ Cao Hào Thi (ch.b.); Nguyễn Thuý Quỳnh Loan,Dewey Class no. :658.404 C235-T422-----Call no. :222 658.404; ----- Mô tả: 162tr. ; 24cm,Tp.Hồ Chí Minh:Đại học Quốc gia Tp. Hồ Chí Minh,2015,1,2,2,3,,,NULL
258, Luật Doanh nghiệp năm 2014,,,,2,0,2,3,,,NULL
259,"Quản trị dự án/Nguyễn Thanh Liêm, Đoàn Thị Liên Hương, Nguyễn Văn Long",Dewey Class no. :658.404N573-L719-----Call no. :658.404222; ----- Mô tả: 359tr.;27cm,H.:Tài chính,2009,1,5,2,3,,,NULL
260,  Luật Phá sản năm 2014 ,,,,2,0,2,3,,,NULL
261, Luật Đầu tư năm 2014 ,,,,2,0,2,3,,,NULL
262, Luật Thương mại năm 2005 ,,,,2,0,2,3,,,NULL
263, Bộ luật Dân sự năm 2015,,,,2,0,2,3,,,NULL
264, Bộ luật Tố tụng dân sự năm 2015,,,,2,0,2,3,,,NULL
265,"Project Management/Field, M., Keller, L.",,Open University,2007,1,0,2,3,,,NULL
266,  Luật Trọng tài Thương mại năm 2010,,,,2,0,2,3,,,NULL
267,Sản xuất tinh gọn- một số kinh nghiệm thế giới/Phan Chí Anh,,Đại học Quốc gia Hà Nội,2015,1,0,2,3,,,NULL
268,"Digital marketing. Strategy, Implementation and Practice","Digital marketing. Strategy, Implementation and Practice/ Dave Chaffey, Fiona Ellis-Chadwick",,,1,0,2,3,,,NULL
269,How to implement Lean manufacturing/Lonie Wilson,,Mc Graw Hill,,1,0,2,3,,,NULL
270,eMarketing eXcellence. Planning and optimizing your digital marketing,"eMarketing eXcellence. Planning and optimizing your digital marketing/ Dave Chaffey, Paul Smith",,,2,0,2,3,,,NULL
271,"Phương thức Toyota =The Toyota way : 14Những nguyên lý quản trị nổi tiếng của Toyota - Tập đoàn đã tạo ra dây truyền sản xuất tinh gọn /Jeffrey K. Liker; Trường Khanh, Sỹ Huy, Hắc Hải ( dịch )",Dewey Class no. :658.5L727-----Call no. :222658.5; ----- Mô tả: 591tr. ;21cm.,H. :Lao động - Xã hội,2013,2,48,2,3,,,NULL
272,Digital marketing. Using New Technologies to Get Closer to Your Customers,Digital marketing. Using New Technologies to Get Closer to Your Customers/ Will Rogan,,,2,0,2,3,,,NULL
273,"Quản trị tinh gọn tại các doanh nghiệp vừa và nhỏ Việt Nam- Thực trạng và giải pháp/Nguyễn Hồng Sơn, Nguyễn Đăng Minh",Dewey Class no. :658.5L727-----Call no. :222658.5; ----- Mô tả: 591tr. ;21cm.,Đại học Quốc gia Hà Nội,2014,2,0,2,3,,,NULL
274,Phân tích và thiết kế hướng đối tượng bằng UML,Phân tích và thiết kế hướng đối tượng bằng UML/ Đặng Văn Đức,,,1,0,2,3,,,NULL
275,Phân tích và thiết kế HTTT theo UML,"Phân tích và thiết kế HTTT theo UML/ Dương Kiều Hoa, Tôn Thất Hoà An",Đại học Công nghệ Thông tin,,1,0,2,3,,,NULL
276,"Phân tích và thiết kế HTTT, Các phương pháp có cấu trúc","Phân tích và thiết kế HTTT, Các phương pháp có cấu trúc/ Nguyễn Văn Ba",,,2,0,2,3,,,NULL
277,Quản trị sản xuất và dịch vụ :Lý thuyết và bài tập /Đồng Thị Thanh Phương,Dewey Class no. :658.5Đ682 - P577-----Call no. :658.5223; ----- Mô tả: 468tr.;21cm,H.:Thống kê,2014,1,1,2,3,,,NULL
278,"Learning UML 2.0 / Russ Miles, Kim Hamilton","Dewey Class no. :005.117 M643-----Call no. :005.117 223; ----- Mô tả: xiii, 269p., 24cm",Sebastopol,CA : O'Reilly,2,1,2,3,,,NULL
279,"Quản trị sản xuất/Nguyễn Thanh Liêm, TS. Nguyễn Quốc Tuấn, ThS. Lê Thị Minh Hằng",,Tài Chính,2014,1,24,2,3,,,NULL
280,"Bài tập quản trị sản xuất/Nguyễn Thanh Liêm, Nguyễn Quốc Tuấn, Lê Thị Minh Hằng",Dewey Class no. :658.5N573-L719-----Call no. :222658.5; ----- Mô tả: 246tr.;24cm.,H.:Tài chính,2007,1,22,2,3,,,NULL
281,Phân tích và thiết kế hướng đối tượng bằng UML,Phân tích và thiết kế hướng đối tượng bằng UML/ David Jobber and Geoff Lancaster,Prentice Hall,2015,1,1,2,3,,,NULL
282,Operations Management/Roberta S. Russelll and Bernard W. Taylor III,,Prentice-Hall,,2,0,2,3,,,NULL
283,Quản trị nguồn nhân lực =Human Resource Management /Trần Kim Dung,Dewey Class no. :658.3T772-D916-----Call no. :221658.3; ----- Mô tả: 487tr.;24cm..,Tp.HCM:Thống Kê,2011,1,141,2,3,,,NULL
284,Sales Management (Quản trị bán hàng),Sales Management (Quản trị bán hàng)/ Trần Thị Thập,Prentice Hall,2012,2,0,2,3,,,NULL
285,"Quản trị nguồn nhân lực/George T. Milkovich, John W. Boudreau , Dịch: Vũ Trọng Hùng",,Thống kê,2005,1,0,2,3,,,NULL
286,Armstrong’s Handbook of Human Resources Management Practice/Michael Armstrong,,Kogan Page,2009,2,0,2,3,,,NULL
287,Giáo trình Quản trị xuất nhập khẩu/Đoàn Thị Hồng Vân,,,2017,1,0,2,3,,,NULL
288,Quản trị chất lượng dịch vụ hiện đại,Quản trị chất lượng dịch vụ hiện đại/ Lưu Đan Thọ,Tài Chính,2016,1,0,2,3,,,NULL
289,"Quản trị ngoại thương/Đoàn Thị Hồng Vân, Kim Ngọc Đạt",Dewey Class no. :382Đ631-V217-----Call no. :382222; ----- Mô tả: 568tr.;24cm.,Hà Nội:Lao động - Xã hội,2009,2,5,2,3,,,NULL
290,Kỹ thuật kinh doanh xuất nhập khẩu/Võ Thanh Thu,Dewey Class no. :382.3V872-T532-----Call no. :221382.3; ----- Mô tả: 470tr.;28cm.,Hà Nội:Lao động - Xã hội,2006,2,1,2,3,,,NULL
291,"Nghiệp vụ ngoại thương/Đỗ Quốc Dũng (ch.b); Trần Hoàng Giang, Nguyễn Thành Long, Vòng Thình Nam (biên soạn)","Dewey Class no. :382Đ631-D916-----Call no. :223382; ----- Mô tả: 538tr.,24cm",H.:Tài chính,2015,2,2,2,3,,,NULL
292,Giáo trình Quản lý chất lượng trong các tổ chức,"Giáo trình Quản lý chất lượng trong các tổ chức/ Tạ Thi Kiều An, Ngô Thị Ánh, Nguyễn Văn Hoá, Nguyễn Hoàng Kiệt, Đinh Phượng Vương",Thống kê,2010,1,0,2,3,,,NULL
293,Bài tập Quản lý chất lượng trong các tổ chức  ,"Bài tập Quản lý chất lượng trong các tổ chức/ Tạ Thi Kiều An, Ngô Thị Ánh, Nguyễn Văn Hoá, Nguyễn Hoàng Kiệt, Đinh Phượng Vương",Thống kê,2010,1,0,2,3,,,NULL
294,"Quản trị marketing/Lê Thế Giới, Nguyễn Xuân Lãn",Dewey Class no. :658.8L433-G495-----Call no. :222658.8; ----- Mô tả: 336tr.;27cm..,Hà Nội:Giáo dục Việt Nam,2010,1,13,2,3,,,NULL
295,"Quản trị marketing/Philip Kotler; Vũ Trọng Hùng (dịch), Phan Thăng (hiệu đính)",Dewey Class no. :658.8K87-----Call no. :221658.8; ----- Mô tả: 874tr.;28cm.,Hà Nội:Thống Kê,2007,2,1,2,3,,,NULL
296,Thấu hiểu tiếp thị từ A đến Z: 80 Khái niệm nhà quản lý cần biết/ Philip Kolter; Lê Hoàng Anh (dịch),Dewey Class no. :658.8K81-----Call no. :223658.8; ----- Mô tả: 298tr.; 21cm,Tp. Hồ Chí Minh: Trẻ,2020,2,1,2,3,,,NULL
297,Quản trị chất lượng = Quality management/Nguyễn Kim Định,Dewey Class no. :658.562N573-Đ584-----Call no. :658.562; ----- Mô tả: 397tr.;24cm,Tp.HCM.:Đại học Quốc gia Tp.Hồ Chí Minh,2010,2,26,2,3,,,NULL
298,Project Management -Achieving competitive advantage/Pinto,,Pearson,2013,1,0,2,3,,,NULL
299,"Quản lý chất lượng/Bùi Nguyễn Hùng, Nguyễn Thuý Quỳnh Loan",Dewey Class no. :658.562B932-H936-----Call no. :222658.562; ----- Mô tả: 352tr.;24cm.,Tp.Hồ Chí Minh:Đại học Quốc gia,2004,2,17,2,3,,,NULL
300,Quản lý dự án/ Cao Hào Thi (ch.b.); Nguyễn Thuý Quỳnh Loan,Dewey Class no. :658.404 C235-T422-----Call no. :222 658.404; ----- Mô tả: 162tr. ; 24cm,Tp.Hồ Chí Minh:Đại học Quốc gia Tp. Hồ Chí Minh,2015,2,2,2,3,,,NULL
301,"Project Management./Field, M., Keller, L.",,Open University,2007,2,2,2,3,,,NULL
302,"Quản trị dự án/Nguyễn Thanh Liêm, Đoàn Thị Liên Hương, Nguyễn Văn Long",Dewey Class no. :658.404N573-L719-----Call no. :658.404222; ----- Mô tả: 359tr.;27cm,H.:Tài chính,2009,2,5,2,3,,,NULL
303,Total Quality Management,Total Quality Management/ James R.Evans and William M.Lindsay ,Cengage Learning,2016,2,0,2,3,,,NULL
304,"Giáo trình quản lý công nghệ/Nguyễn Đăng Dậu, Nguyễn Xuân Tài",Dewey Class no. :658N573-D235-----Call no. :658222; ----- Mô tả: 279tr.;21cm,H.:Đại học Kinh tế Quốc dân,2008,1,10,2,3,,,NULL
305,"Quality management for organizational excellence:Introduction to total quality/David L. Geotsch, Stanley . Davis","Dewey Class no. :658.4013G599-----Call no. :658.4013222; ----- Mô tả: xii, 456p.;28cm",Boston:Pearson Education,2013,2,1,2,3,,,NULL
306,Quản lý công nghệ/Hoàng Trọng Thanh,,Viện ĐH Mở Hà Nội,,2,0,2,3,,,NULL
307,Quản trị công nghệ/Trần Thanh Lâm,Dewey Class no. :658T772-L213-----Call no. :222658; ----- Mô tả: 159tr; 24cm..,H.: Văn hóa Sài Gòn,2006,2,7,2,3,,,NULL
308,E-commerce Operations Management,"E-commerce Operations Management/  Marc J.Schniederjans, Qing Cao",Fulsland Offset Printing (S) Pte Ltd,2002,2,0,2,3,,,NULL
309,Strategic Management and Business Policy toward Global sustainability,,Pearson Education,2012,1,0,2,3,,,NULL
310,Strategic Management: Concepts and cases/Fred R. David,,Prentice Hall,2011,2,0,2,3,,,NULL
311,Service Quality Management: Theory and application,Service Quality Management: Theory and application/ Peter D Mauch,CreateSpace Independent Publishing Platform,2009,2,0,2,3,,,NULL
312,"Quản lý chất lượng trong các tổ chức : Bài tập /Tạ Thị Kiều An, Ngô Thị Ánh, Nguyễn Ngọc Diệp,...",Dewey Class no. :658.4013Q123-----Call no. :658.401 3221; ----- Mô tả: 138tr.;24cm,Hà Nội:Thống kê,2007,1,7,2,3,,,NULL
313,"Quản lý chất lượng trong các tổ chức/Tạ Thị Kiều An, Ngô Thị Ánh, Nguyễn Văn Hóa,...",Dewey Class no. :658.4013Q123-----Call no. :658.4013221; ----- Mô tả: 485tr.;21cm,H.:Thống kê,2004,1,14,2,3,,,NULL
314,Quản trị chất lượng = Quality management/Nguyễn Kim Định,Dewey Class no. :658.562N573-Đ584-----Call no. :658.562; ----- Mô tả: 397tr.;24cm,Tp.HCM.:Đại học Quốc gia Tp.Hồ Chí Minh,2010,2,26,2,3,,,NULL
315,"Quản lý chất lượng/Bùi Nguyễn Hùng, Nguyễn Thuý Quỳnh Loan",Dewey Class no. :658.562B932-H936-----Call no. :222658.562; ----- Mô tả: 352tr.;24cm.,Tp.Hồ Chí Minh:Đại học Quốc gia,2004,2,17,2,3,,,NULL
316,Total Quality Management/James R.Evans and William M.Lindsay,,Cengage Learning,2016,2,0,2,3,,,NULL
317,International Human Resource Management,International Human Resource Management/ Eugene McKenna,Routledge,2020,1,0,2,3,,,NULL
318,"Quality management for organizational excellence:Introduction to total quality/David L. Geotsch, Stanley . Davis","Dewey Class no. :658.4013G599-----Call no. :658.4013222; ----- Mô tả: xii, 456p.;28cm",Boston:Pearson Education,2013,2,1,2,3,,,NULL
319,Protocols for secure electronic commerce / Mostafa Hashem Sherif,"Dewey Class no. :658.872 S552-----Call no. :658.872 223; ----- Mô tả: xxxiii, 461p. ; 29cm",[Place of publication not identified] : CRC Press,2017,1,1,2,3,,,NULL
320,Quản lý bảo trì công nghiệp/Phạm Ngọc Tuấn,Dewey Class no. :620.0046P534-T883-----Call no. :222620.0046; ----- Mô tả: 188tr.;24cm,Tp.HCM.:Đại học quốc gia Tp.HCM,2004,1,18,2,3,,,NULL
321,Introducing HTML5,"Introducing HTML5/ Lawson, B.,  & Sharp, R. ",USA: New Rider,2011,1,0,2,3,,,NULL
322,Beginning CSS: Cascading Style Sheets for Web Design,"Beginning CSS: Cascading Style Sheets for Web Design/ Pouncey, I., & York, R.",Wiley Publishing,2011,1,0,2,3,,,NULL
323,Giáo trình quản lý bảo trì công nghiệp/ Nguyễn Phương Quang,Dewey Class no. :658.202N573-Q124-----Call no. :658.202 223; ----- Mô tả:243tr.;24cm,Tp.HCM.:Đại học quốc gia Tp.HCM,2016,1,367,2,3,,,NULL
324,Professional JavaScript for Web Developers ,"Professional JavaScript for Web Developers/ Zakas, N. C. ",Wiley Publishing,2011,1,0,2,3,,,NULL
325,"Research methods for business students / Mark Saunders, Philip Lewis, Adrian Thornhill","Dewey Class no. :650.072 S257-----Call no. :650.072222; ----- Mô tả: xxvi, 741p. ; 29cm",England. : Pearson Education limited,2010,1,1,2,3,,,NULL
326,Business Research Methods: An Applied Orientation/Sreejesh,,Springer.,2014,2,0,2,3,,,NULL
327,"Big data fundamentals:Concepts, drivers & techniques/Thomas Erl, Wajid Khattak, Paul Buhler","Dewey Class no. :006.312E69-----Call no. :006.312223; ----- Mô tả: xv, 218p.;24cm",Boston: ServiceTech Press,2016,1,2,2,3,,,NULL
328,Phương pháp nghiên cứu kinh tế kiến thức cơ bản/Trần Tiến Khai,Dewey Class no. :330.072T772-K45-----Call no. :222330.072; ----- Mô tả: 345tr.;24cm,H.:Lao động - Xã hội,2012,2,5,2,3,,,NULL
329,Making Sense of Data,Making Sense of Data/ Glenn J. Myatt,Wiley,2007,1,0,2,3,,,NULL
330,Introduction to Data Mining,"Introduction to Data Mining/  Tan, Steinbach, Kumar",Addison Wesley,2018,1,0,2,3,,,NULL
331,"Giáo trình thiết lập và thẩm định dự án đầu tư:Lý thuyết và bài tập/Nguyễn Quốc Ấn, Phạm Thị Hà, Phan Thị Thu Hương, Nguyễn Quang Thu",Dewey Class no. :658.404G434-----Call no. :658.404222; ----- Mô tả: 246tr.;24cm,H.:Thống kê,2009,1,19,2,3,,,NULL
332,"Data Mining for Business Analytics: Concepts, Techniques, and Applications with XLMiner","Data Mining for Business Analytics: Concepts, Techniques, and Applications with XLMiner/ Galit Shmueli, Peter C. Bruce, and Nitin R. Patel",Wiley,2018,2,0,2,3,,,NULL
333,"Cost-Benefit Analysis/Boardman, A.E., Greenberg, D.H., Vining, A.R., and Weimer, D.L",,"Pearson Education, Prentice Hall",2009,2,0,2,3,,,NULL
334,"Hands-on Machine Learning with Scikit-Learn, Keras & TensorFlow","Hands-on Machine Learning with Scikit-Learn, Keras & TensorFlow/ Geron",O’Reilly,2018,2,0,2,3,,,NULL
335,LEARN PYTHON 3 THE HARD WAY A Very Simple Introduction to The Terrifyingly Beautiful World of Computers and Code,LEARN PYTHON 3 THE HARD WAY A Very Simple Introduction to The Terrifyingly Beautiful World of Computers and Code/ - Zed A. Shaw,,,1,0,2,3,,,NULL
336,LEARN PYTHON 3 THE HARD WAY A Very Simple Introduction to The Terrifyingly Beautiful World of Computers and Code,LEARN PYTHON 3 THE HARD WAY A Very Simple Introduction to The Terrifyingly Beautiful World of Computers and Code/ - Zed A. Shaw,,,1,0,2,3,,,NULL
337,Learning Python: Powerful Object-Oriented Programming,"Learning Python: Powerful Object-Oriented Programming/ Lutz, M. ",,2013,1,0,2,3,,,NULL
338,Think Python,"Think Python/ O'Reilly Media, Inc",,2012,1,0,2,3,,,NULL
339,Python Cookbook,"Python Cookbook/ David Beazley, Brian K. Jones",O’Reilly Media,2013,2,0,2,3,,,NULL
340,Python Networkig Programing Cookbook,Python Networkig Programing Cookbook/ M. O. Faruque Sarker,Packt Publishing,2014,2,0,2,3,,,NULL
341,Hands-On Artificial Intelligence for IoT,Hands-On Artificial Intelligence for IoT/ Atima Kapoor,Packt Publishing,2019,2,0,2,3,,,NULL
342,Foundations of Python Network Programming: The comprehensive guide to building network applications with Python,"Foundations of Python Network Programming: The comprehensive guide to building network applications with Python/ Jonh Goerzen, Tim Bower, Brandon Rhodes",Apress,2014,2,0,2,3,,,NULL
343,"Kế toán quản trị/Đoàn Ngọc Quế, Đào Tất Thắng, Lê Đình Trực",Dewey Class no. :657Đ631-Q156-----Call no. :222657; ----- Mô tả: 368tr.;27cm,Tp. Hồ Chí Minh:Lao Động,2011,2,2,2,3,,,NULL
344,Kế toán quản trị/Huỳnh Lợi,Dewey Class no. :658.15H987-L834-----Call no. :658.15; ----- Mô tả: 451tr.;24cm,H.:Giao thông Vận tải,2009,2,2,2,3,,,NULL
345,"Managerial Accounting/Ronald W. Hilton, David E. Platt",,"Mc Graw Hill, tenth edition, Global ",2014,2,0,2,3,,,NULL
346,Armstrong’s Handbook of Human Resources Management Practice,Armstrong’s Handbook of Human Resources Management Practice/  Michael Armstrong,Kogan Page,2009,2,0,2,3,,,NULL
347,"Managerial accounting/Ray H. Garrison, Eric W. Noreen, Peter C. Brewer, Nam Sang Cheng, Katherine C. K. Yuen","Dewey Class no. :658.1511M266-----Call no. :223658.1511; ----- Mô tả: xxxv, 969p.;28cm",New York:McGraw-Hill Education,2015,2,1,2,3,,,NULL
348,Quản trị nguồn nhân lực,"Quản trị nguồn nhân lực/ George T. Milkovich, John W. Boudreau (Dịch: Vũ Trọng Hùng)",Thống kê,2005,2,0,2,3,,,NULL
349,Hành vi tổ chức=Organizational behavior /Nguyễn Hữu Lam,Dewey Class no. :658.3N573-L213-----Call no. :222658.3; ----- Mô tả: 405tr.;21cm,H.:Thống kê,2007,1,7,2,3,,,NULL
350,"Giáo trình Hành vi tổ chức/Bùi Anh Tuấn, Phạm Thúy Hương",,Kinh tế Quốc dân,2013,2,0,2,3,,,NULL
351,"Six Sigma Case Studies with Minitab/ Kishore K. Pochampally, Surendra M. Gupta ",,"Taylor & Francis Group, LLC",2004,1,0,1,3,,,NULL
352,"The Six Sigma Handbook/ Thomas Pyzdek, Paul A. Keller ",,"McGraw-Hill Companies, Inc",2010,1,0,2,3,,,NULL
353,Quản trị học=Management/Nguyễn Thị Liên Diệp,Dewey Class no. :658N573-D562-----Call no. :222658; ----- Mô tả: 372tr.;21cm,H.:Lao Động - Xã Hội,2010,2,2,2,3,,,NULL
354,"Quản lý chất lượng trong các tổ chức/Tạ Thị Kiều An, Ngô Thị Ánh, Nguyễn Văn Hóa,...",Dewey Class no. :658.4013Q123-----Call no. :658.4013221; ----- Mô tả: 485tr.;21cm,H.:Thống kê,2004,1,14,2,3,,,NULL
355,"Quản trị chiến lược/Lê Thế Giới, Nguyễn Thanh Liêm, Trần Hữu Hải",Dewey Class no. :658.4012L433-G495-----Call no. :222658.4012; ----- Mô tả: 581tr.;27cm,H.:Thống kê,2007,2,15,2,3,,,NULL
356,"Quản lý chất lượng trong các tổ chức : Bài tập /Tạ Thị Kiều An, Ngô Thị Ánh, Nguyễn Ngọc Diệp,...",Dewey Class no. :658.4013Q123-----Call no. :658.401 3221; ----- Mô tả: 138tr.;24cm,Hà Nội:Thống kê,2007,1,7,2,3,,,NULL
357,Six sigma on a budget/Warren Brussee,,"McGraw-Hill Companies, Inc",2010,2,0,2,3,,,NULL
358,"Quality management for organizational excellence:Introduction to total quality/David L. Geotsch, Stanley . Davis","Dewey Class no. :658.4013G599-----Call no. :658.4013222; ----- Mô tả: xii, 456p.;28cm",Boston:Pearson Education,2013,2,1,2,3,,,NULL
359,Nhập môn ngành Công nghệ Kỹ thuật in/Khoa In và Truyền thông,,,2018,1,0,2,3,,,NULL
360,Hand book of Print Media/Helmut Kipphan,,Springer,2001,2,0,2,3,,,NULL
361,Top 10 kỹ năng mềm cho bạn trẻ/Vĩnh Thắng,,Trẻ,2012,2,0,2,3,,,NULL
362,Lập bản đồ tư duy/Tony Buzan,,Lao Động,2018,2,0,2,3,,,NULL
363,Giáo trình đại cương về sản xuất in,Dewey Class no. :686G434-----Call no. :221686; ----- Mô tả: 151tr.;29cm.,Tp. Hồ Chí Minh:Đại học Sư phạm kỹ thuật Tp. HCM,2005,1,158,1,3,,,NULL
364,Đại cương về kỹ thuật in/ Đặng Dung ,Dewey Class no. :686.2Đ182 - D916-----Call no. :221686.2; ----- Mô tả: 305tr.;19cm,H.:Công nhân kỹ thuật,1978,1,8,2,3,,,NULL
365,Giáo trình màu sắc lý thuyết và ứng dụng:Trong lĩnh vực thiết kế - đồ họa - In /Ngô Anh Tuấn,Dewey Class no. :686N569-T883-----Call no. :686221; ----- Mô tả: 352tr.;26cm,Tp.HCM:Đại học Quốc Gia Tp.HCM,2012,1,202,1,3,,,NULL
366,Hand book of Print Media/Helmut Kipphan,Dewey Class no. :686N569-T883-----Call no. :686221; ----- Mô tả: 352tr.;26cm,Heidelberg,2000,1,0,2,3,,,NULL
367,Giáo trình vật liệu in/Trần Thanh Hà,Dewey Class no. :686.2T772-H111-----Call no. :221686.2; ----- Mô tả: 275tr.;24cm,Tp. Hồ Chí Minh:Đại học Quốc gia Tp. Hồ Chí Minh,2013,1,360,1,3,,,NULL
368,Giáo trình vật liệu in/Trần Thanh Hà,Dewey Class no. :686.2T772-H111-----Call no. :221686.2; ----- Mô tả: 275tr.;24cm,Tp. Hồ Chí Minh:Đại học Quốc gia Tp. Hồ Chí Minh,2013,1,360,1,3,,,NULL
369,Printing materials:Science and technology/Bob Thompson,Dewey Class no. :686.2T839-----Call no. :221686.2; ----- Mô tả: 567p.; 30cm..,UK: Pira International Randalls Road Leatherhead,1998,2,1,2,3,,,NULL
370,Gravure process and technology/Gravue Association  of America,Dewey Class no. :686.2G777-----Call no. :221686.2; ----- Mô tả: 462p.;30cm..,"Rochester, New York: Gravue  Education Foundation",1997,2,1,2,3,,,NULL
371,Flexography: principles and practices 6.0.,Dewey Class no. :686.23F619-----Call no. :686.23 223; ----- Mô tả: 610 p.: illustrations; 28 cm,United States: Foundation of Flexographic Technical Association,2013,2,1,2,3,,,NULL
372,Hand book of Print Media/Helmut Kipphan,Dewey Class no. :686.23F619-----Call no. :686.23 223; ----- Mô tả: 610 p.: illustrations; 28 cm,Heidelberg,2000,2,0,2,3,,,NULL
373,"ISO 12647 (7 parts): Graphic  technology — Process control for the production of half-tone colour separations, proof and production prints/International Organization  for Standardization",,,,2,0,2,3,,,NULL
374,"Troubleshooting Guides:  Sheet-fed Offset inks, Publication Gravure inks, Flexography inks, News Ink, UV inks/Flint Group",,,,2,0,2,3,,,NULL
375,"Giáo trình thực hành - thí nghiệm vật liệu in: dùng cho môn học Giáo trình thực hành - thí nghiệm vật liệu in/ Trần Thanh Hà, Nguyễn Thành Phương",Dewey Class no. :686.2T772-H111-----Call no. :686.2223; ----- Mô tả: 91tr.: minh họa; 24 cm,Tp. Hồ Chí Minh: Đại học Quốc gia Tp.Hồ Chí Minh,2020,1,229,2,3,,,NULL
376,Giáo trình vật liệu in/Trần Thanh Hà,Dewey Class no. :686.2T772-H111-----Call no. :221686.2; ----- Mô tả: 275tr.;24cm,Tp. Hồ Chí Minh:Đại học Quốc gia Tp. Hồ Chí Minh,2013,1,360,2,3,,,NULL
377,Màu sắc lý thuyết và ứng dụng:Trong lĩnh vực thiết kế - đồ họa - In /Ngô Anh Tuấn,Dewey Class no. :686N569-T883-----Call no. :686221; ----- Mô tả: 352tr.;26cm,Tp.HCM:Đại học Quốc Gia Tp.HCM,2012,1,202,1,3,,,NULL
378,Digital color management : principles and strategies for the standardized print production / Jan-Peter Homann.,Dewey Class no. :686.2H763-----Call no. :223686.2; ----- Mô tả: 212 pages: Illustrations (chiefly color); 29 cm.,New York : Springer,2009,2,1,2,3,,,NULL
379,Color and its reproduction/ Gary G. Field.,Dewey Class no. :535.6F453-----Call no. :223535.6; ----- Mô tả: 475 p. : ill. (some col.) ; 27 cm.,Pittsburgh : GATF Press,1999,2,1,2,3,,,NULL
380,Understanding Desktop Color/Michael Wieran,,Desktop Publishing  Associates,1994,2,0,2,3,,,NULL
381,Understanding Digital Color/Phil Green,,GATF,1995,2,0,2,3,,,NULL
382,Color Scanning and Imaging Systems/Gary G.Field,,,1990,2,0,2,3,,,NULL
383,Scanning Professional Way/Sybil Ihrig & Emil Ihrig,,,1995,2,0,2,3,,,NULL
384,Scanning/Linotype,,Hell,1998,2,0,2,3,,,NULL
385,Scanning Operater Handbook,,ICG Co,1996,2,0,2,3,,,NULL
386,Color Management/Linotype,,Hell,1998,2,0,2,3,,,NULL
387,Handbook of Print Media/Helmut Kipphan,,Springer,2001,2,0,2,3,,,NULL
388,"Xử Lý Ảnh/Nguyễn Long Giang		",,Trường Đại học Sư Phạm Kỹ Thuật Tp.HCM,,1,0,2,3,,,NULL
389,"Hướng dẫn thực hành Photoshop CS5 - Chỉ dẫn bằng hình cho người mới sử dụng:Tập 1 - Phần căn bản/Nguyễn Công Minh, Đức Hào",Dewey Class no. :006.6N573-M664-----Call no. :006.6222; ----- Mô tả: 369tr.;24cm,Tp.HCM:Hồng Đức,2011,2,8,2,3,,,NULL
390,"Hướng dẫn thực hành Photoshop CS5 - Chỉ dẫn bằng hình cho người mới sử dụng:Tập 2 - Phần nâng cao/Nguyễn Công Minh, Đức Hào",Dewey Class no. :006.6N573-M664-----Call no. :006.6222; ----- Mô tả: 387tr.;24cm,Tp.HCM:Hồng Đức,2011,2,12,2,3,,,NULL
391,Tự học Photoshop CS6/Nhóm VHP,,ĐH Sư Phạm  Tp.HCM,,2,0,2,3,,,NULL
392,Hướng dẫn Thực tập đồ họa/Khoa In  & Truyền thông,,Đại học Sư Phạm Kỹ Thuật TPHCM,,1,0,1,3,,,NULL
393,Tự học Adobe Illustrator CS6  trong thiết kế đồ họa/Nguyễn Đức Hiếu,,Hồng Đức,2016,2,0,2,3,,,NULL
394,Hướng dẫn Thực tập đồ họa/Khoa In  & Truyền thông,,"Đại học Sư Phạm Kỹ Thuật TPHCM""",,1,0,1,3,,,NULL
395,"Adobe Illustrator CC: 2018 release, Classroom in a Book/ Brian Wood","Dewey Class no. :006.686W873-----Call no. :223006.686; ----- Mô tả: xiv, 466 pages : color illustrations ; 24 cm.","San Jose, California : Adobe Press",2018,2,1,2,3,,,NULL
396,Giáo trình hóa lý in/Nguyễn Thành Phương,Dewey Class no. :686.2N573-P577-----Call no. :686.2223; ----- Mô tả: 175tr.;24cm,Tp. Hồ Chí Minh:Đại học Quốc gia Tp. Hồ Chí Minh,2014,1,335,2,3,,,NULL
397,Giáo trình Hóa keo/Hà Thúc Huy,,,,2,0,2,3,,,NULL
398,Chromic Phenomena –  Technological Applications of Colour Chemistry/Peter Bamfield Michael G. Hutchings,,,,2,0,2,3,,,NULL
399,"Materials science and engineering: An introduction/ William D. Callister, David G. Rethwisch","Dewey Class no. :620.1C162-----Call no. :223620.1; ----- Mô tả: xiii, 787p.; 24cm",Hoboken: Wiley,2018,2,1,2,3,,,NULL
400,Giáo trình nghệ thuật trình bày ấn phẩm kỹ thuật in,Dewey Class no. :686.22G434-----Call no. :750.1; ----- Mô tả: 68tr ;27cm,TP. HCM: ĐH Sư phạm Kỹ thuật,2006,1,101,1,3,,,NULL
401,Màu sắc và phương pháp sử dụng/Họa sĩ Uyên Huy,,,,2,0,2,3,,,NULL
402,Màu sắc lý thuyết và ứng dụng:Trong lĩnh vực thiết kế - đồ họa - In /Ngô Anh Tuấn,Dewey Class no. :686N569-T883-----Call no. :686221; ----- Mô tả: 352tr.;26cm,Tp.HCM:Đại học Quốc Gia Tp.HCM,2012,2,202,1,3,,,NULL
403,Skills of workplace communication: A handbook for t and d specialists and their organizations/ Richard P. Picardi,"Dewey Class no. :808.06665P586-----Call no. :808.06665223; ----- Mô tả: x, 307p.;24cm",Westport: Greenwood Publishing Group,Incorporated,1,1,2,3,,http://172.30.11.76:4000/handle/123456789/470,http://libute.hcmute.edu.vn/search/detail.asp?ID=62799
404,Tự học vẽ/Phạm Viết Song,Dewey Class no. :741.01P534-S698-----Call no. :221741.01; ----- Mô tả: 171tr :24cm..,Hà Nội :Giáo dục,2006,2,7,2,3,,,NULL
405,Thiết kế nhãn hiệu hàng hóa bằng mẫu tự Alphabet:Sách công cụ gối đầu giường dành cho nhân viên thiết kế/Thiên Kim,Dewey Class no. :745.6T434-K49-----Call no. :745.6221; ----- Mô tả: 129tr.;20cm,Cà Mau:Nxb. Mũi Cà Mau,2001,2,3,2,3,,,NULL
406,Thiết kế Logo/Nguyễn Huy Lẫm,,,,2,0,2,3,,,NULL
407,Giáo trình công nghệ chế tạo khuôn in/Trần Thanh Hà,Dewey Class no. :686.221T772-H111-----Call no. :750.1; ----- Mô tả: 82tr ;27cm,TP. HCM: ĐH Sư phạm Kỹ thuật,2006,2,100,1,3,,,NULL
408,Printing materials: Science and technology/Bob Thompson,Dewey Class no. :686.2T468-----Call no. :221686.2; ----- Mô tả: 567p.; 30cm..,UK: Pira International Randalls Road Leatherhead,1998,2,1,2,3,,,NULL
409,Gravue: Process and Technology/Gravue Association of America,,Gravue Education Foundation,1997,2,2,2,3,,,NULL
410,Hand book of Print Media/Helmut Kipphan,,Heidelberg,2000,2,0,2,3,,,NULL
411,"ISO 12647 Graphic technology  — Process control for the production of half-tone colour separations, proof  and production prints",,ISO standard,,2,0,2,3,,,NULL
412,"Media Standard Print 2016:  Technical Guidelines for Data, Proofs and Films/Technical guides",,,,2,0,2,3,,,NULL
413,FLEXOGRAPHIC IMAGE  REPRODUCTION SPECIFICATIONS & TOLERANCES: Design – Prepress – Print/Technical guides,,,,2,0,2,3,,,NULL
414,Thực tập dàn trang:Sử dụng cho sinh viên ngành kỹ thuật in/Quách Huệ Cơ,Dewey Class no. :686.2252Q116-C652-----Call no. :686.2252222; ----- Mô tả: 128tr.;24cm,Tp. Hồ Chí Minh:Đại học Quốc gia Tp. Hồ Chí Minh,2015,1,108,1,3,,,NULL
415,Giáo trình kỹ thuật bình trang điện tử/Ngô Anh Tuấn,Dewey Class no. :686.2256N569-T883-----Call no. :686.2256222; ----- Mô tả: 201tr.;21cm,Tp.HCM:Đại học Quốc gia Tp.Hồ Chí Minh,2012,1,203,1,3,,,NULL
416,Understanding digital imposition /Hal Hinderliter,Dewey Class no. :686H643-----Call no. :221686; ----- Mô tả: 338p.;25cm..,Pittsburgh,Pennsylvania:Graphic Arts Technical Foundation,2,1,2,3,,,NULL
417,Handbook of Print Media/Helmut Kipphan,,Springer,2001,2,1,2,3,,,NULL
418,"Giáo trình thiết kế và sản xuất bao bì/Nguyễn Thị Lại Giang, Trần Thanh Hà",Dewey Class no. :688.8N573-G433-----Call no. :688.8222; ----- Mô tả: 316tr.;24cm,Tp.Hồ Chí Minh:Đại học Quốc gia Tp. Hồ Chí Minh,2013,1,563,1,3,,,NULL
419,Giáo trình Công nghệ gia công sau in/Nguyễn Thị Lại Giang,Dewey Class no. :686.3N573-G433-----Call no. :221686.3; ----- Mô tả: 204tr.;27cm.,Tp. Hồ Chí Minh:Đại học Sư phạm kỹ thuật Tp. HCM,2006,1,135,1,3,,,NULL
420,ArtiosCAD 7.4 User Guide/Esko,,,,1,0,2,3,,,NULL
421,ArtiosCAD 7.4 Administrator Guide/Esko,,,,1,0,2,3,,,NULL
422,Giáo trình Anh văn chuyên ngành In/Khoa In  & Truyền thông,,,,1,0,2,3,,,NULL
423,"Oxford English for Computing/Keith Boeckner, P. Charles Brown",Dewey Class no. :428B669-----Call no. :428221; ----- Mô tả: 212tr.;29cm,New York:Oxford University Press,1993,2,174,2,3,,,NULL
424,"Oxford English for Electronics/Eric H. Glendining, John McEwan",Dewey Class no. :428G558-----Call no. :428221; ----- Mô tả: 208tr ;29cm,New York :Oxford University Press,1993,2,292,1,3,,,NULL
425,Từ điển Khoa học Kỹ thuật chuyên ngành In/Chu Thế Tuyên,,,,2,0,2,3,,,NULL
426,"A guide to graphic print production/ Kaj Johansson, Peter Lundberg, Robert Ryberg.",Dewey Class no. :686.2254J652-----Call no. :686.225 4 223; ----- Mô tả: 400 p.: col. ill.; 26 cm.,Hoboken N.J.: Wiley,2011,2,1,2,3,,,NULL
427,Giáo trình các công nghệ in đặc biệt/Chế Quốc Long,Dewey Class no. :686.2C514-L848-----Call no. :223686.2; ----- Mô tả: 116tr.;24cm,Tp. Hồ Chí Minh:Đại học Quốc gia Tp. Hồ Chí Minh,2014,1,319,2,3,,,NULL
428,Hand book of Print Media/Helmut Kipphan,,Heidelberg,2000,1,319,2,3,,,NULL
429,Offset lithographic technology/Kenneth F. Hird,Dewey Class no. :686.2H668-----Call no. :221686.2; ----- Mô tả: 763p.;30cm..,Illinois:Goodheart-Willcox Co.Inc.,2000,1,1,2,3,,,NULL
430,Giáo trình Công nghệ gia công sau in/Nguyễn Thị Lại Giang,Dewey Class no. :686.3N573-G433-----Call no. :221686.3; ----- Mô tả: 204tr.;27cm.,Tp. Hồ Chí Minh:Đại học Sư phạm kỹ thuật Tp. HCM,2006,1,1,2,3,,,NULL
431,Kỹ thuật đóng sách/Huỳnh Trà Ngộ,,,,2,0,2,3,,,NULL
432,Hand book of Print media/Helmut Kipphan,,Heidelberg,2000,2,0,2,3,,,NULL
433,Giáo trình vật liệu in/Trần Thanh Hà,Dewey Class no. :686.2T772-H111-----Call no. :221686.2; ----- Mô tả: 275tr.;24cm,Tp. Hồ Chí Minh:Đại học Quốc gia Tp. Hồ Chí Minh,2013,2,360,2,3,,,NULL
434,Giáo trình Công nghệ gia công sau in/Nguyễn Thị Lại Giang,Dewey Class no. :686.3N573-G433-----Call no. :221686.3; ----- Mô tả: 204tr.;27cm.,Tp. Hồ Chí Minh:Đại học Sư phạm kỹ thuật Tp. HCM,2006,2,135,2,3,,,NULL
435,Giáo trình nghệ thuật trình bày ấn phẩm kỹ thuật in,Dewey Class no. :686.22G434-----Call no. :750.1; ----- Mô tả: 68tr ;27cm,TP. HCM: ĐH Sư phạm Kỹ thuật,2006,1,101,1,3,,,NULL
436,Màu sắc và phương pháp sử dụng/Uyên Huy,,,,2,0,2,3,,,NULL
437,Màu sắc lý thuyết và ứng dụng:Trong lĩnh vực thiết kế - đồ họa - In /Ngô Anh Tuấn,Dewey Class no. :686N569-T883-----Call no. :686221; ----- Mô tả: 352tr.;26cm,Tp.HCM:Đại học Quốc Gia Tp.HCM,2012,2,202,2,3,,,NULL
438,Tự học vẽ /Phạm Viết Song,Dewey Class no. :741.01P534-S698-----Call no. :221741.01; ----- Mô tả: 171tr :24cm..,Hà Nội :Giáo dục,2006,2,7,2,3,,,NULL
439,Thiết kế nhãn hiệu hàng hóa bằng mẫu tự Alphabet:Sách công cụ gối đầu giường dành cho nhân viên thiết kế/Thiên Kim,Dewey Class no. :745.6T434-K49-----Call no. :745.6221; ----- Mô tả: 129tr.;20cm,Cà Mau:Nxb. Mũi Cà Mau,2001,2,3,2,3,,,NULL
440,Thiết kế Logo/Nguyễn Huy Lẫm,,,,2,0,2,3,,,NULL
441,Giáo trình Kiểm tra và xử lý file/Trần Thanh Hà,,Khoa in và Truyền thông,2014,1,0,2,3,,,NULL
442,Kiểm tra và xử lý dữ liệu/Trần Thanh Hà,,ĐHSPKT TPHCM,,1,0,2,3,,,NULL
443,ECI offset profiles 2009,,European Color Initiative,2009,2,0,2,3,,,NULL
444,Enfocus Preflight Report Help,,Enfocus BVBA,,2,0,2,3,,,NULL
445,"""UsingADOBE ® ACROBAT ®  X PRO, Adobe Systems""",,,2011,2,0,2,3,,,NULL
446,"ISO 12647 Graphic technology — Process control for the production of half-tone colour separations, proof and production prints (8 parts)",,ISO Standard,,2,0,2,3,,,NULL
447,"Media Standard Print 2016: Technical Guidelines for Data, Proofs and Films/Technical guides",,,,2,0,2,3,,,NULL
448,"Pass4press version 10 (international guidelines on creating print-ready PDFs, specifically the work of the Ghent Workgroup (GWG)) – For magazine",,,,2,0,2,3,,,NULL
449,Process Standard Digital Handbook,,Fogra Graphic Technology Research Association,2014,2,0,2,3,,,NULL
450,The point about 2014 ISO 12647-x standards for CMYK print and proof works- COLORSOURCE S.A.R.L,,"Expertise & training for Digital Imaging, Color Management & Color Printing",,2,0,2,3,,,NULL
451,"FFTA FIRST 4.0 Design Guide, Prepress guide",,,,2,0,2,3,,,NULL
452,Hand book of Print Media/Helmut Kipphan,,Heidelberg,2000,2,0,2,3,,,NULL
453,Digital color management : principles and strategies for the standardized print production / Jan-Peter Homann.,Dewey Class no. :686.2H763-----Call no. :223686.2; ----- Mô tả: 212 pages: Illustrations (chiefly color); 29 cm.,New York : Springer,2009,1,1,2,3,,,NULL
454,Color and its reproduction/ Gary G. Field.,Dewey Class no. :535.6F453-----Call no. :223535.6; ----- Mô tả: 475 p. : ill. (some col.) ; 27 cm.,Pittsburgh : GATF Press,1999,1,1,2,3,,,NULL
455,Understanding Desktop Color/Michael Wieran,,Desktop Publishing Associates,1994,2,1,2,3,,,NULL
456,Understanding Digital Color/Phil Green,,GATF,1995,2,0,2,3,,,NULL
457,Color Scanning and Imaging Systems/Gary G.Field,,,1990,2,0,2,3,,,NULL
458,Color Management/Linotype,,Hell,1998,2,0,2,3,,,NULL
459,Giáo trình Lý thuyết màu và phục chế trong ngành in/Khoa In & Truyền thông,,,,1,0,1,3,,,NULL
460,Giáo trình Công nghệ in Bao Bì,,,,1,0,2,3,,,NULL
461,Hand book of Print Media/Helmut Kipphan,,Heidelberg,2000,1,0,2,3,,,NULL
462,Giáo trình Công nghệ in lõm/Chế Quốc Long,Dewey Class no. :686.2312C514-L848-----Call no. :221686.231 2; ----- Mô tả: 194tr.;29cm.,Tp. Hồ Chí Minh:Đại học Sư phạm Kỹ thuật Tp. HCM,2007,1,150,1,3,,,NULL
463,Công nghệ in FLEXO/ Chế Quốc Long,Dewey Class no. :686.2C514-L848-----Call no. :221686.2; ----- Mô tả: 99tr.;29cm,Tp.HCM.:ĐH Sư phạm Kỹ thuật,2007,1,170,1,3,,,NULL
464,Handbook of Paper and Paperboard Packaging Technology,,,,1,0,2,3,,,NULL
465,Developments-in-Printing-Technology,,,,1,0,2,3,,,NULL
466,Advanced-Printing-and-Packaging-Materials-and-Technologies,,,,1,0,2,3,,,NULL
467,Giáo trình Công nghệ gia tăng giá trị tờ In/Nguyễn Thị Lại Giang,,,2009,1,0,2,3,,,NULL
468,"Giáo trình thiết kế và sản xuất bao bì/Nguyễn Thị Lại Giang, Trần Thanh Hà",Dewey Class no. :688.8N573-G433-----Call no. :688.8222; ----- Mô tả: 316tr.;24cm,Tp.Hồ Chí Minh:Đại học Quốc gia Tp. Hồ Chí Minh,2013,1,563,1,3,,,NULL
469,Giáo trình vật liệu in/Trần Thanh Hà,Dewey Class no. :686.2T772-H111-----Call no. :221686.2; ----- Mô tả: 275tr.;24cm,Tp. Hồ Chí Minh:Đại học Quốc gia Tp. Hồ Chí Minh,2013,1,360,2,3,,,NULL
470,Giáo trình Công nghệ gia công sau in/Nguyễn Thị Lại Giang,Dewey Class no. :686.3N573-G433-----Call no. :221686.3; ----- Mô tả: 204tr.;27cm.,Tp. Hồ Chí Minh:Đại học Sư phạm kỹ thuật Tp. HCM,2006,1,135,1,3,,,NULL
471,UV coating specifications/Albert Uhlemayr,,Process 3,2006,2,0,2,3,,,NULL
472,Choosing the right coating system/Dieter Kleeberg,,KBA Process 3,2006,2,0,2,3,,,NULL
473,Adhesion and compatibility of inks and coatings /Dieter Kleeberg,,KBA Process 3,2006,2,0,2,3,,,NULL
474,When is offline the better choice?/Dieter Kleeberg,,Process 3,2006,2,0,2,3,,,NULL
475,Inline coating systems/Dieter Kleeberg,,Process 3,2006,2,0,2,3,,,NULL
476,"Giáo trình thiết kế và sản xuất bao bì/Nguyễn Thị Lại Giang, Trần Thanh Hà",Dewey Class no. :688.8N573-G433-----Call no. :688.8222; ----- Mô tả: 316tr.;24cm,Tp.Hồ Chí Minh:Đại học Quốc gia Tp. Hồ Chí Minh,2013,2,563,1,3,,,NULL
477,Kỹ thuật bao bì thực phẩm/Đống Thị Anh Đào,Dewey Class no. :664.09Đ682-Đ211-----Call no. :222664.09; ----- Mô tả: 286tr.;24cm,Tp.HCM:Đại học Quốc gia Tp.Hồ Chí Minh,2011,2,5,2,3,,,NULL
478,Giáo trình Công nghệ gia công sau in/Nguyễn Thị Lại Giang,Dewey Class no. :686.3N573-G433-----Call no. :221686.3; ----- Mô tả: 204tr.;27cm.,Tp. Hồ Chí Minh:Đại học Sư phạm kỹ thuật Tp. HCM,2006,2,135,2,3,,,NULL
479,Giáo trình vật liệu in/Trần Thanh Hà,Dewey Class no. :686.2T772-H111-----Call no. :221686.2; ----- Mô tả: 275tr.;24cm,Tp. Hồ Chí Minh:Đại học Quốc gia Tp. Hồ Chí Minh,2013,2,360,2,3,,,NULL
480,Cacrtons and Cartoning/Dennis Hine,,PIRA,1999,2,0,2,3,,,NULL
481,Handbook of Plastic Firm/Esayed M Abdel-Bary,,Rapra technology,2003,2,0,2,3,,,NULL
482,Paper and paperboard  Packaging technology/Mark J Kirwan,,Blaclwell,2005,2,0,2,3,,,NULL
483,ArtiosCAD 7.4 User Guide/Esko,,,,2,0,2,3,,,NULL
484,ArtiosCAD 7.4 Administrator Guide/Esko,,,,2,0,2,3,,,NULL
485,Fundamentars of Packaging technology-Institute of Packaging professionals/Walter Soroka,,,2002,2,0,2,3,,,NULL
486,Giáo trình Lý thuyết màu và Phục chế trong ngành in/Khoa In và Truyền thông,,,,2,0,2,3,,,NULL
487,Giáo trình Công nghệ xử lý ảnh kỹ thuật số/Khoa In và Truyền thông,,,,2,0,2,3,,,NULL
488,Giáo trình nghệ thuật trình bày ấn phẩm kỹ thuật in,Dewey Class no. :686.22G434-----Call no. :750.1; ----- Mô tả: 68tr ;27cm,TP. HCM: ĐH Sư phạm Kỹ thuật,2006,2,101,1,3,,,NULL
489,Handbook of Print Media/Helmut Kipphan,,Springer,2001,2,101,1,3,,,NULL
490,Giáo trình Công nghệ in/Chế Quốc Long,Dewey Class no. :686.2C514-L848-----Call no. :221686.2; ----- Mô tả: 262tr.;29cm.,Tp. Hồ Chí Minh:Đại học Sư phạm Kỹ thuật Tp. HCM,2006,1,97,1,3,,,NULL
491,Giáo trình các công nghệ in đặc biệt/Chế Quốc Long,Dewey Class no. :686.2C514-L848-----Call no. :223686.2; ----- Mô tả: 116tr.;24cm,Tp. Hồ Chí Minh:Đại học Quốc gia Tp. Hồ Chí Minh,2014,1,319,2,3,,,NULL
492,Hand book of Print Media/Helmut Kipphan,,Heidelberg,2000,1,319,2,3,,,NULL
493,Offset lithographic technology/Kenneth F. Hird,Dewey Class no. :686.2H668-----Call no. :221686.2; ----- Mô tả: 763p.;30cm..,Illinois:Goodheart-Willcox Co.Inc.,2000,1,1,2,3,,,NULL
494,Giáo trình Công nghệ gia công sau in/Nguyễn Thị Lại Giang,Dewey Class no. :686.3N573-G433-----Call no. :221686.3; ----- Mô tả: 204tr.;27cm.,Tp. Hồ Chí Minh:Đại học Sư phạm kỹ thuật Tp. HCM,2006,1,135,1,3,,,NULL
495,Giáo trình vật liệu in/Trần Thanh Hà,Dewey Class no. :686.2T772-H111-----Call no. :221686.2; ----- Mô tả: 275tr.;24cm,Tp. Hồ Chí Minh:Đại học Quốc gia Tp. Hồ Chí Minh,2013,1,360,1,3,,,NULL
496,ArtiosCAD 7.4 User Guide/Esko,,,,1,0,2,3,,,NULL
497,ArtiosCAD 7.4 Administrator Guide/Esko,,,,1,0,2,3,,,NULL
498,Bài giảng Cơ điện tử trong ngành in/Khoa In & Truyền thông,,Trường Đại học Sư Phạm Kỹ Thuật tp. Hồ Chí Minh,,1,0,1,3,,,NULL
499,Trang bị điện - điện tử máy in offset/ Vũ Quang Hồi ,Dewey Class no. :681.62V986 - H719-----Call no. :681.62221; ----- Mô tả: 511tr.;27cm,H.:Khoa học và kỹ thuật,2001,2,9,2,3,,,NULL
500,Hand book of Print Media/Helmut Kipphan,,Heidelberg,2000,2,9,2,3,,,NULL
501,Giáo trình Công nghệ in/Chế Quốc Long,Dewey Class no. :686.2C514-L848-----Call no. :221686.2; ----- Mô tả: 262tr.;29cm.,Tp. Hồ Chí Minh:Đại học Sư phạm Kỹ thuật Tp. HCM,2006,1,97,2,3,,,NULL
502,Giáo trình thực hành in/Trương Thế Trung,Dewey Class no. :686.2C514-L848-----Call no. :221686.2; ----- Mô tả: 262tr.;29cm.,Đại học Quốc Gia Tp. HCM,2012,1,0,2,3,,,NULL
503,Bài giảng thực tập thành phẩm,,,,1,0,2,3,,,NULL
504,Giáo trình Công nghệ gia công sau in/Nguyễn Thị Lại Giang,Dewey Class no. :686.3N573-G433-----Call no. :221686.3; ----- Mô tả: 204tr.;27cm.,Tp. Hồ Chí Minh:Đại học Sư phạm kỹ thuật Tp. HCM,2006,2,135,2,3,,,NULL
505,Hand book of Print Media/Helmut Kipphan,,Heidelberg,2000,2,0,2,3,,,NULL
506,Hand book of Print Media/Helmut Kipphan,,Heidelberg,2000,1,0,2,3,,,NULL
507,Giáo trình quản lý và kiểm tra chất lượng sản phẩm in/Ngô Anh Tuấn,Dewey Class no. :686.0685N569-T883-----Call no. :686.0685222; ----- Mô tả: 152tr.;25cm,Tp.HCM:Đại học Quốc gia Tp.Hồ Chí Minh,2012,1,200,1,3,,,NULL
508,Giáo trình Công nghệ in lõm/Chế Quốc Long,Dewey Class no. :686.2312C514-L848-----Call no. :221686.231 2; ----- Mô tả: 194tr.;29cm.,Tp. Hồ Chí Minh:Đại học Sư phạm Kỹ thuật Tp. HCM,2007,2,150,2,3,,,NULL
509,Công nghệ in FLEXO/ Chế Quốc Long,Dewey Class no. :686.2C514-L848-----Call no. :221686.2; ----- Mô tả: 99tr.;29cm,Tp.HCM.:ĐH Sư phạm Kỹ thuật,2007,2,170,2,3,,,NULL
510,An toàn lao động và quản lý bảo trì thiết bị in/Khoa In & Truyền thông,,Trường Đại học Sư Phạm Kỹ Thuật tp. Hồ Chí Minh,,1,0,1,3,,,NULL
511,"Giáo trình an toàn lao động và môi trường công nghiệp:Môn học: 1251250 - An toàn công nghiệp và môi trường, Lưu hành nội bộ/Hoàng Trí",Dewey Class no. :363.1H678-T819-----Call no. :363.1221; ----- Mô tả: 305tr.;24cm,Tp.HCM:Đại học Quốc gia Tp.Hồ Chí Minh,2013,1,880,1,3,,,NULL
512,The printer’s guide to health and safety/Richmond,,Crown,2002,1,0,2,3,,,NULL
513,Giáo trình Kinh tế tổ chức sản xuất in/Nguyễn Thị Lại Giang,Dewey Class no. :686.2N573-G433-----Call no. :221686.2; ----- Mô tả: 59tr.;27cm.,Tp. Hồ Chí Minh:Đại học Sư phạm kỹ thuật Tp. HCM,2006,1,135,1,3,,,NULL
514,Printing production Management/Michael Wieran,,Desktop Publishing Associates,1994,1,135,2,3,,,NULL
515,Đồ họa ứng dụng/ Lê Công Danh,,,,1,0,2,3,,,NULL
516,Quản trị doanh nghiệp=Business administration/Dương Hữu Hạnh,Dewey Class no. :658D928-H239-----Call no. :658222; ----- Mô tả: 442tr.;20cm,H.:Thống kê,2004,1,4,2,3,,,NULL
517,"Mỹ thuật căn bản và nâng cao :Vẽ ký họa nét /Gia Bảo, Hàn Vĩ",Dewey Class no. :741.01G428-B221-----Call no. :221741.01; ----- Mô tả: 64tr ;27cm,H :Mỹ thuật,2004,1,12,2,3,,,NULL
518,Quản trị sản xuất và dịch vụ :Lý thuyết và bài tập /Đồng Thị Thanh Phương,Dewey Class no. :658.5Đ682 - P577-----Call no. :658.5223; ----- Mô tả: 468tr.;21cm,H.:Thống kê,2014,1,1,2,3,,,NULL
519,Luật xuất bản,Dewey Class no. :343.597099L926-----Call no. :221343.597099; ----- Mô tả: 37tr ;19cm,Hà Nội:Chính trị quốc gia,2005,1,3,2,3,,,NULL
520,Art - Phác họa cơ thể người/ Hồng Thúy,,Thông tin,,2,0,2,3,,,NULL
521,Màu sắc và phương pháp sử dụng/Uyên Huy,,,,2,0,2,3,,,NULL
522,Thiết kế nhãn hiệu hàng hóa bằng mẫu tự Alphabet:Sách công cụ gối đầu giường dành cho nhân viên thiết kế/Thiên Kim,Dewey Class no. :745.6T434-K49-----Call no. :745.6221; ----- Mô tả: 129tr.;20cm,Cà Mau:Nxb. Mũi Cà Mau,2001,2,3,2,3,,,NULL
523,Thiết kế Logo/Nguyễn Huy Lẫm,,,,2,0,2,3,,,NULL
524,Mỹ thuật căn bản và nâng cao: Phác họa nhân vật /Gia Bảo,Dewey Class no. :741.01G428-B221-----Call no. :221741.01; ----- Mô tả: 58tr ;27cm,Hà Nội:Mỹ thuật,2005,2,5,2,3,,,NULL
525,Giáo trình Công nghệ in/Chế Quốc Long,Dewey Class no. :686.2C514-L848-----Call no. :221686.2; ----- Mô tả: 262tr.;29cm.,Tp. Hồ Chí Minh:Đại học Sư phạm Kỹ thuật Tp. HCM,2006,1,97,2,3,,,NULL
526,Phương pháp vẽ chân dung/ Uyên Huy,,Tp.HCM:Tổng hợp,,2,0,2,3,,,NULL
527,Giáo trình thực hành in/Trương Thế Trung,,Đại học Quốc Gia Tp. HCM.,2012,1,0,2,3,,,NULL
528,"Giáo trình thiết kế và sản xuất bao bì/Nguyễn Thị Lại Giang, Trần Thanh Hà",Dewey Class no. :688.8N573-G433-----Call no. :688.8222; ----- Mô tả: 316tr.;24cm,Tp.Hồ Chí Minh:Đại học Quốc gia Tp. Hồ Chí Minh,2013,1,563,2,3,,,NULL
529,Giáo trình Công nghệ gia công sau in/Nguyễn Thị Lại Giang,Dewey Class no. :686.3N573-G433-----Call no. :221686.3; ----- Mô tả: 204tr.;27cm.,Tp. Hồ Chí Minh:Đại học Sư phạm kỹ thuật Tp. HCM,2006,1,135,2,3,,,NULL
530,Hình họa cơ bản/ Nguyễn Văn Tỵ,,,2004,1,0,2,3,,,NULL
531,ArtiosCAD 7.4 User Guide/Esko,,,,1,0,2,3,,,NULL
532,ArtiosCAD 7.4 Administrator Guide/Esko,,,,1,0,2,3,,,NULL
533,Hình họa 1 :Giáo trình cao đẳng sư phạm /Triệu Khắc Lễ,Dewey Class no. :741.01T827-L433-----Call no. :221741.01; ----- Mô tả: 422tr ;24cm,Hà Nội:Đại học sư phạm Hà Nội,2004,1,9,2,3,,,NULL
534,Hướng dẫn Thực tập chuyên ngành Trước in 2/Khoa In & Truyền thông,,Trường Đại học Sư Phạm Kỹ Thuật tp. Hồ Chí Minh,,1,0,2,3,,,NULL
535,Màu sắc lý thuyết và ứng dụng:Trong lĩnh vực thiết kế - đồ họa - In /Ngô Anh Tuấn,Dewey Class no. :686N569-T883-----Call no. :686221; ----- Mô tả: 352tr;26cm,Tp.HCM:Đại học Quốc Gia Tp.HCM,2010,1,252,2,3,,,NULL
536,Những điều cơ bản dành cho người học vẽ/ Đỗ Duy Ngọc,,Đồng Nai,1996,2,0,2,3,,,NULL
537,Digital color management : principles and strategies for the standardized print production / Jan-Peter Homann.,Dewey Class no. :686.2H763-----Call no. :223686.2; ----- Mô tả: 212 pages: Illustrations (chiefly color); 29 cm.,New York : Springer,2009,2,1,2,3,,,NULL
538,Real World Color Management/Peachpit Pres,,Bruce Fraser,2005,2,1,2,3,,,NULL
539,Giáo trình Công nghệ Xử lý ảnh kỹ thuật số/Khoa In và Truyền thông trường ĐH SPKT TP.HCM,,,,2,0,2,3,,,NULL
540,Giáo trình Công nghệ chế tạo khuôn in/Khoa In và Truyền thông trường ĐH SPKT TP.HCM,,,,2,0,2,3,,,NULL
541,Luật xa gần :Sách dùng cho các trường cao đẳng sư phạm; Môn học: 1052020 - Luật xa gần/Phạm Xuân Thành,Dewey Class no. :741.01P534-T367-----Call no. :750.1; ----- Mô tả: 338tr ;24cm,Hà Nội:Văn hóa - Thông tin,2005,2,70,2,3,,,NULL
542,Mỹ thuật căn bản và nâng cao :Tĩnh vật ngũ quan thạch cao /Gia Bảo,Dewey Class no. :741.01G428-B221-----Call no. :743.7; ----- Mô tả: 45tr ;27cm,Hà Nội:Mỹ thuật,2004,2,11,2,3,,,NULL
543,Giáo trình quản lý chất lượng sản phẩm in/Ngô Anh Tuấn,Dewey Class no. :686.0685N569-T883-----Call no. :221686.068 5; ----- Mô tả: 209tr.;27cm.,Tp. Hồ Chí Minh:Đại học Sư phạm kỹ thuật Tp. HCM,2007,1,100,2,3,,,NULL
544,Công nghệ in offset/Chế Quốc Long,Dewey Class no. :686.2315C514-L848-----Call no. :221686.231 5; ----- Mô tả: 187tr.;29cm..,Tp.HCM.:ĐH Sư phạm Kỹ thuật,2007,1,150,1,3,,,NULL
545,Giải phẫu học: Hình họa căn bản tập 12/ Lê Thanh Lộc,,Hà Nội:Văn hóa - Thông tin,2003,2,0,2,3,,,NULL
546,"Giáo trình thực tập cơ bản in offset tờ rời/Nguyễn Minh Nhật, Trương Thế Trung",Dewey Class no. :686.2315N573-N576-----Call no. :686.2315222; ----- Mô tả: 123tr.;24cm,Tp.Hồ Chí Minh:Đại học Quốc gia Tp. Hồ Chí Minh,2013,1,327,1,3,,,NULL
547,"Công nghệ gia công sau in/Nguyễn Huy Hợp, Trần Văn Thắng",Dewey Class no. :686.2315N573-N576-----Call no. :686.2315222; ----- Mô tả: 123tr.;24cm,H.:Khoa học và kỹ thuật;2003,2013,2,327,2,3,,,NULL
548,Hand book of Print Media/Helmut Kipphan,,Heidelberg,2000,2,0,2,3,,,NULL
549,Lịch sử mỹ thuật Việt Nam/ Nguyễn Phi Hoanh,,Thành phố Hồ Chí Minh,1984,2,0,2,3,,,NULL
550,Introduction to Matlab for Engineering Students/David Houcque,,Northwestern University,2005,1,0,2,3,,,NULL
551,Lịch sử mỹ thuật thế giới: Giáo trình dùng cho các trường mỹ thuật; Môn học: 1052010 - Lịch sử mỹ thuật thế giới/Nguyễn Trân biên soạn,Dewey Class no. :709N573-T772-----Call no. :221709; ----- Mô tả: 189tr.;27cm,Hà Nội :Mỹ Thuật,1993,2,77,2,3,,,NULL
552,"Computational colour science using MATLAB/ Stephen Westland, Caterina Ripamonti, Vien Cheung","Dewey Class no. :535.60285W529-----Call no. :223535.60285; ----- Mô tả: viii, 222 pages : illustrations ; 25 cm.",Chichester West Sussex : John Wiley & Sons,2012,1,1,2,3,,,NULL
553,Lịch sử mỹ thuật công nghiệp /Lê Huy Văn,Dewey Class no. :745.2L433-V217-----Call no. :221745.2; ----- Mô tả: 123tr.;29cm,TP.HCM:Đại học Quốc gia TP.HCM. ,2000,2,3,2,3,,,NULL
554,"Digital Image processing using MATLAB /Rafael C. Gonzalez, Richard E. Woods, Steven L. Eddins.","Dewey Class no. :006.6G589-----Call no. :006.6222; ----- Mô tả: xiv,609 p.:ill., harts;25cm.",Upper Saddle River NJ:Pearson/Prentice Hall,2004,1,1,2,3,,,NULL
555,The Matlab 5 Handbook/Darren Redfern,,Springer,1998,2,0,2,3,,,NULL
556,The Matlab 5 Handbook/Darren Redfern,,Springer,1998,2,0,2,3,,,NULL
557,Practical Image and Video Processing Using Matlab/Oge Marques,,IEEE Press,2011,2,0,2,3,,,NULL
558,"Cơ sở tạo hình/Lê Huy Văn, Trần Tử Thành",Dewey Class no. :604.2L433-V217-----Call no. :221604.2; ----- Mô tả: 104tr;19cm,H.:Mỹ thuật,2006,1,5,2,3,,,NULL
559,Hand book of Print Media/Helmut Kipphan,,Springer,2001,2,0,2,3,,,NULL
560,Design thị giác/ Nguyễn Luận,,H.:Mỹ thuật,1990,2,0,2,3,,,NULL
561,Giáo trình vật liệu in/Trần Thanh Hà,Dewey Class no. :686.2T772-H111-----Call no. :221686.2; ----- Mô tả: 275tr.;24cm,Tp. Hồ Chí Minh:Đại học Quốc gia Tp. Hồ Chí Minh,2013,2,360,1,3,,,NULL
562,Ngôn ngữ của hình và màu sắc/ Nguyễn Quân,,Hà Nội:Văn hóa - Thông tin,2006,2,0,2,3,,,NULL
563,"Những nền tảng cơ bản của mỹ thuật/ Ocvirk, Stinson, Wigg, Bone and Cayton",,Hà Nội :Mỹ Thuật,2006,2,0,2,3,,,NULL
564,Màu sắc lý thuyết và ứng dụng:Trong lĩnh vực thiết kế - đồ họa - In /Ngô Anh Tuấn,Dewey Class no. :686N569-T883-----Call no. :686221; ----- Mô tả: 352tr;26cm,Tp.HCM:Đại học Quốc Gia Tp.HCM,2010,2,252,1,3,,,NULL
565,Giáo trình quản lý và kiểm tra chất lượng sản phẩm in/Ngô Anh Tuấn,Dewey Class no. :686.0685N569-T883-----Call no. :686.0685222; ----- Mô tả: 152tr.;25cm,Tp.HCM:Đại học Quốc gia Tp.Hồ Chí Minh,2012,2,200,1,3,,,NULL
566,An introduction to  perspective/ Ray Smith,,London: Dorling Kindersley,1995,1,0,2,3,,,NULL
567,Công nghệ in offset/ Chế Quốc Long,Dewey Class no. :686.2315C514-L848-----Call no. :221686.231 5; ----- Mô tả: 187tr.;29cm..,Tp.HCM.:ĐH Sư phạm Kỹ thuật,2007,2,150,1,3,,,NULL
568,"Luật phối cảnh trong hội họa/ Phạm Cao Hoàn, Nguyễn Thị Nam, Nguyễn Văn Khôi, Huyền Nữ",,,1997,1,0,2,3,,,NULL
569,Tài liệu hướng dẫn thực tập ngoài trường/Khoa kỹ thuật in,,Trường Đại học Sư Phạm Kỹ Thuật tp. Hồ Chí Minh,,2,0,1,3,,,NULL
570,Perspective for Comic Book Artists/ David Chelsea,,Watson Guptill Publications,1997,1,0,2,3,,,NULL
571,Hand book of Print Media/Helmut Kipphan,,Springer,2001,2,0,2,3,,,NULL
572,New Perspectives in painting/ Vitamin P,,New York: Phaidon,2000,2,0,2,3,,,NULL
573,The artirt's complete guide to figure drawing: A contemporary Perspective on the Classical tradition/ Anthony Ryder,,New York: Watson-Guptill,2000,2,0,2,3,,,NULL
574,Giáo trình Kinh tế và tổ chức sản xuất In/Khoa KTI trường ĐHSPKT,,,,1,0,2,3,,,NULL
575,Phối cảnh lý thuyết và thực hành/ Cổ Văn Hậu,Dewey Class no. :742C652-H368-----Call no. :742222; ----- Mô tả: 128tr.; 27cm,H.: Xây dựng,2002,2,6,2,3,,,NULL
576,Printing production Management /Michael Wieran,,Desktop Publishing Associates,1994,1,0,2,3,,,NULL
577,Quản trị doanh nghiệp=Business administration/Dương Hữu Hạnh,Dewey Class no. :658D928-H239-----Call no. :658222; ----- Mô tả: 442tr.;20cm,H.:Thống kê,2004,1,4,2,3,,,NULL
578,Quản trị sản xuất và dịch vụ :Lý thuyết và bài tập /Đồng Thị Thanh Phương,Dewey Class no. :658.5Đ682 - P577-----Call no. :658.5223; ----- Mô tả: 468tr.;21cm,H.:Thống kê,2014,1,1,2,3,,,NULL
579,Phối cảnh kiến trúc: Phần lý thuyết/ Dương Tiến Thọ,,,1993,2,0,2,3,,,NULL
580,Luật xuất bản,Dewey Class no. :343.597099L926-----Call no. :221343.597099; ----- Mô tả: 37tr ;19cm,Hà Nội:Chính trị quốc gia,2005,1,3,2,3,,,NULL
581,Giáo trình Công nghệ in/Chế Quốc Long,Dewey Class no. :686.2C514-L848-----Call no. :221686.2; ----- Mô tả: 262tr.;29cm.,Tp. Hồ Chí Minh:Đại học Sư phạm Kỹ thuật Tp. HCM,2006,2,97,2,3,,,NULL
582,Giáo trình các công nghệ in đặc biệt/Chế Quốc Long,Dewey Class no. :686.2C514-L848-----Call no. :223686.2; ----- Mô tả: 116tr.;24cm,Tp. Hồ Chí Minh:Đại học Quốc gia Tp. Hồ Chí Minh,2014,2,319,2,3,,,NULL
583,"Nhập môn phương pháp kĩ năng trang trí cách điệu hoa lá, động vật, phong cảnh/ Trần Giang",," Trung Quốc, Học viện Mỹ thuật Trung Quốc",2001,1,0,2,3,,,NULL
584,Giáo trình quản lý và kiểm tra chất lượng sản phẩm in/Ngô Anh Tuấn,Dewey Class no. :686.0685N569-T883-----Call no. :686.0685222; ----- Mô tả: 152tr.;25cm,Tp.HCM:Đại học Quốc gia Tp.Hồ Chí Minh,2012,2,200,2,3,,,NULL
585,"Màu sắc và chất lượng in/Ngô Anh Tuấn, Vũ Khắc Liên",Dewey Class no. :686.23042N569-T883-----Call no. :686.23042221; ----- Mô tả: 100tr;30cm,Tp.HCM:Trường Đại Học sư Phạm Kỹ Thuật,2002,2,2,2,3,,,NULL
586,"Thiết kế trang trí hiện đại: Trang trí cách điệu/ Lại Tiếu Quân, Lâm Húc",,,,1,0,2,3,,,NULL
587,Offset lithographic technology/Kenneth F. Hird,Dewey Class no. :686.2H668-----Call no. :221686.2; ----- Mô tả: 763p.;30cm..,Illinois:Goodheart-Willcox Co.Inc.,2000,2,1,2,3,,,NULL
588,Hand book of Print Media/Helmut Kipphan,,Heidelberg,2000,2,0,2,3,,,NULL
589,"Chỉ nam mỹ thuật cao cấp trang trí cách điệu người: Hình vẽ, trang trí/ Trịnh Quân, Lý Hán",,Thượng Hải,2001,2,0,2,3,,,NULL
590,Thiết kế trang trí/,,Trung Quốc,2003,2,0,2,3,,,NULL
591,Trang trí cách điệu,,Trung Quốc,2003,2,0,2,3,,,NULL
592,Thiết kế trang trí : Design,,Giang Tây: Mĩ Thuật,2000,2,0,2,3,,,NULL
593,Trang trí cách điệu người,,Quảng Tây: Mĩ Thuật,2007,2,0,2,3,,,NULL
594,Giáo trình Công nghệ gia công sau in/Nguyễn Thị Lại Giang,Dewey Class no. :686.3N573-G433-----Call no. :221686.3; ----- Mô tả: 204tr.;27cm.,Tp. Hồ Chí Minh:Đại học Sư phạm kỹ thuật Tp. HCM,2006,1,135,2,3,,,NULL
595,Kỹ thuật đóng sách/Huỳnh Trà Ngộ,,,,2,0,2,3,,,NULL
596,Nhiếp ảnh cơ bản (Complete Difgital Photography)/ Ben Long,,Bách Khoa Hà Nội,2015,1,0,2,3,,,NULL
597,Hand book of Print media/Helmut Kipphan,,Heidelberg,2000,2,0,2,3,,,NULL
598,"Lịch sử điện ảnh thế giới/David Thomson ; Thanh Hương, Kim Dung, Hiền Lương, Thế Hùng dịch",Dewey Class no. :791.43T482-----Call no. :222791.43; ----- Mô tả: 949tr.;29cm,H.:Mỹ thuật,2006,2,1,2,3,,,NULL
599,Giáo trình vật liệu in/Trần Thanh Hà,Dewey Class no. :686.2T772-H111-----Call no. :221686.2; ----- Mô tả: 275tr.;24cm,Tp. Hồ Chí Minh:Đại học Quốc gia Tp. Hồ Chí Minh,2013,2,360,2,3,,,NULL
600,"Công nghệ gia công sau in/Nguyễn Huy Hợp, Trần Văn Thắng",Dewey Class no. :686.2T772-H111-----Call no. :221686.2; ----- Mô tả: 275tr.;24cm,H.:Khoa học và kỹ thuật;2003,2013,2,360,2,3,,,NULL
601,English I for Graphic/ Linda Cooke,,"Resource Booklet, Media Algonquin",1993,1,0,2,3,,,NULL
602,Tiếng Anh trong xây dựng và kiến trúc= English on building and architecture/Võ Như Cầu,Dewey Class no. :428V872-C371-----Call no. :222428; ----- Mô tả: 292tr.;24cm,H:Xây dựng,2011,2,8,2,3,,,NULL
603,"Teaching the Arts to Engage English Language Learners/ Margaret Macintyre Latta, Elaine Chan",,,2011,2,0,2,3,,,NULL
604,Màu sắc lý thuyết và ứng dụng:Trong lĩnh vực thiết kế - đồ họa - In /Ngô Anh Tuấn,Dewey Class no. :686N569-T883-----Call no. :686221; ----- Mô tả: 352tr;26cm,Tp.HCM:Đại học Quốc Gia Tp.HCM,2010,2,252,2,3,,,NULL
605,Bài giảng công nghệ xử lý ảnh kỹ thuật số/Nguyễn Mạnh Huy,Dewey Class no. :006.6N573-H983-----Call no. :221006.6; ----- Mô tả: 134tr;27cm,Tp.HCM :Trường đại HọcSư Phạm Kỹ Thuật,2006,2,100,2,3,,,NULL
606,Giáo trình công nghệ chế tạo khuôn in/Trần Thanh Hà,Dewey Class no. :686.221T772-H111-----Call no. :750.1; ----- Mô tả: 82tr ;27cm,TP. HCM: ĐH Sư phạm Kỹ thuật,2006,2,100,2,3,,,NULL
607,"ISO 12647 Graphic  technology — Process control for the production of half-tone colour separations, proof  and production prints/ISO standard",,,,2,0,2,3,,,NULL
608,"Giáo trình Luật Sở hữu trí tuệ, Đại học Luật Hà Nội",,CAND,2008,1,0,2,3,,,NULL
609,"Giáo trình luật sở hữu trí tuệ/Lê Đình Nghị, Vũ Thị Hải Yến, Nguyễn Như Quỳnh, Nguyễn Thị Tuyết",Dewey Class no. :346.597048G433-----Call no. :221346.597048; ----- Mô tả: 195tr.;24cm,H.:Giáo dục,2009,1,2,2,3,,,NULL
610,Luật sở hữu trí tuệ năm 2009,,,2009,2,0,2,3,,,NULL
611,"Portfolio of Inspirations/Dorte Nielsen, Kiki Hartmann",,Singapore,2005,1,0,2,3,,,NULL
612,Luật sở hữu trí tuệ Việt Nam/ Lê Nết,,CTQG,2004,2,0,2,3,,,NULL
613,The art of the sticker/Dave Combs,,Holly Combs The US,2008,1,0,2,3,,,NULL
614,Cẩm nang sở hữu trí tuệ,,WIPO,2001,2,0,2,3,,,NULL
615,Portfolio: A quarterly of new ideas made visual ,,USA : Art Foundation,1963,2,0,2,3,,,NULL
616,Hình họa 2/Triệu Khắc Lễ,Dewey Class no. :741.01T827-L433-----Call no. :221741.01; ----- Mô tả: 326tr ;24cm,Hà Nội:Đại học sư phạm Hà Nội,2007,2,8,2,3,,,NULL
617,Những điều cơ bản dành cho người học vẽ/ Đỗ Duy Ngọc,,Đồng Nai,1996,1,0,2,3,,,NULL
618,Giải phẫu học: Hình họa căn bản tập 12/ Lê Thanh Lộc,,Hà Nội:Văn hóa - Thông tin,2003,1,0,2,3,,,NULL
619,"Thiết kế trang trí hiện đại: Trang trí cách điệu/ Lại Tiểu Quân, Lâm Húc",,,,1,0,2,3,,,NULL
620,"Chỉ nam mỹ thuật cao cấp trang trí cách điệu người: Hình vẽ, trang trí/  Trịnh Quân, Lý Hán",,Thượng Hải,2001,2,0,2,3,,,NULL
621,Thiết kế trang trí,,Trung Quốc,2003,2,0,2,3,,,NULL
622,Trang trí cách điệu,,Trung Quốc,2000,2,0,2,3,,,NULL
623,Trang trí cách điệu người,,Giang Tây: Mỹ thuật,2007,2,0,2,3,,,NULL
624,Lược sử mỹ thuật Việt Nam/ Nguyễn Phi Hoanh,,Thành phố Hồ Chí Minh,,2,0,2,3,,,NULL
625,Lịch sử mỹ thuật thế giới: Giáo trình dùng cho các trường mỹ thuật; Môn học: 1052010 - Lịch sử mỹ thuật thế giới/Nguyễn Trân biên soạn,Dewey Class no. :709N573-T772-----Call no. :221709; ----- Mô tả: 189tr.;27cm,Hà Nội :Mỹ Thuật,1993,2,77,2,3,,,NULL
626,Thập đại tùng thư 10 nhà hội họa lớn thế giới/ Âu Dương Anh,,Hà Nội:Văn hóa - Thông tin,2003,2,0,2,3,,,NULL
627,Hình tượng con người trong nghệ thuật tạo hình truyền thống/  Trần Lâm Biền,,Hà Nội:Mỹ thuật,,2,0,2,3,,,NULL
628,"Từ điển mỹ thuật hội họa thế giới /Tiệp Nhân, Vệ Hải; người dịch: Trần Kiết Hùng, Nguyễn Hồng Trang",Dewey Class no. :741.03T563-N578-----Call no. :221741.03; ----- Mô tả: 599tr.;19cm.,H.:Mỹ thuật,2004,2,3,2,3,,,NULL
629,Các dân tộc ở Việt Nam:(Dẫn liệu nhân học- tộc người) /Nguyễn Đình Khoa,Dewey Class no. :305.89597N573-K45-----Call no. :221305.89597; ----- Mô tả: 183tr.;26cm,Hà Nội:Khoa Học Xã Hội,1983,2,1,2,3,,,NULL
630,"Mỹ thuật của người Việt/ Nguyễn Quân, Phan Cẩm Thượng",,Hà Nội:Mỹ thuật,,2,0,2,3,,,NULL
631,Nhiếp ảnh cơ bản (Complete Difgital Photography)/ Ben Long,,Bách Khoa Hà Nội,2015,1,0,2,3,,,NULL
632,"Lịch sử điện ảnh thế giới/David Thomson ; Thanh Hương, Kim Dung, Hiền Lương, Thế Hùng dịch",Dewey Class no. :791.43T482-----Call no. :222791.43; ----- Mô tả: 949tr.;29cm,H.:Mỹ thuật,2006,2,1,2,3,,,NULL
633,Từ máy ảnh đến hình ảnh/ Trần Đức Tài,,Hà Nội:Thời Đại,2013,2,0,2,3,,,NULL
634,"Identity Designs: Corporate identities, brand identities and more",,Japan: Pie Books,2009,2,0,2,3,,,NULL
635,Thực tập dàn trang:Sử dụng cho sinh viên ngành kỹ thuật in/Quách Huệ Cơ,Dewey Class no. :686.2252Q116-C652-----Call no. :686.2252222; ----- Mô tả: 128tr.;24cm,Tp. Hồ Chí Minh:Đại học Quốc gia Tp. Hồ Chí Minh,2015,1,108,1,3,,,NULL
636,"Giáo trình thiết kế và sản xuất bao bì/Nguyễn Thị Lại Giang, Trần Thanh Hà",Dewey Class no. :688.8N573-G433-----Call no. :688.8222; ----- Mô tả: 316tr.;24cm,Tp.Hồ Chí Minh:Đại học Quốc gia Tp. Hồ Chí Minh,2013,2,563,1,3,,,NULL
637,Package design workbook:  the art and science of successful packaging/Steven Dupuis John Silva,,America: Rockport,2008,2,563,2,3,,,NULL
638,Manga Studio 5/Michael Rhodes,,Beginner's Guide,2014,2,0,2,3,,,NULL
639,The art directors' handbook of prefessional magazine design. Classic techniques and inspirational appoaches/Horst Moser,,"London :  Thames & Hudson""",2003,2,0,2,3,,,NULL
640,Wheel of time calendar design,Dewey Class no. :741.682 W561-----Call no. :741.682 223; ----- Mô tả: 299p. ; 27cm,Hong Kong : Design Media,2010,1,1,2,3,,,NULL
641,Catalogue des livres = Catalogue of books = Katalog der Bucher 1957-1975/Marcel Broodthaers,,Paris: Maria Gilissen,1982,2,0,2,3,,,NULL
642,"Poster Art		",,Massachusette: Rockport,1996,2,0,2,3,,,NULL
643,The Elements  of Graphic Design 2nd Edition/ Alex W. White Allworth Press,,NewYork,2011,2,0,2,3,,,NULL
644,Wheel of time calendar design,Dewey Class no. :741.682 W561-----Call no. :741.682 223; ----- Mô tả: 299p. ; 27cm,Hong Kong : Design Media,2010,2,1,1,3,,,NULL
645,Poster Art/ Massachusette: Rockport,,Massachusette: Rockport,1996,1,0,2,3,,,NULL
646,"No 4: Viual Identity DM  & Print, website poster, packaging, logo, graphics",,China,2006,2,0,2,3,,,NULL
647,"No 4: Viual Identity DM & Print, website poster, packaging, logo, graphics",,China,2006,2,1,2,3,,,NULL
648,Graphic poster annual 2004/ Vannessa Forgel,,New York: Graphic Inc,2005,2,0,2,3,,,NULL
649,Graphic poster annual 2004/Vannessa Forgel,,New York: Graphic Inc,2005,2,0,2,3,,,NULL
650,The art directors' handbook  of prefessional magazine design. Classic techniques and inspirational appoaches/ Horst Moser,,London Thames & Hudson,2003,1,0,2,3,,,NULL
651,Catalogue des livres  = Catalogue of books = Katalog der Bucher 1957-1975/ Marcel Broodthaers,,Paris : Maria Gilissen,1982,1,0,2,3,,,NULL
652,Mag art : Innovation in Magazine Design/Charlotte Rivers,,Singapore : Page One,2006,2,0,2,3,,,NULL
653,Mag art : Innovation in Magazine Design/Charlotte Rivers,,Singapore : Page One,2006,2,0,2,3,,,NULL
654,The Design Book: 1000 New  Designs for the Home and Where to Find Them/ Jennifer Hudson,,Laurence King  Publishing,2013,2,0,2,3,,,NULL
655,"Balthus : Catalogue raisonné of the complete works/Virginie Monnier, Jean Clair",,Paris : Gallimard,1999,2,0,2,3,,,NULL
656,Balthus : Catalogue raisonné  of the complete works/ Virginie Monnier Jean Clair,,Paris : Gallimard,1999,2,0,2,3,,,NULL
657,Mag art : Innovation in  Magazine Design/ Charlotte Rivers,,Singapore : Page One,2006,2,0,2,3,,,NULL
658,"L’art de la composition et du cardrage  (Nghệ thuật bố cục khuôn hình: Dành cho hội họa, nhiếp ảnh, tranh truyện và quảng cáo)/ Đức Hòa dịch",,Fleurus Idees Paris,1993,1,0,2,3,,,NULL
659,Artist’s guide to Composition/ Ralph Fabri,,Watson-Guptill,1974,2,0,2,3,,,NULL
660,"Advertising: Advertising best  print, radio, television and innovative media",,New York: One Club,2008,1,0,2,3,,,NULL
661,Creative Advertising: Ideas  and techniques from the world's best campaigns,,London: Thames and Hudson,2008,1,0,2,3,,,NULL
662,Branding: From Brief  to Finished Solution/ Mono,,Singapore: Page One,2005,2,0,2,3,,,NULL
663,Quản trị thương hiệu 101:  Brand Management 101/ Mainak Dhar,,Tp.HCM:Trẻ,2009,2,0,2,3,,,NULL
664,"Xây dựng và phát triển thương hiệu/Vũ Chí Lộc, Lê Thị Thu Hà",Dewey Class no. :658.827V986-L811-----Call no. :222658.827; ----- Mô tả: 406tr.;24cm,H.:Lao động - Xã hội,2007,2,5,2,3,,,NULL
665,22 quy luật cơ bản của quảng cáo:Những quy luật cần biết để xây dựng một thương hiệu mạnh/Michael Newman; Lê Hải Nam dịch,Dewey Class no. :659.1N551-----Call no. :222659.1; ----- Mô tả: 371r.;21cm,Tp.Hồ Chí Minh.:Tổng hợp,2006,2,2,2,3,,,NULL
666,"Quảng cáo và ngôn ngữ quảng cáo=Advertising and language of advertising/Nguyễn Kiên Trường, hiệu đính: Lý Tùng Hiếu",Dewey Class no. :659.1N573-T871-----Call no. :495.922; ----- Mô tả: 346tr;24cm,Tp.HCM:Khoa học xã hội,2004,2,4,2,3,,,NULL
667,Advertising nex: 150 winning  campaigns ror the new communications age/ Tom Himpe,,Tp.Hồ Chí Minh:Tổng hợp,2008,2,2,2,3,,,NULL
668,Kiến trúc nhà ở:Giáo trình đào tạo kiến trúc sư/Nguyễn Đức Thiềm,Dewey Class no. :690.21N573-T433-----Call no. :221690.21; ----- Mô tả: 304tr;27cm,H.:Xây dựng,2011,1,10,2,3,,,NULL
669,"Kiến trúc nhà ở nông thôn hiện đại/Đặng Hồng Vũ; Văn Nam, Đỗ Chí (  biên dịch ); Trần Kim Bảo ( hiệu đính )",Dewey Class no. :728.3Đ182-V986-----Call no. :728.3222; ----- Mô tả: 146tr.;27x19cm,H.:Xây dựng,2012,1,2,2,3,,,NULL
670,Nguyên lý thiết kế bảo tàng/Tạ Trường Xuân,Dewey Class no. :721T111-X182-----Call no. :222721; ----- Mô tả: 146tr.;27cm,H.:Xây Dựng,2011,1,2,2,3,,,NULL
671,Giáo trình thực tập điện cơ bản/Bùi Văn Hồng,Dewey Class no. :621.31B932-H772-----Call no. :221621.31; ----- Mô tả: 187tr.;21cm,Tp.HCM:Đại học Quốc gia Tp.Hồ Chí Minh,2009,1,562,2,3,,,NULL
672,Kiến trúc cơ sở : Phục vụ kiến thức nội thất / Nguyễn Đức Thiềm,Dewey Class no.  :720 N573-T433:-----Call no. : 720; ----- Mô tả:    344tr.; 27cm,H.:Xây Dựng,2011,1,2,2,3,,,NULL
673,Giáo trình nguyên liệu dệt =Raw textile materials/Nguyễn Tuấn Anh,Dewey Class no. :677.0283N573-A596-----Call no. :677.0283222; ----- Mô tả: 155tr.;24cm,Tp.HCM:Đại học Quốc gia Tp. Hồ Chí Minh,2013,1,581,1,3,,,NULL
674,"Kỹ thuật điện : Lý thuyết,bài tập giải sẵn và bài tập cho đáp số:Giáo trình cho các trường Đại học)/ Đặng Văn Đào, Lê Văn Doanh ",Dewey Class no. :621.31076Đ182 - Đ211-----Call no. :221621.31076; ----- Mô tả: 188tr.; 27cm,H.: Khoa học và Kỹ thuật,2006,1,1,1,3,,,NULL
675,Vật liệu dệt:Môn học: 1151010 - Vật liệu dệt may/Nguyễn Văn Lân,Dewey Class no. :677.028N573-L243-----Call no. :221677.028; ----- Mô tả: 421tr ;24cm,TP. HCM :Đại học Quốc gia,2011,2,3,1,3,,,NULL
676,Kỹ thuật lắp đặt điện dân dụng,,Đồng Nai,2006,1,0,2,3,,,NULL
677,Vật liệu dệt/Nguyễn Trung Thu,,Đại học Bách Khoa TP.HCM ,1999,2,0,2,3,,,NULL
678,Sửa chữa thiết bị điện /Hoàng Hữu Thận,Dewey Class no. :621.31042H678-T367-----Call no. :221621.31042; ----- Mô tả: 317tr.;21cm.,Hà Nội:Hải Phòng,2002,2,3,2,3,,,NULL
679,"Giáo trình Vật liệu dệt may/Trần Thủy Bình, Lê Thị Mai Hoa",,H:GD,2005,2,0,2,3,,,NULL
680,Thiết kế nội thất và đồ gia dụng / Ngô Trí Tuệ,,Lâm nghiệp Trung Quốc,2005,1,0,2,3,,https://thuvienso.hcmute.edu.vn/doc/thiet-ke-noi-that-va-do-gia-dung-674944.html,NULL
681,"Mạch điện/Trần Tùng Giang, Lê Thị Thanh Hoàng",Dewey Class no. :621.31T772-G433-----Call no. :621.31222; ----- Mô tả: 413tr.;24cm,Tp.Hồ Chí Minh:Đại học Quốc gia Tp.Hồ Chí Minh,2013,1,1190,1,3,,,NULL
682,Textile Science/Kathryn L. Hatch,,USA,1993,2,0,2,3,,,NULL
683,Ergonomics trong thiết kế nội thất kiến trúc và đồ mộc / Lý Văn Lâm ,,"Bắc Kinh,Trung Quốc",2001,1,0,2,3,,,NULL
684,"Mạch điện 1/Phạm Thị Cư, Trương Trọng Tuấn Mỹ, Lê Minh Cường",Dewey Class no. :621.31P534-C961-----Call no. :222621.31; ----- Mô tả: 387tr.;24cm,Tp.HCM.:Đại học quốc Gia Tp. Hồ Chí Minh,2015,1,1,2,3,,,NULL
685,Giáo trình nguyên phụ liệu may =Garment materials and accessories/Nguyễn Tuấn Anh,Dewey Class no. :677.0286N573-A596-----Call no. :677.0286222; ----- Mô tả: 130tr.;24cm,Tp.Hồ Chí Minh:Đại học Quốc gia Tp. Hồ Chí Minh,2013,1,520,1,3,,,NULL
686,Giáo trình quá trình hoàn tất vải =Textile dyeing and finishing technology/Nguyễn Tuấn Anh,Dewey Class no. :677.02825N573-A596-----Call no. :677.028 25222; ----- Mô tả: 138tr.;24cm,Tp.Hồ Chí Minh:Đại học Quốc gia Tp. Hồ Chí Minh,2013,1,583,1,3,,,NULL
687,Công nghệ nhuộm và hoàn tất vải/Nguyễn Công Toàn,,Tp.Hồ Chí Minh:Đại học Quốc gia Tp. Hồ Chí Minh,2005,2,98,2,3,,,NULL
688,"Mạch điện II/Phạm Thị Cư (cb), Trương Trọng Tuấn Mỹ, Lê Minh Cường",Dewey Class no. :621.31P534-C961-----Call no. :621.31221; ----- Mô tả: 294tr.;24cm,Tp. Hồ Chí Minh: Đại học Quốc gia,2012,1,2,2,3,,,NULL
689,Thiết bị may công nghiệp và bảo trì/Nguyễn Ngọc Châu,,Tp.Hồ Chí Minh:DHSPKT TP.HCM,2019,1,0,1,3,,,NULL
690,"Bài giảng nhập môn Công nghệ Kỹ thuật / Đặng Thiện Ngôn, Võ Xuân Tiến.",,"Đại học Sư phạm Kỹ thuật, TPHCM ",2012,1,0,2,3,,,NULL
691,Concepts in Electric Circuits,Wasif  Naeem,Ventus Publishing ApS ,2009,2,0,2,3,,http://172.30.11.76:4000/handle/123456789/495,NULL
692,Thiết bị may công nghiệp,,Tp.Hồ Chí Minh:Nhà xuất bản TP.HCM,2010,2,0,2,3,,,NULL
693,Electric circuits - 10th edition,"James W.Nilsson, Susan A.Riedel",,2015,2,0,2,3,,http://172.30.11.76:4000/handle/123456789/496,NULL
694,Sổ tay sinh viên / Đại học Sư Phạm Kỹ thuật TPHCM,,"Đại học Sư phạm Kỹ thuật, TPHCM ",2017,1,0,2,3,,,NULL
695,Giáo trình môn học kỹ thuật may cơ bản/Trần Thị Thêu,Dewey Class no. :646.4T772-T415-----Call no. :646.4222; ----- Mô tả: 35tr.;28cm,Tp.HCM.:Trường ĐH Sư phạm Kỹ thuật,2010,1,5,1,3,,,NULL
696,Circuit Analysis I & II with MATLAB® Computing andSimulink®/ SimPowerSystems®Modeling,Steven T. Karris,,2009,2,0,2,3,,http://172.30.11.76:4000/handle/123456789/497,NULL
697,Electric circuit - 1st edition,Norman Balabanian,McGraw-Hill,1994,2,0,2,3,,,NULL
698,Circuit analysis : Theory and practice - 5th edition,"Allan H. Robbins, Wilhelm C. Miller ","Delmar, Cengage Learning",2013,2,0,2,3,,http://172.30.11.76:4000/handle/123456789/499,NULL
699,"Fundamentals of electric circuits /Charles K. Alexander, Matthew N.O Sadiku.","Dewey Class no. :621.31924A374-----Call no. :621.319 24221; ----- Mô tả:  xviii, 904p.;26 cm.", Boston :McGraw-Hill,2004,2,3,2,3,,,NULL
700,Basic course in sewing/Yoko Shirane Venzuela ,,National Book Store,,2,0,2,3,,,NULL
701,Tổ chức không gian kiến trúc các loại nhà công cộng/Vũ Duy Cừ,Dewey Class no. :725V986-C961-----Call no. :221725; ----- Mô tả: 236tr;27cm,H.:Xây dựng,2011,1,8,2,3,,,NULL
702,"Giáo trình Điện tử cơ bản/Trần Thu Hà, Trương Thị Bích Ngà, Nguyễn Thị Lưỡng,...",Dewey Class no. :621.381G434-----Call no. :222621.381; ----- Mô tả: 642tr.;24cm.,Tp. Hồ Chí Minh:Đại học Quốc gia Tp. HCM,2013,1,1144,1,3,,,NULL
703,"Lịch sử văn minh thế giới/Vũ Dương Ninh (ch.b.), Nguyễn Gia Phu, Nguyễn Quốc Hùng, Đinh Ngọc Bảo",Dewey Class no. :909V986-N714-----Call no. :221909; ----- Mô tả: 383tr.;21cm,H.:Giáo dục Việt Nam,2011,1,4,2,3,,,NULL
704,Hình họa - vẽ kỹ thuật ngành may / Nguyễn Thành Hậu,Dewey Class no. :741.672N573-H368-----Call no. :741.672223; ----- Mô tả: 199tr. ; 24 cm,Tp. Hồ Chí Minh : Đại học quốc gia Tp. Hồ Chí Minh,2018,1,200,1,3,,,NULL
705,"Giáo trình máy điện I/Nguyễn Trọng Thắng, Ngô Quang Hà",Dewey Class no. :621.313N573-T367-----Call no. :221621.313; ----- Mô tả: 155tr; 29cm.,TP. HCM.:ĐH Sư phạm Kỹ thuật,2005,1,1,2,3,,,NULL
706,"Máy điện I :Sách dùng cho các trường đại học/Vũ Gia Hanh, Trần Khánh Hà, Phan Tử Thụ, Nguyễn Văn Sáu",Dewey Class no. :621.313M466-----Call no. :221621.313; ----- Mô tả: 336tr ;24cm,H :Khoa học và kỹ thuật,2003,2,1,1,3,,,NULL
707, Hướng dẫn sử dụng CorelDRAW ,,H.: Thống kê,2015,1,0,2,3,,,NULL
708, Hướng dẫn sử dụng CorelDRAW/ Nguyễn Thanh Hoàng,,H.: Thống kê,2015,1,0,2,3,,,NULL
709,Kỹ thuật điện,Nguyễn Chu Hùng,Tp. Hồ Chí Minh:Đại học Quốc gia Tp. Hồ Chí Minh,2000,2,0,2,3,,,NULL
710,"Ivanov (bản dịch tiếng Việt của Vũ Gia Hanh), Máy điện",Vũ Gia Hanh,Khoa học kỹ thuật,2005,2,0,2,3,,,NULL
711,Giáo trình “Hình họa – Vẽ kỹ thuật”/Trương Minh Trí,,Tp. Hồ Chí Minh : Đại học quốc gia Tp. Hồ Chí Minh,,2,797,1,3,,,NULL
712,"Máy và thiết bị gia công gỗ - Tập 1/ Hoàng Hữu Nguyên, Hoàng Xuân Niên",,Nông nghiệp ,2005,1,0,2,3,,,NULL
713,Electric machines,"Hubert, Charles I",Prentice Hall,2002,2,0,2,3,,,NULL
714,Nguyên lý cắt vật liệu gỗ / Hoàng Tiến Đượng,,Đại học Lâm Nghiệp,2013,2,0,2,3,,,http://172.16.2.21/libol50/search/detail.asp?ID=61800
715,"Bản vẽ kỹ thuật – Tiêu chuẩn quốc tế/Trần Hữu Quế, Nguyễn Anh Tuấn",,Tp. Hồ Chí Minh : Đại học quốc gia Tp. Hồ Chí Minh,H.: Giáo dục,2,11,2,3,,,NULL
716,Máy và thiết bị gia công gỗ - Tập 1/ Hoàng Hữu Nguyên,,Nông nghiệp ,1980,2,0,2,3,,,NULL
717,"Nguyên lý gia công vật liệu/Bành Tiến Long, Trần Thế Lục, Trần Sỹ Túy",Dewey Class no. :671B217-L848-----Call no. :21671; ----- Mô tả: 384tr;24cm..,Hà Nội:Khoa học và Kỹ thuật,2001,2,18,2,3,,,NULL
718,Lịch sử văn minh thế giới,,H.:Giáo dục Việt Nam,1997,2,0,2,3,,,NULL
719,Hướng dẫn sử dụng CorelDRAW/Trần Văn Minh,,H.: Thống kê,2001,2,1,2,3,,,NULL
720,"Giáo trình khí cụ điện/Hồ Xuân Thanh, Phạm Xuân Hổ",Dewey Class no. :621.31042H678-T367-----Call no. :621.31042223; ----- Mô tả: 788tr.;24cm,Tp.Hồ Chí Minh:Đại học Quốc gia Tp.Hồ Chí Minh,2014,1,582,2,3,,,NULL
721,"Giáo trình khí cụ điện:Dùng cho các trường đại học khối công nghệ/Hồ Xuân Thanh, Phạm Xuân Hổ",Dewey Class no. :621.31042H678-T367-----Call no. :621.31042221; ----- Mô tả: 327tr.;24cm,Tp.HCM:Đại học Quốc gia Tp.HCM,2010,1,93,2,3,,,NULL
722,"Máy gia công gỗ / Phạm Quang Đẩu, Phạm Quốc Phúc",,Công nhân Kỹ thuật,1982,2,0,2,3,,,NULL
723,Giáo trình khí cụ điện/Phạm Văn Chới,Dewey Class no. :621.31042P534-C545-----Call no. :621.31042221; ----- Mô tả: 295tr.;24cm.,Hà Nội:Giáo dục,2007,2,26,2,3,,,NULL
724,Máy và thiết bị chế biến gỗ / Hoàng Việt,,H: Nông nghiệp,2003,1,0,2,3,,,http://172.16.2.21/libol50/search/detail.asp?ID=61832
725,Advanced Engineering Mathematics,"Dennis G. Zill, Warren S. Wright",Jones & Bartlett,2013,1,0,2,3,,http://172.30.11.76:4000/handle/123456789/522,NULL
726,"Tự động hóa trong chế biến gỗ và lâm sản ngoài gỗ / Hoàng Nguyên, Hoàng Việt, Hoàng Xuân Niên",,H: Nông nghiệp,2006,1,0,2,3,,,NULL
727,Bài giảng Toán kỹ thuật,Lê Bá Long,Học viện công nghệ bưu chính viễn thông ,2013,2,0,2,3,,,NULL
728,"Giáo trình kỹ thuật số/Nguyễn Đình Phú, Nguyễn Trường Duy",Dewey Class no. :621.391N573-P577-----Call no. :621.391222; ----- Mô tả: 431tr.;24cm,Tp.HCM:Đại học Quốc gia Tp. Hồ Chí Minh,2013,1,1179,1,3,,,NULL
729,"Đại cương lịch sử thế giới cổ đại/Trịnh Nhu, Nguyễn Gia Phu",,Đại học và Giáo dục công nghiệp,1990,2,0,2,3,,,NULL
730,"Mạch số: Môn học: 1163100 - Kỹ thuật số/Nguyễn Hữu Phương$pDùng cho sinh viên đại học ngành điện tử, tự động hóa, viễn thông, tin học, v.v... /",Dewey Class no. :621.3815N573-P577-----Call no. :621.3815221; ----- Mô tả: Mạch kỹ thuật số,H.:Thống kê,2004,2,358,2,3,,,NULL
731,"Digital systems : Principles and applications / Neal S. Widmer, Gregory L. Moss, Ronald J. Tocci","Dewey Class no. :621.381 W641-----Call no. :621.381 223; ----- Mô tả: xx, 1004p. ; 29cm",Boston : Pearson,2017,1,2,2,3,,,NULL
732,"Digital systems : Principles and applications / Neal S. Widmer, Gregory L. Moss, Ronald J. Tocci","Dewey Class no. :621.381 W641-----Call no. :621.381 223; ----- Mô tả: xx, 1004p. ; 29cm",Boston : Pearson,2017,2,2,2,3,,,NULL
733,"Giáo trình Công nghệ CAD/CAM_CND / Nguyễn Ngọc Đào, Trần Chí Thiên",,"Đại học Sư phạm Kỹ thuật, TPHCM ",2010,1,0,2,3,,,NULL
734,"Giáo trình quản lý đơn hàng ngành may/Trần Thanh Hương, Tạ Thị Ngọc Nhung, Phạm Thị Hà",,Tp. Hồ Chí Minh: ĐHSPKT TPHCM,2014,1,302,1,3,,,NULL
735,Điện tử công suất/Hoàng Ngọc Văn,Dewey Class no. :621.317H678-V217-----Call no. :222621.317; ----- Mô tả: 226tr;27cm.,Tp.HCM.:Đại học Sư phạm Kỹ thuật,2007,1,405,1,3,,,NULL
736,Từ điển Anh văn chuyên ngành,,Tp. Hồ Chí Minh: ĐHSPKT TPHCM,2010,2,0,1,3,,,NULL
737,"Điện tử công suất :Bài giảng môn học/Nguyễn Xuân Khai, Hoàng Ngọc Văn",Dewey Class no. :621.317N573-K45-----Call no. :222621.317; ----- Mô tả: 109tr;24cm,Tp.HCM.:Đại học Sư phạm Kỹ thuật,2004,1,290,1,3,,,NULL
738,Giáo trình công nghệ CNC/Trần Văn Địch,Dewey Class no. :629.89T772-Đ546-----Call no. :222629.89; ----- Mô tả: 267tr.;24cm,H.:Giáo Dục,2012,1,5,2,3,,,NULL
739,Giáo trình chuẩn bị sản xuất may/ Trần Thanh Hương,Dewey Class no. :687.04T772-H957-----Call no. :687.04223; ----- Mô tả: 275tr.: minh họa; 24 cm,Tp. Hồ Chí Minh: Đại học Quốc gia Tp.Hồ Chí Minh,2020,2,227,1,3,,,NULL
740,"Lịch sử thế giới trung đại/Nguyễn Gia Phu, Nguyễn Văn Ánh, Đỗ Đình Hãng,...",,H.:Giáo dục Việt Nam,2009,2,0,2,3,,,NULL
741,Nguyên lý Design Thị giác / Nguyễn Hồng Hưng,,H:  Truyền thông Nghệ thuật,2013,1,0,2,3,,http://172.30.11.76:4000/handle/123456789/519,NULL
742,Nguyên lý Design Thị giác / Nguyễn Hồng Hưng,,H: Truyền thông nghệ thuật,2013,1,0,2,3,,http://172.30.11.76:4000/handle/123456789/519,NULL
743,Giáo trình Điện tử công suất 1,Nguyễn Văn Nhờ,Đại học Quốc gia ,2002,1,231,2,3,,,NULL
744,Giáo trình quản lý chất lượng trang phục/Trần Thanh Hương,Dewey Class no. :687.0685T772-H957-----Call no. :646.25; ----- Mô tả: 147tr.;24cm.,Tp.HCM:Đại học Quốc gia Tp.Hồ Chí Minh,2008,2,26,1,3,,,NULL
745,Giáo trình Hình khối cơ bản / Trần Ngọc Kanh,,H: ĐHMTCN,1979,1,0,2,3,,,NULL
746,Almanach những nền văn minh thế giới,Dewey Class no. :909A445-----Call no. :001; ----- Mô tả: 2048tr;24cm,Hà Nội:Văn hóa thông tin,1999,2,1,2,3,,,NULL
747,Điện tử công suất:Giáo trình dùng cho sinh viên Đại Học Bách Khoa và các trường đại học khác /Nguyễn Bính,Dewey Class no. :621.317N573-B613-----Call no. :221621.317; ----- Mô tả: 288tr.;24cm,Hà Nội:Khoa Học và Kỹ Thuật,2000,1,12,2,3,,,NULL
748,Mỹ thuật công nghiệp / Phạm Đỗ Nhật Tiến ,Dewey Class no. :745.2P534-T562 -----Call no. :221745.2; ----- Mô tả: 249tr.; 19cm,H.:Văn Hoá,1982,1,3,2,3,,,NULL
749,Quản trị học/Nguyễn Thị Liên Diệp,,H.: Thống kê,2006,2,2,2,3,,,NULL
750,Cơ sở tạo hình  / Lê Duy Văn ,,H.:Mỹ thuật,2012,1,3,2,3,,https://thuvienso.hcmute.edu.vn/tailieuvn/doc/co-so-tao-hinh-phan-1-2502547.html,NULL
751,"Quản lý chất lượng /Tạ Thị Kiều An, Ngô Thị Ánh, Nguyễn Thị Ngọc Diệp,...",Dewey Class no. :658.4013Q123-----Call no. :658.401 3221; ----- Mô tả: 441tr.;24cm,H.:Thống kê,2010,2,180,2,3,,,NULL
752,Nguyên Lý Thiết Kế (Design Principles) / Paul Zelanski & Mary Pat Fisher ,,,2009,1,0,2,3,,,NULL
753," Quản trị xuất nhập khẩu/Đoàn Thị Hồng Vân, Kim Ngọc Đạt",,H.:Lao động Xã hội,2010,2,0,2,3,,,NULL
754,Top Sketches: Top European Designer’s Sketches / Jordi Mila & Stone Wen ,,,2009,1,0,2,3,,,NULL
755,Quy tắc của ICC về sử dụng các điều kiện thương mại quốc tế và nội địa/ Phòng thương mại quốc tế - Incoterms,,H.: Thống kê,2010,2,3,2,3,,,NULL
756,Kỹ năng soạn thảo văn bản và thư từ thương mại/ Dr. Jan Yager; Hoàng Thu Hương dịch,,Tp. Hồ Chí Minh: Văn Hoá Sài Gòn,2010,2,0,2,3,,,NULL
757,Giáo trình Công nghệ Cad ngành May/Nguyễn Thành Hậu,,Tp. Hồ Chí Minh: ĐHSPKT TPHCM,2017,1,0,1,3,,,NULL
758,Điện tử công suất. Bài tập bài giải và ứng dụng,Nguyễn Bính,Khoa học kỹ thuật,,1,64,2,3,,,NULL
759,Gerber Garment Technology Data Management,,USA,2003,2,0,2,3,,,NULL
760,Giáo trình Công nghệ sửa chữa máy/ Hoàng Trí,,Trường ĐHSPKT T/P HCM,2008,1,0,2,3,,,NULL
761,"Giáo trình ứng dụng PSIM trong điện tử công suất:Giáo trình dùng cho sinh viên ngành Điện - Điện tử/Đỗ Đức Trí, Vương Thị Ngọc Hân",Dewey Class no. :621.317Đ631-T819-----Call no. :621.317222; ----- Mô tả: 242tr.;24cm,Tp. Hồ Chí Minh:Đại học Quốc gia Tp. Hồ Chí Minh,2015,2,303,1,3,,,NULL
762,"Giáo trình “Cung cấp điện” dành cho hệ Đại Học, Khối Ngành Công Nghệ",Quyền Huy Ánh,ĐHSPKT TP.HCM,2010,1,0,2,3,,,NULL
763,"Accounting/Horngren, Harrison and Oliver ",,Pearson Prentice-Hall.,2011,2,0,2,3,,,NULL
764,Gerber Garment Technology Pattern Design,,USA,2003,2,0,2,3,,,NULL
765,Gerber Garment Technology  Marker Making ,,USA,2003,2,0,2,3,,,NULL
766,Công việc của người thợ sửa chữa cơ khí: Tập 1/Tô Xuân Giáp,Dewey Class no. :620.1T627-G434-----Call no. :221620.1; ----- Mô tả: 199tr;20cm,H:Giáo dục,1998,1,3,2,3,,,NULL
767,"Hướng dẫn thiết kế lắp đặt điện theo tiêu chuẩn quốc tế IEC= Electrical Installation Guide : According to IEC international Standards /Schneider Electric S. A, người dịch: Phan Thị Thanh Bình, Phan Quốc Dũng, Phạm Quang Vinh...",Dewey Class no. :621.31H957-----Call no. :221621.31; ----- Mô tả: 690tr;21cm,H.:Khoa học và kỹ thuật,2009,1,10,2,3,,,NULL
768,Công việc của người thợ sửa chữa cơ khí: Tập 2/Tô Xuân Giáp,Dewey Class no. :620.1T627-G434-----Call no. :221620.1; ----- Mô tả: 146tr;20cm,H:Giáo dục,1998,1,1,2,3,,,NULL
769,"Sửa chữa bảo trì các thiết bị hệ thống khí nén /Nguyễn Thành Trí, Châu Ngọc Thạch",Dewey Class no. :621.52N573-T819-----Call no. :221621.52; ----- Mô tả: 319tr;21cm,Đà Nẵng:Nxb. Đà Nẵng,2000,1,5,2,3,,,NULL
770,Giáo trình CAD trong kỹ thuật điện/Quyền Huy Ánh,Dewey Class no. :621.31Q173-A596-----Call no. :621.31222; ----- Mô tả: 360tr.;27cm,Tp.HCM:Đại học Quốc gia Tp. Hồ Chí Minh,2008,1,400,2,3,,,NULL
771,Giáo trình an toàn điện/Quyền Huy Ánh,Dewey Class no. :621.3Q173-A596-----Call no. :221621.3; ----- Mô tả: 278tr.;24cm.,Tp. HCM:Đại học Quốc Gia Tp.HCM,2011,1,10,1,3,,,NULL
772,Thiết kế trang phục nam cơ bản/Nguyễn Ngọc Châu,,Tp. Hồ Chí Minh : Đại học quốc gia Tp. Hồ Chí Minh,2015,1,0,1,3,,,NULL
773,Thiết kế trang phục nam cơ bản/Nguyễn Ngọc Châu,,Tp. Hồ Chí Minh : Đại học quốc gia Tp. Hồ Chí Minh,2015,1,0,1,3,,,NULL
774,Cung cấp điện T1/Nguyễn Xuân Phú,Dewey Class no. :621.319N573-P577-----Call no. :22621.319; ----- Mô tả: 231tr;24cm,Tp.HCM:Đại học sư phạm kỹ thuật,1989,2,3,2,3,,,NULL
775,Thiết kế trang phục nam nâng cao/Nguyễn Thành Hậu,,Tp. Hồ Chí Minh : Đại học quốc gia Tp. Hồ Chí Minh,2015,1,0,1,3,,,NULL
776,"Giáo trình cơ sở công nghệ chế tạo máy/Phan Minh Thanh, Hồ Viết Bình",Dewey Class no. :621.8P535-T367-----Call no. :221621.8; ----- Mô tả: 265tr.;24cm,Tp.Hồ Chí Minh:Đại học Quốc gia Tp.Hồ Chí Minh,2013,1,587,2,3,,,NULL
777,Giáo trình thiết kế trang phục nữ cơ bản:Giáo trình dùng cho sinh viên ngành Công nghệ may/Phùng Thị Bích Dung,"DDC no. :687.042P577-D916, Call no. :687.042222; Mô tả: 163tr.;24cm",Tp.Hồ Chí Minh:Đại học Quốc gia Tp. Hồ Chí Minh,2014,1,507,1,3,,,NULL
778,"Cẩm nang thiết bị đóng cắt /Gerd Balzer,...; Lê Văn Doanh (dịch)",Dewey Class no. :621.31C172-----Call no. :221621.31; ----- Mô tả: 864tr.;21cm,Hà Nội:Khoa Học và Kỹ Thuật,1998,2,2,2,3,,,NULL
779,Thiết kế trang phục nữ cơ bản/Phùng Thị Bích Dung,,Tp.Hồ Chí Minh:Đại học Quốc gia Tp. Hồ Chí Minh,2015,1,507,1,3,,,NULL
780,"Thiết kế cấp điện:Dự toán; Thủ tục thiết kế; Thiết kế thực tế; Lắp đặt /Ngô Hồng Quang, Vũ Văn Tẩm",Dewey Class no. :621.319N569-Q124-----Call no. :221621.319; ----- Mô tả: 330tr.;24cm,Hà Nội:Khoa Học và Kỹ Thuật,2001,2,3,2,3,,,NULL
781,Giáo trình công nghệ sản xuất may:Giáo trình dùng cho sinh viên ngành Công nghệ may/Trần Thanh Hương,"DDC no. :687.04T772-H957, Call no. :223687.04; Mô tả: 205tr.;24cm",Tp. Hồ Chí Minh:Đại học Quốc gia,2014,2,508,1,3,,,NULL
782,Giáo trình công nghệ sản xuất may:Giáo trình dùng cho sinh viên ngành Công nghệ may/Trần Thanh Hương,Dewey Class no. :687.04T772-H957-----Call no. :223687.04; ----- Mô tả: 205tr.;24cm,Tp. Hồ Chí Minh:Đại học Quốc gia Tp. Hồ Chí Minh,2014,2,508,1,3,,,NULL
783,Nguyên lý cắt kim loại: Giáo trình dùng cho sinh viên các trường kỹ thuật / Trần Văn Địch,"Dewey Class no. : 671.53 -- dc 22
Call no. : 671.53 T772-Đ546",H. : Khoa học và Kỹ thuật,2009,2,2,2,3,,,NULL
784,Chuẩn bị sản xuất may/ Trần Thanh Hương,,Tp. Hồ Chí Minh: Đại học Quốc gia Tp.Hồ Chí Minh,2014,2,227,1,3,,,NULL
785,Sổ Tay Công Nghệ Chế Tạo Máy - tập 1 / Nguyễn Đắc Lộc và các tác giả,,H. : Khoa học và Kỹ thuật,2013,2,5,2,3,,,NULL
786,"Thiết kế điện, dự toán và tính giá thành /K.B. Raina, S.K. bhattacharya; Phạm Văn Niên (dịch)",Dewey Class no. :621.319R154-----Call no. :221621.319; ----- Mô tả: 379tr.;24cm,Hà Nội:Khoa Học và Kỹ Thuật,1996,2,7,2,3,,,NULL
787,Tổ chức quản lý sản xuất may/Nguyễn Thị Thúy ,,Tp. Hồ Chí Minh: Đại học Quốc gia Tp.Hồ Chí Minh,2014,2,0,1,3,,,NULL
788,Sổ Tay Công Nghệ Chế Tạo Máy - tập 2 / Nguyễn Đắc Lộc và các tác giả,,H. : Khoa học và Kỹ thuật,2012,2,5,2,3,,,NULL
789,Giáo trình hệ thống cỡ số trang phục : Giáo trình dùng cho sinh viên ngành Công nghệ may / Phùng Thị Bích Dung (ch.b.); Nguyễn Thị Thúy,Dewey Class no. :646.4 P577-D916-----Call no. :646.4 223; ----- Mô tả: 116tr. ; 24cm,Tp. Hồ Chí Minh : Đại học Quốc gia Tp. Hồ Chí Minh,2018,2,250,1,3,,,NULL
790,Nguyên lý gia công vật liệu / Bành Tiến Long và các tác giả,,H. : Khoa học và Kỹ thuật,2013,2,0,2,3,,,NULL
791,"Design of Electrical Services for Buildings, 4th Edition",Barrie Rigby,Spon Press,2005,2,0,2,3,,,NULL
792,Smart Textiles and Their Applications/Vladan Koncar,,Woodhead Publishing,2016,1,0,2,3,,,NULL
793,Advanced Energy Design Guide for Small Retail Buildings,Merle McBride,American Society ,2006,2,0,2,3,,,NULL
794,Analysis and Design of Low-Voltage Power Systems,Ismail Kasikci,Wiley,2004,2,0,2,3,,,NULL
795,"Công nghệ chế tạo máy/Trần Văn Địch, Nguyễn Trọng Bình, Nguyễn Thế Đạt, Nguyễn Viết Tiếp, Trần Xuân Việt",Dewey Class no. :621.8C749-----Call no. :222621.8; ----- Mô tả: 836tr;24cm,H.:Khoa học Kỹ thuật,2008,2,19,2,3,,,NULL
796,"Friedman, Smart Textiles for Designers: Inventing the Future of Fabrics/Rebeccah Pailes",,Laurence King Publishing,2016,2,0,2,3,,,NULL
797,Medium Voltage Design Guide,,Merlin Gerin ,2000,2,0,2,3,,,NULL
798,"Handbook of Smart Textiles, Springer/Tao, Xiaoming",, Singapore,2015,2,1,2,3,,,NULL
799,Materials and Processes in Manufacturing / E. Paul DeGarmo,,Wiley,2004,2,0,2,3,,,NULL
800,Electronic Textiles: Smart Fabrics and Wearable Technology/Tilak Dias,, Elsevier Ltd,2015,2,0,2,3,,,NULL
801,Electrical distribution engineering / Anthony J. Pansini,"Dewey Class no. :621.319 P196-----Call no. :621.319 223; ----- Mô tả: xxii, 535p., 24cm",Lilburn,GA : Fairmont Press; Boca Raton,2,1,2,3,,,NULL
802,Manufacturing Engineering and Technology / Kalpakjian & Schmid,,Prentice Hall,2001,2,0,2,3,,,NULL
803,Electrical Installation Caculations,A.J. Watkins,Newnes,2006,2,0,2,3,,,NULL
804,Tâm lý học quản trị kinh doanh/Nguyễn Hữu Thụ,Dewey Class no. :658N573-T532-----Call no. :658222; ----- Mô tả: 251tr.;24cm.,Hà Nội:Đại học Quốc gia Hà Nội,2007,1,8,2,3,,,NULL
805,Electric power distribution equipment and systems / T. A. Short,Dewey Class no. :621.319 S559-----Call no. :621.319 223; ----- Mô tả: 320p. ; 24cm,Boca Raton,FL : Taylor & Francis,2,1,2,3,,,NULL
806,Electrical Installation Guide,,Schneider Electric ,2010,2,0,2,3,,,NULL
807,"Giáo trình “Thiết kế trang phục nam cơ bản”/Nguyễn Ngọc Châu, Nguyễn Thị Tuyết Trinh",,Tp. Hồ Chí Minh: ĐHSPKT TPHCM,,1,0,1,3,,,NULL
808,"Những khía cạnh tâm lý của quảng cáo thương mại/Nguyen, H. T.",,Hanoi National University Publishing House.,2015,1,0,1,3,,,NULL
809,Electrical Installation Hanbook,,ABB,2006,2,0,2,3,,,NULL
810,Lighting by Design 2Ed,Christopher Cuttle,BH,2008,2,0,2,3,,,NULL
811,Thiết kế trang phục 2/Trần Thị Thêu,,Tp. Hồ Chí Minh: ĐHSPKT TPHCM,2010,2,81,1,3,,,NULL
812,"Lighting design basics / Mark Karlen, James Benya, Christina Spangler",Dewey Class no. :621.32 K18-----Call no. :621.32 223; ----- Mô tả: 246p. ; 28 cm,Hoboken. : Wiley,2012,2,1,2,3,,,NULL
813,Pattern making/ Hellen ,,USA,,2,1,2,3,,,NULL
814,E-Business and E-commerce Management (4th ed.)/Dave Chaffey,,"FT Prentice Hall, Edinburgh (UK).",2009,1,0,2,3,,,NULL
815,Uninterruptible Power Supplies,,McGraw-Hill,2004,2,0,2,3,,,NULL
816,Textile Science/Kathryn L. Hatch,,USA,1993,2,0,2,3,,,NULL
817,Electric power substations engineering / John D. McDonald,Dewey Class no. :621.3126 M135-----Call no. :621.3126 223; ----- Mô tả: 500 p. ; 26 cm, Boca Raton,FL : CRC Press,2,1,2,3,,,NULL
818,The complete E-Commerce Book (2nd ed.)/Janice Reynolds,,"Focal Press, Burlington (USA).",2015,2,0,2,3,,,NULL
819,Giáo trình thiết kế trang phục nữ cơ bản/Phùng Thị Bích Dung,,Tp. Hồ Chí Minh: ĐHSPKT TPHCM,2014,1,498,1,3,,,NULL
820,Electrician’s Exam Study Guide,B.D.Coffin,McGraw-Hill,2007,1,1,2,3,,,NULL
821,Khoa học gỗ: Giáo trình Đại học Lâm nghiệp/ Lê Xuân Tình,Dewey Class no. :674.1L433-T588-----Call no. :674.1223; ----- Mô tả: 242tr.: minh họa; 27cm,H.: Nông nghiệp,1998,1,12,2,3,,,NULL
822,"Giáo trình thực hành máy điện/Bùi Văn Hồng, Đặng Văn Thành, Lê Hoàng Lâm",Dewey Class no. :621.313B932-H772-----Call no. :621.313223; ----- Mô tả: 272tr.;24cm,Tp.Hồ Chí Minh:Đại học Quốc gia Tp.Hồ Chí Minh,2014,1,419,1,3,,,NULL
823,"Giáo trình công nghệ may:Sách dùng cho các trường đào tạo hệ trung học chuyên nghiệp /Trần Thủy Bình (ch.b); Nguyễn Tiến Dũng, Lê Thị Mai Hoa, Nguyễn Thị Hạnh","DDC no. :687.042T772-B613, Call no. :221687.042; Mô tả: 171tr ;24cm",H:Giáo dục,2007,2,3,2,3,,,NULL
824,Nghiên cứu giải phẫu một số loại cây gỗ ở Việt nam để định loại theo các đặc điểm cấu tạo thô đại và hiển vi/ Nguyễn Đình Hưng  ,,Luận án PTS,1994,2,0,1,3,,,NULL
825,Data Management/Gerber Garment Technology ,,USA,2003,2,0,2,3,,,NULL
826,"Thực vật rừng/ Lê Mộng Chân, Lê Thị Huyên ",,H: Nông nghiệp,2000,2,0,2,3,,,NULL
827,"Plant resources of South-East Asia (Volume 5(1), 5(2)/ Soerianegara and R.H.M.J Lemmens",,Bogor Indonesia,,2,0,2,3,,,NULL
828,"Embedded C programming and the microchip PIC / Richard Barnett, Larry O'Cull, Sarah Cox","Dewey Class no. :005.133 B261-----Call no. :005.133 223; ----- Mô tả: xxii, 498p.; 24cm",New York : Delmar Learning,2004,2,2,2,3,,,NULL
829,Pattern Design/Gerber Garment Technology ,,USA,2003,2,0,2,3,,,NULL
830,Marker Making/Gerber Garment Technology ,,USA,2003,2,0,2,3,,,NULL
831,Programming 8-bit PIC Microcontrollers in C: With Interactive Hardware Simulation,Martin P. Bates,Newnes,2008,2,0,2,3,,https://thuvienso.hcmute.edu.vn/tailieuvn/doc/programming-8-bit-pic-microcontrollers-in-c-with-interactive-hardware-simulation-1356612.html,NULL
832,"Textbook of wood technology/H.P Brown, A.J. Panshin, C.C. Forsaith",Dewey Class no. :674B878-----Call no. :221674; ----- Mô tả: 783p. include index;24cm..,London:McGraw - Hill Book Co.,INC.,2,1,2,3,,,NULL
833,Giáo trình tạo mẫu trang phục nữ/Phùng Thị Bích Dung,,Tp. Hồ Chí Minh: ĐHSPKT TPHCM,2014,1,504,1,3,,,NULL
834,"Giáo trình thực hành kỹ thuật số / Nguyễn Đình Phú, Nguyễn Duy Thảo, Nguyễn Trường Duy, Hà A Thồi",Dewey Class no. :621.3815G434-----Call no. :621.3815223; ----- Mô tả: 299tr.; 24cm,Tp. Hồ Chí Minh:Đại học Quốc gia Tp. Hồ Chí Minh,2018,1,276,2,3,,,NULL
835,Wood as a raw material/ George Tsoumis,,Pergamon press,,2,0,2,3,,,NULL
836,Giáo trình thiết kế trang phục 4/Huỳnh Thị Kim Phiến ,,Tp. Hồ Chí Minh: ĐHSPKT TPHCM,2012,1,113,1,3,,,NULL
837,"Timber structure – Properties- conservation and use/ H.E. Desch, and J.M. Dinwoodie ",,Macmillan press ,1996,2,0,2,3,,,NULL
838,The structure of wood/ Jane F.W ,,London and Charles Black   ,1970,2,0,2,3,,,NULL
839,Wood handbook/ U.S. Department of Agriculture ,,Libary of Congress catalog,1999,2,0,2,3,,,NULL
840,"Giáo trình công nghệ may:Sách dùng cho các trường đào tạo hệ trung học chuyên nghiệp/Trần Thủy Bình (ch.b.), Nguyễn Tiến Dũng, Lê Thị Mai Hoa,...",Dewey Class no. :687.042T772-B613-----Call no. :221687.042; ----- Mô tả: 171tr.;24cm,H.:Giáo dục,2005,2,45,2,3,,,NULL
841,Phần điện Nhà máy điện và trạm biến áp ,Trịnh Hùng Thám ,Khoa Học - Kỹ Thuật,1996,1,0,2,3,,,NULL
842,Giáo trình thiết kế trang phục nữ cơ bản:Giáo trình dùng cho sinh viên ngành Công nghệ may/Phùng Thị Bích Dung,,Tp. Hồ Chí Minh: ĐHSPKT TPHCM,2014,2,507,1,3,,,NULL
843,"Cung cấp điện /Nguyễn Xuân Phú,Nguyễn Bội Khuê, Nguyễn Công Hiền",Dewey Class no. :621.319N573-P577-----Call no. :221621.319; ----- Mô tả: 792tr.;27cm.,H:Khoa học và Kỹ thuật,2007,1,560,2,3,,,NULL
844,Giáo trình Thiết kế trang phục 1/Nguyễn Phi Phụng,,Tp. Hồ Chí Minh: ĐHSPKT TPHCM,2004,1,220,1,3,,,NULL
845,Phân tích và điều khiển ổn định hệ thống điện:Sách được dùng làm giáo trình cho các trường đại học kỹ thuật/Lã Văn Út,Dewey Class no. :621.319L111-U89-----Call no. :221621.319; ----- Mô tả: 243tr.;24cm,H.:Khoa Học và Kỹ Thuật,2011,1,12,2,3,,,NULL
846,"Thiết kế hệ thống điện/Nguyễn Hoàng Việt (ch.b); Hồ Văn Hiến, Phan Thị Thanh Bình, Võ Văn Huy Hoàng",Dewey Class no. :621.319N573 - V666-----Call no. :222621.319; ----- Mô tả: 466tr.;27cm,Tp.Hồ Chí Minh:Đại học Quốc gia,2010,1,11,2,3,,,NULL
847,Giáo trình thiết kế trang phục 2/Trần Thị Thêu,Dewey Class no. :646T772-T145-----Call no. :221646; ----- Mô tả: 68tr.;24cm.,Tp. Hồ Chí Minh:Đại học quốc gia Tp. Hồ Chí Minh,2008,1,24,1,3,,,NULL
848,PATTERNMARKING for fashion design/Helen Joseph Armstrong,,HarperCollins Publishers,1995,2,1,2,3,,,NULL
849,UNDERSTANDING ELECTRIC POWER SYSTEMS - An Overview of the Technology and the Marketplace,Jack Casazza Frank Delea,A John Wiley & Sons,2003,2,0,2,3,,http://172.30.11.76:4000/handle/123456789/512,NULL
850,Nguyên lý thiết kế kiến trúc nội thất./ Nguyễn Hoàng Liên ,,Hà Nội,2005,1,0,2,3,,http://172.16.2.21/libol50/search/detail.asp?,
851,Introduction to pattern Drafting/Jayne Smith,,Module code,2004,2,0,2,3,,,NULL
852,Matlab: A Practical Introduction to Programming and Problem Solving/Stormy Attaway,,Elsevier,2012,1,0,2,3,,,NULL
853,Ergonomics trong thiết kế nội thất kiến trúc và đồ mộc/ Lý Văn Lâm ,,Lâm nghiệp Trung Quốc.,2001,2,0,2,3,,,NULL
854,Electrical distribution engineering / Anthony J. Pansini,"Dewey Class no. :621.319 P196-----Call no. :621.319 223; ----- Mô tả: xxii, 535p., 24cm",Lilburn,GA : Fairmont Press; Boca Raton,2,1,2,3,,,NULL
855,Introduction to MATLAB® for Engineers/William J. Palm I,,McGraw-Hill,2011,2,0,2,3,,http://172.30.11.76:4000/handle/123456789/623,NULL
856,Giáo trình Công nghệ Cad ngành May/Nguyễn Thành Hậu,,Tp. Hồ Chí Minh: ĐHSPKT TPHCM,2017,1,0,1,3,,,NULL
857,Switchgear Manual,,Switchgear Manual,,2,0,2,3,,http://172.30.11.76:4000/handle/123456789/502,NULL
858,Nghệ thuật trang trí nội thất:Những mẫu thiết kế đẹp và tiện dụng /Thiên Thanh (biên soạn),Dewey Class no. :721.8T434-T367-----Call no. :747; ----- Mô tả: 176tr.;17cm,Đồng Nai:Nxb. Đồng Nai,1998,2,1,2,3,,http://172.16.2.21/libol50/search/detail.asp?,
859,Electric power substations engineering / John D. McDonald,Dewey Class no. :621.3126 M135-----Call no. :621.3126 223; ----- Mô tả: 500 p. ; 26 cm, Boca Raton,FL : CRC Press,2,1,2,3,,,NULL
860,Data Management/Gerber Garment Technology ,,USA,2003,2,0,2,3,,,NULL
861,Electrical Transmission and Distribution Reference book ,,ABB,1996,2,0,2,3,,http://172.30.11.76:4000/handle/123456789/503,NULL
862,Decorative Style/ Kenvin McCloud ,,Simon & Schuster,1995,2,0,2,3,,http://172.30.11.76:4000/handle/123456789/588,NULL
863,Pattern Design/Gerber Garment Technology ,,USA,2003,2,0,2,3,,,NULL
864,Lighting Style/ Kenvin McCloud ,,Simon & Schuster,1995,2,0,2,3,,,NULL
865,Marker Making/Gerber Garment Technology ,,USA,2003,2,0,2,3,,,NULL
866,Hướng dẫn thiết kế đồ án cung cấp điện,"Phan Thị Thanh Bình, Phan Thị Thu Vân, Dương Lan Hương",Đại học Quốc gia ,,1,0,2,3,,,NULL
867,The History of Furniture/ John Morley ,,Simon & Schuster,1999,2,0,2,3,,,NULL
868,Giáo trình Công nghệ Cad ngành May/Nguyễn Thành Hậu,,Tp. Hồ Chí Minh: ĐHSPKT TPHCM,2017,1,0,1,3,,,NULL
869,"Giáo trình “Cung cấp điện” dành cho hệ Đại Học, Khối Ngành Công Nghệ",Quyền Huy Ánh,ĐHSPKT TP.HCM,2010,2,0,2,3,,,NULL
870,"Công nghệ và thiết kế đồ gia dụng/ Bành Lương, Hồ Cảnh Sơ",,Giáo dục cao đẳng Trung Quốc,2003,1,0,2,3,,,NULL
871,Data Management/Gerber Garment Technology ,,USA,2003,2,0,2,3,,,NULL
872,Pattern Design/Gerber Garment Technology ,,USA,2003,2,0,2,3,,,NULL
873,"Sổ tay thực dụng thiết kế bản vẽ, kỹ thuật gia công chế tạo mới và tiêu chuẩn kiểm tra chất lượng xuất nhập khẩu đồ gia dụng kim loại trong và ngoài nước/ Biên Ủy Hội",,Văn hóa khoa học kỹ thuật Trung Quốc,2006,2,0,2,3,,,NULL
874,"Cơ sở Vật lý tập ba – Nhiệt học/David Halliday, Robert Resnick, Jearl Walker",,H.:Giáo dục Việt Nam,1998,1,3,2,3,,,NULL
875,Marker Making/Gerber Garment Technology ,,USA,2003,2,0,2,3,,,NULL
876,Thiết kế kết cấu và tạo hình đồ gia dụng/ Vu Thân,,Khoa học kỹ thuật Hắc Long Giang Trung Quốc,2004,2,0,2,3,,,NULL
877,Giáo trình CAD trong kỹ thuật điện/Quyền Huy Ánh,Dewey Class no. :621.31Q173-A596-----Call no. :621.31222; ----- Mô tả: 360tr.;27cm,Tp.HCM:Đại học Quốc gia Tp. Hồ Chí Minh,2008,2,400,2,3,,,NULL
878,Giáo trình thiết kế trang phục cưới/Phùng Thị Bích Dung ,,Tp. Hồ Chí Minh: ĐHSPKT TPHCM,2014,1,0,1,3,,,NULL
879,Công nghệ chế tạo đồ gia dụng kim loại/ ,,Đại học Lâm nghiệp Nam Kinh – Trung Quốc.,,2,0,2,3,,,NULL
880,"Giáo trình ""An toàn điện""",quyền huy ánh,Đại học Quốc gia ,2010,2,0,2,3,,,NULL
881,Giáo trình Vật lý đại cương tập 1/I. V. Xaveliev,,Mir,1988,1,1,2,3,,,NULL
882,Hệ thống cung cấp điện,Nguyễn Xuân Phú ,Khoa Học - Kỹ Thuật,,2,0,2,3,,,NULL
883,"Giáo trình Keo dán gỗ/ Phạm Văn Chương, Nguyễn Trọng Kiên ",,H: Nông nghiệp,2013,1,0,2,3,,http://172.16.2.21/libol50/search/detail.asp?ID=61828,NULL
884,"Giáo trình công nghệ may:Sách dùng cho các trường đào tạo hệ trung học chuyên nghiệp/Trần Thủy Bình (ch.b.), Nguyễn Tiến Dũng, Lê Thị Mai Hoa,...",Dewey Class no. :687.042T772-B613-----Call no. :221687.042; ----- Mô tả: 171tr.;24cm,H.:Giáo dục,2005,1,45,2,3,,,NULL
885,Giáo trình Công nghệ ván nhân tạo tập 1,,,,1,0,2,3,,http://172.16.2.21/libol50/search/detail.asp?ID=61836,NULL
886,"Keo dán gỗ: giáo trình Đại học Lâm nghiệp/ Phạm Văn Chương (chủ biên), Nguyễn Trọng Kiên",Dewey Class no. :674P534-C559-----Call no. :674223; ----- Mô tả: 176tr.: minh họa; 27cm,H.: Nông nghiệp,2013,1,11,2,3,,,NULL
887,Giáo trình thiết kế trang phục nữ cơ bản/Phùng Thị Bích Dung,,Tp. Hồ Chí Minh: ĐHSPKT TPHCM,2014,2,507,1,3,,,NULL
888,"Công nghệ sản xuất ván nhân tạo: ván dán và ván nhân tạo đặc biệt - $nTập 1/ Phạm Văn Chương, Nguyễn Hữu Quang",Dewey Class no. :674P534-C559-----Call no. :674223; ----- Mô tả: 144tr.: minh họa; 27cm,H.: Nông nghiệp,2004,1,11,2,3,,,NULL
889,giáo trình Keo dán và Chất phủ,,,,1,0,2,3,,,NULL
890,Giáo trình tạo mẫu trang phục nữ/Phùng Thị Bích Dung,,Tp. Hồ Chí Minh: ĐHSPKT TPHCM,2012,2,504,1,3,,,NULL
891,Tạp chí Công nghiệp hóa chất,,,,1,0,2,3,,,NULL
892,"Hướng dẫn thiết kế lắp đặt điện theo tiêu chuẩn quốc tế IEC= Electrical Installation Guide : According to IEC international Standards /Schneider Electric S. A, người dịch: Phan Thị Thanh Bình, Phan Quốc Dũng, Phạm Quang Vinh...",Dewey Class no. :621.31H957-----Call no. :221621.31; ----- Mô tả: 690tr;21cm,H.:Khoa học và kỹ thuật,2009,2,1,2,3,,,NULL
893,Giáo trình Thiết kế trang phục 1/Nguyễn Phi Phụng,,,2004,2,220,1,3,,,NULL
894,"Keo dán và chất phủ/ Trần Văn Chứ, Cao Quốc An,  Nguyễn Văn Thuận ",,H: Nông nghiệp,2012,2,0,2,3,,,NULL
895,Vật lý đại cương - T.1:Cơ - Nhiệt: Dùng cho các trường đại học khối kỹ thuật công nghiệp/Lương Duyên Bình (ch.b),Dewey Class no. :530L964-B613-----Call no. :221530; ----- Mô tả: 268tr.;21cm,H.:Giáo dục,1997,2,35,2,3,,,NULL
896,"Hệ thống cung cấp điện của xí nghiệp công nghiệp, đô thị và nhà cao tầng /Nguyễn Công Hiền, Nguyễn Mạnh Hoạch",Dewey Class no. :621.319N573-H633-----Call no. :221621.319; ----- Mô tả: 430tr.;27cm.,H.:Khoa học và kỹ thuật,2005,2,16,2,3,,,NULL
897,Giáo trình thiết kế trang phục 2/Trần Thị Thêu,Dewey Class no. :646T772-T145-----Call no. :221646; ----- Mô tả: 68tr.;24cm.,Tp. Hồ Chí Minh:Đại học quốc gia Tp. Hồ Chí Minh,2008,2,24,2,3,,,NULL
898,Truyền động điện,"Bùi Quốc Khánh , Nguyễn Văn Liễn, Nguyễn Thị Hiền",Khoa Học - Kỹ Thuật,2013,1,0,2,3,,,NULL
899,PATTERNMARKING for fashion design/Helen Joseph Armstrong,,HarperCollins Publishers,1995,2,1,2,3,,,NULL
900,Introduction to pattern Drafting/Jayne Smith,,Module code,2004,2,0,2,3,,,NULL
901,Giáo trình thiết kế nón và túi xách/Vũ Minh Hạnh,Dewey Class no. :646.48V986-H239-----Call no. :646.48222; ----- Mô tả: 85tr.;24cm,Tp.HCM:Đại học Quốc gia Tp.Hồ Chí Minh,2013,1,551,1,3,,,NULL
902,Thiết kế phụ trang/Nguyễn Hoa Mai,,Tp. Hồ Chí Minh: ĐHSPKT TPHCM,2014,2,0,1,3,,,NULL
903,"Thiết kế túi ví cao cấp cho mọi người/Ellen Goldstein Lynch, Sara Mullins, Nicole Malone; Phạm Cao Hoàn (dịch)",Dewey Class no. :646.48G624-----Call no. :221646.48; ----- Mô tả: 95tr.;27cm,H.:Mỹ thuật,2004,2,4,2,3,,,NULL
904,""" Lecture note on Finite Element Method (I), Department of Advanced Technology Fusion/H.C. Park ",,KonKuk University,2006,1,0,2,3,,,NULL
905,"Engineering Analysis with ANSYS Software/ N. Nakasone, T. A. Stolarski and S. Yoshimoto",,"Elsevier Butterworth-Heinemann, UK ",2006,1,0,2,3,,https://thuvienso.hcmute.edu.vn/tailieuvn/doc/engineering-analysis-with-ansys-software-1297071.html,NULL
906,Ứng dụng phương pháp phần tử hữu hạn trong tính toán kết cấu/Nguyễn Hoài Sơn,Dewey Class no. :624.171N573-S698-----Call no. :221624.171; ----- Mô tả: 258tr.;27cm.,Tp. Hồ Chí Minh:Đại học Quốc gia Tp. Hồ Chí Minh,2011,2,8,1,3,,,NULL
907,"Lịch sử thời trang/Helen Reynolds, Nguyễn Như Mai dịch",,H.:Kim Đồng,2007,2,0,2,3,,,NULL
908,Trang bị điện- điện tử,"Vũ Quang Hồi, Nguyễn Văn Chất, Nguyễn Thị Liên Anh",Giáo dục,2011,2,0,2,3,,,NULL
909,"Ứng dụng phương pháp phần tử hữu hạn trong tính toán kỹ thuật/Nguyễn Hoài Sơn, Lê Thanh Phong, Mai Đức Đãi",Dewey Class no. :624.171N573-S698-----Call no. :221624.171; ----- Mô tả: 420tr.;27cm.,Tp.HCM:Đại học sư phạm Kỹ thuật,2008,2,14,1,3,,,NULL
910,Truyền Động Điện Tự Động,"Bùi Đình Tiếu, Phạm Duy Nhi",Khoa Học - Kỹ Thuật,2008,2,0,2,3,,,NULL
911,Finite element procedures/ K. J. Bathe,,Prentice-Hall,1996,2,0,2,3,,http://172.30.11.76:4000/handle/123456789/552,NULL
912,"ANSYS Basic Analysis Guide, Release 13.0/ ",,ANSYS Inc,2010,2,0,2,3,,http://172.30.11.76:4000/handle/123456789/553,NULL
913,Thiết kế giày/Huỳnh Lê Quốc,,Tp. Hồ Chí Minh: CĐ Công thương TP.HCM,2014,1,0,2,3,,,NULL
914,"Fluid Mechanics – Fundamentals and Applications, 4th edition/  Yunus A Cengel, John M Cimbala",,Mc Graw Hill,2017,1,0,2,3,,http://172.30.11.76:4000/handle/123456789/550,NULL
915,Thiết bị may công nghiệp và bảo trì/Nguyễn Ngọc Châu,,Tp. Hồ Chí Minh: ĐHSPKT TPHCM,2019,2,0,1,3,,,NULL
916,Thủy khí kỹ thuật và máy bơm:Môn học: 1132100 - Cơ học lưu chất ứng dụng; 1132060 - Cơ học lưu chất ứng dụng B; 1132020 - Thủy khí/Phạm Thị Thanh Tâm,Dewey Class no. :621.2P534-T153-----Call no. :221621.2; ----- Mô tả: 293tr.;21cm..,Tp. Hồ Chí Minh: Đại Học Sư Phạm Kỹ Thuật,2006,1,1079,2,3,,,NULL
917, Thiết vị may công nghiệp,,Tp. Hồ Chí Minh: Nhà xuất bản TP.HCM,,2,0,2,3,,,NULL
918,"Ansys FLUENT Tutorial Guide, Release 14.0",,ANSYS Inc,2011,1,0,2,3,,http://172.30.11.76:4000/handle/123456789/551,NULL
919,Giáo trình công nghệ sản xuất may:Giáo trình dùng cho sinh viên ngành Công nghệ may/Trần Thanh Hương,Dewey Class no. :687.04T772-H957-----Call no. :223687.04; ----- Mô tả: 205tr.;24cm,Tp. Hồ Chí Minh:Đại học Quốc gia,2014,2,508,1,3,,,NULL
920,"Bài giảng Cơ học và Nhiệt động lực học/Nguyễn Nhật Khanh, Châu Văn Tạo",,Đại học Quốc gia TP.HCM,2013,2,0,1,3,,,NULL
921,Phân tích tổng hợp hệ thống điều khiển tự động truyền động điện,Trịnh Đình Đề,Khoa Học - Kỹ Thuật,1996,2,0,2,3,,,NULL
922,Giáo trình công nghệ sản xuất sản phẩm dệt kim:Giáo trình dùng cho sinh viên ngành Công nghệ May/Trần Thanh Hương,Dewey Class no. :687.3T772-H957-----Call no. :221687.3; ----- Mô tả: 171tr.; 24cm,Tp. Hồ Chí Minh:Đại học Quốc gia Tp. Hồ Chí Minh,2013,1,572,1,3,,,NULL
923,Giáo trình công nghệ sản xuất may:Giáo trình dùng cho sinh viên ngành Công nghệ may/Trần Thanh Hương,Dewey Class no. :687.04T772-H957-----Call no. :223687.04; ----- Mô tả: 205tr.;24cm,Tp. Hồ Chí Minh:Đại học Quốc gia,2014,2,508,1,3,,,NULL
924,"Tính toán thiết kế hệ dẫn động cơ khí – tập 1/ Trịnh Chất, Lê Văn Uyển",,H: Giáo dục,2012,1,0,2,3,,,NULL
925,Tài liệu học tập “Thiết Kế Trang Phục Lót”/Nguyễn Thị Luyên,,Tp. Hồ Chí Minh:Đại học Quốc gia,2015,2,0,1,3,,,NULL
926,"Sơ đồ điện / Jean Barry, Jean Yves Kersulec,; Người dịch: Lê Văn Doanh, Võ Thạch Sơn",Dewey Class no. :621.31B279-----Call no. :221621.31; ----- Mô tả: 266tr.;24cm,H.:Khoa học và Kỹ thuật,1996,2,22,2,3,,,NULL
927,"Tính toán thiết kế hệ dẫn động cơ khí:Tập 2/Trịnh Chất, Lê Văn Uyển",Dewey Class no. :621.85T883-C492-----Call no. :222621.85; ----- Mô tả: 231tr.;27cm,H.:Giáo dục,2013,1,24,2,3,,,NULL
928, Technology of clothing Manufacture/David J.Tyler,,,,2,0,2,3,,,NULL
929,Kỹ thuật nâng chuyển - Tập 2 : Máy vận chuyển liên tục / Nguyễn Hồng Ngân (chủ biên) ; Nguyễn Danh Sơn,Dewey Class no. :621.873 N573-N576-----Call no. :621.873 223; ----- Mô tả: 399tr. ; 24cm,Tp. Hồ Chí Minh : Đại học Quốc gia Tp. Hồ Chí Minh,2014,1,2,2,3,,,NULL
930, Patternmaking for underwear design- Createspace/Kristina Shin Phd,,,2010,2,1,2,3,,,NULL
931,"Nhiệt động học/Jean-Marie Brébec,Alian Favier,Philippe Denève...;Ngô Phú An(dịch)",Dewey Class no. :621.4021N582-----Call no. :221621.4021; ----- Mô tả: 319tr.;27cm.,H.:Giáo dục,1999,2,3,2,3,,,NULL
932,Electric drives,"Boldea, I. Nasar S.A",CRC Press,2017,2,0,2,3,,,NULL
933,Các máy gia công vật liệu rắn và dẻo:$n Tập 1/Hồ Lê Viên,Dewey Class no. :660.28H678-V662-----Call no. :221660.28; ----- Mô tả: 253tr.;26.5cm,H.:Khoa học và kỹ thuật,2003,1,6,2,3,,,NULL
934,Electric drive/M. Chilikin ,Dewey Class no. :621.3C538-----Call no. :221621.3; ----- Mô tả: 495p.;23cm..,Moscow:Mir Pulishers,1976,2,1,2,3,,,NULL
935,"Giáo trình “Cung cấp điện” dành cho hệ Đại Học, Khối Ngành Công Nghệ",Quyền Huy Ánh,ĐHSPKT TP.HCM,2010,1,0,2,3,,,NULL
936,"An introduction to materials engineering and science/Brian S. Mitchell, John Wiley & Sons",," inc., publication",2004,1,0,2,3,,http://172.30.11.76:4000/handle/123456789/633,NULL
937,"Quá trình và thiết bị trong công nghệ hóa học & thực phẩm – Tập 2: Cơ học vật liệu rời/  Vũ Bá Minh, Hoàng Minh Nam",,Tp. Hồ Chí Minh:Đại học Quốc gia Tp. Hồ Chí Minh,2017,1,0,2,3,,,NULL
938,Patternmaking for underwear design/Kristina Shin,,,2010,1,1,2,3,,,NULL
939,Renewable energy : Power for a sustainable future / Godfrey Boyle,"Dewey Class no. :333.794 B792-----Call no. :333.794 223; ----- Mô tả: vii, 264p. ; 27 cm",Oxford. : Oxford University Press,2012,2,1,2,3,,,NULL
940,"Giáo trình công nghệ may:Sách dùng cho các trường đào tạo hệ trung học chuyên nghiệp/Trần Thủy Bình (ch.b.), Nguyễn Tiến Dũng, Lê Thị Mai Hoa,...",Dewey Class no. :687.042T772-B613-----Call no. :221687.042; ----- Mô tả: 171tr.;24cm,H.:Giáo dục,2005,2,3,2,3,,,NULL
941,"Vẽ kỹ thuật  cơ khí - T.1:Sách dùng cho các trường đại học kỹ thuật/Trần Hữu Quế, Đặng Văn Cứ, Nguyễn Văn Tuấn",Dewey Class no. :604.24T772-Q156-----Call no. :222604.24; ----- Mô tả: 272tr.;24cm,Hà Nội:Giáo dục,2006,1,8,2,3,,,http://172.16.2.21/libol50/search/detail.asp?ID=54945
942,"Fundamental of Ceramic Powders Processing and Synthesis/Terry A. Ring, Acedamic Press",,Toronto,,2,0,2,3,,http://172.30.11.76:4000/handle/123456789/634,NULL
943,PATTERNMARKING for fashion design/Helen Joseph Armstrong,,HarperCollins Publishers,1995,2,1,2,3,,,NULL
944,The Apparel Design and Production Hand Book (A Technical Reference)/The Fashiondex,,,2001,2,0,2,3,,,NULL
945,"Renewable Energy : Physics, engineering, environmental ipacts, economics and planning",Bent Sorensen,Academic Press,2017,2,1,2,3,,,NULL
946,Kỹ thuật sản xuất vật liệu gốm sứ/Đỗ Quang Minh,Dewey Class no. :666Đ631-M664-----Call no. :666222; ----- Mô tả: 270tr.;24cm,Tp.Hồ Chí Minh.:Đại học Quốc gia,2008,2,2,2,3,,,NULL
947,"Vẽ kỹ thuật  cơ khí - T.1:Sách dùng cho các trường đại học kỹ thuật/Trần Hữu Quế, Đặng Văn Cứ, Nguyễn Văn Tuấn",Dewey Class no. :604.24T772-Q156-----Call no. :222604.24; ----- Mô tả: 272tr.;24cm,Hà Nội:Giáo dục,2006,1,8,2,3,,,http://172.16.2.21/libol50/search/detail.asp?ID=54947
948,Introduction to pattern Drafting/Jayne Smith,,Module code,2004,2,0,2,3,,,NULL
949,Truyền động điện,"Bùi Quốc Khánh, Nguyễn Văn Liễn, Nguyễn Thị Hiền",Khoa Học - Kỹ Thuật,2013,1,0,2,3,,,NULL
950,Ceramic Processing and Sintering/M. N Rahaman,,Marcel Dekker Inc,,2,0,2,3,,http://172.30.11.76:4000/handle/123456789/470,
951,Giáo trình mỹ thuật trang phục:Sách dùng cho các trường đào tạo hệ Trung học chuyên nghiệp - Cao đẳng - Đại học/Trần Thủy Bình,Dewey Class no. :687.042T772-B613-----Call no. :222687.042; ----- Mô tả: 180tr;24cm,H.:Giáo dục,2009,1,1,2,3,,,NULL
952,Thiết bị điều khiển điện,Lưu Văn Quang,,2010,2,0,2,3,,,NULL
953,Cơ sở thiết kế máy/ Nguyễn Hữu Lộc,,Tp. Hồ Chí Minh:Đại học Quốc gia Tp. Hồ Chí Minh,2016,2,0,2,3,,,NULL
954,Trang bị điện- điện tử,"Vũ Quang Hồi, Nguyễn Văn Chất, Nguyễn Thị Liên Anh",Giáo dục,2011,2,0,2,3,,,NULL
955,Ceramic Materials: Science and Engineering/C. Barry Carter et M. Grant Norton,,Springer,,2,0,2,3,,,NULL
956,Phân tích tổng hợp hệ thống điều khiển tự động truyền động điện,Trịnh Đình Đề,Khoa Học - Kỹ Thuật,2008,2,0,2,3,,,NULL
957,"Màu sắc và phương pháp vẽ màu /Nguyễn Duy Lẫm, Đặng Thị Bích Ngân",,H.:Văn hóa - Thông tin,2004,2,6,2,3,,,NULL
958,Cơ sở thiết kế máy/ Nguyễn Hữu Lộc,,Tp. Hồ Chí Minh:Đại học Quốc gia Tp. Hồ Chí Minh,2020,2,0,2,3,,,NULL
959,Giáo trình máy và thiết bị chế biến lương thực/Tôn Thất Minh,Dewey Class no. :664.00284T663-M664-----Call no. :664.00284222; ----- Mô tả: 271tr.;27cm,H.:Bách Khoa Hà Nội,2010,2,3,2,3,,,http://172.16.2.21/libol50/search/detail.asp?ID=51823
960,"Trang trí/ Nguyễn Thế Hùng, Nguyễn Thị Nhung, Phạm Ngọc Tới",,H.:Giáo dục,1998,2,2,2,3,,,NULL
961,"Mỹ thuật vào phương pháp dạy học/Trịnh Thiệp, Ưng Thị Châu",,H.:Giáo dục,1998,2,7,2,3,,,NULL
962,"Shigley's mechanical engineering design / Richard G. Budynas, J. Keith Nisbett",Dewey Class no. :621.815 B927-----Call no. :621.815 223; ----- Mô tả: xv 1073p. ; 26 cm,New York : McGraw-Hill,2015,2,2,2,3,,,NULL
963,Tâm lý học quản trị kinh doanh/Nguyễn Hữu Thụ,,H.:Đại học Quốc gia Hà Nội,2005,1,7,2,3,,,NULL
964,Polyme Đại Cương/TS. Hoàng Ngọc Cường,, ĐHQG TP. HCM,2010,1,0,1,3,,,NULL
965,Đắc nhân tâm/Dale Carnegie (Nguyễn Hiến Lê dịch),,Tp. Hồ Chí Minh: Trẻ,2008,2,2,2,3,,,NULL
966,Giáo trình mỹ học/Lê Quốc Bảo,,H.:Trường Đại học Mỹ Thuật Hà Nội,,1,0,2,3,,,NULL
967,Lịch sử tư tưởng thẩm mỹ,,H.:Trường Đại học Mỹ Thuật Hà Nội,,2,0,2,3,,,NULL
968,Khơi nguồn mỹ học dân tộc/Mịch Quang,,H.:Chính trị quốc gia,2004,2,0,2,3,,,NULL
969,"Bài tập vẽ kỹ thuật  cơ khí -  T.1/Trần Hữu Quế, Nguyễn Văn Tuấn",Dewey Class no. :604.24076T772-Q156-----Call no. :222604.24076; ----- Mô tả: 167tr. ;27cm.,Hà Nội:Giáo dục,2006,1,5,2,3,,,https://libute.hcmute.edu.vn/search/detail.asp?ID=54946
970,Tài liệu nghệ thuật học/Lâm Vinh,,Tp. Hồ Chí Minh:Đại học sư phạm TP HCM,2000,2,0,2,3,,,NULL
971,Mỹ học/Lâm Vinh,,Tp. Hồ Chí Minh:Đại học sư phạm TP HCM,1997,2,0,2,3,,,NULL
972,"Bài tập vẽ kỹ thuật cơ khí -T2/Trần Hữu Quế, Nguyễn Văn Tuấn",Dewey Class no. :604.24076T772-Q156-----Call no. :222604.24076; ----- Mô tả: 115tr.;30cm.,Hà Nội:Giáo dục,2006,1,990,2,3,,,https://libute.hcmute.edu.vn/search/detail.asp?ID=39253
973,Sơ đồ điện,"Jean Barry, Jean Yves Kersulec",Bách Khoa Hà Nội,2001,2,14,2,3,,,NULL
974,Composite materials technology/P.K.Mallick/Newman,,HANSER Publishers,1990,1,0,2,3,,,NULL
975,Giáo trình Tổ chức quản lý sản xuất may/Nguyễn Thị Thúy,,Tp. Hồ Chí Minh:Đại học quốc gia Tp. Hồ Chí Minh,2014,2,0,1,3,,,NULL
976,Electric drives,"Boldea, I. Nasar S.A",CRC Press,2006,2,0,2,3,,,NULL
977,"Machine  drawing  3rd  ed/ K.L.  Narayana,  P.  Kannaiah,  K.  V.  Reddy",,New Age International Publishers,2006,2,0,2,3,,,https://libute.hcmute.edu.vn/search/detail.asp?ID=43876
978,Giáo trình thiết kế trang phục 5/Trần Thanh Hương,,Tp. Hồ Chí Minh:Đại học quốc gia Tp. Hồ Chí Minh,2007,2,100,1,3,,,NULL
979,Electric drive/M. Chilikin ,Dewey Class no. :621.3C538-----Call no. :221621.3; ----- Mô tả: 495p.;23cm..,Moscow:Mir Pulishers,1976,2,1,2,3,,,NULL
980,Handbood of composite fabrication/Gunerl Akovali,,RAPRA technology LTD,2001,2,0,2,3,,http://172.30.11.76:4000/handle/123456789/639,NULL
981,"Bài tập vẽ kỹ thuật cơ khí:Tập 2/Trần Hữu Quế, Nguyễn Văn Tuấn",,H.:Giáo dục,2006,2,0,2,3,,,https://libute.hcmute.edu.vn/search/detail.asp?ID=39253
982,Giáo trình công nghệ may trang phục 3/Trần Thanh Hương,,Tp.HCM:Đại học Quốc gia Tp.Hồ Chí Minh,2007,2,142,1,3,,,NULL
983,"Giáo trình “Thực tập năng lượng tái tạo”, dành cho hệ Đại Học, Khối Ngành Công Nghệ",Võ Viết Cường,ĐHSPKT TP.HCM,2019,2,0,2,3,,,NULL
984,"Bản vẽ kỹ thuật – Tiêu chuẩn quốc tế/ Trần Hữu Quế, Nguyễn Văn Tuấn",,H.:Giáo dục,2013,2,0,2,3,,,NULL
985,"Giáo trình “Thiết kế trang phục nam cơ bản”/Nguyễn Ngọc Châu, Nguyễn Thị Tuyết Trinh",,Tp. Hồ Chí Minh: ĐHSPKT TPHCM,,1,0,1,3,,,NULL
986,Thiết kế trang phục 2/Trần Thị Thêu,,Tp. Hồ Chí Minh: ĐHSPKT TPHCM,2010,2,81,1,3,,,NULL
987,Pattern making/ Hellen ,,USA,,2,0,2,3,,,NULL
988,Textile Science/Kathryn L. Hatch,,USA,1993,2,0,2,3,,,NULL
989,Mechanics of composite materials/Autar K. Kaw,,Taylor & Francis group LLC,2006,2,0,2,3,,,NULL
990,Pattern making/ Hellen ,,USA,,2,0,2,3,,,NULL
991,Giáo trình quá trình hoàn tất vải =Textile dyeing and finishing technology/Nguyễn Tuấn Anh,Dewey Class no. :677.02825N573-A596-----Call no. :677.028 25222; ----- Mô tả: 138tr.;24cm,Tp.Hồ Chí Minh:Đại học Quốc gia Tp. Hồ Chí Minh,2013,1,583,1,3,,,NULL
992,"Fundamentals of polymer engineering/Anil Kumar, Rakesh K. Gupta",,"Marcel Dekker, Inc",2003,2,0,2,3,,http://172.30.11.76:4000/handle/123456789/626,NULL
993,"Giáo trình “Thiết kế trang phục nam cơ bản”/Nguyễn Ngọc Châu, Nguyễn Thị Tuyết Trinh",,Tp. Hồ Chí Minh: ĐHSPKT TPHCM,,1,0,1,3,,,NULL
994,"Biorelated polymers/Emo Chiellini, Helena Gil, Gerhart Braunegg,...",,Kluwer Academic / Plenum Publishers,2001,2,0,2,3,,http://172.30.11.76:4000/handle/123456789/627,NULL
995,Thiết kế trang phục 2/Trần Thị Thêu,,Tp. Hồ Chí Minh: ĐHSPKT TPHCM,2010,1,0,1,3,,,NULL
996,Pattern making/ Hellen ,,USA,,2,0,2,3,,,NULL
997,Textile Science/Kathryn L. Hatch,,USA,1993,2,0,2,3,,,NULL
998,Giáo trình thiết kế trang phục nữ cơ bản:Giáo trình dùng cho sinh viên ngành Công nghệ may/Phùng Thị Bích Dung,Dewey Class no. :687.042P577-D916-----Call no. :687.042222; ----- Mô tả: 163tr.;24cm,Tp.Hồ Chí Minh:Đại học Quốc gia Tp. Hồ Chí Minh,2014,1,507,1,3,,,NULL
999,"Biomedical applications/Doris Klee, Hartwig Höcker",,Springer,2000,2,0,2,3,,,NULL
1000,"Giáo trình công nghệ may:Sách dùng cho các trường đào tạo hệ trung học chuyên nghiệp/Trần Thủy Bình (ch.b.), Nguyễn Tiến Dũng, Lê Thị Mai Hoa,...",Dewey Class no. :687.042T772-B613-----Call no. :221687.042; ----- Mô tả: 171tr.;24cm,H.:Giáo dục,2005,2,3,2,3,,,NULL
1001,"Hướng dẫn thiết kế lắp đặt điện theo tiêu chuẩn quốc tế IEC= Electrical Installation Guide : According to IEC international Standards /Schneider Electric S. A, người dịch: Phan Thị Thanh Bình, Phan Quốc Dũng, Phạm Quang Vinh...",Dewey Class no. :621.31H957-----Call no. :221621.31; ----- Mô tả: 462tr.;27cm,H.:Khoa học và kỹ thuật,2011,1,13,2,3,,,NULL
1002,Giáo trình tạo mẫu trang phục nữ/Phùng Thị Bích Dung,Dewey Class no. :687.042P577-D916-----Call no. :687.042222; ----- Mô tả: 92tr.;24cm,Tp.Hồ Chí Minh:Đại học Quốc gia Tp. Hồ Chí Minh,2013,2,504,1,3,,,NULL
1003,Giáo trình Thiết kế trang phục 1/Nguyễn Phi Phụng,,,2005,2,1,2,3,,,NULL
1004,Element of X-ray Diffraction - 3rd/B.D. Cullity & S.R. Stock,,Prentice Hall Publishes,2002,1,0,2,3,,http://172.30.11.76:4000/handle/123456789/628,NULL
1005,Inteligent Buildings and Building Automation ,Sheng Wei Wang ,,2010,2,0,2,3,,,NULL
1006,"Giáo trình thiết kế trang phục 2/Trần Thị Thêu, Nguyễn Tuấn Anh",Dewey Class no. :646T772-T145-----Call no. :221646; ----- Mô tả: 68tr.;24cm.,Tp. Hồ Chí Minh:Đại học quốc gia Tp. Hồ Chí Minh,2008,2,81,1,3,,,NULL
1007,Transmission Electron Microscopy (A textbook for Materials Science)/David B. Williams & C. Barry Carter,,Springer Publishers,2009,1,0,2,3,,http://172.30.11.76:4000/handle/123456789/629,NULL
1008,Integrated Building Management Systems in Data Centra,,Schneider Electric May ,2007,2,0,2,3,,,NULL
1009,Engineering manual of automatic control for commercial buildings ,,Honeywell ,,2,0,2,3,,,NULL
1010,Patternmaking for fashion design/Helen Joseph Armstrong,,Pearson,2014,2,1,2,3,,,NULL
1011,Thin film deposition/Donald L. Smith,,McGraw-Hill Inc,1997,1,0,2,3,,,NULL
1012,  The Apparel Design and Production Hand Book (A Technical Reference)/ The Fashiondex,,,2001,2,0,2,3,,,NULL
1013,Inside Building Management Systems,H.P. Scheepers,,,2,0,2,3,,,NULL
1014,BACnet-Various articles,H. Michael Newman,ASHRAE,,2,0,2,3,,,NULL
1015,Lonworks Various articles,, Echelon Corp,,2,0,2,3,,,NULL
1016,General Topology,Jesper M. Moller,University Stanford,2008,2,0,2,3,,,NULL
1017,"Bjorner,Topological methods, appears in Handbook of Combinatorics, Vol. 1, 2",,Elsevier,1995,2,0,2,3,,,NULL
1018,A Protocol for Packet Network Intercommunication,"Vinton G.Cerf, Robert E.Kahn",IEEE,1974,2,0,2,3,,,NULL
1019,"“The European computer network project,” in Computer Communications: Impacts and Implications",D.L.A.Barber,D.C,,2,0,2,3,,,NULL
1020,Communication Systems for Building Automation and Control,"Wolfgang Kastner, Georg N, Stefan S, H.Michael Newman",IEEE,2005,2,0,2,3,,,NULL
1021,Optimization of HVAC Control Strategies By Building Management Systems” MASTER OF SCIENCE,,Izmir Institute of Technology Izmir,,2,0,2,3,,,NULL
1022,Giáo trình kiểm toán và tiết kiệm năng lượng / Võ Viết Cường,Dewey Class no. :333.79 V872-C973-----Call no. :333.79 223; ----- Mô tả: 222tr. ; 24 cm,Tp.Hồ Chí Minh : Đại học Quốc gia Tp. Hồ Chí Minh,2017,1,220,1,3,,,NULL
1023,"Kỹ thuật chiếu sáng/Patrick Vandeplanque; Dịch giả: Lê Văn Doanh, Đặng Văn Đào",Dewey Class no. :621.32V227-----Call no. :221621.32; ----- Mô tả: 243tr;20.5cm,H:Khoa học và Kỹ thuật,2000,2,5,2,3,,,NULL
1024,"Principles of auditing & other assurance services/O. Ray Whittington, Kurt Pany",,McGraw-Hill,2010,2,1,2,3,,,NULL
1025,Cung cấp điện,Quyền Huy Ánh,ĐHSPKT TP.HCM,2006,2,0,2,3,,,NULL
1026,"Giáo trình “Ứng dụng Matlab trong Kỹ Thuật Điện” dành cho hệ Đại Học, Khối Ngành Công Nghệ",Nguyễn Vinh Quan,ĐHSPKT TP.HCM,2007,1,0,2,3,,,NULL
1027,Giải tích mạng bằng phương trình căn bản,Nguyễn Vinh Quan,Phương Đông,2007,1,0,2,3,,,NULL
1028,"Introduction to Solid State Physics, eighth edition/ C. Kittel",,John Wiley & Sons,2005,1,0,2,3,,http://172.30.11.76:4000/handle/123456789/625,NULL
1029,Solving problems in scientific computing using Maple and Matlab,"Walter Gander, Jiri Hrebicek",Springer,1993,2,0,2,3,,,NULL
1030,Fundamentals of signals and systems using Matlab,"Edward W.Kamen, Bonnie S.Heck",Prentice Hall,1997,2,0,2,3,,,NULL
1031,Quản trị dự án đầu tư,Nguyễn Xuân Thủy,Thống Kê,2013,1,0,2,3,,,NULL
1032,Giáo trình Vật lý chất rắn đại cương/ Đỗ Ngọc Uấn,,Nhà xuất bản Khoa học và Kỹ thuật,2003,1,0,2,3,,,NULL
1033,"Giáo trình Kiểm toán/Bộ môn Kiểm toán, Khoa Kế toán - Kiểm toán, Trường Đại học Kinh tế TP.HCM",,Thống kê,2017,1,0,2,3,,,NULL
1034,Fundamentals of Solid state physicss/ Christman J.R.,,John Wiley & Sons,1996,1,0,2,3,,,NULL
1035,"Vật lý chất rắn/ Nguyễn Thế Khôi, Nguyễn Hữu Mình",,Nhà xuất bản Giáo dục,1992,1,0,2,3,,,NULL
1036,Vật lý chất rắn/Lê Khắc Bình (chủ biên),,NXB Đại học Quốc gia Tp.HCM,2002,1,0,1,3,,,NULL
1037,Giáo trình Vật lý chất rắn đại cương/Nguyễn Văn Hiệu,,,1996,1,0,2,3,,,NULL
1038,Auditing: An Integrated Approach/Auditing: An Integrated Approach,,Auditing: An Integrated Approach,2000,2,0,2,3,,,NULL
1039,Hệ thống điện: Truyền tải và phân phối/Hồ Văn Hiến,Dewey Class no. :621.319H678 - H633-----Call no. :222621.319; ----- Mô tả: 649tr.;27cm.,Tp.Hồ Chí Minh:Đại học Quốc gia Tp.HCM,2005,1,404,2,3,,,http://172.16.2.21/libol50/search/detail.asp?ID=36091
1040,Solid State Physics/J. S. Blakemore,,"Philadelphia, London, Toronto",1970,1,0,2,3,,,NULL
1041,Phần điện Nhà máy điện và trạm biến áp ,Trịnh Hùng Thám,Khoa Học - Kỹ Thuật,1996,1,0,2,3,,,NULL
1042,"Solid State Physics/Harald Ibach, Hans Luth",,Springe,1995,1,0,2,3,,http://172.30.11.76:4000/handle/123456789/635,NULL
1043,"Cung cấp điện /Nguyễn Xuân Phú,Nguyễn Bội Khuê, Nguyễn Công Hiền",Dewey Class no. :621.319N573-P577-----Call no. :221621.319; ----- Mô tả: 792tr.;27cm.,H:Khoa học và Kỹ thuật,2007,1,560,2,3,,,NULL
1044,Solid State Physics/M.A. Wahab,,Narosa Publishing House,1990,1,0,2,3,,,NULL
1045,Introduction to Solid States Physics/Charles Kittel,,"8th Edition, John Willey & Sons",2004,1,0,2,3,,http://172.30.11.76:4000/handle/123456789/625,NULL
1046,Phân tích và điều khiển ổn định hệ thống điện /Lã Văn Út,Dewey Class no. :621.319L111-U89-----Call no. :221621.319; ----- Mô tả: 210tr.;24cm,Hà Nội:Khoa Học và Kỹ Thuật,2000,1,2,2,3,,,NULL
1047,"Physics of Solids/Charles A. Wert, Robb M. Thomson",,McGraw-Hill Book Company,1964,1,0,2,3,,,NULL
1048,Thiết kế hệ thống điện,"Nguyễn Hoàng Việt, Hồ Văn Hiến, Phạm Thị Thanh Bình",Khoa Học - Kỹ Thuật,2000,1,0,2,3,,,NULL
1049,UNDERSTANDING ELECTRIC POWER SYSTEMS - An Overview of the Technology and the Marketplace,Jack Casazza Frank Delea,John Wiley & Sons,2003,1,0,2,3,,http://172.30.11.76:4000/handle/123456789/501,NULL
1050,Electrical distribution engineering / Anthony J. Pansini,"Dewey Class no. :621.319 P196-----Call no. :621.319 223; ----- Mô tả: xxii, 535p., 24cm",Lilburn,GA : Fairmont Press; Boca Raton,2,1,2,3,,,NULL
1051,Switchgear Manual,,ABB,1996,2,0,2,3,,http://172.30.11.76:4000/handle/123456789/502,NULL
1052,"Electric  power systems quality, 2nd Edition",". R.C.Dugan, 
M.F.Mc Granaghan, S.Santoso, H.W.Beaty",McGraw-Hill,2012,1,0,2,3,,http://172.30.11.76:4000/handle/123456789/569,NULL
1053,Vật Lý Và Kỹ Thuật Chân Không/Nguyễn Hửu Chí,,ĐH Tổng Hợp Tp.HCM ,1992,1,0,2,3,,,NULL
1054,Vacuum Technology/A. Roth,,North-Holland ,1990,1,0,2,3,,,NULL
1055,Coating On Glass/H.K. Pulker,,Elsevier,1984,1,0,2,3,,,NULL
1056,Introduction to Semiconductor Materials and Devices/Man S. Tyagi,,John Willey & Sons,1991,1,0,2,3,,,NULL
1057,The Materials Science of Thin Films/Milton Ohring,,Academic Press ,1992,1,0,2,3,,,NULL
1058,"Thin films on Glass/Hans Bach, Dieter Krause",,Springer,1997,1,0,2,3,,,NULL
1059,Thin - film Deposition/Donald L. Smith,,McGraw – Hill ,1995,1,0,2,3,,,NULL
1060,Electric Power Quality,"Surajit Chattopadhyay, 
Madhuchhanda Mitra, Samarjit Sengupta ",Spring,2009,1,0,2,3,,http://172.30.11.76:4000/handle/123456789/533,NULL
1061,Semiconductor Devices Physics and Technology/S. M. Sze,,John Willey & Sons,1985,1,0,2,3,,http://172.30.11.76:4000/handle/123456789/640,NULL
1062,Fundamentals of Semicondcutor Devices/Edward S. Yang,,"Korean Student Edition, McGraw-Hill Book Company",1987,1,0,2,3,,,NULL
1063,"Kỹ Thuật Sấy Thăng Hoa/Trần Tuấn, Nguyễn Hửu Chí",, Đại Học Quốc Gia Tp.HCM,2003,1,0,2,3,,,NULL
1064,Physics of Semiconductor Devices/S. M. Sze,,John Willey & Sons,1981,1,0,2,3,,,NULL
1065,Physics of Semiconductor Devices/S.M.Sze,,John Willey & Sons,1981,1,0,2,3,,,NULL
1066,Signal Processing of Power Quality Disturbances,"Math J. Bollen, Irene Yu-hua Gu",John Wiley & Sons,2006,1,0,2,3,,http://172.30.11.76:4000/handle/123456789/534,NULL
1067,Fundamentals of microfabrication/Marc J. Madou,,,2002,1,0,2,3,,http://172.30.11.76:4000/handle/123456789/630,NULL
1068,Giáo trình Cung cấp điện,Quyền Huy Ánh,ĐHSPKT TP.HCM,2010,2,0,2,3,,,NULL
1069,Sử dụng AutoCAD 2012/Nguyễn Hữu Lộc,,Tổng hợp,2012,2,0,2,3,,,NULL
1070,Micromachined transducers source book/Gregory  T.A. Kovacs,,"Stanford University, McGraw Hill",1998,1,0,2,3,,,NULL
1071,"Cẩm nang thiết bị đóng cắt /Gerd Balzer,...; Lê Văn Doanh (dịch)",Dewey Class no. :621.31C172-----Call no. :221621.31; ----- Mô tả: 864tr.;21cm,Hà Nội:Khoa Học và Kỹ Thuật,1998,2,2,2,3,,,NULL
1072,Thin film deposition/D. L. Smith,,"McGraw-Hill, Inc",1997,2,0,2,3,,,NULL
1073,Electrical Installation Guide,,Schneider Electric ,2010,2,0,2,3,,http://172.30.11.76:4000/handle/123456789/572,NULL
1074,Electrical Installation Hanbook,,ABB,2006,2,0,2,3,,http://172.30.11.76:4000/handle/123456789/573,NULL
1075,Hướng dẫn sử dụng ETABS/Ngô Minh Đức,,Xây dựng,2006,2,77,2,3,,,NULL
1076,Bảo vệ Rơ le trong Hệ Thống Điện,Trần Đình Long,Khoa Học - Kỹ Thuật,2011,1,0,2,3,,,NULL
1077,Micromachined transducers source book/Gregory  T.A. Kovacs,,"Stanford University, McGraw Hill",1998,1,0,2,3,,,NULL
1078,"Hướng dẫn thiết kế lắp đặt điện theo tiêu chuẩn quốc tế IEC= Electrical Installation Guide : According to IEC international Standards /Schneider Electric S. A, người dịch: Phan Thị Thanh Bình, Phan Quốc Dũng, Phạm Quang Vinh...",Dewey Class no. :621.31H957-----Call no. :221621.31; ----- Mô tả: 462tr.;27cm,H.:Khoa học và kỹ thuật,2011,1,13,2,3,,,NULL
1079,"Chemical vapor deposition/M. L. Hitchman, K. F. Jensen",,Academic press,1993,2,0,2,3,,,NULL
1080,Thin film deposition/D. L. Smith,,"McGraw-Hill, Inc",1997,2,0,2,3,,,NULL
1081,Electrical Wiring Ressidential,Raay C Mullin,Cengage Learning ,2015,2,0,2,3,,,NULL
1082,"Chemical vapor deposition/M. L. Hitchman, K. F. Jensen",,Academic press,1993,2,0,2,3,,,NULL
1083,Nanostructures & Nanomaterial/Guozhong Cao ,,Imperial College Press ,2004,1,0,2,3,,,NULL
1084,ATS KOHLER,,Training manual Transfer Switch Controller,,2,0,2,3,,,NULL
1085,Nanostructures & Nanomaterial/Guozhong Cao ,,Imperial College Press ,2004,1,1,2,3,,,NULL
1086," Automatic Transfer Switches, Operation and Installation, Kohler Catalog ATNSX Power Source Changeover",,Schneider Catalog System ,,2,0,2,3,,http://172.30.11.76:4000/handle/123456789/530,NULL
1087,"Công nghệ nano – Điều khiển đến từng nguyên tử, phân tử/Vũ Đình Cự; Nguyễn Xuân Chánh ",,H: Khoa học Kỹ thuật,2005,1,0,2,3,,,NULL
1088,Hệ thống an ninh an toàn,Quyền Huy Ánh,ĐHSPKT TP.HCM,2014,1,0,2,3,,,NULL
1089,"Công nghệ nano – Điều khiển đến từng nguyên tử, phân tử/Vũ Đình Cự; Nguyễn Xuân Chánh ",,NXB KHKT Hà Nội ,2005,1,0,2,3,,,NULL
1090," Kết cấu Bê tông cốt thép, phần cấu kiện cơ bản/Phan Quang Minh, Ngô Thế Phong, Nguyễn Đình Cống",,Khoa học và Kỹ thuật,2012,1,12,2,3,,,NULL
1091,“Nanophysik” – Bài giảng/M.Heitshold ,,"ĐHTH-KT Chemnitz, CHLB Đức",2001,2,0,2,3,,,NULL
1092,Hotel Solution Guide ,,Schneider Electric,2010,2,0,2,3,,,NULL
1093,"Kết cấu Bê tông cốt thép, phần cấu kiện nhà cửa/Võ Bá Tầm",,2013,Đại học Quốc gia ,1,2,2,3,,,NULL
1094,C-Bus Exam ,,Schneider Electric,2010,2,0,2,3,,,NULL
1095,"Design of Electrical Services for Buildings, 4th Edition",Barrie Rigby,Spon Press ,2005,2,0,2,3,,,NULL
1096,Closed Circuit Television,Joe Cieszynski,Newnes,2005,2,0,2,3,,,NULL
1097,"Bài giảng chi tiết Vật lý 1 - Phần cơ nhiệt:Môn học: 1002011 - Vật lý đại cương A1/Huỳnh Quang Chiến, Trần Thị Thiên Hương",Dewey Class no. :531.071H987-C533-----Call no. :221531.071; ----- Mô tả: 198tr.;19cm,Tp. Hồ Chí Minh:Đại Học Sư Phạm Kỹ Thuật,2005,2,1489,1,3,,,NULL
1098,"Kết cấu Bê tông cốt thép, phần cấu kiện đặc biệt/Võ Bá Tầm",,Đại học Quốc gia,2015,1,2,2,3,,,NULL
1099,Electrical Distribution Engineering,Anthony J. Pansini,CRC,2007,2,1,2,3,,,NULL
1100,Intelligent Distributed Video Surveillance Systems,S.A.Velastin,IET,2006,2,0,2,3,,,NULL
1101,CCTV handbook ,,A Hi-Tech Security Solutions,2009,2,0,2,3,,,NULL
1102,Cấp thoát nước bên trong công trình/KS.Hoàng Đình Thu,,Hà Nội,2006,2,6,2,3,,,NULL
1103,CCTV Operations Manual,,Schneider Electric ,2010,2,0,2,3,,,NULL
1104,Vật lý đại cương - T.1:Cơ - Nhiệt: Dùng cho các trường đại học khối kỹ thuật công nghiệp/Lương Duyên Bình (ch.b),Dewey Class no. :530L964-B613-----Call no. :221530; ----- Mô tả: 268tr.;21cm,H.:Giáo dục,2015,2,2,2,3,,,NULL
1105,Electric Machinery ,"A.E.Fitzgeral, Charles Kingsley, Jr, Stephen D.Umans",Mc Graw-Hill,2005,1,0,2,3,,,NULL
1106,Fractional-Horsepower Electrical Machines (Máy điện đặc biệt),E.V. Armensky- G.B.Falk,Mirpubisher Moscow,1978,1,3,2,3,,,NULL
1107,"Công nghệ nano – Hiện trạng, thách thức và những siêu ý tưởng/Ngụy Hữu Tâm",,NXB KHKT Hà Nội,2004,2,0,2,3,,,NULL
1108,Electrical Machines ( bản dịch Vũ Gia Hanh- Phan Tử Thụ. Máy điện Tập I và II ), A.V.IVANOV-SMOLENSKI,Khoa học và Kỹ thuật ,1995,1,0,2,3,,,NULL
1109, Electric Machines : Analysis and Design Applying Mathlab,Jimmie J Cathey,2001,Graw-Hill ,2,0,2,3,,,NULL
1110,Nanoelectromrchanics in Engineering and Biology/M.P.Hughes ,,CRC Press,2003,2,0,2,3,,,NULL
1111,Bài tập Vật lý 2 (Phần Điện - Từ):Môn học: 1002012 - Vật lý đại cương A2/Trần Thị Thiên Hương,Dewey Class no. :531.076T772-H958-----Call no. :221531.076; ----- Mô tả: 113tr.;19cm,Tp. Hồ Chí Minh:Đại Học Sư Phạm Kỹ Thuật,2005,1,2003,1,3,,,NULL
1112,Elements Of Electrical Machine Design Alfred Still ,Charles S.Siskind ,Graw-Hill ,1954,2,0,2,3,,,NULL
1113,"Fundamentals of physics - Part 3/David Halliday, Robert Resnick, Jearl Walker",,New York :Wiley,1999,2,0,2,3,,https://thuvienso.hcmute.edu.vn/tailieuvn/doc/ebook-fundamentals-of-physics-10-e-part-3-2746313.html,
1114,Transformer And Inductor Design Handbook,Colonel Wm.T.Mclyman,Marcel Dekker Inc,1988,2,0,2,3,,,NULL
1115,Cấp thoát nước/GS.Trần Hiếu Nhuệ,,Khoa học & Kỹ thuật,1998,2,21,2,3,,,NULL
1116,The J&P Transformer Book (A Practical Technology Of The Power Transformer),Austen Stigant ; A.C. Franklin – Newnes- Butter Worths,London,1973,2,0,2,3,,,NULL
1117,"Vật lý đại cương: Các nguyên lý và ứng dụng -$nTập 1: Cơ học và nhiệt học/Trần Ngọc Hợi (Chủ biên), Phạm Văn Thiều",Dewey Class no. :530.07T772-H719-----Call no. :221530.07; ----- Mô tả: 511tr.;27cm,Hà Nội:Giáo Dục,2006,2,200,2,3,,https://thuvienso.hcmute.edu.vn/doc/vat-ly-dai-cuong-cac-nguyen-ly-va-ung-dung-tap-1-co-hoc-va-nhiet-hoc-126783.html,
1118,Lí thuyết và bài tập tính toán sửa chữa máy điện/Nguyễn Trọng Thắng,Dewey Class no. :621.313N573-T367-----Call no. :621.313222; ----- Mô tả: 268tr.;24cm,Tp.HCM:Đại học Quốc gia Tp.Hồ Chí Minh,2008,2,55,2,3,,,NULL
1119,"Thiết kế máy điện:Sách dùng làm giáo trình cho sinh viên đại học và cao đẳng kỹ thuật. Sách chào mừng 50 năm thành lập Trường Đại học Bách khoa Hà Nội/Trần Khánh Hà, Nguyễn Hồng Thanh",Dewey Class no. :621.313T772-H111-----Call no. :222621.313; ----- Mô tả: 679tr.;21cm,Hà Nội:Khoa Học và Kỹ Thuật,2006,2,25,2,3,,,NULL
1120,"Bài giảng chi tiết Vật lý 1 - Phần cơ nhiệt:Môn học: 1002011 - Vật lý đại cương A1/Huỳnh Quang Chiến, Trần Thị Thiên Hương",Dewey Class no. :531.071H987-C533-----Call no. :221531.071; ----- Mô tả: 198tr.;19cm,Tp. Hồ Chí Minh:Đại Học Sư Phạm Kỹ Thuật,2005,2,1489,1,3,,http://172.16.2.21/libol50/search/detail.asp?ID=12496,
1121,"Thiết kế máy biến áp:Sách chào mừng 50 năm thành lập trường Đại học Bách khoa Hà Nội/Phạm Văn Bình, Lê Văn Doanh",Dewey Class no. :621.314P534-B613-----Call no. :222621.314; ----- Mô tả: 609tr.;21cm.,H.:Khoa học và Kỹ thuật,2006,2,19,2,3,,,NULL
1122,Cấp nước đô thị/Nguyễn Ngọc Dung ,,Xây dựng,2003,2,2,2,3,,,NULL
1123,Bài tập Vật lý 1 - Phần cơ nhiệt:Môn học: 1002011 - Vật lý đại cương A1/Trần Thị Thiên Hương,Dewey Class no. :531.076T772-H958-----Call no. :221531.076; ----- Mô tả: 183tr.;19cm,Tp. Hồ Chí Minh:Đại Học Sư Phạm Kỹ Thuật,2005,2,1482,1,3,,,NULL
1124,Các bảng tính toán thủy lực /Nguyễn Thị Hồng,Dewey Class no. :532.5N573-H772-----Call no. :221532.5; ----- Mô tả: 122tr ;27cm,Hà Nội:Xây dựng,2001,2,8,2,3,,,NULL
1125,"Bài tập vật lý đại cương - T.1:Cơ - Nhiệt, Biên soạn theo chương trình của bộ giáo dục và đào tạo ban hành năm 1990, Dùng cho các trường đại học khối công nghiệp, công trình thủy lợi, giao thông vận tải/Lương Duyên Bình (chủ biên), Nguyễn Hữu Hồ, Lê văn Nghĩa, Nguyễn Tụng",Dewey Class no. :530.076B152-----Call no. :221530.076; ----- Mô tả: 199tr.;21cm,Hà Nội:Giáo Dục,2014,2,2,2,3,,http://172.16.2.21/libol50/search/detail.asp?ID=39895,
1126,Các bảng tra thủy lực thoát nước/PGS.Trần Hữu Uyển,,Xây dựng,2001,2,0,2,3,,,NULL
1127,Cơ sở công nghệ vi điện tử và vi hệ thống/Nguyễn Nam Trung,Dewey Class no. :621.3815N573 - T872-----Call no. :221621.381 5; ----- Mô tả: 156tr.;24cm..,H.:khoa học và kỹ thuật,1999,2,8,2,3,,,NULL
1128,"Bài tập vật lý đại cương - T.1:Cơ - Nhiệt, Biên soạn theo chương trình của bộ giáo dục và đào tạo ban hành năm 1990, Dùng cho các trường đại học khối công nghiệp, công trình thủy lợi, giao thông vận tải/Lương Duyên Bình (chủ biên), Nguyễn Hữu Hồ, Lê văn Nghĩa, Nguyễn Tụng",Dewey Class no. :530.076B152-----Call no. :221530.076; ----- Mô tả: 199tr.;21cm,Hà Nội:Giáo Dục,2014,2,2,2,3,,http://172.16.2.21/libol50/search/detail.asp?ID=39895,
1129,Cấp thoát nước trong nhà/ Trần Thị Mai,,Xây dựng,2004,1,0,2,3,,,NULL
1130, Tính toán sửa chữa máy điện  ,Nguyễn Thế Kiệt ,GTVT,2010,2,0,2,3,,,NULL
1131,Máy điện đặc biệt,Nguyễn Trọng Thắng,Đại học Quốc gia,2010,2,0,2,3,,,NULL
1132,Giáo trình cấp thoát nước bên trong công trình :Dùng trong các trường THCN /Hoàng Đình Thu,Dewey Class no. :696H678-T532-----Call no. :222696; ----- Mô tả: 203tr. ;24cm.,H. :Nxb.Hà Nội,2006,1,6,2,3,,,NULL
1133,"Bài tập vật lý đại cương - Tập 2 : Điện - Dao động - Sóng: Biên soạn theo chương trình của Bộ Giáo Dục và Đào Tạo ban hành năm 1990:Dùng cho các trường đại học khối công nghiệp, công trình thủy lợi, giao thông vận tải/Lương Duyên Bình (chủ biên), Nguyễn Hữu Hồ, Lê Văn Nghĩa, Nguyễn Quang Sính",Dewey Class no. :530.076B152-----Call no. :222530.076; ----- Mô tả: 1155tr.;21cm,Hà Nội:Giáo Dục,2006,2,2,2,3,,http://172.16.2.21/libol50/search/detail.asp?ID=25562,
1134,"Kỹ thuật đo - Tập 1:Đo điện/Nguyễn Ngọc Tân, Ngô Văn Ky",Dewey Class no. :621.37N573-T161-----Call no. :222621.37; ----- Mô tả: 385tr.;24cm.,Tp.Hồ Chí Minh:Đại học Quốc gia.,2007,1,10,2,3,,,NULL
1135,Các bài giảng về Cơ nhiệt /Nguyễn Nhật Khanh,Dewey Class no. :530.07N573-K45-----Call no. :221530.07; ----- Mô tả: 200tr.;21cm,Tp.HCM:Khoa Học Tự Nhiên,1998,2,5,2,3,,,NULL
1136,Cấp thoát nước/GS.Trần Hiếu Nhuệ,,Khoa học Kỹ thuật,1998,2,21,2,3,,,NULL
1137,Kỹ thuật đo - T2," Nguyễn Ngọc Tân, Ngô Văn Ky",Đại học Quốc gia ,2007,2,0,2,3,,,NULL
1138,Cấp nước đô thị/PGS.Nguyễn Ngọc Dung,,Xây dựng,2003,2,2,2,3,,,NULL
1139,"Cơ sở vật lý, Tập 4/David Haliday, Robert Resnick, Jearl Walker",,"NXB Giáo dục, Hà Nội",1990,2,0,2,3,,http://172.30.11.76:4000/handle/123456789/480,http://172.16.2.21/libol50/search/detail.asp?ID=30053
1140,Kỹ thuật đo lường các đại lượng vật lý T1," Phạm Thượng Hàn, Nguyễn Trọng Quế, Nguyễn Văn Hòa",Giáo dục,1996,2,0,2,3,,,NULL
1141,"Cơ sở vật lý - Tâp 5 : Điện học II/David Halliday, Robert Resnick, Jearl Walker;  Hoàng Hữu Thư (chủ biên), Đàm Trung Đồn, Lê Khắc Bình, Đào Kim Ngọc (dịch)",Dewey Class no. :537H188-----Call no. :222537; ----- Mô tả: 331tr.;27cm,Hà Nội:Giáo Dục Việt Nam,2010,2,3,2,3,,http://172.16.2.21/libol50/search/detail.asp?ID=33530,
1142,Các bảng tính toán thủy lực /Nguyễn Thị Hồng,Dewey Class no. :532.5N573-H772-----Call no. :221532.5; ----- Mô tả: 122tr ;27cm,Hà Nội:Xây dựng,2001,2,8,2,3,,,NULL
1143,Kỹ thuật đo lường các đại lượng vật lý T2," Phạm Thượng Hàn, Nguyễn Trọng Quế, Nguyễn Văn Hòa",Giáo dục,1996,2,0,2,3,,,NULL
1144,Hóa học các hợp chất cao phân tử/Ngô Duy Cường,,NXB Đại học quốc gia Hà Nội,2002,1,0,1,3,,,http://172.16.2.21/libol50/search/detail.asp?ID=20215
1145,Hóa học các hợp chất cao phân tử/Thái Doãn Tĩnh,Dewey Class no. :547T364-T588-----Call no. :222547; ----- Mô tả: 446tr.;27cm.,Hà Nội:Khoa học và Kỹ thuật,2006,1,3,1,3,,,NULL
1146,Measurement and instrumentation principles/ Alan S. Morris.,"Dewey Class no. :530.8M875-----Call no. :530.8223; ----- Mô tả: xix, 475 p. : ill. ; 25 cm.",Oxford [England] ; Boston : Butterworth-Heinemann,2001,2,1,2,3,,,NULL
1147,"Vật lý đại cương - Tập 3 - phần 1 :Quang học. Vật lý điện tử và hạt nhân (Dùng cho các trường đại học khối kỹ thuật công nghiệp) /Lương Duyên Bình, Ngô Phú An, Lê Băng Sương, Nguyễn Hữu Tăng",Dewey Class no. :535.1072V342-----Call no. :535.1072221; ----- Mô tả: 243tr ;21cm,Hà Nội:Giáo dục,2006,2,56,2,3,,,NULL
1148,"Kỹ thuật điện: Lý thuyết, bài tập giải sẵn. Bài tập cho đáp số và bài tập trắc nghiệm. Sách giáo trình cho các trường Đại học/ Đặng Văn Đào, Lê Văn Doanh",Dewey Class no. :621.31076 Đ182-Đ211-----Call no. :621.31076 223; ----- Mô tả: 332tr. ; 24 cm,H. : Khoa học tự nhiên và Công nghệ,2014,1,2,2,3,,,NULL
1149,Hóa keo/Trần Văn Nhân,Dewey Class no. :541.345T772-N578-----Call no. :222541.345; ----- Mô tả: 106tr.;21cm,H.:Đại học Quốc gia Hà Nội,2007,1,3,1,3,,,NULL
1150,Giáo trình điện công trình /Trần Thị Mỹ Hạnh,Dewey Class no. :621.319T772-H239-----Call no. :221621.319; ----- Mô tả: 326tr ;27cm,H :Xây dựng,2005,2,9,2,3,,,NULL
1151,"Hóa lý - Tập 2:Dùng cho sinh viên hóa các trường đại học tổng hợp và sư phạm/Trần Văn Nhân, NguyễnThạc Sửu, Nguyễn Văn Tuế",Dewey Class no. :541T772-N578-----Call no. :541222; ----- Mô tả: 207tr.;27cm,H.:Giáo dục,2009,1,5,1,3,,,NULL
1152,"Cung cấp điện/Nguyễn Xuân Phú,Nguyễn Bội Khuê, Nguyễn Công Hiền/$nTập 2",Dewey Class no. :621.319N573-K45-----Call no. :221621.319; ----- Mô tả: 214tr;27cm,Tp.HCM:Đại học sư phạm kỹ thuật,1991,2,24,2,3,,,NULL
1153,"Hướng dẫn thiết kế lắp đặt điện theo tiêu chuẩn quốc tế IEC= Electrical Installation Guide : According to IEC international Standards /Schneider Electric S. A, người dịch: Phan Thị Thanh Bình, Phan Quốc Dũng, Phạm Quang Vinh...",Dewey Class no. :621.31H957-----Call no. :221621.31; ----- Mô tả: 690tr;21cm,H.:Khoa học và kỹ thuật,2009,2,10,2,3,,,NULL
1154,Electromagnetics/John Daniel Kraus,Dewey Class no. :537K91-----Call no. :221537; ----- Mô tả: 847p. Includes bibliographical reference and index; 23cm..,New York:McGraw-Hill Co.,1992,2,1,2,3,,,NULL
1155,"Foundations of electromagnetic theory / John R. Reitz, Frederick J. Milford, Robert W. Christy","Dewey Class no. :530.141 R379-----Call no. :530.141 223; ----- Mô tả: ix, 630p. ; 24 cm",San Francisco : Addison-Wesley,1993,2,1,2,3,,,NULL
1156,"Kỹ thuật đo - Tập 1:Đo điện/Nguyễn Ngọc Tân, Ngô Văn Ky",Dewey Class no. :621.37N573-T161-----Call no. :222621.37; ----- Mô tả: 385tr.;24cm.,Tp.Hồ Chí Minh:Đại học Quốc gia.,2007,1,10,2,3,,,NULL
1157,Giáo trình đo lường cảm biến/Lê Chí Kiên,Dewey Class no. :681.2L433-K47-----Call no. :681.2222; ----- Mô tả: 318tr.;24cm,Tp.HCM:Đại học Quốc gia Tp.Hồ Chí Minh,2013,1,808,2,3,,,NULL
1158,Measurement and instrumentation principles/ Alan S. Morris.,"Dewey Class no. :530.8M875-----Call no. :530.8223; ----- Mô tả: xix, 475 p. : ill. ; 25 cm.",Oxford [England] ; Boston : Butterworth-Heinemann,2001,2,1,2,3,,,NULL
1159,"Ứng dụng MS Project 2007 trong thiết lập tiến độ và quản lý dự án xây dựng/Lương Đức Long, Trần Trung Kiên, Nguyễn Thành Trung...",Dewey Class no. :690.0285U571-----Call no. :222690.0285; ----- Mô tả: 248tr.;27cm,H.:Xây dựng,2012,1,6,2,3,,,NULL
1160,Trắc địa đại cương/Phạm Văn Chuyên,Dewey Class no. :526.9P534-C564-----Call no. :222526.9; ----- Mô tả: 268tr;27cm,H:Xây dựng,2010,1,2,2,3,,,NULL
1161,"Lý thuyết điều khiển tự động /Nguyễn Thị Phương Hà, Huỳnh Thái Hoàng",Dewey Class no. :629.8312N573-H111-----Call no. :222629.8312; ----- Mô tả: 378tr.; 24cm,Tp.HCM: Đại học Quốc gia Tp.HCM,2019,1,1,2,3,,,NULL
1162,Giáo trình Hóa phân tích:Dùng cho sinh viên chuyên hóa/Hồ Thị Yêu Ly,Dewey Class no. :543H678-L981-----Call no. :543223; ----- Mô tả: 339tr.;24cm,Tp. Hồ Chí Minh:Đại học Quốc gia Tp.Hồ Chí Minh,2019,1,211,2,3,,,NULL
1163,"Lý thuyết điều khiển tự động /Nguyễn Thị Phương Hà, Huỳnh Thái Hoàng",Dewey Class no. :629.8312N573-H111-----Call no. :222629.8312; ----- Mô tả: 378tr;24cm,Tp.HCM:Đại học Quốc gia Tp.HCM,2011,1,2,2,3,,,NULL
1164,Hướng dẫn trả lời câu hỏi và giải bài tập trắc địa/Phạm Văn Chuyên,Dewey Class no. :526.9P534-C564-----Call no. :526.9222; ----- Mô tả: 189tr.;27cm,Hà Nội:Xây dựng,2011,1,14,2,3,,,NULL
1165,"Cereals and cereal products : Chemistry and technology / David A. V. Dendy, Bogdan J. Dobraszczyk","Dewey Class no. :664.7 D391-----Call no. :664.7 223; ----- Mô tả: xii, 429p. ; 26 cm",Gaithersburg,Md. : Aspen Publishers,1,1,2,3,,,NULL
1166,Trắc địa xây dựng:Tài liệu sử dụng trong các trường kỹ thuật /Vũ Thặng,Dewey Class no. :526.9V986-T367-----Call no. :222526.9; ----- Mô tả: 437tr.;24cm,H.:Khoa học và Kỹ thuật,2005,1,2,2,3,,,NULL
1167,Bài tập điều khiển tự động/Nguyễn Thị Phương Hà,Dewey Class no. :629.8076N573-H111-----Call no. :222629.8076; ----- Mô tả: 268tr.;24cm,Tp. Hồ Chí Minh:Đại học Quốc gia,2011,2,3,2,3,,,NULL
1168,Bảo quản và chế biến nông sản sau thu hoạch/ Trần Minh Tâm,"Dewey Class no. :664.024T772-T153-----Call no. :221664.024; ----- Mô tả: 403tr.;20,5cm",Tp.HCM.:Nông Nghiệp,2000,2,0,2,3,,,NULL
1169,"Linear algebra and its applications/ David C. Lay, Steven R. Lay, Judith J. McDonald",Dewey Class no. :512.5L426-----Call no. :512.5223; ----- Mô tả: 510p.;26cm,Harlow: Pearson Education Limited,2016,1,1,2,3,,,NULL
1170,Kỹ thuật sấy nông sản/Hoàng Văn Chước.,,Khoa học và Kỹ thuật,1999,2,0,2,3,,,NULL
1171,Hệ thống điều khiển thông minh / Huỳnh Thái Hoàng,Dewey Class no. :629.8312 H987-H678-----Call no. :629.8312 222; ----- Mô tả: 421tr. ; 24cm,Tp.HCM : Đại học Quốc gia Tp.Hồ Chí Minh,2014,1,2,2,3,,,NULL
1172,"Bảo quản lương thực/ Mai Lê, Bùi Đức Hợi, Lương Hồng Nga","Dewey Class no. :664.028M217-L433-----Call no. :223664.028; ----- Mô tả: 231tr., 27cm",Hà Nội: Bách khoa Hà Nội,2013,2,10,2,3,,,NULL
1173,"Calculus/ Karl J. Smith, Monty J. Strauss, Magdalena D. Toda","Dewey Class no. :515 S642-----Call no. :515 223; ----- Mô tả: xv, 1275p.; 29cm",Dubuque,IA : Kendall Hunt Publishing Company,1,4,2,3,,,NULL
1174,"Calculus/ Karl J. Smith, Monty J. Strauss, Magdalena D. Toda","Dewey Class no. :515 S642-----Call no. :515 223; ----- Mô tả: xv, 1275p.; 29cm",Dubuque,IA : Kendall Hunt Publishing Company,1,4,2,3,,,NULL
1175,Bài tập điều khiển tự động/Nguyễn Thị Phương Hà,Dewey Class no. :629.8076N573-H111-----Call no. :222629.8076; ----- Mô tả: 268tr.;24cm,Tp.Hồ Chí Minh:Đại học Quốc Gia,2011,2,1,2,3,,,NULL
1176,"Calculus/ Karl J. Smith, Monty J. Strauss, Magdalena D. Toda","Dewey Class no. :515 S642-----Call no. :515 223; ----- Mô tả: xv, 1275p.; 29cm",Dubuque,IA : Kendall Hunt Publishing Company,1,4,2,3,,,NULL
1177,Hệ thống điều khiển thông minh/Huỳnh Thái Hoàng,Dewey Class no. :629.8312H987-H678-----Call no. :629.8312222; ----- Mô tả: 421tr.;24cm,Tp.HCM:Đại học Quốc gia Tp.Hồ Chí Minh,2006,1,350,2,3,,,NULL
1178,"Giám sát thi công và nghiệm thu công trình xây dựng: Phần xây dựng/Bùi Mạnh Hùng, Lê Thanh Huấn, Nguyễn Bá Kế...",Dewey Class no. :690.0289G432-----Call no. :690.028 9222; ----- Mô tả: 560tr.;24cm,H:Xây dựng,2013,1,3,2,3,,,NULL
1179,Hệ thống điều khiển thông minh / Huỳnh Thái Hoàng,Dewey Class no. :629.8312 H987-H678-----Call no. :629.8312 222; ----- Mô tả: 421tr. ; 24cm,Tp.HCM : Đại học Quốc gia Tp.Hồ Chí Minh,2014,1,2,2,3,,,NULL
1180,"Hóa sinh công nghiệp/Lê Ngọc Tú (ch.b.), La Văn Chứ, Đặng Thị Thu,...",Dewey Class no. :660.63L433-T883-----Call no. :221660.63; ----- Mô tả: 443tr.;27cm,H.:Khoa học và Kỹ thuật,2005,2,18,2,3,,,NULL
1181,"Giám sát thi công và nghiệm thu công trình xây dựng: Phần lắp đặt thiết bị/Bùi Mạnh Hùng, Nguyễn Đức Toàn",Dewey Class no. :690.0289B932-H936-----Call no. :690.028 9222; ----- Mô tả: 367tr.;24cm,H:Xây dựng,2013,1,3,2,3,,,NULL
1182,"Giáo trình giáo dục thể chất 1 /Nguyễn Đức Thành, Nguyễn Văn Quận",Dewey Class no. :796N573-T367-----Call no. :796222; ----- Mô tả: 140tr.;24cm,Tp. Hồ Chí Minh:Đại học Quốc gia Tp.Hồ Chí Minh,2019,1,219,1,3,,,NULL
1183,"Automating manufacturing systems with PLCs : version 7.0, April, 2010 / Hugh Jack","Dewey Class no. :629.8 J121-----Call no. :629.8 223; ----- Mô tả: xiv, 625p. ; 24cm",Hugh Jack,2010,2,1,2,3,,,NULL
1184,"Giáo trình bóng chuyền: Dùng cho môn học: Giáo dục thể chất/ Nguyễn Đức Thành, Nguyễn Văn Quận, Phạm Đức Hậu",Dewey Class no. :796.325N573-T367-----Call no. :796.325223; ----- Mô tả: 247tr.: minh họa; 24 cm,Tp. Hồ Chí Minh: Đại học Quốc gia Tp.Hồ Chí Minh,2020,1,221,1,3,,,NULL
1185,"Tự động hóa với Simatic S7-300/Nguyễn Doãn Phước, Phan Xuân Minh, Vũ Vân Hà",Dewey Class no. :629.8N573-P577-----Call no. :221629.8; ----- Mô tả: 226tr.;24cm.,H.:Khoa học và Kỹ thuật,2011,2,12,2,3,,,NULL
1186,Công nghệ vi sinh - Tập 2 : Vi sinh vật học công nghiệp / Nguyễn Đức Lượng,Dewey Class no. :660.62 N573-L964-----Call no. :660.62 223; ----- Mô tả: 371tr. ; 24cm,Tp. Hồ Chí Minh : Đại học Quốc gia Tp. Hồ Chí Minh,2014,1,2,2,3,,,NULL
1187,"Automating manufacturing systems with PLCs : version 7.0, April, 2010 / Hugh Jack","Dewey Class no. :629.8 J121-----Call no. :629.8 223; ----- Mô tả: xiv, 625p. ; 24cm",Hugh Jack,2010,2,1,2,3,,,NULL
1188,"Tự động hóa với Simatic S7-300/Nguyễn Doãn Phước, Phan Xuân Minh, Vũ Vân Hà",Dewey Class no. :629.8N573-P577-----Call no. :221629.8; ----- Mô tả: 226tr.;24cm.,H.:Khoa học và Kỹ thuật,2011,2,12,2,3,,,NULL
1189,Giáo trình kỹ thuật Robot/Nguyễn Trường Thịnh,Dewey Class no. :629.892N573-T443-----Call no. :629.892222; ----- Mô tả: 498tr.;24cm,Tp. Hồ Chí Minh:Đại học Quốc gia Tp. Hồ Chí Minh,2014,2,417,2,3,,,NULL
1190,Giáo trình thực tập Robot công nghiệp/Tưởng Phước Thọ,Dewey Class no. :629.892T927-T449-----Call no. :629.892222; ----- Mô tả: 103tr.;24cm,Tp. Hồ Chí Minh:Đại học Quốc gia Tp. Hồ Chí Minh,2014,2,204,1,3,,,NULL
1191,Kỹ thuật Robot:Giáo trình dùng cho sinh viên khối kỹ thuật /Đào Văn Hiệp,Dewey Class no. :629.892Đ211-H633-----Call no. :221629.892; ----- Mô tả: 244tr :24cm,H.:Khoa học và kỹ thuật,2012,2,1,1,3,,,NULL
1192,Robot công nghiệp :Giáo trình dùng cho sinh viên các trường kỹ thuật /Nguyễn Thiện Phúc,Dewey Class no. :629.892N573-P577-----Call no. :221629.892; ----- Mô tả: 342tr.;24cm.,Hà Nội:Khoa học kỹ thuật,2006,2,11,2,3,,,NULL
1193,"Giáo trình bóng chuyền: Dùng cho môn học: Giáo dục thể chất/ Nguyễn Đức Thành, Nguyễn Văn Quận, Phạm Đức Hậu",Dewey Class no. :796.325N573-T367-----Call no. :796.325223; ----- Mô tả: 247tr.: minh họa; 24 cm,Tp. Hồ Chí Minh: Đại học Quốc gia Tp.Hồ Chí Minh,2020,1,221,2,3,,,NULL
1194,"Hóa sinh học:Đã được hội đồng thẩm định sách của bộ giáo dục và đào tạo giới thiệu làm sách dùng chung cho các trường đại học sư phạm /Phạm Thị Trân Châu, Trần Thị Áng",Dewey Class no. :572P534-C496-----Call no. :221572; ----- Mô tả: 279tr.;27cm,H.:Giáo Dục,2012,1,5,2,3,,,NULL
1195,"Hóa sinh học công nghiệp/Lê Ngọc Tú (ch.b.), La Văn Chứ, Đặng Thị Thu,...",Dewey Class no. :660.63L433-T883-----Call no. :660.63221; ----- Mô tả: 443tr.;27cm,H.:Khoa học và Kỹ thuật,1998,2,4,2,3,,,NULL
1196,Hướng dẫn tập luyện kỹ chiến thuật - chiến thuật bóng đá/Nguyễn Quang Dũng,Dewey Class no. :796.334N573-D916-----Call no. :221796.334; ----- Mô tả: 158tr.;19cm,Hà Nội:Thể dục thể thao,2007,1,2,2,3,,,NULL
1197,Hóa học thực phẩm/Hoàng Kim Anh,Dewey Class no. :664H678-A596-----Call no. :222664; ----- Mô tả: 382tr;21cm,Tp.HCM.:Khoa học và kỹ thuật,2005,2,0,2,3,,,http://172.16.2.21/libol50/search/detail.asp?ID=44182
1198,Luật bóng đá /Ủy ban Thể dục Thể thao,Dewey Class no. :796.334L926-----Call no. :221796.334; ----- Mô tả: 107tr ;19cm,Hà Nội:Thể dục thể thao,2007,1,2,2,3,,,NULL
1199,"Giáo trình bóng rổ:Dùng cho sinh viên cao đẳng sư phạm chuyên ngành giáo dục thể chất/Nguyễn Hữu Bằng, Đỗ Mạnh Hưng",Dewey Class no. :796.323N573-B116-----Call no. :796.323221; ----- Mô tả: 213tr.;24cm.,Hà Nội:Đại học Sư phạm Hà Nội,2007,1,5,2,3,,,NULL
1200,Thí nghiệm phân tích thực phẩm / Trần Bích Lam,Dewey Class no. :664.07 T772-L213-----Call no. :664.07 222; ----- Mô tả: 115tr. ; 27cm,Tp.HCM : Đại học Quốc gia Tp.Hồ Chí Minh,2013,1,2,2,3,,,NULL
1201,"Giáo trình Điện tử cơ bản/Trần Thu Hà, Trương Thị Bích Ngà, Nguyễn Thị Lưỡng,...",Dewey Class no. :621.381G434-----Call no. :222621.381; ----- Mô tả: 642tr.;24cm.,Tp. Hồ Chí Minh:Đại học Quốc gia Tp. HCM,2013,1,1144,2,3,,,NULL
1202,"Giáo trình cờ vua:Tài liệu giảng dạy dùng trong các trường đại học, cao đẳng/Nguyễn Đức Thành",Dewey Class no. :794.1N573-T367-----Call no. :794.1223; ----- Mô tả: 171tr.;24cm,Tp. Hồ Chí Minh:Đại học Quốc gia Tp.Hồ Chí Minh,2019,1,239,1,3,,,NULL
1203,"Kỹ thuật điện tử /Lê Phi Yến, Lưu Phú, Nguyễn Như Anh",Dewey Class no. :621.381L433 - Y45-----Call no. :221621.381; ----- Mô tả: 351tr.;24cm,Tp.HCM:Đại học Quốc gia Tp.Hồ Chí Minh,2009,2,4,2,3,,,NULL
1204,"Developing new food products for a changing marketplace/Aaron L. Brody, John B. Lord (Editor)","Dewey Class no. :664.00685D489-----Call no. :664.00685222; ----- Mô tả: xxiv, 587p.,24cm.",Boca Raton,Fla. :CRC Press,2,1,2,3,,,NULL
1205,"Food product development / Mary Earle, Richard Earle, Allan Anderson","Dewey Class no. :664 E122-----Call no. :664 223; ----- Mô tả: xi, 380p. ; 24 cm",Boca Raton,Fla. : CRC Press ; Cambridge : Woodhead,2,1,2,3,,,NULL
1206,Tự học chơi cờ vua/Bill Hartston; Nhân Văn (dịch),Dewey Class no. :794.1H335-----Call no. :221794.1; ----- Mô tả: 267tr.;20cm,Hà Nội:Thanh niên,2002,1,2,2,3,,,NULL
1207,"Giáo trình kỹ thuật số/Nguyễn Đình Phú, Nguyễn Trường Duy",Dewey Class no. :621.391N573-P577-----Call no. :621.391222; ----- Mô tả: 431tr.;24cm,Tp.HCM:Đại học Quốc gia Tp. Hồ Chí Minh,2013,1,1179,1,3,,,NULL
1208,"Giáo trình kỹ thuật số/Nguyễn Đình Phú, Nguyễn Trường Duy",Dewey Class no. :621.391N573-P577-----Call no. :621.391222; ----- Mô tả: 431tr.;24cm,Tp.HCM:Đại học Quốc gia Tp. Hồ Chí Minh,2013,1,1179,1,3,,,NULL
1209,"Sensory evaluation of food: Principles and practices / Harry T. Lawless, Hildegarde Heymann","Dewey Class no. :664.072 L418-----Call no. :664.072 223; ----- Mô tả: xxiii, 596 p. ; 27 cm",New York : Springer,2010,1,2,2,3,,,NULL
1210,"Giáo trình kỹ thuật số/Nguyễn Đình Phú, Nguyễn Trường Duy",Dewey Class no. :621.391N573-P577-----Call no. :621.391222; ----- Mô tả: 431tr.;24cm,Tp.HCM:Đại học Quốc gia Tp. Hồ Chí Minh,2013,1,1179,1,3,,,NULL
1211,"Giáo trình kỹ thuật số/Nguyễn Đình Phú, Nguyễn Trường Duy",Dewey Class no. :621.391N573-P577-----Call no. :621.391222; ----- Mô tả: 431tr.;24cm,Tp.HCM:Đại học Quốc gia Tp. Hồ Chí Minh,2013,1,1179,1,3,,,NULL
1212,"Giáo trình kỹ thuật số/Nguyễn Đình Phú, Nguyễn Trường Duy",Dewey Class no. :621.391N573-P577-----Call no. :621.391222; ----- Mô tả: 431tr.;24cm,Tp.HCM:Đại học Quốc gia Tp. Hồ Chí Minh,2013,1,1179,1,3,,,NULL
1213,"Giáo trình kỹ thuật số/Nguyễn Đình Phú, Nguyễn Trường Duy",Dewey Class no. :621.391N573-P577-----Call no. :621.391222; ----- Mô tả: 431tr.;24cm,Tp.HCM:Đại học Quốc gia Tp. Hồ Chí Minh,2013,1,1179,1,3,,,NULL
1214,"Giáo trình kỹ thuật số/Nguyễn Đình Phú, Nguyễn Trường Duy",Dewey Class no. :621.391N573-P577-----Call no. :621.391222; ----- Mô tả: 431tr.;24cm,Tp.HCM:Đại học Quốc gia Tp. Hồ Chí Minh,2013,1,1179,1,3,,,NULL
1215,Kỹ thuật phân tích cảm quan thực phẩm/Hà Duyên Tư,Dewey Class no. :664.07H111-T883-----Call no. :223664.07; ----- Mô tả: 143tr.;24cm,H.:Khoa học và Kỹ thuật,2010,2,1,2,3,,,NULL
1216,"Đánh giá cảm quan thực phẩm :Nguyên lý và thực hành/Harry T. Lawless, Hildegarde Heymann ; Nguyễn Hoàng Dũng dịch,...",Dewey Class no. :664.07Đ182-----Call no. :664.07222; ----- Mô tả: 701tr.;27cm,Tp.HCM:Đại học Quốc gia Tp. Hồ Chí Minh,2007,2,17,2,3,,,NULL
1217,"Mạch số: Môn học: 1163100 - Kỹ thuật số/Nguyễn Hữu Phương$pDùng cho sinh viên đại học ngành điện tử, tự động hóa, viễn thông, tin học, v.v... /",Dewey Class no. :621.3815N573-P577-----Call no. :621.3815221; ----- Mô tả: Mạch kỹ thuật số,H.:Thống kê,2004,1,27,1,3,,,NULL
1218,"Mạch số: Môn học: 1163100 - Kỹ thuật số/Nguyễn Hữu Phương$pDùng cho sinh viên đại học ngành điện tử, tự động hóa, viễn thông, tin học, v.v... /",Dewey Class no. :621.3815N573-P577-----Call no. :621.3815221; ----- Mô tả: Mạch kỹ thuật số,H.:Thống kê,2004,2,27,2,3,,,NULL
1219,"Mạch số: Môn học: 1163100 - Kỹ thuật số/Nguyễn Hữu Phương$pDùng cho sinh viên đại học ngành điện tử, tự động hóa, viễn thông, tin học, v.v... /",Dewey Class no. :621.3815N573-P577-----Call no. :621.3815221; ----- Mô tả: Mạch kỹ thuật số,H.:Thống kê,2004,2,27,2,3,,,NULL
1220,"Mạch số: Môn học: 1163100 - Kỹ thuật số/Nguyễn Hữu Phương$pDùng cho sinh viên đại học ngành điện tử, tự động hóa, viễn thông, tin học, v.v... /",Dewey Class no. :621.3815N573-P577-----Call no. :621.3815221; ----- Mô tả: Mạch kỹ thuật số,H.:Thống kê,2004,2,27,2,3,,,NULL
1221,"Mạch số: Môn học: 1163100 - Kỹ thuật số/Nguyễn Hữu Phương$pDùng cho sinh viên đại học ngành điện tử, tự động hóa, viễn thông, tin học, v.v... /",Dewey Class no. :621.3815N573-P577-----Call no. :621.3815221; ----- Mô tả: Mạch kỹ thuật số,H.:Thống kê,2004,2,27,2,3,,,NULL
1222,"Mạch số: Môn học: 1163100 - Kỹ thuật số/Nguyễn Hữu Phương$pDùng cho sinh viên đại học ngành điện tử, tự động hóa, viễn thông, tin học, v.v... /",Dewey Class no. :621.3815N573-P577-----Call no. :621.3815221; ----- Mô tả: Mạch kỹ thuật số,H.:Thống kê,2004,2,27,2,3,,,NULL
1223,"Sensory evaluation techniques / Morten C. Meilgaard, Gail Vance Civille, B. Thomas Carr","Dewey Class no. :664.072 M513-----Call no. :664.072 223; ----- Mô tả: xxix, 600p. ; 26cm",Boca Raton : CRC Press,2016,2,1,2,3,,,NULL
1224,"Food process design / Zacharias B. Maroulis, George D. Saravacos","Dewey Class no. :664.02 M356-----Call no. :664.02 223; ----- Mô tả: xvii, 506p. ; 24cm",New York : Marcel Dekker,2003,1,1,2,3,,,NULL
1225,Lý thuyết tín hiệu/Phạm Thị Cư,Dewey Class no. :621.3822P534-C961-----Call no. :222621.3822; ----- Mô tả: 280tr.;24cm,Tp.HCM.:Đại học Quốc gia Tp.HCM,2010,2,10,2,3,,,NULL
1226,"Giáo trình kỹ thuật truyền số liệu/Nguyễn Việt Hùng, Nguyễn Ngô Lâm, Nguyễn Văn Phúc, Đặng Phước Hải Trang",Dewey Class no. :621.382G434-----Call no. :221621.382; ----- Mô tả: 349tr.;24cm,Tp. Hồ Chí Minh:Đại học Quốc gia Tp.Hồ Chí Minh,2013,1,838,1,3,,,NULL
1227,Data communications and networking / Behrouz A. Forouzan,"Dewey Class no. :004.6 F727-----Call no. :004.6 223; ----- Mô tả: xxxviii, 1226p. ; 24cm",New York,NY : McGraw-Hill,2,1,2,3,,,NULL
1228,Communication systems:An introduction to signals and noise in electrical communication/A. Bruce Carlson,Dewey Class no. :621.38043C284-----Call no. :222621.38043; ----- Mô tả: 924p.;24cm,New York.:McGraw-Hill,2010,2,1,2,3,,,NULL
1229,"Quản lý chất lượng thực phẩm/Nguyễn Tiến Lực, Nguyễn Đặng Mỹ Duyên",Dewey Class no. :664.07 N573-L931-----Call no. :664.07 223; ----- Mô tả: 515tr. ; 24cm,Tp.Hồ Chí Minh : Đại học Quốc gia Tp. Hồ Chí Minh,2016,1,226,2,3,,,NULL
1230,Kiến trúc máy tính tiên tiến/Trần Công Hùng,Dewey Class no. :004.22T772-H936-----Call no. :222004.22; ----- Mô tả: 259tr.;27cm,H.:Thông tin và truyền thông,2011,2,25,2,3,,,NULL
1231,"Meat processing : Improving quality / Edited by Joseph Kerry, John Kerry, David Ledward","Dewey Class no. :664.9 M484-----Call no. :664.9 223; ----- Mô tả: xv, 464p. ; 24 cm",Boca Raton : CRC Press ; Cambridge : Woodhead Pub,2002,2,1,2,3,,,NULL
1232,"Wastewater engineering: treatment and resource recovery/ Metcalf & Eddy, AECOM.","Dewey Class no. :628.3W323-----Call no. :628.3223; ----- Mô tả: xxix, 2018 pages: illustrations; 26 cm",New York,NY: McGraw-Hill Education,1,1,2,3,,,NULL
1233,Food processing technology : principles and practice/P. Fellows,"Dewey Class no. :664F322-----Call no. :664222; ----- Mô tả: xxxi, 575 p.;25cm",Cambridge,England :Woodhead Pub.,2,1,2,3,,,NULL
1234,"Xử lý tín hiệu số:Dùng cho sinh viên đại học ngành điện tử, viển thông, tin học.v.v)/ Nguyễn Hữu Phương ",Dewey Class no. :621.3822N573 - P577-----Call no. :621.382 2222; ----- Mô tả: 577tr. ;29cm..,Hà Nội.:Thống kê,2003,1,1,2,3,,,NULL
1235,Xử lý số tín hiệu và Wavelets -Tập 1/Lê Tiến Thường,Dewey Class no. :621.3822L733-T535-----Call no. :222621.3822; ----- Mô tả: 340tr.;24cm.,Tp.Hồ Chí Minh:Đại học Quốc gia,2004,1,7,2,3,,,NULL
1236,Digital signal processing/John G. Proakis; Dimitris G. Manolakis,"Dewey Class no. :621.3822P962-----Call no. :621.382 2222; ----- Mô tả: ix, 948 p.;25 cm.",Upper Saddle River,NJ :Pearson/Prentice Hall,2,1,2,3,,,NULL
1237,Quy chuẩn hệ thống cấp thoát nước trong nhà và công trình=Plumbing code/Bộ xây dựng,Dewey Class no. :628.144Q168-----Call no. :221628.144; ----- Mô tả: 296tr;31cm,H.:Xây dựng,2010,1,2,2,3,,,NULL
1238,Theory and practice of water and wastewater treatment / Ronald L. Droste,"Dewey Class no. :628.162D787-----Call no. :628.162223; ----- Mô tả: xiv, 800p. ; 26 cm",Hoboken,NJ. : John Wiley & Sons,1,1,2,3,,,NULL
1239," Giáo trình Hóa hữu cơ/Phan Thanh Sơn Nam, Trần Thị Việt Hoa",, Đại học Quốc gia TP. Hồ Chí Minh,2011,1,100,2,3,,,NULL
1240,Xử lý nước cấp cho sinh hoạt và công nghiệp/Trịnh Xuân Lai,Dewey Class no. :628.162T833-L185-----Call no. :222628.162; ----- Mô tả: 521tr.;27cm,H:Xây dựng,2011,2,2,2,3,,,NULL
1241,Xử lý cấp nước sinh hoạt và công nghiệp/Nguyễn Thị Thu Thủy,Dewey Class no. :628.162N573-T547-----Call no. :221628.162; ----- Mô tả: 256tr.;24cm,Hà Nội:Khoa học và kỹ thuật,2008,2,1,2,3,,,NULL
1242,"Manley's technology of biscuits, crackers and cookies / Edited by Duncan Manley","Dewey Class no. :641.8654 M279-----Call no. :641.8654 223; ----- Mô tả: xxv, 588p. ; 25 cm",Cambridge,UK : Woodhead Publishing,1,1,2,3,,,NULL
1243,"Cơ sở và ứng dụng Internet of Things : Thiết kế hệ thống nhúng / Phan Văn Ca, Trương Quang Phúc",Dewey Class no. :621.392 P535-C111-----Call no. :621.392 223; ----- Mô tả: 331tr. ; 24 cm,Tp.Hồ Chí Minh : Đại học Quốc gia Tp. Hồ Chí Minh,2017,1,430,1,3,,,NULL
1244,"Bakery products science and technology / Weibiao Zhou (editors), Y. H. Hui (Administrative editor)","Dewey Class no. :641.815 B168-----Call no. :641.815 223; ----- Mô tả: xii,761p. ; 25 cm",Chichester,West Sussex,1,1,2,3,,,NULL
1245,"CMOS VLSI design:A circuits and systems perspective/Neil H.E. Weste, David Money Harris",Dewey Class no. :621.395W525-----Call no. :222621.395; ----- Mô tả: 838p.;26cm,Boston.:Addison Wesley,2011,1,1,2,3,,,NULL
1246,The science of sugar confectionery / W.P. Edwards,"Dewey Class no. :664.153 E261-----Call no. :664.153 223; ----- Mô tả: x, 166p. ; 25cm",Cambridge : Royal Society of Chemistry,2000,1,1,2,3,,,NULL
1247,"Sổ tay quá trình và thiết bị công nghệ hóa chất -Tập 2 /Trần Xoa, Nguyễn Trọng Khuông, Phạm Xuân Toản",Dewey Class no. :660.28T772-X7-----Call no. :221660.28; ----- Mô tả: 447tr ;27cm,H :Khoa học và kỹ thuật,2005,2,12,2,3,,,NULL
1248,"Mạch số: Môn học: 1163100 - Kỹ thuật số/Nguyễn Hữu Phương$pDùng cho sinh viên đại học ngành điện tử, tự động hóa, viễn thông, tin học, v.v... /",Dewey Class no. :621.3815N573-P577-----Call no. :621.3815221; ----- Mô tả: Mạch kỹ thuật số,H.:Thống kê,2004,1,358,2,3,,,NULL
1249,"Thực tập xử lý khí thải: Dùng cho môn học: Thực tập Xử lý khí thải. Giáo trình dùng cho sinh viên ngành CNKT Môi trường/ Hoàng Thị Tuyết Nhung, Trần Thị Kim Anh",Dewey Class no. :628.53H678-N576-----Call no. :628.53223; ----- Mô tả: 95tr.: minh họa; 24 cm.,Đại học Sư Phạm Kỹ thuật,2020,1,312,1,3,,,NULL
1250,Các kỹ thuật cơ bản trong thực nghiệm vi sinh vật học/Trịnh Khánh Sơn,Dewey Class no. :660.6T833-S698-----Call no. :660.6223; ----- Mô tả: 131tr.;24cm,Tp. Hồ Chí Minh:Đại học Quốc gia Tp. Hồ Chí Minh,2018,1,280,2,3,,,NULL
1251,"Sức bền vật liệu/Đỗ Kiến Quốc (ch.b); Nguyễn Thị Hiền Lương, Bùi Công Thành,...",Dewey Class no. :620.112Đ631-Q163-----Call no. :222620.112; ----- Mô tả: 306tr.;24cm.,Tp.Hồ Chí Minh:Đại học Quốc gia,2004,1,18,2,3,,,NULL
1252,Công nghệ chế biến thịt và thủy sản/Nguyễn Tiến Lực,,Đại học Quốc gia thành phố Hồ chí Minh,2016,1,206,2,3,,,NULL
1253,"Meat processing : Improving quality / Edited by Joseph Kerry, John Kerry, David Ledward","Dewey Class no. :664.9 M484-----Call no. :664.9 223; ----- Mô tả: xv, 464p. ; 24 cm",Boca Raton : CRC Press ; Cambridge : Woodhead Pub,2002,2,1,2,3,,,NULL
1254,Food processing technology : principles and practice/P. Fellows,"Dewey Class no. :664F322-----Call no. :664222; ----- Mô tả: xxxi, 575 p.;25cm",Cambridge,England :Woodhead Pub.,2,1,2,3,,,NULL
1255,"Thực hành điện tử cơ bản/ Trương Thị Bích Ngà, Nguyễn Minh Tâm, Lê Hoàng Minh, Nguyễn Thị Lưỡng",Dewey Class no. :621.381 T532-----Call no. :621.381 223; ----- Mô tả: 283tr. ; 24 cm,Tp.Hồ Chí Minh : Đại học Quốc gia Tp. Hồ Chí Minh,2017,1,369,1,3,,,NULL
1256,"Giáo trình Điện tử cơ bản/Trần Thu Hà, Trương Thị Bích Ngà, Nguyễn Thị Lưỡng,...",Dewey Class no. :621.381G434-----Call no. :222621.381; ----- Mô tả: 642tr.;24cm.,Tp. Hồ Chí Minh:Đại học Quốc gia Tp. HCM,2013,1,1144,1,3,,,NULL
1257,"A microscale approach to organic laboratory techniques / Donald L. Pavia, Gary M. Lampman, George S. Kriz, Randall G. Engel","Dewey Class no. :547.0078 M626-----Call no. :547.0078 223; ----- Mô tả: xvii, 1034 p. ; 28 cm",Boston,MA : Cengage Learning,1,1,2,3,,,NULL
1258,Electronic devices: Electron flow version / Thomas L. Floyd,"Dewey Class no. :621.3815 F645-----Call no. :621.3815 223; ----- Mô tả: xv, 958p.; 29cm",New York: Person,2018,2,2,2,3,,,NULL
1259,The science of sugar confectionery / W.P. Edwards,"Dewey Class no. :664.153 E261-----Call no. :664.153 223; ----- Mô tả: x, 166p. ; 25cm",Cambridge : Royal Society of Chemistry,2000,1,1,2,3,,,NULL
1260,Giáo trình môi trường đại cương/Nguyễn Thị Thu Thảo,Dewey Class no. :333.7N573-T367-----Call no. :333.7222; ----- Mô tả: 219tr.;24cm,Tp. Hồ Chí Minh:Đại học Quốc gia Tp. Hồ Chí Minh,2015,1,230,1,3,,,NULL
1261,Cơ học kỹ thuật - Tập 1 : Tĩnh học và động lực học/Đỗ Sanh,Dewey Class no. :620.1Đ631-S226-----Call no. :620.1222; ----- Mô tả: 235tr.;24cm,H.:Giáo dục,2008,1,2,2,3,,,NULL
1262,"Môi trường và giáo dục bảo vệ môi trường:Dùng cho các trường đại học - cao đẳng khối sư phạm/Lê Văn Kha, Phan Văn Kha, Phan Thị Lạc...",Dewey Class no. :333.7M712-----Call no. :222363.7; ----- Mô tả: 271tr;27cm,H:Giáo dục,2009,2,3,2,3,,,NULL
1263,Giáo trình môi trường và con người /Lê Thị Thanh Mai,Dewey Class no. :333.7L433-M217-----Call no. :222333.7; ----- Mô tả: 270tr.;21cm.,Tp.HCM:Đại học Quốc gia Tp.HCM,2009,2,16,2,3,,,NULL
1264,Thực hành kiến trúc và tổ chức máy tính: Dùng cho môn học: Kiến trúc và tổ chức máy tính/ Phạm Văn Khoa,Dewey Class no. :004.22P534-K45-----Call no. :004.22223; ----- Mô tả: 169tr.: minh họa; 24 cm.,Tp. Hồ Chí Minh: Đại học Quốc gia Tp.Hồ Chí Minh,2020,1,268,1,3,,,NULL
1265,"CMOS VLSI design:A circuits and systems perspective/Neil H.E. Weste, David Money Harris",Dewey Class no. :621.395W525-----Call no. :222621.395; ----- Mô tả: 838p.;26cm,Boston.:Addison Wesley,2011,2,1,2,3,,,NULL
1266,"Cereals and cereal products : Chemistry and technology / David A. V. Dendy, Bogdan J. Dobraszczyk","Dewey Class no. :664.7 D391-----Call no. :664.7 223; ----- Mô tả: xii, 429p. ; 26 cm",Gaithersburg,Md. : Aspen Publishers,1,1,2,3,,,NULL
1267,"Thí nghiệm công nghệ thực phẩm/Nguyễn Thị Hiền (ch.b.), Lại Quốc Đạt, Lê Văn Việt Mẫn,...",Dewey Class no. :664.07N573-H633-----Call no. :664.07222; ----- Mô tả: 75tr.;27cm,Tp. Hồ Chí Minh:Đại học Quốc gia Tp. Hồ Chí Minh,2007,1,18,2,3,,,NULL
1268,"Công nghệ chế  biến thực phẩm/Lê Văn Việt Mẫn (ch.b.), Lại Quốc Đạt, Nguyễn Thị Hiền,...",Dewey Class no. :664L433-M266-----Call no. :222664; ----- Mô tả: 1019tr.;24cm,Tp. Hồ Chí Minh:Đại học Quốc gia Tp. Hồ Chí Minh,2011,2,5,2,3,,,NULL
1269,"Chemistry for engineering students / Lawrence Stephen Brown, Thomar A. Holme",Dewey Class no. :540.2462 B877-----Call no. :540.2462 223; ----- Mô tả: 510p. ; 28 cm,Stamford,CT. : Cengage Learning,1,1,2,3,,,NULL
1270,"Food chemistry/H.-D. Belitz, W. Grosh, P. Schieberle ; Translation from the German edition by M. M. Burghagen",Dewey Class no. :664.07B431-----Call no. :664.07222; ----- Mô tả: 1070p.;25cm,New York:Springer,2004,2,1,2,3,,,NULL
1271,"Chemistry / Steven S. Zumdahl, Susan A. Zumdahl","Dewey Class no. :540 Z949-----Call no. :540 223; ----- Mô tả: xiii, [1170]p. ; 29 cm",Belmon : Brooks/Cole,2014,2,2,2,3,,,NULL
1272,Giáo trình lập trình Android/Trương Thị Ngọc Phượng,Dewey Class no. :005.1T871-P577-----Call no. :005.1223; ----- Mô tả: 294tr.;24cm,Tp. Hồ Chí Minh:Đại học Quốc gia Tp. Hồ Chí Minh,2014,2,230,1,3,,,NULL
1273,"Thủy lực -T1 : Sách dùng trong các trường đại học kỹ thuật, soạn theo chương trình đã được hội đồng môn học thủy lực của Bộ Giáo dục và Đào tạo duyệt / Nguyễn Tài",Dewey Class no. :$221 621.2-----Call no. :221 621.2; ----- Mô tả: 180tr. ; 27cm,H. : Xây dựng,2016,2,5,2,3,,,NULL
1274,Phương pháp tính ứng dụng trong tính toán kỹ thuật/Nguyễn Hoài Sơn,Dewey Class no. :518.6N573-S698-----Call no. :222518.6; ----- Mô tả: 258tr.;21cm,Tp.HCM:Đại học Quốc gia Tp. Hồ Chí Minh,2008,1,13,2,3,,,NULL
1275,"Giáo trình Điện tử cơ bản/Trần Thu Hà, Trương Thị Bích Ngà, Nguyễn Thị Lưỡng,...",Dewey Class no. :621.381G434-----Call no. :222621.381; ----- Mô tả: 642tr.;24cm.,Tp. Hồ Chí Minh:Đại học Quốc gia Tp. HCM,2013,1,1144,1,3,,,NULL
1276,Electronic devices: Electron flow version / Thomas L. Floyd,"Dewey Class no. :621.3815 F645-----Call no. :621.3815 223; ----- Mô tả: xv, 958p.; 29cm",New York: Person,2018,2,2,2,3,,,NULL
1277,"Kỹ thuật điện tử/Lê Phi Yến, Lưu Phú, Nguyễn Như Anh",Dewey Class no. :621.381L433-Y45-----Call no. :222621.381; ----- Mô tả: 351tr.;24cm,Tp. Hồ Chí Minh:Đại học quốc gia Tp. Hồ Chí Minh,2005,2,21,2,3,,,NULL
1278,"Digital systems : Principles and applications / Neal S. Widmer, Gregory L. Moss, Ronald J. Tocci",Dewey Class no. :621.381 W641-----Call no. :621.381 223; ----- Mô tả: 1024p. ; 28 cm,Harlow England. : Pearson,2018,2,1,2,3,,,NULL
1279,"CCNA cloud complete study guide: Exam 210-451 and exam 210-455/ Todd Montgomery, Stephen Olson","Dewey Class no. :004.68M787-----Call no. :004.68223; ----- Mô tả: xxxix, 577p.: ill.; 24cm",Indianapolis: Sybex a Wiley Brand,2018,1,2,2,3,,,NULL
1280,"CCNA cloud complete study guide: Exam 210-451 and exam 210-455/ Todd Montgomery, Stephen Olson","Dewey Class no. :004.68M787-----Call no. :004.68223; ----- Mô tả: xxxix, 577p.: ill.; 24cm",Indianapolis: Sybex a Wiley Brand,2018,1,2,2,3,,,NULL
1281,"Khảo sát và thí nghiệm đất: Dùng cho môn học: Khảo sát và thí nghiệm đất / Lê Phương Bình, Nguyễn Tổng, Phạm Đức Thiện",Dewey Class no. :624.151L433-B613-----Call no. :660.28 223; ----- Mô tả: 113tr.: minh họa; 24cm,Tp.Hồ Chí Minh : Đại học Quốc gia Tp. Hồ Chí Minh,2020,1,255,2,3,,,NULL
1282,"Programming C# 4.0/ Ian Griffiths, Matthew Adams, Jesse Liberty","Dewey Class no. :005.133G855-----Call no. :005.133223; ----- Mô tả: xxi, 830p.; 24cm",Beijing: O'Reilly,2010,1,1,2,3,,,NULL
1283,"Software engineering : A practitioner's approach / Roger S. Pressman, Bruce R. Maxim","Dewey Class no. :005.1 P935-----Call no. :005.1 223; ----- Mô tả: xxx, 941p. ; 24cm",New York,NY : McGraw-Hill Education,2,1,2,3,,,NULL
1284,Các phương pháp cải tạo đất yếu trong xây dựng/Nguyễn Ngọc Bích,Dewey Class no. :624.151N573-B583-----Call no. :222624.151; ----- Mô tả: 309tr27cm,H:Xây dựng,2011,1,10,2,3,,,NULL
1285,Xử lý nền đất yếu trong xây dựng/Nguyễn Uyên,Dewey Class no. :624.151N573-U97-----Call no. :222624.151; ----- Mô tả: 209tr.;27cm,H.:Xây dựng,2011,1,10,2,3,,,NULL
1286,Cơ học đất/Phan Hồng Quân,Dewey Class no. :624.15136P535-Q141-----Call no. :222624.15136; ----- Mô tả: 263tr.;27cm,H.:Giáo dục,2012,1,5,2,3,,,NULL
1287,Cryptography and network security: Principles and practice / William Stallings,Dewey Class no. :005.82 S782-----Call no. :005.82 223; ----- Mô tả: 766p. ; 24cm,Boston : Pearson,2017,1,2,2,3,,,NULL
1288,"Human computer interaction/ Alan Dix, Janet Finlay, Gregory D. Abowd, Rossell Beale","Dewey Class no. :004.019H918-----Call no. :004.019223; ----- Mô tả: xxv, 834p.; 24cm",London:Pearson,2004,1,1,2,3,,,NULL
1289,Nền và móng /Phan Hồng Quân,Dewey Class no. :624.15P535-Q141-----Call no. :222624.15; ----- Mô tả: 250tr.;27cm,H.:Giáo Dục,2012,1,5,2,3,,,NULL
1290,Tương tác người - máy =Human - computer interaction /Lương Mạnh Bá,Dewey Class no. :006.3L964-B111-----Call no. :221006.3; ----- Mô tả: 269tr ;24cm,H :Khoa học và kỹ thuật,2005,2,27,2,3,,,NULL
1291,"Computer Vision:A modern approach/David Forsyth, Jean Ponce",,New YorkPrentice Hall2012,2012,1,1,2,3,,,NULL
1292,Nhiệt động hóa học /Đào Văn Lượng,Dewey Class no. :541.369Đ211-L964-----Call no. :221541.369; ----- Mô tả: 220tr. ;24cm..,Hà Nội:Khoa học và kỹ thuật,2007,1,3,2,3,,,NULL
1293,Giáo trình hóa lí - Tập 1 : Cơ sở nhiệt động lực học/Nguyễn Đình Huề,Dewey Class no. :541.36N573-H887-----Call no. :222541.36; ----- Mô tả: 151tr.;21cm,H.:Giáo dục Việt Nam,2012,2,5,2,3,,,NULL
1294,Hadoop : The definitive guide/ Tom White,"Dewey Class no. :005.74W582-----Call no. :005.74223; ----- Mô tả: xxv, 727p. ; 24cm",Sebastopol,CA : O'Reilly Media,1,1,2,3,,,NULL
1295,"Data mining : Concepts and techniques / Jiawei Han, Micheline Kamber, Jian Pei","Dewey Class no. :006.312 H233-----Call no. :006.312 223; ----- Mô tả: xxxv, 703p. ; 25cm",Waltham,MA : Elsevier,1,1,2,3,,,NULL
1296,Phương pháp khảo sát - nghiên cứu và thực nghiệm công trình/Võ Văn Thảo,Dewey Class no. :690.0287V872-T367-----Call no. :221690.028 7; ----- Mô tả: 243tr.;24cm,H.:Khoa học và Kỹ thuật,2001,1,3,2,3,,,NULL
1297,Wireless communications and networks /William Stallings.,"Dewey Class no. :621.382S782-----Call no. :621.382222; ----- Mô tả: xiii,559p.:ill.;24cm.",Upper Saddle River,NJ :Pearson Prentice Hall,2,1,2,3,,,NULL
1298,Wireless communications and networks /William Stallings.,"Dewey Class no. :621.382S782-----Call no. :621.382222; ----- Mô tả: xiii,559p.:ill.;24cm.",Upper Saddle River,2005,2,1,2,3,,,NULL
1299,Tính toán kết cấu bê tông cốt thép theo tiêu chuẩn ACI 318-2002:Những nội dung mới. Nghiên cứu tiếp cận. Áp dụng tính toán/Trần Mạnh Tuân,Dewey Class no. :624.18341T772-T883-----Call no. :222624.18341; ----- Mô tả: 271tr.;27cm,H.:Xây dựng,2011,1,17,2,3,,,NULL
1300,"Fundamentals of materials science and engineering: An integrated approach / William D. Callister, David G. Rethwisch","Dewey Class no. :620.1C162-----Call no. :620.1223; ----- Mô tả: xxv, 932p.; 26cm",Singapore: Wiley,2016,1,2,2,3,,,NULL
1301,Kết cấu bê tông và  bê tông cốt thép theo quy phạm Hoa Kỳ/Nguyễn Trung Hòa,Dewey Class no. :624.18341N573-H678-----Call no. :624.183 41222; ----- Mô tả: 308tr.;24cm,H.:Xây dựng,2003,1,70,2,3,,,NULL
1302,"Giáo trình Thí nghiệm hóa hữu cơ: Dùng cho môn học: Thí nghiệm hóa hữu cơ. Giáo trình dùng cho sinh viên ngành CNKT Hóa học/ Võ Thị Ngà, Hoàng Minh Hảo, Hồ Phương",Dewey Class no. :547V872-N576-----Call no. :547223; ----- Mô tả: 133tr.: minh họa; 24 cm.,Tp. Hồ Chí Minh: Đại học Quốc gia Tp.Hồ Chí Minh,2020,1,326,2,3,,,NULL
1303,"Cơ học ứng dụng /Đỗ Sanh, Nguyễn Văn Vượng",Dewey Class no. :620.1Đ631-S226-----Call no. :221620.1; ----- Mô tả: 203tr.;27cm.,Hà Nội:Giáo dục,2009,1,8,2,3,,,NULL
1304,"Kết cấu bê tông cốt thép: Thiết kế theo tiêu chuẩn Châu Âu/Phan Quang Minh, Ngô Thế Phong",Dewey Class no. :624.18341P535-M664-----Call no. :222624.183 41; ----- Mô tả: 165tr.;24cm,H:Xây dựng,2011,1,4,2,3,,,NULL
1305,"Bê tông cốt sợi thép/Nguyễn Viết Trung, Nguyễn Ngọc Long, Phạm Duy Anh",Dewey Class no. :693.54N573-T871-----Call no. :221693.54; ----- Mô tả: 102tr.;24cm,H.:Xây dựng,2012,1,2,2,3,,,NULL
1306,"Giáo trình xử lý ảnh y sinh:Ngành kỹ thuật y sinh/Nguyễn Thanh Hải, Ngô Quốc Cường",Dewey Class no. :610.28N573-H149-----Call no. :610.28223; ----- Mô tả: 252tr.;24cm,Tp. Hồ Chí Minh:Đại học Quốc gia Tp. Hồ Chí Minh,2015,1,211,1,3,,,NULL
1307,"Giáo trình Điện tử cơ bản/Trần Thu Hà, Trương Thị Bích Ngà, Nguyễn Thị Lưỡng,...",Dewey Class no. :621.381G434-----Call no. :222621.381; ----- Mô tả: 642tr.;24cm.,Tp. Hồ Chí Minh:Đại học Quốc gia Tp. HCM,2013,2,1144,2,3,,,NULL
1308,"Giáo trình kỹ thuật số: Áp dụng cho chương trình 132 tín chỉ - Môn học: Kỹ thuật số/ Nguyễn Trường Duy, Võ Đức Dũng, Nguyễn Thanh Hải, Nguyễn Duy Thảo",Dewey Class no. :621.391G434-----Call no. :621.391223; ----- Mô tả: 443tr.; 24cm,Tp. Hồ Chí Minh: Đại học Quốc gia Tp. Hồ Chí Minh,2020,1,229,1,3,,,NULL
1309,Sensor technology handbook / Jon S.Wilson,Dewey Class no. :681.2 W746-----Call no. :681.2 223; ----- Mô tả: 691p. ; 24 cm,Amsterdam ; Boston. : Elsevier,2005,2,1,2,3,,,NULL
1310,"Bài tập vật lý đại cương - Tập 2 : Điện - Dao động - Sóng: Biên soạn theo chương trình của Bộ Giáo Dục và Đào Tạo ban hành năm 1990:Dùng cho các trường đại học khối công nghiệp, công trình thủy lợi, giao thông vận tải/Lương Duyên Bình (chủ biên), Nguyễn Hữu Hồ, Lê Văn Nghĩa, Nguyễn Quang Sính",Dewey Class no. :530.076B152-----Call no. :222530.076; ----- Mô tả: 1155tr.;21cm,Hà Nội:Giáo Dục,2006,1,2,2,3,,,NULL
1311, Hướng dẫn thực hành phân tích định lượng bằng các phương pháp hóa học/ Hồ Thị Yêu Ly,Dewey Class no. :545 H678-L981-----Call no. :545 223; ----- Mô tả: 78tr. ; 24 cm,Tp.Hồ Chí Minh : Đại học Quốc gia Tp. Hồ Chí Minh,2017,1,319,2,3,,,NULL
1312,"Hóa lý - Tập 2:Dùng cho sinh viên hóa các trường đại học tổng hợp và sư phạm/Trần Văn Nhân, NguyễnThạc Sửu, Nguyễn Văn Tuế",Dewey Class no. :541T772-N578-----Call no. :541222; ----- Mô tả: 207tr.;27cm,H.:Giáo dục,2004,1,1,2,3,,,NULL
1313,Phân tích kết cấu nhà nhiều tầng/ Nguyễn Tiến Chương,Dewey Class no. :690.383 N573-C559-----Call no. :690.383223; ----- Mô tả: 178tr.; 27 cm,H.: Xây dựng,2017,1,3,2,3,,,NULL
1314,Quá trình và thiết bị công nghệ hóa học và thực phẩm:Bài tập truyền nhiệt/Phạm Văn Bôn,Dewey Class no. :660.28P534-B697-----Call no. :222660.28; ----- Mô tả: 49tr.;27cm.,Tp.Hồ Chí Minh:Đại học Quốc gia,2004,1,7,2,3,,,NULL
1315,"Phương pháp luận nghiên cứu khoa học /Lê Huy Bá, Nguyễn Trọng Hùng, Huỳnh Lưu Trùng Phùng,...",Dewey Class no. :001.4L433-B111-----Call no. :222001.4; ----- Mô tả: 840tr.;24cm.,H.:Giáo dục,2007,2,3,2,3,,,NULL
1316,Lý thuyết cơ sở kỹ thuật siêu cao tần/Vũ Đình Thành,Dewey Class no. :621.381V986-T367-----Call no. :222621.381; ----- Mô tả: 175tr.;24cm.,Tp.Hồ Chí Minh:Đại học Quốc gia,2009,2,13,2,3,,,NULL
1317,"CMOS VLSI design:A circuits and systems perspective/Neil H.E. Weste, David Money Harris",Dewey Class no. :621.395W525-----Call no. :222621.395; ----- Mô tả: 838p.;26cm,Boston.:Addison Wesley,2011,1,1,2,3,,,NULL
1318,"Cơ sở và ứng dụng Internet of Things : Thiết kế hệ thống nhúng / Phan Văn Ca, Trương Quang Phúc",Dewey Class no. :621.392 P535-C111-----Call no. :621.392 223; ----- Mô tả: 331tr. ; 24 cm,Tp.Hồ Chí Minh : Đại học Quốc gia Tp. Hồ Chí Minh,2017,1,430,2,3,,,NULL
1319,Kết cấu nhà cao tầng bê tông cốt thép/Lê Thanh Huấn,Dewey Class no. :624.18341P534-H719-----Call no. :624.18341222; ----- Mô tả: 172tr.;24cm.,Hà Nội:Xây dựng,2007,1,1,2,3,,,NULL
1320,Giáo trình xử lý ảnh:Ngành Điện - Điện tử/Nguyễn Thanh Hải,Dewey Class no. :006.6N573-H149-----Call no. :223006.6; ----- Mô tả: 171tr.;24cm,Tp. Hồ Chí Minh:Đại học Quốc gia Tp. Hồ Chí Minh,2014,1,335,1,3,,,NULL
1321,"Vật liệu học/Lê công Dưỡng,Nguyễn Khắc Cường, Nguyễn Văn Chi",Dewey Class no. :620.112V342-----Call no. :221620.112; ----- Mô tả: 618tr;27cm,H:Khoa học và Kỹ thuật,2000,1,5,2,3,,,NULL
1322,Giáo trình đo lường cảm biến/Lê Chí Kiên,Dewey Class no. :681.2L433-K47-----Call no. :681.2222; ----- Mô tả: 318tr.;24cm,Tp.HCM:Đại học Quốc gia Tp.Hồ Chí Minh,2013,1,808,1,3,,,NULL
1323,Sensor technology handbook / Jon S.Wilson,Dewey Class no. :681.2 W746-----Call no. :681.2 223; ----- Mô tả: 691p. ; 24 cm,Amsterdam ; Boston. : Elsevier,2005,1,1,1,3,,,NULL
1324,"Giáo trình lập trình Android cơ bản:Dành cho sinh viên chuyên ngành điện - điện tử, điện tử viễn thông, tự động hóa/Nguyễn Văn Hiệp, Đinh Quang Hiệp",Dewey Class no. :005.1N573-H633-----Call no. :005.1223; ----- Mô tả: 412tr.;24cm,Tp. Hồ Chí Minh:Đại học Quốc gia Tp. Hồ Chí Minh,2015,2,309,1,3,,,NULL
1325,Elements of chemical reaction engineering/ H. Scott Fogler.,Dewey Class no. :660 F656-----Call no. :660 223; ----- Mô tả: 1042p.; 26cm,Boston: Pearson,2020,1,1,2,3,,,NULL
1326,"Giáo trình vi xử lý /Nguyễn Đình Phú, Trương Ngọc Anh",Dewey Class no. :629.8N573-P577-----Call no. :222629.8; ----- Mô tả: 323tr ;24cm,Tp. HCM.:Đại học Quốc gia Tp. Hồ Chí Minh,2013,1,1176,2,3,,,NULL
1327,"CMOS VLSI design:A circuits and systems perspective/Neil H.E. Weste, David Money Harris",Dewey Class no. :621.395W525-----Call no. :222621.395; ----- Mô tả: 838p.;26cm,Boston.:Addison Wesley,2011,1,1,2,3,,,NULL
1328,"Sổ tay thủy khí động lực học ứng dụng /Hoàng Bá Chư, Trương Ngọc Tuấn",Dewey Class no. :620.107H678-C559-----Call no. :532.5; ----- Mô tả: 485tr;24cm,Hà Nội:Khoa học và kỹ thuật,2006,1,22,2,3,,,NULL
1329,"Learning Ionic : Hybrid mobile apps with HTML5, CSS3, and Angular / Arvind Ravulavaru","Dewey Class no. :005.25R256-----Call no. :005.25 223; ----- Mô tả: v, 357p. ; 24 cm",Birmingham : Packt Publishing,2017,1,1,2,3,,,NULL
1330,"Learning Ionic : Hybrid mobile apps with HTML5, CSS3, and Angular / Arvind Ravulavaru","Dewey Class no. :005.25R256-----Call no. :005.25 223; ----- Mô tả: v, 357p. ; 24 cm",Birmingham : Packt Publishing,2017,1,1,2,3,,,NULL
1331,"Sổ tay quá trình và thiết bị công nghệ hóa chất - Tập 1 :Cơ sờ lý thuyết, phương pháp tính toán, tra cứu số liệu và thiết bị /Trần Xoa, Nguyễn Trọng Khuông, Hồ Lê Viên",Dewey Class no. :660.28T772-X7-----Call no. :221660.28; ----- Mô tả: 632tr ;27cm,H :Khoa học và kỹ thuật,2006,1,7,2,3,,,NULL
1332,"Sổ tay quá trình và thiết bị công nghệ hóa chất -Tập 2 /Trần Xoa, Nguyễn Trọng Khuông, Phạm Xuân Toản",Dewey Class no. :660.28T772-X7-----Call no. :221660.28; ----- Mô tả: 447tr ;27cm,H :Khoa học và kỹ thuật,2005,1,12,2,3,,,NULL
1333,"Industrial organic pigments: Production, Crystal Structures, Properties, Applications/ Klaus Hunger, Martin U. Schmidt","Dewey Class no. :667H445-----Call no. :223667; ----- Mô tả: xxviii, 776p.; 25cm",Weinheim,MA: Wiley-VCH,1,1,2,3,,,NULL
1334,Kỹ thuật tổng hợp các hóa chất bảo vệ thực vật /Đào Văn Hoằng,Dewey Class no. :668.65Đ211-H678-----Call no. :632.9; ----- Mô tả: 383tr ;24cm,Hà Nội:Khoa học và kỹ thuật,2005,1,26,2,3,,,NULL
1335,Hướng dẫn đồ án môn học bêtông cốt thép 1 sàn sườn toàn khối có bản dầm :Theo TCXDVN 356 : 2005/Nguyễn Văn Hiệp,Dewey Class no. :624.18341N573-H633-----Call no. :624.183 41222; ----- Mô tả: 107tr.;27cm,Tp.HCM :Đại học Quốc gia Tp.Hồ Chí Minh,2007,1,8,2,3,,,NULL
1336,"Sử dụng AutoCad 2007 - $nTập 1:Cơ sở vẽ thiết kế hai chiều:Lý thuyết, ví dụ thực hành và bài tập /Nguyễn Hữu Lộc",Dewey Class no. :006.6N573-L811-----Call no. :222006.6; ----- Mô tả: 579tr;24cm,Tp.HCM.:Tổng hợp thành phố Hồ Chí Minh,2007,1,8,2,3,,,NULL
1337,Ionic in action : Hybrid mobile apps with Ionic and AngularJS / Jeremy Wilken; Foreword by Adam Bradley,"Dewey Class no. :005.25 W681-----Call no. :005.25 223; ----- Mô tả: xxii, 254p. ; 24 cm",Shelter Island,NY : Manning Publications,2,1,2,3,,,NULL
1338,Ionic in action : Hybrid mobile apps with Ionic and AngularJS / Jeremy Wilken; Foreword by Adam Bradley,"Dewey Class no. :005.25 W681-----Call no. :005.25 223; ----- Mô tả: xxii, 254p. ; 24 cm",Shelter Island,NY : Manning Publications,2,1,2,3,,,NULL
1339,"Công nghệ sản xuất phân bón vô cơ/La Văn Bình, Trần Thị Hiền",Dewey Class no. :668.62L111-B613-----Call no. :222668.62; ----- Mô tả: 143tr.;24cm,H.:Bách Khoa,2007,1,9,2,3,,,NULL
1340,"Hệ thống viễn thông:T.1/Thái Hồng Nhị, Phạm Minh Việt",Dewey Class no. :621.3821T364-N576-----Call no. :221621.3821; ----- Mô tả: 240tr.;27cm,H.:Giáo dục,2004,2,8,2,3,,,NULL
1341,"Hệ thống viễn thông - T. 2/Thái Hồng Nhị, Phạm Minh Việt",Dewey Class no. :621.3821T364-N576-----Call no. :221621.3821; ----- Mô tả: 224tr.;27cm,H.:Giáo dục,2003,2,8,2,3,,,NULL
1342,"Kỹ thuật điện tử/Lê Phi Yến, Lưu Phú, Nguyễn Như Anh",Dewey Class no. :621.381L433-Y45-----Call no. :221621.381; ----- Mô tả: 349tr.;24cm,Tp. Hồ Chí Minh:Khoa học và Kỹ thuật,1998,1,86,2,3,,,NULL
1343,Mạch điện tử 1/Lê Tiến Thường,Dewey Class no. :621.3815L433-T535-----Call no. :222621.381 5; ----- Mô tả: 239tr.;24cm.,Tp.HCM :Đại học Quốc gia Tp.Hồ Chí Minh,2009,1,29,2,3,,,NULL
1344,Mạch điện tử 2/ Lê Tiến Thường ,Dewey Class no. :621.3815L433 - T535-----Call no. :621.3815; ----- Mô tả: 357tr.;24cm,Tp.HCM:Đại học Quốc gia Tp.Hồ Chí Minh,2011,1,1,2,3,,,NULL
1345,"Kỹ thuật điện tử :Đã được hội đồng môn học của Bộ giáo dục và đào tạo thông qua dùng làm tài liệu giảng dạy trong các trường đại học kỹ thuật /Đỗ Xuân Thụ, Đặng Văn Chuyết, Nguyễn Viết Nguyên,...",Dewey Class no. :621.381K99-----Call no. :221621.381; ----- Mô tả: 271tr ;27cm,H :Giáo dục Việt Nam,2009,2,8,2,3,,,NULL
1346,"Designing embedded systems with Arduino : A fundamental technology for makers / Tianhong Pan, Yi Zhu","Dewey Class no. :006.22 P187-----Call no. :006.22 223; ----- Mô tả: xvi, 228p. ; 24cm",Singapore : Springer Nature Singapore,2018,2,1,2,3,,,NULL
1347,Hadoop : The definitive guide/ Tom White,"Dewey Class no. :005.74W582-----Call no. :005.74223; ----- Mô tả: xxv, 727p. ; 24cm",Sebastopol,CA : O'Reilly Media,1,1,2,3,,,NULL
1348,"Kết cấu bê tông cốt thép: Phần cấu kiện cơ bản/Phan Quang Minh, Ngô Thế Phong, Nguyễn Đình Cống",Dewey Class no. :624.18341P535-M664-----Call no. :222624.183 41; ----- Mô tả: 399tr.;24cm.,H.:Khoa học và Kỹ thuật,2006,1,78,2,3,,,NULL
1349,"Giáo trình thực hành thiết kế vi mạch số với VHDL/ Nguyễn Đình Phú, Trương Thị Bích Ngà",Dewey Class no. :621.3815N573-P577-----Call no. :621.3815223; ----- Mô tả: 466tr.; 24cm,Tp. Hồ Chí Minh:Đại học Quốc gia Tp. Hồ Chí Minh,2018,1,275,1,3,,,NULL
1350,Điện tử thông tin/Phạm Hồng Liên,Dewey Class no. :621.382P534-L719-----Call no. :222621.382; ----- Mô tả: 234tr.;24cm.,Tp.Hồ Chí Minh:Đại học Quốc gia,2005,1,17,2,3,,,NULL
1351,Amazon S3 essentials :Get started with Amazon S3 for virtually unlimited cloud and Internet storege/Sunil Gulabani,"Dewey Class no. :004.6782G971-----Call no. :004.6782223; ----- Mô tả: vii, 94p. ;24cn",Birmingham,UK:Packt Publishing,2,1,2,3,,,NULL
1352,Giáo trình xử lý ảnh:Ngành Điện - Điện tử/Nguyễn Thanh Hải,Dewey Class no. :006.6N573-H149-----Call no. :223006.6; ----- Mô tả: 171tr.;24cm,Tp. Hồ Chí Minh:Đại học Quốc gia Tp. Hồ Chí Minh,2014,1,335,2,3,,,NULL
1353,Cấu trúc dữ liệu và giải thuật/Lê Văn Vinh,Dewey Class no. :005.73L433-V784-----Call no. :222005.73; ----- Mô tả: 113tr.;24cm,Tp. Hồ Chí Minh:Đại học Quốc gia Tp. Hồ Chí Minh,2013,1,533,1,3,,,NULL
1354,"The elements of statistical learning: Data mining, inference, and prediction/ Trevor Hastie, Robert Tibshirani, Jerome Friedman","Dewey Class no. :519.5H356-----Call no. :519.5223; ----- Mô tả: xxii, 745p.;24cm",New York: Springer,2009,1,1,2,3,,,NULL
1355,"The UX book: Agile UX deisgn for a quality user experience/Rex Hartson, Pardha Pyla","Dewey Class no. :005.437H335-----Call no. :005.437223; ----- Mô tả: xxvi, 888p. ;24cm",Cambridge : MK,Morgan Kaufmann Publishers,1,1,2,3,,,NULL
1356,"Giáo trình xử lý ảnh y sinh:Ngành kỹ thuật y sinh/Nguyễn Thanh Hải, Ngô Quốc Cường",Dewey Class no. :610.28N573-H149-----Call no. :610.28223; ----- Mô tả: 252tr.;24cm,Tp. Hồ Chí Minh:Đại học Quốc gia Tp. Hồ Chí Minh,2015,1,211,2,3,,,NULL
1357,Multimedia learning/ Richard E. Mayer,"Dewey Class no. :371.33M468-----Call no. :371.33223; ----- Mô tả: xiii, 304p. ;23cm",Cambridge: Cambridge University Press,2012,1,1,2,3,,,NULL
1358,Giáo trình thực hành vi điều khiển PIC/ Nguyễn Đình Phú,Dewey Class no. :629.895 N573-P577-----Call no. :629.895223; ----- Mô tả: 398tr.; 24cm,Tp.Hồ Chí Minh: Đại học Quốc gia Tp. Hồ Chí Minh,2017,1,318,2,3,,,NULL
1359,"Rules of play: Game design fundamentals/ Katie Salen, Eric Zimmerman","Dewey Class no. :794.8S163-----Call no. :794.8223; ----- Mô tả: xv, 672p.; 24cm",Cambridge: The MIT Press,2004,1,1,2,3,,,NULL
1360,Kết cấu bê tông ứng suất trước/Nguyễn Tiến Chương,Dewey Class no. :624.1834N573-C559-----Call no. :624.183 4222; ----- Mô tả: 336tr.;27cm,Hà Nội:Xây dựng,2010,1,2,2,3,,,NULL
1361,"Giáo trình vi xử lý /Nguyễn Đình Phú, Trương Ngọc Anh",Dewey Class no. :629.8N573-P577-----Call no. :222629.8; ----- Mô tả: 323tr ;24cm,Tp. HCM.:Đại học Quốc gia Tp. Hồ Chí Minh,2013,2,1176,2,3,,,NULL
1362,"Don't make me think, revisited: A common sense approach to web usability/ Steve Krug","Dewey Class no. :005.72K94-----Call no. :005.72223; ----- Mô tả: xi, 200p. ;23cm",Berkeley: New Riders,2014,2,1,2,3,,,NULL
1363,"Embedded C programming and the microchip PIC /Richard Barnett, Larry O'Cull, Sarah Cox.","Dewey Class no. :005.133B261-----Call no. :005.133222; ----- Mô tả: xxii, 497 p. :ill. ;24 cm. +$e1 CD-ROM (4 3/4 in.)",Clifton Park,NY :Thomson/Delmar Learning,2,1,2,3,,,NULL
1364,Lập trình Android/Trương Thị Ngọc Phượng,Dewey Class no. :005.1T871-P577-----Call no. :005.1223; ----- Mô tả: 275tr. ; 24cm,Tp. Hồ Chí Minh : Thời đại,2014,1,2,1,3,,,NULL
1365,Android cookbook : Problems and solutions for Android developers / Ian F. Darwin,"Dewey Class no. :005.3 D228-----Call no. :005.3 223; ----- Mô tả: xxii, 747p. ; 24cm",Sebastopol,CA : O'Reilly,2,1,2,3,,,NULL
1366,"Công nghệ sản xuất sơn, vecni/Nguyễn Quang Huỳnh",Dewey Class no. :667.6N573-H987-----Call no. :222667.6; ----- Mô tả: 367tr.;24cm,H.:Khoa học và Kỹ thuật,2010,1,5,2,3,,,NULL
1367,Thiết kế và thi công nền đắp trên đất yếu/Nguyễn Quang Chiêu,Dewey Class no. :624.15N573-C533-----Call no. :221624.15; ----- Mô tả: 192tr;27cm,H.:Xây dựng,2004,1,3,2,3,,,NULL
1368,Tính toán thực hành cấu kiện bê tông cốt thép theo tiêu chuẩn TCXDVN 356 - 2005 - Tập 1/Nguyễn Đình Cống,Dewey Class no. :624.18341N573-C749-----Call no. :222624.18341; ----- Mô tả: 132tr.;27cm,H.:Xây dựng,2013,1,3,2,3,,,NULL
1369,Beginning Android 4 application development / Wei-Meng Lee,"Dewey Class no. :004L477-----Call no. :004223; ----- Mô tả: xxvi, 533 p.; 24cm",Ind : Wrox/John Wiley & Sons,2012,2,1,2,3,,,NULL
1370,Cầu bê tông cốt thép trên đường ôtô - Tập 1/Lê Đình Tâm ,Dewey Class no. :624.2L433-T153-----Call no. :624.2222; ----- Mô tả: 439tr.;27cm,H.:Xây dựng,2009,1,2,2,3,,,NULL
1371,Cầu bê tông cốt thép trên đường ôtô - Tập 2/Lê Đình Tâm ,Dewey Class no. :624.2L433-T153-----Call no. :624.2222; ----- Mô tả: 280tr.;27cm,H.:Xây dựng,2010,1,2,2,3,,,NULL
1372,Kỹ thuật sơn/ Đinh Văn Kiên,Dewey Class no. :667.6Đ584 - K47-----Call no. :221667.6; ----- Mô tả: 159tr.;19cm,Tp.HCM.:Thanh Niên,1998,1,3,2,3,,,NULL
1373,Quản trị dự án:Thiết lập và thẩm định dự án đầu tư. Lý thuyết và bài tập/Vũ Công Tuấn,Dewey Class no. :658.404V986-T883-----Call no. :658.404222; ----- Mô tả: 589tr.;24cm,H.:Thống kê,2010,1,9,2,3,,,NULL
1374,"Giáo trình thiết lập và thẩm định dự án đầu tư:Lý thuyết và bài tập/Nguyễn Quốc Ấn, Phạm Thị Hà, Phan Thị Thu Hương, Nguyễn Quang Thu",Dewey Class no. :658.404G434-----Call no. :658.404222; ----- Mô tả: 246tr.;24cm,H.:Thống kê,2009,1,19,2,3,,,NULL
1375,Tính toán thực hành cấu kiện bê tông cốt thép theo tiêu chuẩn TCXDVN 356 - 2005 - Tập 2/Nguyễn Đình Cống,Dewey Class no. :624.18341N573-C749-----Call no. :222624.18341; ----- Mô tả: 325tr.;27cm,H:Xây dựng,2011,1,8,2,3,,,NULL
1376,Tính toán tiết diện cột bê tông cốt thép:Sách xuất bản kỷ niệm 40 năm thành lập trường đại học Xây dựng 1966 - 2006/Nguyễn Đình Cống,Dewey Class no. :624.18341N573-C749-----Call no. :624.18341222; ----- Mô tả: 199tr.;27cm,H.:Xây dựng,2011,1,4,2,3,,,NULL
1377,"Khai thác kiểm định gia cố cầu/Nguyễn Ngọc Long, Nguyễn Văn Mợi, Nguyễn Như Khải (ch.b.)",Dewey Class no. :624.2N573-L848-----Call no. :624.2222; ----- Mô tả: 123tr.;21cm,H.:Xây dựng,2012,1,2,2,3,,,NULL
1378,Cấp nước đô thị:Dùng làm tài liệu giảng dạy cho sinh viên chuyên ngành kỹ thuật hạ tầng và môi trường đô thị/Nguyễn Ngọc Dung,Dewey Class no. :628.1N573-D916-----Call no. :222628.1; ----- Mô tả: 235tr.;27cm,H.:Xây dựng,2010,1,2,2,3,,,NULL
1379,Database management systems / Raghu Ramakrishnan; Johannes Gehrke,"Dewey Class no. :005.74 R165-----Call no. :005.74 223; ----- Mô tả: xxxii, 1065p. ; 24cm",New York : McGraw-Hill,2003,1,1,2,3,,,NULL
1380,"Database systems : The complete book / Hector Garcia-Molina, Jeffrey D. Ullman, Jennifer Widom","Dewey Class no. :005.74 G216-----Call no. :005.74 223; ----- Mô tả: xxxvi, 1203p. ; 24 cm",Upper Saddle River,N.J. : Pearson Prentice Hall,1,1,2,3,,,NULL
1381,Introducing python: Modern computing in simple packages/ Bill Lubanovic,"Dewey Class no. :005.133L926-----Call no. :005.133223; ----- Mô tả: xx, 459p.;24cm",Sebastopol,CA: O'Reilly Media,1,1,2,3,,,NULL
1382,"Data mining and analysis: Fundamental concepts and algorithms/ Mohammed J. Zaki, Wagner Meira","Dewey Class no. :006.312Z217-----Call no. :006.312223; ----- Mô tả: xi, 593p.;27cm",New York: Cambridge University Press,2014,1,1,2,3,,,NULL
1383,"Data warehouse systems:Design and implementation/ Alejandro Vaisman, Esteban Zimányi","Dewey Class no. :005.745V132-----Call no. :005.745223; ----- Mô tả: xxvi, 625p.; 24cm",Berlin: Springer,2014,1,1,2,3,,,NULL
1384,"Kết cấu thép: Công trình dân dụng và công nghiệp - Giáo trình dùng cho sinh viên ngành xây dựng, kiến trúc /Phạm Văn Hội, Nguyễn Quang Viên, Phạm Văn Tư,...",Dewey Class no. :624.1821K43-----Call no. :221624.182 1; ----- Mô tả: 359tr.;27cm,H :Khoa học và Kỹ thuật,2006,1,71,2,3,,,NULL
1385,"Bài tập vật lý đại cương - Tập 2 : Điện - Dao động - Sóng: Biên soạn theo chương trình của Bộ Giáo Dục và Đào Tạo ban hành năm 1990:Dùng cho các trường đại học khối công nghiệp, công trình thủy lợi, giao thông vận tải/Lương Duyên Bình (chủ biên), Nguyễn Hữu Hồ, Lê Văn Nghĩa, Nguyễn Quang Sính",Dewey Class no. :530.076B152-----Call no. :222530.076; ----- Mô tả: 1155tr.;21cm,Hà Nội:Giáo Dục,2006,1,10,2,3,,,NULL
1386,Introduction to computer security / Matt Bishop,"Dewey Class no. :005.8 B622-----Call no. :005.8 223; ----- Mô tả: xxxii, 747p. ; 24cm",Boston : Addison-Wesley,2005,1,1,2,3,,,NULL
1387,"Kết cấu thép: Công trình dân dụng và công nghiệp - Giáo trình dùng cho sinh viên ngành xây dựng, kiến trúc /Phạm Văn Hội, Nguyễn Quang Viên, Phạm Văn Tư,...",Dewey Class no. :624.1821K43-----Call no. :221624.182 1; ----- Mô tả: 359tr.;27cm,H :Khoa học và  kỹ thuật,2006,1,71,2,3,,,NULL
1388,Kinh tế xây dựng/Nguyễn Công Thạnh,Dewey Class no. :338.4N573-T367-----Call no. :222338.4; ----- Mô tả: 338tr.;24cm,Tp.Hồ Chí Minh:Đại học Quốc gia Tp.HCM,2010,2,100,2,3,,,NULL
1389,Kinh tế xây dựng/Nguyễn Công Thạnh,Dewey Class no. :338.4N573-T367-----Call no. :222338.4; ----- Mô tả: 338tr.;24cm,Tp.Hồ Chí Minh:Đại học Quốc gia Tp.HCM,2010,2,100,2,3,,,NULL
1390,Machine learning:A probabilistic perspective/Kevin P. Murphy,"Dewey Class no. :006.31M978-----Call no. :006.31223; ----- Mô tả: xxix, 1071p.;24cm",London: The MIT Press,2012,1,1,2,3,,,NULL
1391,"Thủy lực -T1 : Sách dùng trong các trường đại học kỹ thuật, soạn theo chương trình đã được hội đồng môn học thủy lực của Bộ Giáo dục và Đào tạo duyệt / Nguyễn Tài",Dewey Class no. :$221 621.2-----Call no. :221 621.2; ----- Mô tả: 180tr. ; 27cm,H. : Xây dựng,2016,1,5,2,3,,,NULL
1392,"Murach's Java servlets and JSP : Training & reference / Joel Murach, Michael Urban","Dewey Class no. :005.2762 M972-----Call no. :005.2762 223; ----- Mô tả: xx, 744p. ; 26cm",Fresno,2014,2,1,2,3,,,NULL
1393,"Kết cấu thép công trình dân dụng và công nghiệp:Giáo trình dùng cho sinh viên ngành xây dựng, kiến trúc/Phạm Văn Hội (ch.b), Nguyễn Quang Viên, Phạm Văn Tư,...",Dewey Class no. :624.1821P534-H719-----Call no. :221624.1821; ----- Mô tả: 359tr.;27cm,H.:Khoa học và Kỹ thuật,2006,1,18,2,3,,,NULL
1394,"Thủy lực : $nT2 : Sách dùng trong các trường đại học kỹ thuật, soạn theo chương trình đã được hội đồng môn học thủy lực của Bộ Giáo dục và Đào tạo duyệt / Nguyễn Tài, Lê Bá Sơn",Dewey Class no. :621.2 N573-T129-----Call no. :221 621.2; ----- Mô tả: 247tr. ; 27cm,H. : Xây dựng,2015,1,5,2,3,,,NULL
1395,Toán rời rạc/Nguyễn Hữu Anh,Dewey Class no. :511.1N573-A596-----Call no. :222511.1; ----- Mô tả: 201tr.;21cm.,Hà Nội:Lao Động Xã Hội,2006,1,67,2,3,,,NULL
1396,"Bài tập thủy lực - Tập 2 / Nguyễn Cảnh Cầm, Lưu Công Đào, Nguyễn Như Khuê, Hoàng Văn Quý",Dewey Class no. :621.2076 B152-----Call no. :221 621.2076; ----- Mô tả: 232tr ; 27cm,H : Xây dựng,2015,1,5,2,3,,,NULL
1397,"Bài tập cơ học kết cấu - Tập 1:Hệ tĩnh định/Lều Thọ Trình, Nguyễn Mạnh Yên",Dewey Class no. :624.17076L652-T833-----Call no. :222624.17076; ----- Mô tả: 208tr.;24cm,H.:Khoa học và Kỹ thuật,2012,1,16,2,3,,,NULL
1398,"Bài tập cơ học kết cấu - Tập 2:Hệ siêu tĩnh/Lều Thọ Trình, Nguyễn Mạnh Yên",Dewey Class no. :624.17076L652-T833-----Call no. :222624.17076; ----- Mô tả: 283tr.;24cm,H.:Khoa học và kỹ thuật,2012,1,16,2,3,,,NULL
1399,"Giáo trình toán rời rạc và lý thuyết đồ thị/ Nguyễn Thành Sơn, Đặng Trường Sơn, Lê Văn Vinh,...","DDC no. :511.5 G434, Call no. :511.5 223; Mô tả: 231tr. ; 24cm",Tp. Hồ Chí Minh:Đại học Quốc gia Tp. Hồ Chí Minh,2016,1,423,2,3,,,NULL
1400,"Toán rời rạc /Nguyễn Đức Nghĩa, Nguyễn Tô Thành",Dewey Class no. :511.1N573-N568-----Call no. :222511.1; ----- Mô tả: 290tr.;27cm,H.:Đại học Quốc gia Hà Nội,2009,1,20,2,3,,,NULL
1401,"Toán học rời rạc ứng dụng trong tin học /Kenneth H. Rosen; Phạm Văn Thiều, Đặng Hữu Thịnh (dịch)",Dewey Class no. :511.1R813-----Call no. :221511.1; ----- Mô tả: 858tr.;24cm,Hà Nội:Khoa Học Và Kỹ Thuật,2007,1,2,2,3,,,NULL
1402,"The C programming language / Brian W. Kernighan, Dennis M. Ritchie","Dewey Class no. :005.133 K39-----Call no. :005.133 223; ----- Mô tả: xii, 272p. ; 24cm",Tamil Nadu,India : Pearson,1,1,2,3,,,NULL
1403,Kỹ thuật lập trình C:Cơ sở và nâng cao /Phạm Văn Ất,Dewey Class no. :005.133P534-Â861-----Call no. :221005.133; ----- Mô tả: 540tr.;21cm,Hà Nội:Khoa Học và Kỹ Thuật,2006,1,1,2,3,,,NULL
1404,"Programming C# 3.0/Jesse Liberty, Donald Xie","Dewey Class no. :005.133L695-----Call no. :005.133 223; ----- Mô tả: xviii, 587p.;24cm",O’Reilly,2008,2,1,2,3,,,NULL
1405,Fundamentals of computers/V. Rajaraman,"Dewey Class no. :004.07R161-----Call no. :221004.07; ----- Mô tả: xi, 351p. includes index ; 29cm..",New Delhi: Prentice - Hall of India,2002,1,184,2,3,,,NULL
1406,Thiết kế đường ô tô -Tập 1/Đỗ Bá Chương,Dewey Class no. :625.8Đ631-C559-----Call no. :625.8222; ----- Mô tả: 159tr.;27cm,H.:Giáo dục Việt Nam,2010,1,15,2,3,,,NULL
1407,Thiết kế đường ô tô -Tập 1/Đỗ Bá Chương,Dewey Class no. :625.8Đ631-C559-----Call no. :625.8222; ----- Mô tả: 159tr.;27cm,H.:Giáo dục Việt Nam,2010,1,15,2,3,,,NULL
1408,Learn C the hard way : Practical exercises on the computational subjects you keep avoiding (like C) / Zed A. Shaw,"Dewey Class no. :005.133 S534-----Call no. :005.133 223; ----- Mô tả: xx, 362p. ; 24cm +1 DVD-ROM (4 3/4 in.)",New York : Addison-Wesley,2016,1,1,2,3,,,NULL
1409,Learn C the hard way : Practical exercises on the computational subjects you keep avoiding (like C) / Zed A. Shaw,"Dewey Class no. :005.133 S534-----Call no. :005.133 223; ----- Mô tả: xx, 362p. ; 24cm +1 DVD-ROM (4 3/4 in.)",New York : Addison-Wesley,2016,1,1,2,3,,,NULL
1410,"Learning UML 2.0 / Russ Miles, Kim Hamilton","Dewey Class no. :005.117 M643-----Call no. :005.117 223; ----- Mô tả: xiii, 269p., 24cm","Sebastopol, CA : O'Reilly",2006,1,1,2,3,,,NULL
1411,"Thiết kế đường ô tô - Tập 2:Nền mặt đường và công trình thoát nước/Dương Học Hải, Nguyễn Xuân Trục",Dewey Class no. :625.8D929-H141-----Call no. :222625.8; ----- Mô tả: 247tr.;27cm.,Hà Nội.:Giáo dục,2010,1,3,2,3,,,NULL
1412,"Thiết kế đường ô tô - Tập 2:Nền mặt đường và công trình thoát nước/Dương Học Hải, Nguyễn Xuân Trục",Dewey Class no. :625.8D929-H141-----Call no. :222625.8; ----- Mô tả: 247tr.;27cm.,Hà Nội.:Giáo dục,2010,1,3,2,3,,,NULL
1413,Machine learning:A probabilistic perspective/Kevin P. Murphy,"Dewey Class no. :006.31M978-----Call no. :006.31223; ----- Mô tả: xxix, 1071p.;24cm",London: The MIT Press,2012,1,1,2,3,,,NULL
1414,Machine learning:A probabilistic perspective/Kevin P. Murphy,"Dewey Class no. :006.31M978-----Call no. :006.31223; ----- Mô tả: xxix, 1071p.;24cm",London: The MIT Press,2012,1,1,2,3,,,NULL
1415,"Search engines : Information retrieval in practice / W. Bruce Croft, Donald Metzler, Trevor Strohman","Dewey Class no. :005.758 C941-----Call no. :005.758 223; ----- Mô tả: xxv, 520p. ; 24cm",Boston : Addison-Wesley,2010,1,1,2,3,,,NULL
1416,"Information retrieval : Implementing and evaluating search engines / Stefan Büttcher, Charles L.A. Clarke, Gordon V. Cormack","Dewey Class no. :025.524 B988-----Call no. :025.524 223; ----- Mô tả: xxiv, 606p. ; 23cm",The MIT Press,2010,2,1,2,3,,,NULL
1417,"Programming challenges : the programming contest training manual / Steven S. Skiena, Miguel A. Revilla","Dewey Class no. :005.1 S628-----Call no. :005.1 223; ----- Mô tả: xix, 359 p. : ill. ; 24cm",New York : Spinger,2003,1,1,2,3,,,NULL
1418,Thiết kế đường ô tô - Tập 3:Công trình vượt sông/Nguyễn Xuân Trục,Dewey Class no. :624.25N573-T865-----Call no. :222624.25; ----- Mô tả: 307tr.;27cm.,H.:Giáo dục,2009,1,3,2,3,,,NULL
1419,Thiết kế đường ô tô - Tập 3:Công trình vượt sông/Nguyễn Xuân Trục,Dewey Class no. :624.25N573-T865-----Call no. :222624.25; ----- Mô tả: 307tr.;27cm.,H.:Giáo dục,2009,1,3,2,3,,,NULL
1420,"Programming pig: Dataflow scripting with hadoop/ Alan Gates, Daniel Dai","Dewey Class no. :005.133G259-----Call no. :005.133223; ----- Mô tả: xvii, 345p.; 24cm",Sebastopol,CA: O'Reilly Media,1,1,2,3,,,NULL
1421,"Bài tập cơ học kết cấu - Tập 1:Hệ tĩnh định/Lều Thọ Trình, Nguyễn Mạnh Yên",Dewey Class no. :624.17076L652-T833-----Call no. :222624.17076; ----- Mô tả: 208tr.;24cm,H.:Khoa học và Kỹ thuật,2012,1,16,2,3,,,NULL
1422,"Bài tập cơ học kết cấu - Tập 2:Hệ siêu tĩnh/Lều Thọ Trình, Nguyễn Mạnh Yên",Dewey Class no. :624.17076L652-T833-----Call no. :222624.17076; ----- Mô tả: 283tr.;24cm,H.:Khoa học và kỹ thuật,2012,1,16,2,3,,,NULL
1423,Cơ học kết cấu - Tập 1 : Hệ tĩnh định / Lều Thọ Trình,Dewey Class no. :624.171 L652-T833-----Call no. :624.171 223; ----- Mô tả: 219tr. ; 24 cm,H. : Khoa học và Kỹ thuật,2014,1,2,2,3,,,NULL
1424,Cơ học kết cấu - Tập 2 : Hệ siêu tĩnh / Lều Thọ Trình,Dewey Class no. :624.171 L652-T833-----Call no. :624.171 223; ----- Mô tả: 324tr. ; 24 cm,H. : Khoa học và Kỹ thuật,2014,1,2,2,3,,,NULL
1425,"Thi công móng trụ mố cầu/Nguyễn Trâm, Nguyễn Tiến Oanh, Lê Đình Tâm, Phạm Duy Hòa",Dewey Class no. :624.284T422-----Call no. :22624.284; ----- Mô tả: 418tr ;21cm,H:Xây dựng,2011,1,8,2,3,,,NULL
1426,"Khai thác kiểm định gia cố cầu/Nguyễn Ngọc Long, Nguyễn Văn Mợi, Nguyễn Như Khải (ch.b.)",Dewey Class no. :624.2N573-L848-----Call no. :624.2222; ----- Mô tả: 123tr.;21cm,H.:Xây dựng,2012,1,2,2,3,,,NULL
1427,"Renewable energy resources / John Twidell, Tony Weir","Dewey Class no. :333.794 T972-----Call no. :333.794 223; ----- Mô tả: xxxi, 784p. ; 25cm",London; New York : Routledge,2015,1,1,2,3,,,NULL
1428,Các phương pháp cải tạo đất yếu trong xây dựng/Nguyễn Ngọc Bích,Dewey Class no. :624.151N573-B583-----Call no. :222624.151; ----- Mô tả: 310tr27cm,H.:Xây dựng,2010,1,2,2,3,,,NULL
1429,Boilers for power and process/ Kumar Rayaprolu.,"Dewey Class no. :621.194R264-----Call no. :621.194223; ----- Mô tả: lxv, 745 p. : ill. ; 27 cm",Boca Raton: CRC Press,2009,1,1,2,3,,,NULL
1430,"Bê tông cốt sợi thép/Nguyễn Viết Trung, Nguyễn Ngọc Long, Phạm Duy Anh",Dewey Class no. :693.54N573-T871-----Call no. :221693.54; ----- Mô tả: 102tr.;24cm,H.:Xây dựng,2012,1,2,2,3,,,NULL
1431,"Giáo trình đo lường nhiệt/Hoàng An Quốc, Hoàng Dương Hùng",Dewey Class no. :621.402H678-Q163-----Call no. :221621.402; ----- Mô tả: 224tr.;24cm,Tp.HCM:Đại học Quốc gia Tp.Hồ Chí Minh,2013,1,6,2,3,,,NULL
1432,Measurement and instrumentation principles/ Alan S. Morris.,"Dewey Class no. :530.8M875-----Call no. :530.8223; ----- Mô tả: xix, 475 p. : ill. ; 25 cm.",Oxford [England] ; Boston : Butterworth-Heinemann,2001,1,1,2,3,,,NULL
1433,"Bảo toàn năng lượng sử dụng hợp lý, tiết kiệm và hiệu quả trong công nghiệp/Nguyễn Xuân Phú, Nguyễn Thế Bảo",Dewey Class no. :333.796513N573-P577-----Call no. :222333.796 513; ----- Mô tả: 418tr.;24cm,Hà Nội:Khoa học và Kỹ thuật,2006,1,13,2,3,,,NULL
1434,"Kỹ thuật lạnh cơ sở/Nguyễn Đức Lợi, Phạm Văn Tùy",Dewey Class no. :621.56N573-L834-----Call no. :221621.56; ----- Mô tả: 379tr ;27cm,H :Giáo dục,2009,1,11,2,3,,,NULL
1435,"Kỹ thuật lạnh ứng dụng /Nguyễn Đức Lợi, Phạm Văn Tùy, Đinh Văn Thuận",Dewey Class no. :621.56N573-L834-----Call no. :221621.56; ----- Mô tả: 363tr.;27cm,H.:Giáo dục,2009,1,5,2,3,,,NULL
1436,"Sức bền vật liệu/Đỗ Kiến Quốc (ch.b); Nguyễn Thị Hiền Lương, Bùi Công Thành,...",Dewey Class no. :620.112Đ631-Q163-----Call no. :222620.112; ----- Mô tả: 306tr.;24cm.,Tp.Hồ Chí Minh:Đại học Quốc gia,2004,2,18,2,3,,,NULL
1437,Máy lạnh/Trần Thanh Kỳ,Dewey Class no. :621.56T772-K99-----Call no. :222621.56; ----- Mô tả: 625tr.;24cm,Tp.HCM.:Đại học quốc gia Tp.HCM.,2006,1,16,2,3,,,NULL
1438,Handbook of air conditioning and refrigeration/ Shan K. Wang.,Dewey Class no. :697.93W246-----Call no. :697.93223; ----- Mô tả: 1 v. (various pagings): ill.; 25 cm.,New York : McGraw-Hill,2001,1,1,2,3,,,NULL
1439,Refrigeration systems and applications/ Ibrahim Dancer,"Dewey Class no. :621.56D583-----Call no. :621.56223; ----- Mô tả: xix, 727 p. : ill. ; 25 cm",Chichester,West Sussex,1,1,2,3,,,NULL
1440,Refrigeration systems and applications/ Ibrahim Dancer,"Dewey Class no. :621.56D583-----Call no. :621.56223; ----- Mô tả: xix, 727 p. : ill. ; 25 cm",Chichester,West Sussex,1,1,2,3,,,NULL
1441,Giáo trình lò hơi/Đặng Thành Trung,Dewey Class no. :621.402Đ182-T871-----Call no. :221621.402; ----- Mô tả: 154tr.; 24cm,Tp.Hồ Chí Minh:Đại học Quốc gia Tp.Hồ Chí Minh,2013,1,574,2,3,,,NULL
1442,Vật liệu học cơ sở:Giáo trình cho các ngành cơ khí của các trường Đại học/Nghiêm Hùng,Dewey Class no. :620.112N576-H936-----Call no. :222620.112; ----- Mô tả: 483tr.;24cm,H.:Khoa học và Kỹ thuật,2010,1,6,2,3,,,NULL
1443,Boilers for power and process/ Kumar Rayaprolu.,"Dewey Class no. :621.194R264-----Call no. :621.194223; ----- Mô tả: lxv, 745 p. : ill. ; 27 cm",Boca Raton: CRC Press,2009,1,1,2,3,,,NULL
1444,"Renewable energy resources / John Twidell, Tony Weir","Dewey Class no. :333.794 T972-----Call no. :333.794 223; ----- Mô tả: xxxi, 784p. ; 25cm",London; New York : Routledge,2015,1,1,2,3,,,NULL
1445,Fuel cell technology handbook/ Gregor Hoogers,"Dewey Class no. :621.312H779-----Call no. :621.312223; ----- Mô tả: xvi, 328p.; 26cm",Boca Raton : CRC Press,2003,2,1,2,3,,,NULL
1446,"Fuel cell fundamentals / Ryan O'Hayre, Suk-Won Cha, Whitney G. Colella, Fritz B. Prinz","Dewey Class no. :621.312429F953-----Call no. :621.312429223; ----- Mô tả: xx, 580p.; 24cm",Hoboken New Jersey : John Wiley & Sons Inc.,2005,2,1,2,3,,,NULL
1447,"Hydrogen fuel cells for road vehicles /Pasquale Corbo, Fortunato Migliardini, Ottor Veneri","Dewey Class no. :629.2C792-----Call no. :629.2223; ----- Mô tả: ix, 245p.; 24cm",London : Springer,2011,2,1,2,3,,,NULL
1448,The Study Skills Handbook: Stella Cottrell,Dewey Class no. :371.3 C851-----Call no. :371.3 223; ----- Mô tả: 432p.: 27cm,USA: Red Globe Press,2019,2,1,2,3,,,NULL
1449,"The Buzan Study Skills Handbook/ Buzan, T. & Harrison, J. ",,Harlow : BBC Active.,2010,2,0,2,3,,,NULL
1450," How to Study (8th ed.)/ Fry, R. (2016)",,"Wayne, NJ : The Career Press, Inc.",2016,2,0,2,3,,,NULL
1451,""" On course: Strategies for Creating Success in College and in Life,  Study Skills Plus Edition""/ Downing, S. (2011)",,"Boston, Mass: Wadsworth, Cengage Learning. ",2011,2,0,2,3,,,NULL
1452,"Technical English 3/ Bonamy, D.",,Longman. Pearson Education Limited,2008,1,0,2,3,,http://172.30.11.76:4000/handle/123456789/492,NULL
1453,"Kỹ thuật điện tử/Lê Phi Yến, Lưu Phú, Nguyễn Như Anh",Dewey Class no. :621.381L433-Y45-----Call no. :222621.381; ----- Mô tả: 351tr.;24cm,Tp. Hồ Chí Minh:Đại học quốc gia Tp. Hồ Chí Minh,2005,2,21,2,3,,,NULL
1454,"Technical English 4/ Bonamy, D.",,Longman. Pearson Education Limited,2008,1,0,2,3,,http://172.30.11.76:4000/handle/123456789/578,NULL
1455,Kỹ thuật điện tử/Hoàng Ngọc Văn,,Tp. Hồ Chí Minh:Đại học Sư Phạm Kĩ Thuật TP.HCM,,2,0,1,3,,,NULL
1456,"Oxford English for Electrical and Mechanical Engineering/ Glendinning, Eric H. & Glendinning, N.",,Oxford. OUP,2002,1,0,2,3,,http://172.30.11.76:4000/handle/123456789/484,NULL
1457,"Giáo trình môn học thực tập điện lạnh 3/Lê Xuân Hòa, Hoàng An Quốc, Đặng Thành Trung, Lê Minh Nhựt ",,,,1,0,2,3,,,NULL
1458,Cambridge  English  for Engineering/ Mark  Ibbotson,,Cambridge  University Press,2008,1,0,2,3,,http://172.30.11.76:4000/handle/123456789/481,NULL
1459,"Renewable energy resources / John Twidell, Tony Weir","Dewey Class no. :333.794 T972-----Call no. :333.794 223; ----- Mô tả: xxxi, 784p. ; 25cm",London; New York : Routledge,2015,2,1,2,3,,,NULL
1460,Năng lượng mặt trời và các ứng dụng / Hoàng Dương Hùng,,KHKT,2010,2,0,2,3,,,NULL
1461,"Phong điện nguồn năng lượng tái tạo cho Việt Nam / Trần Văn Bình, Nguyễn Thế Việt, Ngyễn Ngọc",,Lao động ,2010,2,0,2,3,,,NULL
1462,Tiềm năng và phương hướng khai thác các dạng năng lượng tái tạo ở Việt Nam / Lê Chí Hiệp,,ĐHQG TP.HCM,2009,1,0,2,3,,,NULL
1463,Ứng dụng năng lượng mặt trời để đun nước nóng và sản xuất nước ngọt từ nước biển / Hoàng Đình Tín,,ĐHQG TP.HCM,2012,1,0,2,3,,,NULL
1464,Bảo toàn và quản lý năng lượng trong công nghiệp và trong các tòa nhà / Nguyễn Thế Bảo,,KH-KT,2015,1,0,2,3,,,NULL
1465,Năng lượng tái tạo / Nguyễn Thanh Hào,,ĐHQG TP.HCM,2012,1,0,2,3,,,NULL
1466,Năng lượng tái tạo và sự phát triển bền vững / PGS.TS Nguyễn Thế Bảo,,,,1,0,2,3,,,NULL
1467,Bài giảng môn chuyên đề năng lượng tái tạo / TS Lê Minh Nhựt,,,,1,0,2,3,,,NULL
1468,Renewable energy resources / T. John and W. Tony,,Taylor&Francis,2006,2,0,2,3,,,NULL
1469,Năng lượng mặt trời và các ứng dụng / Hoàng Dương Hùng,,KHKT,2010,2,0,2,3,,,NULL
1470,"Phong điện nguồn năng lượng tái tạo cho Việt Nam / Trần Văn Bình, Nguyễn Thế Việt, Nguyễn Ngọc",,Lao động ,2010,2,0,2,3,,,NULL
1471,Tiềm năng và phương hướng khai thác các dạng năng lượng tái tạo ở Việt Nam / Lê Chí Hiệp,,ĐHQG TP.HCM,2009,2,0,2,3,,,NULL
1472,Ứng dụng năng lượng mặt trời để đun nước nóng và sản xuất nước ngọt từ nước biển / Hoàng Đình Tín,,ĐHQG TP.HCM,2012,1,0,2,3,,,NULL
1473,Năng lượng tái tạo / Nguyễn Thanh Hào,,ĐHQG TP.HCM,2012,1,0,2,3,,,NULL
1474,"Bảo toàn năng lượng sử dụng hợp lý, tiết kiệm và hiệu quả trong công nghiệp/Nguyễn Xuân Phú, Nguyễn Thế Bảo",Dewey Class no. :333.796513N573-P577-----Call no. :222333.796 513; ----- Mô tả: 418tr.;24cm,Hà Nội:Khoa học và Kỹ thuật,2006,1,13,2,3,,,NULL
1475,Năng lượng tái tạo và sự phát triển bền vững / PGS.TS Nguyễn Thế Bảo,,,,1,0,2,3,,,NULL
1476,Bài giảng môn chuyên đề năng lượng tái tạo / TS Lê Minh Nhựt,,,,1,0,2,3,,,NULL
1477,"FACTS controller in power transmission and distribution / K.R. Padiyar	",,New age international publisher,2007,2,0,2,3,,,NULL
1478,"A review of wind energy technologies / G.M. Joselin Herbert, S. Iniyan, E. Sreevalsan, and S. Rajapandian",,Elsevier Renewable and Sustainable Energy,2007,2,0,2,3,,,NULL
1479,Overview of different wind generator systems and their comparisons / H. Li and Z. Chen,,IET Renewable Power Generator,2008,2,0,2,3,,,NULL
1480,Điện gió và quạt gió bơm nước / Nguyễn Ngọc,,Bách khoa Hà nội,2013,2,0,2,3,,,NULL
1481,Wind power in power systems / Thomas Ackermann,,John Wiley & Sons,2005,2,0,2,3,,,NULL
1482,"Industrial boilers and heat recovery steam generators: Design, applications and calculations / Ganapathy",,"Mrcel Dekker, Inc",2003,2,0,2,3,,,NULL
1483,Boilers for power and process/ Kumar Rayaprolu.,"Dewey Class no. :621.194R264-----Call no. :621.194223; ----- Mô tả: lxv, 745 p. : ill. ; 27 cm",Boca Raton: CRC Press,2009,2,1,2,3,,,NULL
1484,Bài giảng môn chuyên đề nhiệt / PGS TS. Đặng Thành Trung ,,,,1,1,2,3,,,NULL
1485,Năng lượng mặt trời và các ứng dụng / Hoàng Dương Hùng,,KHKT,2010,2,0,2,3,,,NULL
1486,"Phong điện nguồn năng lượng tái tạo cho Việt Nam / Trần Văn Bình, Nguyễn Thế Việt, Nguyễn Ngọc",,Lao động ,2010,2,0,2,3,,,NULL
1487,Tiềm năng và phương hướng khai thác các dạng năng lượng tái tạo ở Việt Nam / Lê Chí Hiệp,,ĐHQG TP.HCM,2009,1,0,2,3,,,NULL
1488,Ứng dụng năng lượng mặt trời để đun nước nóng và sản xuất nước ngọt từ nước biển / Hoàng Đình Tín,,ĐHQG TP.HCM,2012,1,0,2,3,,,NULL
1489,Bảo toàn và quản lý năng lượng trong công nghiệp và trong các tòa nhà / Nguyễn Thế Bảo,,KH-KT,2015,1,0,2,3,,,NULL
1490,Năng lượng tái tạo / Nguyễn Thanh Hào,,ĐHQG TP.HCM,2012,1,0,2,3,,,NULL
1491,Năng lượng tái tạo và sự phát triển bền vững / PGS.TS Nguyễn Thế Bảo,,,,1,0,2,3,,,NULL
1492,Bài giảng môn chuyên đề năng lượng tái tạo / TS Lê Minh Nhựt,,,,1,0,2,3,,,NULL
1493,"Bơm, quạt, máy nén:Giáo trình dùng cho sinh viên các trường đại học, cao đẳng kỹ thuật... /Nguyễn Văn May, hiệu đính: Nguyễn Như Thung",Dewey Class no. :621.26N573-M466-----Call no. :221621.26; ----- Mô tả: 289tr;27cm,H.:Khoa học và kỹ thuật,2007,1,10,2,3,,,NULL
1494,"Bài giảng Máy thuỷ khí / Lê Thị Minh Nghĩa, Nguyễn Thiện Tống",,ĐHKT Tp. Hồ Chí Minh,,2,0,2,3,,,NULL
1495,"Giáo trình Bơm, Quạt, Máy nén/Lê Xuân Hòa, Nguyễn Thị Bích Ngọc",Dewey Class no. :621.26L433-H678-----Call no. :221621.26; ----- Mô tả: 219tr.;29cm.,Tp. HCM:Đại học Sư phạm Kỹ thuật,2004,2,120,2,3,,,NULL
1496,"Tính toán, vận hành và sửa chữa máy lạnh / Nguyễn Văn May",,khoa học và kỹ thuật,1985,2,0,2,3,,,NULL
1497,"Kỹ thuật lạnh ứng dụng /Nguyễn Đức Lợi, Phạm Văn Tùy, Đinh Văn Thuận",Dewey Class no. :621.56N573-L834-----Call no. :221621.56; ----- Mô tả: 363tr.;27cm,H.:Giáo dục,2009,2,5,2,3,,,NULL
1498,"Kỹ thuật lạnh ứng dụng /Nguyễn Đức Lợi, Phạm Văn Tùy, Đinh Văn Thuận",Dewey Class no. :621.56N573-L834-----Call no. :221621.56; ----- Mô tả: 363tr.;27cm,H.:Giáo dục,2009,2,5,2,3,,,NULL
1499,"Kỹ thuật lạnh cơ sở/Nguyễn Đức Lợi, Phạm Văn Tùy",Dewey Class no. :621.56N573-L834-----Call no. :221621.56; ----- Mô tả: 379tr ;27cm,H :Giáo dục,2009,2,11,2,3,,,NULL
1500,Tính toán thiết kế hệ thống lạnh / Nguyễn Đức Lợi,,,,1,0,2,3,,,NULL
1501,"Combined-cycle gas & steam turbine power plants / Rolf Kehlhofer, Bert Rukes, Frank Hannemann, Franz Stirnimann",Dewey Class no. :621.312132 C731-----Call no. :621.312132 223; ----- Mô tả: 434 p. ; 24 cm,Tulsa Okla : PennWell,2009,1,1,2,3,,,NULL
1502,"Steam plant operation / Everett B. Woodruff, Herbert B. Lammers, Thomas F. Lammers","Dewey Class no. :621.1 W893-----Call no. :621.1 223; ----- Mô tả: xvii, 729p. ; 24 cm",New York. : McGraw-Hill,2017,1,1,2,3,,,NULL
1503,Power plant engineering/P. K. Nag,"Dewey Class no. :621.3121N147-----Call no. :621.3121223; ----- Mô tả: xii, 973p.;23cm",New Delhi:McGraw Hill Education Private Limited,2013,1,1,2,3,,,NULL
1504,Tuốc bin hơi nước :Lý thuyết và cấu tạo /Phạm Lương Tuệ,Dewey Class no. :621.433P534-T913-----Call no. :221621.433; ----- Mô tả: 452tr ;27cm,H :Khoa học và kỹ thuật,2005,2,8,2,3,,,NULL
1505,"Nhà máy nhiệt điện: $nT1 /Nguyễn Công Hân, Nguyễn Quốc Trung, Đỗ Anh Tuấn",Dewey Class no. :621.31243N573 - H233-----Call no. :221621.31243; ----- Mô tả: 312tr.;24cm,Hà Nội:Khoa Học và Kỹ Thuật,2002,2,6,2,3,,,NULL
1506,"Nhà máy nhiệt điện:$nTập 2 /Nguyễn Công Hân, Nguyễn Quốc Trung, Đỗ Anh Tuấn",Dewey Class no. :621.31243N573 - H233-----Call no. :221621.31243; ----- Mô tả: 200tr.;24cm,Hà Nội:Khoa Học và Kỹ Thuật,2002,2,6,2,3,,,NULL
1507,"Kỹ thuật nhiệt điện/Phan Quang Xưng, Hoàng Ngọc Đồng",Dewey Class no. :621.31P535-X195-----Call no. :221621.31; ----- Mô tả: 230tr;20.5cm,H:Khao học và Kỹ thuật,2002,1,11,2,3,,,NULL
1508,Bài giảng môn nhà máy nhiệt điện / Lê Minh Nhựt,,,,1,0,2,3,,,NULL
1509,Giáo trình tuabin hơi nước và tuabin khí/Nguyễn Văn Tuyên,Dewey Class no. :621.165N573-T968-----Call no. :621.165222; ----- Mô tả: 265tr.;27cm,Tp.HCM :Đại học quốc gia Tp.Hồ Chí Minh,2007,1,10,2,3,,,NULL
1510,Đo lường nhiệt / TS Võ Huy Hoàn,,Giáo dục ,2013,1,0,2,3,,,NULL
1511,Thermal Measurement in Heat Transfer / Ernst r.g.  Eckert and Richard J. Goldstein,,Technivision Services Slough,1970,2,0,2,3,,,NULL
1512,"Thermal insulation materials / Van, E.A",,Federation of European Rigid Polyurethane Foram Associations,2006,2,0,2,3,,,NULL
1513,Thermal materials-testing and applications / Ronals S,,West Conshohocken PA,1991,2,0,2,3,,,NULL
1514,"Vật liệu kĩ thuật nhiệt lạnh/Nguyễn Đức Lợi, Vũ Diễm Hương, Nguyễn Khắc Xương",Dewey Class no. :620.11296N573-L834-----Call no. :222620.11296; ----- Mô tả: 298tr.;21cm,H.:Bách khoa,2008,1,5,2,3,,,NULL
1515,"Thermodynamics: fundamentals for applications/ J. P. Connell, J. M. Haile","Dewey Class no. :536.7O18-----Call no. :536.7223; ----- Mô tả: xv, 645 p. : ill. ; 24 cm.",N.Y USA: Cambridge University Press,2005,2,1,2,3,,,NULL
1516,"Nhiệt động lực học kỹ thuật/Hoàng Đình Tín, Lê Chí Hiệp",Dewey Class no. :621.4021H678-T587-----Call no. :621.4021221; ----- Mô tả: 478tr.;27cm,Tp.HCM :Đại học Quốc gia Tp.Hồ Chí Minh,2007,2,12,2,3,,,NULL
1517,"Giáo trình nhiệt động lực học kỹ thuật/Lê Kim Dưỡng, Đặng Thành Trung",Dewey Class no. :621.4021L433-D928-----Call no. :621.4021222; ----- Mô tả: 196tr.;24cm,Tp. Hồ Chí Minh:Đại học Quốc gia Tp. Hồ Chí Minh,2013,2,561,2,3,,,NULL
1518,Refrigeration systems and applications/ Ibrahim Dancer,"Dewey Class no. :621.56D583-----Call no. :621.56223; ----- Mô tả: xix, 727 p. : ill. ; 25 cm",John Wiley & Sons,2017,2,1,2,3,,,NULL
1519,Handbook of air conditioning and refrigeration/ Shan K. Wang.,Dewey Class no. :697.93W246-----Call no. :697.93223; ----- Mô tả: 1 v. (various pagings): ill.; 25 cm.,New York : McGraw-Hill,2001,2,1,2,3,,,NULL
1520,Bài giảng môn chuyên đề lạnh / Lê Xuân Hòa,,,,1,0,2,3,,,NULL
1521,Năng lượng tái tạo và sự phát triển bền vững / Nguyễn Thế Bảo,,,,1,0,2,3,,,NULL
1522,Bài giảng môn chuyên đề năng lượng tái tạo / Lê Minh Nhựt,,,,1,0,2,3,,,NULL
1523,"Phong điện nguồn năng lượng tái tạo cho Việt Nam / Trần Văn Bình, Nguyễn Thế Việt, Nguyễn Ngọc",,Lao động ,2010,2,0,2,3,,,NULL
1524,Refrigeration systems and applications/ Ibrahim Dancer,"Dewey Class no. :621.56D583-----Call no. :621.56223; ----- Mô tả: xix, 727 p. : ill. ; 25 cm",John Wiley & Sons,2017,2,1,2,3,,,NULL
1525,"Kỹ thuật lạnh ứng dụng /Nguyễn Đức Lợi, Phạm Văn Tùy, Đinh Văn Thuận",Dewey Class no. :621.56N573-L834-----Call no. :221621.56; ----- Mô tả: 363tr.;27cm,H.:Giáo dục,2009,2,5,2,3,,,NULL
1526,Tài liệu giảng dạy thực tập điện lạnh 4,,,,1,0,2,3,,,NULL
1527,Engineering fundamentals/ Timings R.,,Newnes Publishing,2002,1,0,2,3,,http://172.30.11.76:4000/handle/123456789/482,NULL
1528,"Kỹ thuật lạnh ứng dụng /Nguyễn Đức Lợi, Phạm Văn Tùy, Đinh Văn Thuận",Dewey Class no. :621.56N573-L834-----Call no. :221621.56; ----- Mô tả: 363tr.;27cm,H.:Giáo dục,2009,1,5,2,3,,,NULL
1529,"Kỹ thuật lạnh ứng dụng /Nguyễn Đức Lợi, Phạm Văn Tùy, Đinh Văn Thuận",Dewey Class no. :621.56N573-L834-----Call no. :221621.56; ----- Mô tả: 363tr.;27cm,H.:Giáo dục,2009,1,5,2,3,,,NULL
1530,"Kỹ thuật lạnh ứng dụng /Nguyễn Đức Lợi, Phạm Văn Tùy, Đinh Văn Thuận",Dewey Class no. :621.56N573-L834-----Call no. :221621.56; ----- Mô tả: 363tr.;27cm,H.:Giáo dục,2009,1,5,2,3,,,NULL
1531,Giáo trình môn học thực tập điện lạnh 2,,,,1,0,2,3,,,NULL
1532,Giáo trình môn học thực tập điện lạnh 1,,,,1,0,2,3,,,NULL
1533,Giáo trình thực tập điện lạnh 3,,,,1,0,2,3,,,NULL
1534,Máy lạnh/Trần Thanh Kỳ,Dewey Class no. :621.56T772-K99-----Call no. :222621.56; ----- Mô tả: 625tr.;24cm,Tp.HCM.:Đại học quốc gia Tp.HCM.,2006,2,16,2,3,,,NULL
1535,Máy lạnh/Trần Thanh Kỳ,Dewey Class no. :621.56T772-K99-----Call no. :222621.56; ----- Mô tả: 625tr.;24cm,Tp.HCM.:Đại học quốc gia Tp.HCM.,2006,2,16,2,3,,,NULL
1536,Refrigeration systems and applications/ Ibrahim Dancer,"Dewey Class no. :621.56D583-----Call no. :621.56223; ----- Mô tả: xix, 727 p. : ill. ; 25 cm",John Wiley & Sons,2017,2,1,2,3,,,NULL
1537,Refrigeration systems and applications/ Ibrahim Dancer,"Dewey Class no. :621.56D583-----Call no. :621.56223; ----- Mô tả: xix, 727 p. : ill. ; 25 cm",John Wiley & Sons,2017,2,1,2,3,,,NULL
1538,Máy lạnh/Trần Thanh Kỳ,Dewey Class no. :621.56T772-K99-----Call no. :222621.56; ----- Mô tả: 625tr.;24cm,Tp.HCM.:Đại học quốc gia Tp.HCM.,2006,2,16,2,3,,,NULL
1539,Máy lạnh/Trần Thanh Kỳ,Dewey Class no. :621.56T772-K99-----Call no. :222621.56; ----- Mô tả: 625tr.;24cm,Tp.HCM.:Đại học quốc gia Tp.HCM.,2006,2,16,2,3,,,NULL
1540,Máy lạnh/Trần Thanh Kỳ,Dewey Class no. :621.56T772-K99-----Call no. :222621.56; ----- Mô tả: 625tr.;24cm,Tp.HCM.:Đại học quốc gia Tp.HCM.,2006,2,16,2,3,,,NULL
1541,Handbook of air conditioning and refrigeration/ Shan K. Wang.,Dewey Class no. :697.93W246-----Call no. :697.93223; ----- Mô tả: 1 v. (various pagings): ill.; 25 cm.,New York : McGraw-Hill,2001,2,1,2,3,,,NULL
1542,Handbook of air conditioning and refrigeration/ Shan K. Wang.,Dewey Class no. :697.93W246-----Call no. :697.93223; ----- Mô tả: 1 v. (various pagings): ill.; 25 cm.,New York : McGraw-Hill,2001,2,1,2,3,,,NULL
1543,Refrigeration systems and applications/ Ibrahim Dancer,"Dewey Class no. :621.56D583-----Call no. :621.56223; ----- Mô tả: xix, 727 p. : ill. ; 25 cm",John Wiley & Sons,2017,2,1,2,3,,,NULL
1544,Refrigeration systems and applications/ Ibrahim Dancer,"Dewey Class no. :621.56D583-----Call no. :621.56223; ----- Mô tả: xix, 727 p. : ill. ; 25 cm",John Wiley & Sons,2017,2,1,2,3,,,NULL
1545,"Kỹ thuật lạnh đại cương/Trần Đức Ba (ch.b), Nguyễn Văn Tài, Trần Thu Hà,...",Dewey Class no. :621.56T772-B111-----Call no. :621.56222; ----- Mô tả: 425tr.;27cm,Tp. Hồ Chí Minh:Đại học Quốc gia Tp. Hồ Chí Minh,2007,2,37,2,3,,,NULL
1546,"Kỹ thuật lạnh đại cương/Trần Đức Ba (ch.b), Nguyễn Văn Tài, Trần Thu Hà,...",Dewey Class no. :621.56T772-B111-----Call no. :621.56222; ----- Mô tả: 425tr.;27cm,Tp. Hồ Chí Minh:Đại học Quốc gia Tp. Hồ Chí Minh,2007,2,37,2,3,,,NULL
1547,"Kỹ thuật lạnh ứng dụng /Nguyễn Đức Lợi, Phạm Văn Tùy, Đinh Văn Thuận",Dewey Class no. :621.56N573-L834-----Call no. :221621.56; ----- Mô tả: 363tr.;27cm,H.:Giáo dục,2009,2,5,2,3,,,NULL
1548,"Kỹ thuật lạnh ứng dụng /Nguyễn Đức Lợi, Phạm Văn Tùy, Đinh Văn Thuận",Dewey Class no. :621.56N573-L834-----Call no. :221621.56; ----- Mô tả: 363tr.;27cm,H.:Giáo dục,2009,2,5,2,3,,,NULL
1549,"Tính toán, vận hành và sửa chữa máy lạnh / Nguyễn Văn May",,Khoa học và Kỹ thuật,1985,2,0,2,3,,,NULL
1550,"Kỹ thuật lạnh cơ sở/Nguyễn Đức Lợi, Phạm Văn Tùy",Dewey Class no. :621.56N573-L834-----Call no. :221621.56; ----- Mô tả: 379tr ;27cm,H :Giáo dục,2009,2,11,2,3,,,NULL
1551,"Kỹ thuật lạnh cơ sở/Nguyễn Đức Lợi, Phạm Văn Tùy",Dewey Class no. :621.56N573-L834-----Call no. :221621.56; ----- Mô tả: 379tr ;27cm,H :Giáo dục,2009,2,11,2,3,,,NULL
1552,Tính toán thiết kế hệ thống lạnh / Nguyễn Đức Lợi,,,,1,0,2,3,,,NULL
1553,Giáo trình Kỹ thuật lạnh cơ sở / Lê Xuân Hòa,,rường Đại học Sư phạm Kỹ thuật Tp.HCM ,2007,1,0,1,3,,,NULL
1554,"Automatic control systems/Benjamin C. Kuo,",Dewey Class no. :629.8K96-----Call no. :221629.8; ----- Mô tả: 897p.;28cm..,New Jersey:Prentice-Hall,1995,2,1,2,3,,,NULL
1555,"Tiếng việt thực hành /Nguyễn Minh Thuyết (chủ biên), Nguyễn Văn Hiệp",Dewey Class no. :495.9228N573-T547-----Call no. :221495.9228; ----- Mô tả: 278tr.;21cm,Hà Nội:Đại Học Quốc Gia Hà Nội,1997,1,6,2,3,,,NULL
1556,Computer Systems for Automation and Control / M. J. Grimble,,Prentice Hall International Editions,1995,2,0,2,3,,,NULL
1557,Tự động hóa hệ thống lạnh/Nguyễn Đức Lợi,,H.:Giáo dục,2010,2,10,2,3,,,NULL
1558,"Ngữ pháp Tiếng Việt :Tập 1 : Đã được Hội đồng thẩm định sách của Bộ Giáo dục và Đào tạo giới thiệu làm sách dùng chung cho các trường Đại học Sư phạm /Diệp Quang Ban, Hoàng Văn Thung",Dewey Class no. :495.9225D562-B212-----Call no. :222495.922 5; ----- Mô tả: 191tr. ;21cm.,H. :Giáo dục,2009,1,2,2,3,,,NULL
1559,"Nguyên lý tự động hóa quá trình nhiệt / Hoàng Dương Hùng, Lê Xuân Hòa, Hoàng An Quốc",,ĐHQG HCM,2012,1,0,2,3,,,NULL
1560,Ngữ pháp Tiếng Việt :Tập 2 : Đã được hội đồng thẩm định sách của Bộ Giáo dục và Đào tạo gới thiệu làm sách dùng chung cho các trường Đại học Sư phạm /Diệp Quang Ban,Dewey Class no. :495.9225D562-B212-----Call no. :222495.922 5; ----- Mô tả: 260tr. ;21cm.,H. :Giáo dục,2009,1,2,2,3,,,NULL
1561,"Giáo trình Bơm, Quạt, Máy nén/Lê Xuân Hòa, Nguyễn Thị Bích Ngọc",Dewey Class no. :621.26L433-H678-----Call no. :221621.26; ----- Mô tả: 219tr.;29cm.,Tp. HCM:Đại học Sư phạm Kỹ thuật,2004,1,120,2,3,,,NULL
1562,"Tiếng Việt thực hành/Bùi Minh Toán (chủ biên), Lê A, Đỗ Việt Hùng",Dewey Class no. :495.9228B932-T627-----Call no. :221495.9228; ----- Mô tả: 279tr.;21cm,Hà Nội:Giáo Dục,2011,2,500,2,3,,,NULL
1563,Hệ thống điều khiển bằng khí nén/Nguyễn Ngọc Phương,Dewey Class no. :629.8045N573-P577-----Call no. :221629.804 5; ----- Mô tả: 288tr;27cm,H:Giáo dục,2007,1,444,2,3,,,NULL
1564,"Giáo trình Bơm, Quạt, Máy nén/Lê Xuân Hòa, Nguyễn Thị Bích Ngọc",Dewey Class no. :621.26L433-H678-----Call no. :221621.26; ----- Mô tả: 219tr.;29cm.,Tp. HCM:Đại học Sư phạm Kỹ thuật,2004,1,120,2,3,,,NULL
1565,"Bài giảng Máy thủy khí / Lê Thị Minh Nghĩa, Nguyễn Thiện Tống",,ĐHKT Tp. Hồ Chí Minh,,2,0,2,3,,,NULL
1566,Ngữ pháp tiếng Việt/ Nguyễn Tài Cẩn,,Hà Nội:Đại học Quốc gia,1999,2,0,2,3,,,NULL
1567,"Bơm, quạt, máy nén:Giáo trình dùng cho sinh viên các trường đại học, cao đẳng kỹ thuật... /Nguyễn Văn May, hiệu đính: Nguyễn Như Thung",Dewey Class no. :621.26N573-M466-----Call no. :221621.26; ----- Mô tả: 289tr;27cm,H.:Khoa học và kỹ thuật,2007,2,10,2,3,,,NULL
1568,Ngữ pháp chức năng tiếng Việt/ Cao Xuân Hạo,,Hà Nội:Giáo dục,2005,2,0,2,3,,,NULL
1569,"Giáo trình Nhập môn Công nghệ Kỹ thuật Nhiệt / Đặng Thành Trung, Hoàng An Quốc",,,,1,0,2,3,,,NULL
1570,Engineering fundamentals: an introduction to engineering/ Saeed Moaveni.,"Dewey Class no. :620M687-----Call no. :620223; ----- Mô tả: xxiv, 867 pages : illustrations ; 26 cm",MA USA : Cengage,2020,2,2,2,3,,,NULL
1571,"Thiết bị trao đổi nhiệt / Bùi Hải, Dương Đức Hùng, Hà Mạnh Thư",,Khoa học và Kỹ thuật ,2001,2,0,2,3,,,NULL
1572,Heat transfer - A Practical Approach / Yunus A. Cengel,,McGraw-Hill,2003,2,1,2,3,,,NULL
1573,Bài giảng môn thiết bị trao đổi nhiệt / Hoàng An Quốc ,,,,1,0,2,3,,,NULL
1574,Heat transfer / J. P. Holman,"Dewey Class no. :536.2 H747-----Call no. :223 536.2; ----- Mô tả: xxii, 725p. ; 27 cm",New York : McGraw Hill,2010,2,1,2,3,,,NULL
1575,Heat transfer / J. P. Holman,"Dewey Class no. :536.2 H747-----Call no. :223 536.2; ----- Mô tả: xxii, 725p. ; 27 cm",New York : McGraw Hill,2010,2,1,2,3,,,NULL
1576,Cơ sở truyền nhiệt/Hoàng Đình Tín,Dewey Class no. :536.2H678-T587-----Call no. :222536.2; ----- Mô tả: 369tr.;24cm,Tp.HCM.:Đại học quốc gia Tp.HCM,2010,1,3,2,3,,,NULL
1577,Applied fluid mechanics/ Robert L. Mott,"Dewey Class no. :620.106M921-----Call no. :223620.106; ----- Mô tả: 547 p.: ill, 28 cm",England: Pearson Education Limited,2016,2,1,2,3,,,NULL
1578,"Cơ học lưu chất kỹ thuật / Trần chấn Chỉnh, Lê Thị Minh Nghĩa",,Trường ĐHBK TP.HCM,1992,2,0,2,3,,,NULL
1579,Thủy khí kỹ thuật và máy bơm:Môn học: 1132100 - Cơ học lưu chất ứng dụng; 1132060 - Cơ học lưu chất ứng dụng B; 1132020 - Thủy khí/Phạm Thị Thanh Tâm,Dewey Class no. :621.2P534-T153-----Call no. :221621.2; ----- Mô tả: 293tr.;21cm..,Tp. Hồ Chí Minh: Đại Học Sư Phạm Kỹ Thuật,2006,2,1079,2,3,,,NULL
1580,Chuyên đề lạnh / Lê Xuân Hòa,,Trường đại học Sư phạm Kỹ thuật Tp. HCM,2009,2,0,2,3,,,NULL
1581,English for the automotive industry / Marie Kavanagh,,Oxford University Press,2007,2,0,2,3,,,NULL
1582,Oxford English for Electrical and Mechanical Engineering Student's Book / Eric Glendining,,Oxford University Press,2006,2,0,2,3,,,NULL
1583,Technical English Report and Writing / Jyh-tong Teng,,CYCU,2008,2,0,2,3,,,NULL
1584,Teaching English Language Learners in Career and Technical Education Programs / Victor M. Henandez-Gantes,,Taylor and Francis,2009,2,0,2,3,,,NULL
1585,"English for thermal engineering/Đặng Thành Trung, Trần Ngọc Tân, Jyh-tong Teng",Dewey Class no. :428Đ182-T871-----Call no. :428223; ----- Mô tả: 150tr.;24cm,Tp.Hồ Chí Minh:Đại học Quốc gia Tp. Hồ Chí Minh,2014,1,208,1,3,,,NULL
1586,Fueling our future: an introduction to sustainable energy/ Robert L. Evans.,"Dewey Class no. :333.79E924-----Call no. :333.79223; ----- Mô tả: xii, 180 p.: ill.; 24 cm.",Cambridge New York: Cambridge University Press,2007,2,1,2,3,,,NULL
1587,"Energy management handbook / Stephen A. Roosa, Steve Doty, Wayne C. Turner","Dewey Class no. :658.26E567-----Call no. :223658.26; ----- Mô tả: xvii, 893 p.: ill, 29 cm",Louisville Kentucky: Fairmont Press,2018,2,1,2,3,,,NULL
1588,"Energy conservation guidebook / Dale R. Patrick, Stephen W. Fardo, Ray E. Richardson, Brian W. Fardo.","Dewey Class no. :696E567-----Call no. :696223; ----- Mô tả: xii, 523 pages : illustrations ; 24 cm",Lilburn GA : The Fairmont Press,2014,2,1,2,3,,,NULL
1589,"Energy efficiency and renewable energy handbook/ D. Yogi Goswami, Frank Kreith","Dewey Class no. :333.79E567-----Call no. :333.79223; ----- Mô tả: xxiii, 1822p.; 26cm",Boca Raton:CRC Press/Taylor & Francis Group ,2016,2,2,2,3,,,NULL
1590,"Giáo trình kinh tế năng lượng: tái bản lần thứ nhất, có chỉnh sửa, bổ sung/ Đặng Thành Trung, Đặng Thị Thanh Loan","Dewey Class no. :333.793Đ182-T871-----Call no. :222333.793; ----- Mô tả: 275tr.: hình, bảng; 24cm",Tp. Hồ Chí Minh: Đại học Quốc gia Tp. Hồ Chí Minh,2021,1,250,1,3,,,NULL
1591,Handbook of industrial drying / S.Arun,,Taylor& Francis,2006,2,0,2,3,,,NULL
1592,Tính toán và thiết kế hệ thống sấy/Trần Văn Phú,Dewey Class no. :664.0284T772-P577-----Call no. :631.3; ----- Mô tả: 360tr. ;27cm..,Hà Nội: Giáo dục,2002,2,5,2,3,,,NULL
1593,Thiết kế hệ thống thiết bị sấy/Hoàng Văn Chước,Dewey Class no. :664.0284H678-C559-----Call no. :664.028 4222; ----- Mô tả: 220tr.;21cm.,H.:Khoa học và Kỹ thuật,2006,1,28,2,3,,,NULL
1594,Bài giảng môn kỹ thuật sấy / Lê Minh Nhựt,,,,1,0,2,3,,,NULL
1595,Kỹ thuật sấy/ Hoàng Văn Chước,"Dewey Class no. :664.0284H678-C559-----Call no. :221664.028 4; ----- Mô tả: 280tr.;20,5cm..",Hà Nội: Khoa học và kỹ thuật,1997,1,12,2,3,,,NULL
1596,Kỹ thuật sấy/ Hoàng Văn Chước,"Dewey Class no. :664.0284H678-C559-----Call no. :221664.028 4; ----- Mô tả: 280tr.;20,5cm..",Hà Nội: Khoa học và kỹ thuật,1997,1,12,2,3,,,NULL
1597,Tính toán và thiết kế hệ thống sấy/Trần Văn Phú,Dewey Class no. :664.0284T772-P577-----Call no. :631.3; ----- Mô tả: 360tr. ;27cm..,Hà Nội: Giáo dục,2002,2,5,2,3,,,NULL
1598,Handbook of industrial drying / S.Arun,Dewey Class no. :664.0284T772-P577-----Call no. :631.3; ----- Mô tả: 360tr. ;27cm..,Taylor& Francis,2006,2,0,2,3,,,NULL
1599,Hướng dẫn thiết kế hệ thống lạnh/Nguyễn Đức Lợi,Dewey Class no. :621.56N573-L834-----Call no. :222621.56; ----- Mô tả: 411tr.;24cm,H.:Khoa học và Kỹ thuật,2011,2,6,2,3,,,NULL
1600,Bài giảng môn Máy và thiết bị lạnh / Lê Xuân Hòa,,Đại học SPKT Tp.HCM,,1,0,1,3,,,NULL
1601,"Tính nhiệt thiết bị lò hơi/Hoàng Ngọc Đồng, Đào Ngọc Chân",Dewey Class no. :621.402H678-Đ682-----Call no. :223621.402; ----- Mô tả: 186tr.;24cm,H.:Xây dựng,2014,1,4,2,3,,,NULL
1602,Conversion of coal – fired power plants to cogeneration and conbined – cycle / Ryszard Bartnik and Zbigniew Buryn,Dewey Class no. :621.402H678-Đ682-----Call no. :223621.402; ----- Mô tả: 186tr.;24cm,Spinger – Verlag London Limited,2011,2,0,2,3,,,NULL
1603,"Industrial boilers and heat recovery steam generators: Design, applications and calculations / V. Ganapathy",,"Marcel Dekker, Inc.",2003,2,0,2,3,,,NULL
1604,Boilers for power and process / Kumar Rayaprolu,,CRC Press Taylor & Francis,2009,2,0,2,3,,,NULL
1605,Giáo trình lò hơi/Đặng Thành Trung,Dewey Class no. :621.402Đ182-T871-----Call no. :221621.402; ----- Mô tả: 154tr.; 24cm,Tp.Hồ Chí Minh:Đại học Quốc gia Tp.Hồ Chí Minh,2013,1,574,1,3,,,NULL
1606,"Advances in power boilers/ edited by Mamoru Ozawa, Hitoshi Asano.","Dewey Class no. :621.4834A244-----Call no. :223621.483 4; ----- Mô tả: xiv, 494 p.: ill, 23 cm",Amsterdam: Elsevier,2021,2,1,2,3,,,NULL
1607,"Tính toán, vận hành và sửa chữa máy lạnh / Nguyễn Văn May",,Khoa học và kỹ thuật,1985,2,0,2,3,,,NULL
1608,Kỹ thuật điều hòa không khí /Lê Chí Hiệp,Dewey Class no. :697.9L433-H633-----Call no. :221697.9; ----- Mô tả: 560tr.;24cm.,Hà Nội:Khoa học và Kỹ thuật,2007,2,10,2,3,,,NULL
1609,"Cơ sở kỹ thuật điều hòa không khi /Hà Đăng Trung, Nguyễn Quân",Dewey Class no. :621.56H111-T871-----Call no. :222621.56; ----- Mô tả: 408tr;24cm,H.:Khoa học và Kỹ thuật,2005,1,4,2,3,,,NULL
1610,Bài giảng Ngôn ngữ Lập trình Java ,Không có sách,ĐHSPKT,2015,1,0,2,3,,,NULL
1611,"Big Java : compatible with Java 5, 6 and 7",Không có sách,"JOHN WILEY & SONS, INC",2010,1,0,2,3,,,NULL
1612,Core Java™ 2: Volume I–Fundamentals,Không có sách,Pearson,2019,2,1,2,3,,,NULL
1613,Core Java™ 2: Volume II–Fundamentals,Không có sách,Prentice Hall PTR,2008,2,0,2,3,,,NULL
1614,Java 7 : A Beginner's Tutorial,Không có sách,"JOHN WILEY & SONS, INC",2011,2,0,2,3,,,NULL
1615,Essentials of Cloud Computing,Không có sách,CRC Press,,1,0,2,3,,,NULL
1616,Amazon Web services for dummies,Không có sách,A wiley brand,2013,2,0,2,3,,,NULL
1617,Using Google App Engine ,Không có sách,O’reilly,2015,2,0,2,3,,,NULL
1618,Google App Engine Java Experiments,Không có sách,,2010,2,0,2,3,,,NULL
1619,MapReduce Tutorial,Không có sách,,2008,2,0,2,3,,,NULL
1620,"MapReduce, parallel & distributed programming model",Không có sách,,,2,0,2,3,,,NULL
1621,"Giáo trình cấu trúc dữ liệu và giải thuật /Trần Hạnh Nhi, Dương Anh Đức",Dewey Class no. :005.73T772-N582-----Call no. :222005.73; ----- Mô tả: 218tr.;21cm.,Tp.HCM:Đại học Quốc gia Tp.HCM,2010,1,5,2,3,,,NULL
1622,Data strutures and Program Design in C++ ,Không có sách,Prentice-Hall Inc,1999,2,0,2,3,,http://172.30.11.76:4000/handle/123456789/577,NULL
1623,Cấu trúc dữ liệu – Ứng dụng và cài đặt bằng C,Không có sách,Nxb TP HCM,2005,2,0,2,3,,,NULL
1624,Computer science and educational software design : a resource for multidisciplinary work in technology enhanced learning/ Pierre Tchounikine,"Dewey Class no. :371.334T252-----Call no. :371.334223; ----- Mô tả: viii, 180p. ;24cm",New York: Springer,2014,1,1,2,3,,,NULL
1625,"Human-Computer Interaction, 3rd Edition",Không có sách,Pearson,2004,1,1,2,3,,,NULL
1626,"The Human-Computer Interaction Handbook, 3rd edition",Không có sách,CRC Press,2012,2,0,2,3,,,NULL
1627,Bài giảng Các công nghệ Phần mềm mới ,Không có sách,ĐHSPKT,2014,1,0,2,3,,,NULL
1628,"Struts 2 in action/ Donald Brown, Chad Michael Davis, Scott Stanlick","Dewey Class no. :006.78B877-----Call no. :006.78223; ----- Mô tả: xxviii, 404p.; 24cm",Greenwich: Manning Publications,2008,1,1,2,3,,,NULL
1629,Beginning C# 3.0: An introduction to object oriented programming/ Jack Puredum,"Dewey Class no. :005.13P985-----Call no. :005.13223; ----- Mô tả: xxv, 523p.; 24cm",Indianapolis: Wiley Pub,2007,1,1,2,3,,,NULL
1630,The C# Programming Language,Không có sách,Addison-Wesley,2010,2,0,2,3,,,NULL
1631,Object-Oriented programming with C++,"Không có sách
",McGraw-Hill,2001,2,0,2,3,,,NULL
1632,An introduction to Object - Oriented Programming with Java /C. Thomas Wu,"Dewey Class no. :005.133W959-----Call no. :221005.133; ----- Mô tả: xxvii, 863 p. ;23 cm.",Boston :McGraw-Hill,2001,2,2,2,3,,,NULL
1633,Design Patterns- Elements of Reusable Object-Oriented Software,Không có sách,Addison-Wesley,2005,1,0,2,3,,,NULL
1634,Nhập môn UML,Không có sách,NXB Lao động xã hội,2004,2,0,2,3,,,NULL
1635,The Design Patterns Java Companion,Không có sách,Addison-Wesley,1998,2,0,2,3,,,NULL
1636,"Object-Oriented Design & Patterns, Second Edition",Không có sách,John Wiley & Sons,2006,2,0,2,3,,,NULL
1637,Next Generation Search Engines,Không có sách,IGI Global,2012,2,0,2,3,,,NULL
1638,"Giáo trình nhập môn công nghệ phần mềm/Đỗ Văn Nhơn, Nguyễn Thị Thanh Trúc, Nguyễn Trác Thức",Dewey Class no. :005.12Đ631-N576-----Call no. :222005.12; ----- Mô tả: 212tr.;21cm,Tp.HCM.:Đại học Công nghệ Thông tin,2011,1,12,2,3,,,NULL
1639,Giáo trình phân tích & thiết kế hướng đối tượng bằng UML,Không có sách,Nhà xuất bản Thống kê,2002,1,0,2,3,,,NULL
1640,Kỹ nghệ Phần mềm (bản dịch tiếng Việt – 2 tập),Không có sách,Nhà xuất bản Giáo dục,2001,2,0,2,3,,,NULL
1641,Giáo trình nhập môn công nghệ phần mềm,Không có sách,Đại học Khoa học Tự nhiên Tp. Hồ Chí Minh,2002,2,0,2,3,,,NULL
1642,Software Engineering,Không có sách,Prearson India Education Services Pvt. Ltd,2017,2,1,2,3,,,NULL
1643,Bài giảng điện tử Quản lý dự án,Không có sách,Khoa CNTT Đại học KHTN Tp.HCM,2008,2,0,1,3,,,NULL
1644,Bài giảng điện tử ,Không có sách,Clayton College & State University,,2,0,1,3,,,NULL
1645,Clayton College & State University,Không có sách,Columbia University,,2,0,1,3,,,NULL
1646,Columbia University,Không có sách,Tổ chức AOTS Nhật Bản,,2,0,1,3,,,NULL
1647,Basic Software Testing Skills,Không có sách,LogiGear Corporation,2009,1,0,2,3,,,NULL
1648,"Introduction to software testing / Paul Ammann, Jeff Offutt","Dewey Class no. :005.74 K49-----Call no. :005.74 223; ----- Mô tả: xxxiv, 564p. ; 24cm",Indianapolis,IN : John Wiley & Sons,1,1,2,3,,,NULL
1649,Testing Application on the Web: Testing planning for mobile and Internet – based system,Không có sách,Wiley publishing,2003,2,1,2,3,,,NULL
1650,Effective Software Testing: 50 specific ways to improve your testing,Không có sách,Wiley publishing,2002,2,0,2,3,,,NULL
1651,"Murach's Java servlets and JSP : Training & reference / Joel Murach, Michael Urban","Dewey Class no. :005.2762 M972-----Call no. :005.2762 223; ----- Mô tả: xx, 744p. ; 26cm",Fresno,CA : Mike Murach & Associates,1,1,2,3,,,NULL
1652,"Head first servlets and JSP / Bryan Basham, Kathy Sierra, Bert Bates","Dewey Class no. :005.376 B299-----Call no. :005.376 223; ----- Mô tả: xxxii, 879p. ; 24cm",Beijing; Sebastopol : O'Reilly,2008,1,1,2,3,,,NULL
1653,"Core Servlets and JavaServer pages - Volume 2: Advanced technologies/ Marty Hall, Larry Brown, Yaakov Chaikin","Dewey Class no. :005.2762H174-----Call no. :005.2762223; ----- Mô tả: xxii, 712p.; 24cm",Upper Saddle River,NJ: Prentice Hall PTR,1,1,2,3,,,NULL
1654,SQL injection attacks and defense / Justin Clarke,"Dewey Class no. :005.8 C597-----Call no. :005.8 223; ----- Mô tả: xxviii, 547p.:ill ; 23cm",Waltham,MA : Elsevier,1,2,2,3,,,NULL
1655,Course Advanced Web hacking and security,Không có sách,Udemy,2017,2,0,2,3,,,NULL
1656,Electronic Commerce 2018: A Managerial and Social Networks Perspective,Không có sách,Springer,2018,2,0,2,3,,,NULL
1657,Database Management System,Không có sách,www.tutorialspoint.com,2015,1,0,2,3,,,NULL
1658,"Fundamentals of database systems / Ramez Elmasri, Shamkant B. Navathe",Dewey Class no. :005.74 E482-----Call no. :005.74 223; ----- Mô tả: 1272p. ; 24cm,Harlow,England : Pearson,1,1,2,3,,,NULL
1659,Database System Concepts (6th Edition),Không có sách,McGraw-Hill,2011,1,1,2,3,,,NULL
1660,Object-Oriented Analysis and Design using UML,Không có sách,"Solms Training, Consulting and Development (STCD)",2012,1,0,2,3,,,NULL
1661,Systems Analysis and Design with UML Version 2.0,Không có sách,John Wiley & Sons,2005,1,0,2,3,,,NULL
1662,Object-Oriented Systems Analysis And Design using UML (4th edition),Không có sách,McGraw Hill,2010,1,1,2,3,,,NULL
1663,"The unified modeling language reference manual / James Rumbaugh, Ivar Jacobson, Grady Booch","Dewey Class no. :005.3 R936-----Call no. :005.3 223; ----- Mô tả: xx, 721p. ; 24cm",Boston,MA : Addison-Wesley,1,1,2,3,,,NULL
1664,Introducing python: Modern computing in simple packages/ Bill Lubanovic,"Dewey Class no. :005.133L926-----Call no. :005.133223; ----- Mô tả: xx, 459p.;24cm",Sebastopol,CA: O'Reilly Media,1,1,2,3,,http://172.30.11.76:4000/handle/123456789/485,NULL
1665,Introduction to Computation and Programming Using Python,Không có sách,The MIT Press,2013,1,0,2,3,,http://172.30.11.76:4000/handle/123456789/483,NULL
1666,Kỹ nghệ Phần mềm (bản dịch tiếng Việt – 2 tập),Không có sách,Packt Publishing,2009,1,0,2,3,,,NULL
1667,MongoDB Manual,Không có sách,https://docs.mongodb.com/manual/,,1,0,2,3,,,NULL
1668,Kỹ nghệ Phần mềm (bản dịch tiếng Việt – 2 tập),Không có sách,https://university.mongodb.com,,1,0,2,3,,,NULL
1669,Introduction to MongoDB,Không có sách,https://www.coursera.org/learn/introduction-mongodb,,1,0,2,3,,,NULL
1670,"Programming pig: Dataflow scripting with hadoop/ Alan Gates, Daniel Dai","Dewey Class no. :005.133G259-----Call no. :005.133223; ----- Mô tả: xvii, 345p.; 24cm",Sebastopol,CA: O'Reilly Media,1,1,2,3,,,NULL
1671,Programming Hive,Không có sách,O’Reilly Media,2012,1,0,2,3,,,NULL
1672,Learning spark SQL:Architect streaming analytics and machine learning solutions/Aurobindo Sarkar,Dewey Class no. :006.312S245-----Call no. :006.312223; ----- Mô tả: 435p.; 24cm,Birmingham: Pack Publishing,2017,1,1,2,3,,,NULL
1673,"Introduction to Data Mining, Second Edition",Không có sách,Pearson,2018,1,0,2,3,,,NULL
1674,"Data Mining: Concepts, Principles, and Techniques, Third Edition",Không có sách,Elsevie,2012,2,0,2,3,,,NULL
1675,"Multidimensional databases and data warehousing / Christian S. Jensen, Torben Bach Pedersen, Christian Thomsen","Dewey Class no. :005.74 J545-----Call no. :005.74 223; ----- Mô tả: xiii, 95p. ; 24cm",Morgan & Claypool,2010,1,1,2,3,,,NULL
1676,Oracle Database Data Warehousing Guide,Không có sách,Oracle,2014,2,0,2,3,,,NULL
1677,"The Data Warehouse Toolkit: the Definitive Guide to Dimensional Modeling, 3rd Edition",Không có sách,Wiley,2013,2,0,2,3,,,NULL
1678,"Pentaho kettle solutions : Building open source ETL solutions with Pentaho data integration / Matt Casters, Roland Bouman, Jos van Dongen","Dewey Class no. :005.7565 C349-----Call no. :005.7565 223; ----- Mô tả: xlv, 674p. ; 24cm",Indianapolis,Ind. : Wiley,2,1,2,3,,,NULL
1679,SQL Server 2012 Tutorials: Analysis Services - Multidimensional Modeling,Không có sách,SQL Server 2012 Books Online,2012,2,0,2,3,,,NULL
1680,"Fundamentals of database systems / Ramez Elmasri, Shamkant B. Navathe",Dewey Class no. :005.74 E482-----Call no. :005.74 223; ----- Mô tả: 1272p. ; 24cm,Harlow,England : Pearson,2,1,2,3,,,NULL
1681,"Oracle database 12c PL/SQL programming: Design and deploy powerful, database-centric PL/SQL applications/ Michael McLaughlin","Dewey Class no. :005.75M161-----Call no. :005.75223; ----- Mô tả: xxxiii, 1154p.; 23cm",New York: McGraw-Hill,2014,1,1,2,3,,,NULL
1682,SQL injection attacks and defense / Justin Clarke,"Dewey Class no. :005.8 C597-----Call no. :005.8 223; ----- Mô tả: xxviii, 547p.:ill ; 23cm",Waltham,MA : Elsevier,1,2,2,3,,,NULL
1683,"Big Data Fundamentals: Concepts, Drivers and Techniques",Không có sách,Prentice HallServiceTech Press,2016,1,1,2,3,,http://172.30.11.76:4000/handle/123456789/582,NULL
1684,"Hadoop for dummies/Dirk DeRoos, Paul C. Zikopoulos, Bruce Brown","Dewey Class no. :005.74H131-----Call no. :005.74223; ----- Mô tả: xii, 394p.;24cm",Hoboken: John Wiley & Sons,2014,1,1,2,3,,,NULL
1685,Analytics in a big data world: The essential guide to data science and its applications/ Bart Baesens,"Dewey Class no. :658.4038B142-----Call no. :658.4038223; ----- Mô tả: xv, 232p.;23cm",Hoboken,New Jersey: Wiley,1,1,2,3,,,NULL
1686,Analytics in a big data world: The essential guide to data science and its applications/ Bart Baesens,"Dewey Class no. :658.4038B142-----Call no. :658.4038223; ----- Mô tả: xv, 232p.;23cm",Hoboken,New Jersey: Wiley,1,1,2,3,,,NULL
1687,"MongoDB in action/ Kyle Banker, Peter Bakkum, Shaun Verch, Douglas Garrett, Tim Hawkins","Dewey Class no. :005.7565M743-----Call no. :005.7565223; ----- Mô tả: xxiii, 455p.;24cm",Shelter Island,NY: Manning,2,1,2,3,,https://thuvienso.hcmute.edu.vn/doc/mongodb-in-action-538854.html,NULL
1688,"Text data management and analysis : A practical introduction to information retrieval and text mining / ChengXiang Zhai, Sean Massung","Dewey Class no. :006.35 Z632-----Call no. :006.35 223; ----- Mô tả: xx, 510p. ; 24cm",[New York] : ACM Books,2016,1,1,2,3,,,NULL
1689,"Introduction to information retrieval / Christopher D. Manning, Prabhakar Raghavan, Hinrich Schütze","Dewey Class no. :025.04 M283-----Call no. :025.04 223; ----- Mô tả: xxi, 482p. ; 26cm",New York : Cambridge University Press,2008,1,1,2,3,,,NULL
1690,"Search engines : Information retrieval in practice / W. Bruce Croft, Donald Metzler, Trevor Strohman","Dewey Class no. :005.758 C941-----Call no. :005.758 223; ----- Mô tả: xxv, 520p. ; 24cm",Boston : Addison-Wesley,2010,1,1,2,3,,,NULL
1691,"Modern information retrieval:The concepts and technology behind search/Ricardo Baeza-Yates, Berthier Ribeiro-Neto",Dewey Class no. :025.04B142-----Call no. :22025.04 ; ----- Mô tả: 913p.;24cm,New York:Addison Wesley,2011,1,1,2,3,,,NULL
1692,"Information retrieval : Implementing and evaluating search engines / Stefan Büttcher, Charles L.A. Clarke, Gordon V. Cormack","Dewey Class no. :025.524 B988-----Call no. :025.524 223; ----- Mô tả: xxiv, 606p. ; 23cm",Cambridge,Mass. : MIT Press,1,1,2,3,,,NULL
1693,Giáo trình mạng máy tính nâng cao /Huỳnh Nguyên Chính,Dewey Class no. :004.65H987-C539-----Call no. :222004.65; ----- Mô tả: 124tr.;24cm,Tp. Hồ Chí Minh:Đại học Quốc gia Tp. Hồ Chí Minh,2013,1,588,2,3,,,NULL
1694,CCENT/CCNA ICND1 100-105 : Official cert guide / Wendell Odom,"Dewey Class no. :004.6076 O25-----Call no. :004.6076 223; ----- Mô tả: lii, 965p. ; 24cm +1 CD-ROM",Indianapolis,IN : Cisco Press,1,4,2,3,,,NULL
1695,CCNA routing and switching ICND2 200-105 : Official cert guide / Wendell Odom,"Dewey Class no. :004.6076 O25-----Call no. :004.6076 223; ----- Mô tả: liv, 930p. ; 24cm + 1 CD-ROM",Indianapolis,IN : Cisco Press,1,2,2,3,,,NULL
1696,"Computer Organization and Architecture–Designing for Performance, 7th Edition",Không có sách,Pearson Prentice Hall,2006,1,1,2,3,,,NULL
1697,Bài giảng kiến trúc máy tính và hợp ngữ,Không có sách,"khoa CNTT trường, ĐH. SPKT Tp. HCM",2018,1,0,2,3,,,NULL
1698,The Essentials of Computer Organization and Architecture,Không có sách,Jones and Bartlett Publishers,2003,1,0,2,3,,,NULL
1699,"Structured computer organization/ Andrew S. Tanenbaum, Todd Austin, B. R. Chandavarkar","Dewey Class no. :005.1T164-----Call no. :005.1223; ----- Mô tả: xxii, 769p.; 24cm",Boston: Pearson,2013,1,1,2,3,,,NULL
1700,"Art of assembly, 2nd Edition",Không có sách,McGrawHill Internation Edition,2000,2,0,2,3,,,NULL
1701,Assembly language for IBM PC,Không có sách,Maxwell MacMillan Internation Edition,1990,2,0,2,3,,,NULL
1702,Turbo assembler Bible,Không có sách,SAMS MacLillan Computer Publishing USA,1991,2,0,2,3,,,NULL
1703,"The practice of cloud system administration: Devops and SRE practices for web services - Volume 2/ Thomas A. Limoncelli, Strata R. Chalup, Christina J. Hogan","Dewey Class no. :004.67L734-----Call no. :004.67223; ----- Mô tả: xxx, 524p.: ill.; 23cm",Upper Saddle River,NJ: Addison-Wesley,1,2,2,3,,,NULL
1704,"Cloud computing networking: Theory, practice, and development/ Lee Chao","Dewey Class no. :004.67C461-----Call no. :004.67223; ----- Mô tả: xix, 507p.: ill.; 26cm",London: Taylor & Francis Group,2016,1,2,2,3,,,NULL
1705,"CCNA cloud complete study guide: Exam 210-451 and exam 210-455/ Todd Montgomery, Stephen Olson","Dewey Class no. :004.68M787-----Call no. :004.68223; ----- Mô tả: xxxix, 577p.: ill.; 24cm",Indianapolis: Sybex a Wiley Brand,2018,1,2,2,3,,,NULL
1706,CCDA 200-310 official cert guide,Không có sách,Cisco Press,2017,1,1,2,3,,,NULL
1707,"Designing for Cisco Network Service architectures (ARCH): Foundation learning guide (CCDP ARCH 300-320)/ Marwan Al-shawi, André Laurent","Dewey Class no. :004.65A316-----Call no. :004.65223; ----- Mô tả: xxxii, 904p.; 23cm",Indianapolis: Cisco Systems Inc,2017,1,2,2,3,,,NULL
1708,Bài giảng hệ thống nhúng,Không có sách,Khoa CNTT đại học SPKT TP.HCM ,,1,0,2,3,,,NULL
1709,"Embedded system design : A unified hardware/software introduction / Frank Vahid, Tony Givargis","Dewey Class no. :005.256 V127-----Call no. :005.256 223; ----- Mô tả: xxi, 324p. ; 24cm",Hoboken : John Wiley & Sons Inc.,2002,1,1,2,3,,,NULL
1710,Bài giảng cấu trúc máy tính và hợp ngữ,Không có sách,Khoa CNTT đại học SPKT TP.HCM ,,2,0,2,3,,,NULL
1711,The definitive guide to ARM® Cortex®-M3 and Cortex-M4 processors / Joseph Yiu,"Dewey Class no. :621.3916 Y51-----Call no. :621.3916 223; ----- Mô tả: xxxv, 818p.; 24cm",Amsterdam: Elsevier,Newnes,2,1,2,3,,,NULL
1712,Embedded systems : Introduction to Arm® Cortex™-M Microcontrollers - Vol.1 / Jonathan W. Valvano,,2017,,2,1,2,3,,,NULL
1713,Embedded Systems: Real-Time Interfacing to Arm® Cortex™-M Microcontroller,Không có sách,,2012,2,0,2,3,,,NULL
1714,Lý thuyết thông tin,Không có sách,Đại học Quốc gia,2005,1,7,2,3,,,NULL
1715,Foundations of Coding: Theory and Application of Error–Correcting Codes with an Introduction to Cryptography and Information Theory,Không có sách,John Wiley and Sons,1991,1,0,2,3,,,NULL
1716,"Cơ sở lý thuyết truyền tin - Tập 2 /Đặng Văn Chuyết, Nguyễn Tuấn Anh",Dewey Class no. :621.3822Đ182-C564-----Call no. :221621.388; ----- Mô tả: 246tr ;27cm,H :Giáo dục,2004,1,3,2,3,,,NULL
1717,Ash Information theory,Không có sách,"Dover, Inc",1990,2,0,2,3,,,NULL
1718,"Computer security :Principles and practice/William Stallings, Lawrie Brown ; with contributions by Mick Bauer, Michael Howard","Dewey Class no. :005.8S782-----Call no. :005.8222; ----- Mô tả: xviii, 798p.;29cm.",Upper Saddle River,N.J.:Prentice Hall,1,2,2,3,,,NULL
1719,Computer security a hands-on approach,Không có sách,CreateSpace,2017,1,2,2,3,,,NULL
1720,Information security: principles and practice/ Mark Stamp,"Dewey Class no. :005.8S783-----Call no. :005.8223; ----- Mô tả: xvi, 430p.: ill, 23cm.",Hoboken,NJ: Wiley,1,1,2,3,,,NULL
1721,Computer Network Illuminated,Không có sách,Jone and Bartlett,2005,1,1,2,3,,,NULL
1722,ICND1 – Official Cert Guide,Không có sách,Cisco Press,,2,0,2,3,,,NULL
1723,CCNA routing and switching ICND2 200-105 : Official cert guide / Wendell Odom,"Dewey Class no. :004.6076 O25-----Call no. :004.6076 223; ----- Mô tả: liv, 930p. ; 24cm + 1 CD-ROM",Indianapolis,IN : Cisco Press,2,2,2,3,,,NULL
1724,Mastering Windows Server 2016: A comprehensive and practical guide to Windows Server 2016/ Jordan Krause,"Dewey Class no. :005.4476K91-----Call no. :005.4476223; ----- Mô tả: xvi, 393p.; 24cm",Birmingham: Packt Publishing,2016,2,1,2,3,,,NULL
1725,"Lpic-1 : Linux professional institute certification study guide: exams 101 - 400 and 102 - 400 / Christine Bresnahan, Richard Blum","Dewey Class no. :005.44076 B842-----Call no. :005.44076 223; ----- Mô tả: xlix, 634p. ; 24cm",Indianapolis,IN : Sybex,2,1,2,3,,,NULL
1726,"LPIC-2 : Linux professional instutute certification: study guide exam 201 and exam 202 / Christine Bresnahan, Richard Blum","Dewey Class no. :005.44076 B842-----Call no. :005.44076 223; ----- Mô tả: liv, 713p. ; 24cm",Indianapolis,IN : Sybex,2,2,2,3,,,NULL
1727,Mastering Python for Networking and security: Leverage the scripts and libraries of Python version 3.7 and beyond to overcome networking and security issues/ Jose Manuel Ortega,"Dewey Class no. :005.133O77-----Call no. :005.133223; ----- Mô tả: xvi, 515p.: illustrations, 23cm.",Burmingham,Mumbai: PACKT Publishing/ 2020,1,1,2,3,,,NULL
1728,"Python network programming cookbook: overcome real - world networking challengers/ Pradeeban Kathiravelu, M. O. Faruque Sarker","Dewey Class no. :005.133K19-----Call no. :005.133223; ----- Mô tả: xiii 423p.: illustrations, 23cm.",Birmingham: Packt Publishing,2017,1,1,2,3,,,NULL
1729,"Foundations of Python network programming/ Brandon Rhodes, John Goerzen.","Dewey Class no. :005.113R476-----Call no. :005.113223; ----- Mô tả: xxi, 388p.: Illustrations, 24cm",New York: Apress,2014,1,1,2,3,,,NULL
1730,"Giáo trình An ninh mạng: Dùng cho sinh viên ngành Công nghệ thông tin, An toàn thông tin/ Nguyễn Thị Thanh Vân, Huỳnh Nguyên Chính",Dewey Class no. :005.8 N573-V217-----Call no. :005.8 223; ----- Mô tả: 325tr.; 24cm,Tp. Hồ Chí Minh: Trường Đại học Quốc gia Tp. Hồ Chí Minh,2023,1,201,2,3,,,NULL
1731,Network security essentials : Applications and standards / William Stallings,"Dewey Class no. :005.8 S782-----Call no. :005.8 223; ----- Mô tả: xvi, 445p. ; 24cm",Harlow,England : Pearson,1,1,2,3,,,NULL
1732,Fundamentals of network security / Eric Maiwald,"Dewey Class no. :005.8 M232-----Call no. :005.8 223; ----- Mô tả: xxvi, 645p. ; 24cm",New York : McGraw-Hill Technology Education,2004,1,1,2,3,,,NULL
1733,Network security assessment: Know your network/ Chris McNab,"Dewey Class no. :005.8 M169-----Call no. :005.8 223; ----- Mô tả: xix, 470p.: ill. ; 24cm",Sebastopol,CA: O'Reilly Media,1,2,2,3,,,NULL
1734,CompTIA security+ : Get certified get ahead SYO-501 study guide / Darril Gibson,"Dewey Class no. :005.8 G448-----Call no. :005.8 223; ----- Mô tả: xx, 587p. ; 26cm",Virginia Beach,VA : YCDA,1,2,2,3,,,NULL
1735,Network performance and security : Testing and analyzing using open source and low-cost tools / Chris Chapman,"Dewey Class no. :005.8 C466-----Call no. :005.8 223; ----- Mô tả: xiv, 366p.: ill.; 24cm",Cambridge,MA: Elsevier,1,3,2,3,,,NULL
1736,Network Infrastructure Security,Không có sách,Springer Science+Business Media,2009,2,0,2,3,,,NULL
1737,Network Monitoring and Troubleshooting for Dummies,Không có sách,"John Wiley & Sons, Inc",2016,2,0,2,3,,,NULL
1738,Zabbix network monitoring / Rihards Olups,"Dewey Class no. :004.6 O52-----Call no. :004.6 223; ----- Mô tả: xix, 725p. ; 24cm",Birmingham:Packt Publishing,2016,2,1,2,3,,,NULL
1739,"Cacti 0.8 network monitoring: Monitor your network with ease! / Dinangkur Kundu, S. M. Ibrahim Lavlu","Dewey Class no. :004.24 K96-----Call no. :004.24 223; ----- Mô tả: iii, 116p.: ill.; 24cm",Birmingham,UK.: Packt Publishing,2,2,2,3,,,NULL
1740,Learning Nagios 4: Learn how to set up Nagios 4 in order to monitor your systems efficiently/ Wojciech Kocjan,"Dewey Class no. :004.24K76-----Call no. :004.24223; ----- Mô tả: vi, 381p.: ill.; 24cm",Birmingham: Packt Publishing,2014,2,2,2,3,,,NULL
1741,"Operating system concepts : International student version / Abraham Silberschatz, Peter Baer Galvin, Greg Gagne","Dewey Class no. :005.43 S582-----Call no. :005.43 223; ----- Mô tả: xvii, 856p. ; 26cm",Hoboken,NJ : Wiley,1,1,2,3,,,NULL
1742,Modern Operating Systems,Không có sách,Perason Prentice Hall,2016,2,1,2,3,,,NULL
1743,Operating Systems: Internal ad Design Principles,Không có sách,Pearson,2018,2,1,2,3,,,NULL
1744,Learning Internet of Things,Không có sách,PACKT publising,2015,1,0,2,3,,,NULL
1745,Wireless and Mobile Systems for the IoT,Không có sách,Spring,2019,1,0,2,3,,,NULL
1746,Bài giảng IoT,Không có sách,ĐH. SPKT Tp. HCM,2019,1,0,2,3,,,NULL
1747,A Practical Magnetic Fingerprinting Approach to Indoor Localization using Smartphones,Không có sách,ACM Ubicomp ,2014,2,0,2,3,,,NULL
1748,Accurate indoor localization with zero start-up cost,Không có sách,,2014,2,0,2,3,,,NULL
1749,Indoor Localization using Inertial and Light Sensors on Smartphones,Không có sách,ACM Ubicomp ,2015,2,0,2,3,,,NULL
1750,Wireless security handbook/ Aaron E. Earle,"Dewey Class no. :005.8E122-----Call no. :005.8 223; ----- Mô tả: xv, 366p.; 24cm",Boca Raton: Auerbach,2006,1,1,2,3,,,NULL
1751,Certified Wireless Security Professional Official Study Guide,Không có sách,Wiley Publishing,2010,1,1,2,3,,,NULL
1752,"Wireless Network Security 802.11, Bluetooth and Handheld Devices",Không có sách,,2002,2,1,2,3,,,NULL
1753,Wi-Fi security/ Stewart S. Miller,,New York: McGraw-Hill/ 2003,,2,1,2,3,,,NULL
1754,"Artificial intelligence:A modern approach/Stuart J. Russell and Peter Norvig; contributing writers, Ernest Davis ... [et al.]",Dewey Class no. :006.3R961-----Call no. :222006.3; ----- Mô tả: 1132p.;26cm,Upper Saddle River.:Prentice Hall,2010,1,1,2,3,,,NULL
1755,Deep Reinforcement Learning Hands-On,Không có sách,Packt Publishing Ltd.,2020,1,0,2,3,,,NULL
1756,"Hands-On Machine Learning with Scikit-Learn and Tensorflow: Concepts, Tools, and Techniques to Build Intelligent Systems",Không có sách,O'Reilly,2017,2,1,2,3,,,NULL
1757,Machine learning:A probabilistic perspective/Kevin P. Murphy,"Dewey Class no. :006.31M978-----Call no. :006.31223; ----- Mô tả: xxix, 1071p.;24cm",London: The MIT Press,2012,2,1,2,3,,,NULL
1758,Giáo trình Lý thuyết đồ thị,Không có sách,Đại học Quốc gia Tp. Hồ Chí Minh,2016,1,500,1,3,,,NULL
1759,Toán rời rạc nâng cao,Không có sách,NXB ĐHQG TP.HCM,,2,0,2,3,,,NULL
1760,Lý thuyết đồ thị,Không có sách,NXB ĐHQG TP.HCM,,2,0,2,3,,,NULL
1761,"Digital image processing / Rafael C. Gonzalez, Richard E. Woods",Dewey Class no. :621.367 G643-----Call no. :621.367 223; ----- Mô tả: 965p. ; 24 cm,New Jersey : Pearson,2010,1,1,2,3,,,NULL
1762,The OpenCV Document,Không có sách,,2018,2,0,2,3,,,NULL
1763,Learning OpenCV3: Computer Vision in C++ with the OpenCV Library,Không có sách,"O'Reilly Media, Inc.",2017,2,0,2,3,,,NULL
1764,"Hands-On Machine Learning with Scikit-Learn and Tensorflow: Concepts, Tools, and Techniques to Build Intelligent Systems (2nd ed.). ",Không có sách,O'Reilly Media,2019,1,0,2,3,,,NULL
1765,The hundred-page machine learning book.,Không có sách,,2019,2,0,2,3,,,NULL
1766,Deep Reinforcement Learning Hands-On,Không có sách,Packt Publishing Ltd,2020,2,0,2,3,,,NULL
1767,Nhập môn lập trình,Không có sách,Khoa học và Kỹ thuật,2011,1,0,2,3,,,NULL
1768,C programming : A modern approach / K. N. King,"Dewey Class no. :005.133 K52-----Call no. :005.133 223; ----- Mô tả: xxviii, 832p. ; 24cm",New York : W.W. Norton & Company,2008,1,1,2,3,,,NULL
1769,A Complete Guide to Programming in C++,Không có sách,Jones and Bartlett Publishers,2002,2,1,2,3,,,NULL
1770,"Hands-on machine learning with Scikit-Learn, Keras, and TensorFlow",Không có sách,O'Reilly Media,2019,1,0,2,3,,,NULL
1771,Machine Learning cơ bản,Không có sách,,2019,2,0,2,3,,,NULL
1772,The hundred-page machine learning book,Không có sách,,2019,2,0,2,3,,,NULL
1773,Kỹ thuật lập trình,Không có sách,NXB Khoa học và Kỹ thuật,2014,1,0,2,3,,,NULL
1774,"Introduction to algorithms / Thomas H. Cormen, Charles E. Leiserson, Ronald L. Rivest, Clifford Stein","Dewey Class no. :005.1 I619-----Call no. :005.1 223; ----- Mô tả: xix, 1292p. ; 23cm",Cambridge,Mass. : MIT Press,1,1,2,3,,,NULL
1775,The art of computer programming - Vol. 2 : Seminumerical algorithms / Donald E. Knuth,"Dewey Class no. :005.1 K74-----Call no. :005.1 223; ----- Mô tả: xiii,764p. ; 24 cm",New York : Addison-Wesley,1998,1,1,2,3,,,NULL
1776,Giải thuật & Lập trình,Không có sách,ĐH Sư phạm Hà Nội,2006,2,0,2,3,,,NULL
1777,Practical Malware Analysis: The hands-on Guide to dissecting malicious software,Không có sách,No Starch Press,2012,1,0,2,3,,,NULL
1778,Malware Analysis Using Artificial Intelligence and Deep Learning,Không có sách,Springer,2020,2,0,2,3,,,NULL
1779,Computer security fundamentals 3rd,Không có sách,"Pearson Education, Inc",2016,2,0,2,3,,,NULL
1780,"Applied Network Security Monitoring, Syngress,1st Edition",Không có sách,,2014,1,0,2,3,,,NULL
1781,The practice of network security monitoring : understanding incident detection and response,Không có sách,No Starch Press,2013,2,1,2,3,,,NULL
1782,The State of the Art in Intrusion Prevention and Detection,Không có sách,CRC Press,2014,2,0,2,3,,,NULL
1783,Network performance and security : Testing and analyzing using open source and low-cost tools / Chris Chapman,"Dewey Class no. :005.8 C466-----Call no. :005.8 223; ----- Mô tả: xiv, 366p.: ill.; 24cm",Cambridge,MA: Elsevier,2,3,2,3,,,NULL
1784,Learning Internet of Things,Không có sách,PACKT publishing,2015,1,0,2,3,,,NULL
1785,Wireless and Mobile Systems for the IoT,Không có sách,,2019,1,0,2,3,,,NULL
1786,Bài giảng IoT,Không có sách,"Khoa CNTT trường, ĐH. SPKT Tp. HCM",2019,1,0,2,3,,,NULL
1787,A Practical Magnetic Fingerprinting Approach to Indoor Localization using Smartphones,Không có sách,ACM Ubicomp ,2014,2,0,2,3,,,NULL
1788,Accurate indoor localization with zero start-up cost,Không có sách,,2014,2,0,2,3,,,NULL
1789,IDyLL: Indoor Localization using Inertial and Light Sensors on Smartphones,Không có sách,,2015,2,0,2,3,,,NULL
1790,"Distributed systems: Concepts and design/ George Coulouris, Jean Dollimore, Tim Kindberg,...","Dewey Class no. :005.4476D614-----Call no. :005.4476223; ----- Mô tả: xvi, 1047p.;24cm",Wokingham,England: Addison-Wesley,1,1,2,3,,,NULL
1791,Course CSE 452/M552: Distributed Systems,Không có sách,University of Washington,2016,2,0,2,3,,,NULL
1792,Cẩm nang thuật toán : Tập 1: Các thuật toán thông dụng ,Không có sách,NXB Khoa học & Kỹ thuật,2004,2,6,2,3,,,NULL
1793,"Xây dựng và ứng dụng cơ sở dữ liệu thiết kế và sản xuất cho hộp cứng dạng đặc biệt cho công ty TNHH Y&J Vina: Đồ án tốt nghiệp ngành Công nghệ in/ Huỳnh Thị Kim Ngân, Lê Thanh Nhàn; Nguyễn Thị Lại Giang (Giảng viên hướng dẫn)","Dewey Class no. :676.3H987-N576-----Call no. :223676.3; ----- Mô tả: vii, 140tr.: minh họa; 30cm",Tp. Hồ Chí Minh: Trường Đại học Sư phạm Kỹ thuật Tp. Hồ Chí Minh,2018,1,-2,1,3,,,NULL
1794,"Xây dựng và ứng dụng cơ sở dữ liệu thiết kế và sản xuất cho hộp cứng dạng đặc biệt cho công ty TNHH Y&J Vina: Đồ án tốt nghiệp ngành Công nghệ in/ Huỳnh Thị Kim Ngân, Lê Thanh Nhàn; Nguyễn Thị Lại Giang (Giảng viên hướng dẫn)","Dewey Class no. :676.3H987-N576-----Call no. :223676.3; ----- Mô tả: vii, 140tr.: minh họa; 30cm",Tp. Hồ Chí Minh: Trường Đại học Sư phạm Kỹ thuật Tp. Hồ Chí Minh,2018,1,-2,1,3,,,NULL
1795,Phương pháp học đại học,,ĐHSPKT,2012,1,0,1,3,,,NULL
1796,Bảy thói quen cho người thành đạt (The 7 Habits of Highly Effective People),,NXB Trẻ,,1,0,1,3,,,NULL
1797,Bài giảng “Kỹ năng làm việc nhóm” ,,Trường ĐH Nông lâm TP.HCM,2010,1,0,1,3,,,NULL
1798,Nghệ thuật giao tiếp để thành công:92 thủ thuật giúp bạn trở thành bậc thầy trong giao tiếp/Leil Lowndes,Dewey Class no. :302.2L919-----Call no. :302.2222; ----- Mô tả: 397tr.;21cm,H.:Lao động - Xã hội,2012,1,4,1,3,,,NULL
1799,Beginning C# Object-Oriented Programming,,Apress,2011,1,0,1,3,,http://172.30.11.76:4000/handle/123456789/472,
1800,"Programming C# 3.0/Jesse Liberty, Donald Xie","Dewey Class no. :005.133L695-----Call no. :005.133 223; ----- Mô tả: xviii, 587p.;24cm",Sebastopol,CA : O'Reilly,1,1,1,3,,,NULL
1801,The C# Programming Language,,Addison-Wesley,2010,2,0,1,3,,http://172.30.11.76:4000/handle/123456789/473,
1802,Object-Oriented programming with C++,,McGraw-Hill,2001,2,0,1,3,,http://172.30.11.76:4000/handle/123456789/474,NULL
1803,Object-Oriented Programming with Java,,Vetus Publishing ApS,2009,2,0,1,3,,http://172.30.11.76:4000/handle/123456789/475,NULL
1804,Database Systems - The Complete Book (2nd Edition),,Peason Prentice Hall,2009,1,1,2,3,,,NULL
1805,Database System Concepts (6th Edition),,McGraw-Hill,2011,1,1,2,3,,,NULL
1806,"Fundamentals of Database Systems, 7th Edition",,Pearson,2017,1,1,2,3,,,NULL
1807,Learning Internet of Things,không có sách,PACKT publising,2015,1,1,1,3,,,NULL
1808,Certified Ethical Hacker (CEH) Foundation Guide,,"Pune, Maharashtra India",2016,1,0,2,3,,,NULL
1809,Wireless and Mobile Systems for the IoT,không có sách,Spring,2019,1,0,1,3,,,NULL
1810,Bài giảng IoT,không có sách,"khoa CNTT trường, ĐH. SPKT Tp. HCM",2019,1,0,1,3,,,NULL
1811,A Practical Magnetic Fingerprinting Approach to Indoor Localization using Smartphones,không có sách,ACM Ubicomp ,2014,1,0,1,3,,,NULL
1812,CEH v10: EC-Council Certified Ethical Hacker Complete Training Guide with Practice Labs,,,2018,1,0,2,3,,,NULL
1813,Accurate indoor localization with zero start-up cost,không có sách,,2014,1,0,1,3,,,NULL
1814,Indoor Localization using Inertial and Light Sensors on Smartphones,không có sách,ACM Ubicomp ,2015,1,0,1,3,,,NULL
1815,Hands-on Ethical Hacking and Network Defense,,CENGAGE Learning,2010,2,0,2,3,,,NULL
1816,Information security: Principles and practice,,Wiley Inc. Publication,2011,2,1,2,3,,,NULL
1817,Artificial Intelligence: A Modern Approach (3rd ed.),không có sách,Pearson,2016,1,0,1,3,,,NULL
1818,Deep Reinforcement Learning Hands-On,không có sách,Packt Publishing Ltd.,2020,1,0,1,3,,,NULL
1819,Computer security a hands-on approach,,CreateSpace,2017,2,2,2,3,,,NULL
1820,"Hands-On Machine Learning with Scikit-Learn and Tensorflow: Concepts, Tools, and Techniques to Build Intelligent Systems",không có sách,O'Reilly Media.,2017,1,0,1,3,,,NULL
1821,CEH v10 Certified Ethical Hacker Study Guide,,John Wiley & Sons,2019,2,0,2,3,,,NULL
1822,Machine Learning: A Probabilistic Perspective,,MIT Press,2012,2,1,2,3,,,NULL
1823,Giáo trình bảo mật thông tin/Đặng Trường Sơn,Dewey Class no. :005.8Đ182-S698-----Call no. :221005.8; ----- Mô tả: 122tr.; 24cm,Tp. Hồ Chí Minh:Đại học Quốc gia Tp. Hồ Chí Minh,2013,2,585,1,3,,,NULL
1824,Cryptography and Network Security 1st edition / BehrouzA. Forouzan ,,MacGraw Hill,,1,0,2,3,,,NULL
1825,"Programming pig: Dataflow scripting with hadoop/ Alan Gates, Daniel Dai","Dewey Class no. :005.133G259-----Call no. :005.133223; ----- Mô tả: xvii, 345p.; 24cm",Sebastopol,CA: O'Reilly Media,2,1,2,3,,,NULL
1826,Programming Hive,không có sách,O’Reilly Media,2012,2,0,2,3,,,NULL
1827,Cryptography and Network Security: Principles and Practice (7th ed. )/William Stallings,,Pearson,2017,1,1,2,3,,,NULL
1828,Learning spark SQL: Architect streaming analytics and machine learning solutions,không có sách,Packt Publishing,2017,2,1,2,3,,,NULL
1829,Introducing python: Modern computing in simple packages,,O’Reilly Publisher,2015,2,1,2,3,,,NULL
1830,"Handbook of applied cryptography/ Alfred J. Menezes, Paul C. van Oorschot, Scott A. Vanstone","Dewey Class no. :005.8M543-----Call no. :005.8223; ----- Mô tả: xxviii, 780p.; 26cm",New York: CRC Press,1997,1,2,2,3,,,NULL
1831,Introduction to Computation and Programming Using Python,không có sách,The MIT Press,2013,2,1,2,3,,,NULL
1832,matplotlib for Python Developers,không có sách,Packt Publishing,2009,2,0,2,3,,,NULL
1833,"Applied cryptography: Protocols, algorithms, and source code in C/ Bruce Schneier","Dewey Class no. :005.82S359-----Call no. :005.82223; ----- Mô tả: xxv, 758p.; 24cm",Indianapolis: Wiley,1996,2,2,1,3,,,NULL
1834,Bài giảng nhập môn Công nghệ Kỹ thuật Điện - Điện tử,,ĐHSPKT TP.HCM,2012,1,0,1,3,,,NULL
1835,Bài giảng “Giới thiệu ngành Công nghệ Kỹ thuật điện”,,ĐHSPKT TP.HCM,2010,1,0,1,3,,,NULL
1836,Bitcoin and Cryptocurrency Technologies: A Comprehensive Introduction,,Princeton University Press,2016,2,0,2,3,,,NULL
1837,"Exploring engineering : An introduction to engineering and design / Philip Kosky, Robert Balmer, William Keat, George Wise.","Dewey Class no. :620 E967-----Call no. :620 223; ----- Mô tả: xxvi, 523 p. ; 24 cm",Amsterdam : Elsevier,2016,1,2,1,3,,,NULL
1838,"Blockchain Technology and Applications/Pethuru Raj, Kavita Saini, Chellammal Surianarayanan ",,CRC Press,2021,2,0,2,3,,,NULL
1839,Engineering fundamentals: an introduction to engineering,,Cengag,2020,2,1,2,3,,,NULL
1840,"Engineering your future: a comprehensive introduction to engineering/ William C. Oakes, Les L. Leone","Dewey Class no. :620.0023O11-----Call no. :620.0023223; ----- Mô tả: xv, 665 p.: ill.; 24 cm.",New York: Oxford university press,2018,2,1,2,3,,,NULL
1841,MCTS Self-Paced Training Kit (Exam 70-412): Configuring Windows Server 2019 Active Directory (2nd Edition)/Dan Holme,,Microsoft Press,2019,1,0,2,3,,,NULL
1842,Introduction to Engineering Technology,,Prentice Hall,2008,2,0,2,3,,,NULL
1843,"Engineering your future: a brief introduction to engineering/ William C. Oakes, Les L. Leone","Dewey Class no. :620.0023O11-----Call no. :620.0023223; ----- Mô tả: xi, 404 p.: ill.; 24 cm.",New York: Oxford University Press,2018,2,1,2,3,,,NULL
1844,Slide bài giảng “Quản trị mạng”,,Khoa Công nghệ thông tin,2021,2,0,1,3,,,NULL
1845,Tập “Bài tập thực hành Quản trị mạng”,,Khoa Công nghệ thông tin,2021,2,0,1,3,,,NULL
1846,Communicating with skill. Dubuque,,IA: Kendal/Hunt,1991,2,0,2,3,,,NULL
1847," Information Security Risk management for ISO 27001/ISO27002/Alan Calder, Steve G Watkins",,,,1,0,2,3,,,NULL
1848,ISO/IEC 27001 INFORMATION SECURITY MANAGEMENT/https://www.iso.org/isoiec-27001-information-security.html,,,,1,0,2,3,,,NULL
1849,The service-learning cycle.Min-neapolis: The Compass Institute.,,,2001,2,0,2,3,,,NULL
1850,Developmental sequences in smallgroups. Psychological Bulletin,,,1965,2,0,2,3,,,NULL
1851,ISO/IEC 27701:2019 Security techniques — Extension to ISO/IEC 27001 and ISO/IEC 27002 for privacy information management — Requirements and guidelines/https://www.iso.org/standard/54533.html,,,,1,0,2,3,,,NULL
1852,Đắc nhân tâm,,,,2,4,2,3,,,NULL
1853,ISO/IEC 27002:2013 Information technology — Security techniques — Code of practice for information security controls/https://www.iso.org/standard/71670.html,,,,1,0,2,3,,,NULL
1854,Công nghệ thông tin - Các kỹ thuật an toàn - Hệ thống quản lý an toàn thông tin/https://tieuchuan.vsqi.gov.vn/tieuchuan/view?sohieu=TCVN+11238%3A2015,,,,2,0,2,3,,,NULL
1855,Giáo trình thực tập điện cơ bản/Bùi Văn Hồng,Dewey Class no. :621.31B932-H772-----Call no. :221621.31; ----- Mô tả: 187tr.;21cm,Tp.HCM:Đại học Quốc gia Tp.Hồ Chí Minh,2009,2,303,2,3,,,NULL
1856,"System Software - An Introduction to Systems Programming, 3rd Edition/Leland L. Beck",,Addison Wesley,,1,0,2,3,,,NULL
1857,"Modern Compiler Design/D. Grune, H. Bal, C. Jacobs, and K. Langendoen",,John Wiley & Sons,2000,1,0,2,3,,,NULL
1858,"Compilers: Principles, Techniques, and Tools / Alfred V. Aho, Ravi Sethi, and Jeffrey D. Ullman",,Addison-Wesley,1986,1,0,2,3,,,NULL
1859,Kỹ thuật điện,,Khoa học kỹ thuật,2006,2,81,2,3,,,NULL
1860,Beginning Linux Programming/Neil Matthew Richard Stones,,,,2,0,2,3,,,NULL
1861,"Advanced Linux Programming/Mark Mitchell, Jeffrey Oldham and Alex Samuel",,,,2,0,2,3,,,NULL
1862,Kỹ thuật lắp đặt điện dân dụng,,Đồng Nai,2006,2,0,2,3,,,NULL
1863,"UNIX™ Systems Programming: Communication, Concurrency, an Threads /Kay A. Robbins and Steven Robbins",,,,2,0,2,3,,,NULL
1864,Sửa chữa thiết bị điện /Hoàng Hữu Thận,Dewey Class no. :621.31042H678-T367-----Call no. :221621.31042; ----- Mô tả: 317tr.;21cm.,Hà Nội:Hải Phòng,2002,2,3,2,3,,,NULL
1865,Mạch điện,,Đại học Quốc gia ,2013,1,1190,1,3,,,NULL
1866,"Giáo trình máy điện I/Nguyễn Trọng Thắng, Ngô Quang Hà",Dewey Class no. :621.313N573-T367-----Call no. :221621.313; ----- Mô tả: 155tr; 29cm.,TP. HCM.:ĐH Sư phạm Kỹ thuật,2005,1,104,1,3,,,NULL
1867,Máy điện,,Khoa học và kỹ thuật,2003,2,0,1,3,,,NULL
1868,Kỹ thuật điện,,Đại học quốc gia,2000,2,16,2,3,,,NULL
1869,"Ivanov (bản dịch tiếng Việt của Vũ Gia Hanh), Máy điện",,Khoa học và kỹ thuật,2005,2,0,2,3,,,NULL
1870,"Digital systems : Principles and applications / Neal S. Widmer, Gregory L. Moss, Ronald J. Tocci",Dewey Class no. :621.381 W641-----Call no. :621.381 223; ----- Mô tả: 1024p. ; 28 cm,Harlow England. : Pearson,2018,2,1,1,3,,,NULL
1871,Electric machines,,Prentice Hall,2002,2,0,2,3,,,NULL
1872,"Vật liệu kỹ thuật điện:Tính chất - Đặc điểm - Thành phần - Công nghệ và ứng dụng: Môn học: 1162200 - Vật liệu điện - điện tử/Nguyễn Xuân Phú (Chủ biên), Hồ Xuân Thanh",Dewey Class no. :621.3N573 - P578-----Call no. :221621.3; ----- Mô tả: 563tr.;21cm,Hà Nội:Khoa Học và Kỹ Thuật,2001,2,323,2,3,,,NULL
1873,Vật liệu điện điện tử,,Đại học Quốc gia ,2014,1,4,2,3,,,NULL
1874,Giáo trình vật liệu điện :Sách dùng cho các trường đào tạo hệ Trung học chuyên nghiệp và cao đẳng kỹ thuật /Nguyễn Đình Thắng,Dewey Class no. :621.31042N573-T367-----Call no. :221621.31042; ----- Mô tả: 248tr :24cm,H :Giáo dục,2004,1,3,2,3,,,NULL
1875,Schaum's Outlines of Signals & Systems/Hwei P. Hsu,,The McGraw-Hill Companies,2009,2,0,1,3,,http://172.30.11.76:4000/handle/123456789/509,NULL
1876,Linh kiện bán dẫn ,,Đại học Quốc gia ,2007,2,504,2,3,,,NULL
1877,Signals & Systems/Richard Baraniuk,,Richard Baraniuk,2008,1,0,1,3,,http://172.30.11.76:4000/handle/123456789/510,NULL
1878,Điện tử Nanô Linh kiện và công nghệ ,,Đại học Quốc gia ,2005,2,0,2,3,,,NULL
1879,"Giáo trình khí cụ điện/Hồ Xuân Thanh, Phạm Xuân Hổ",Dewey Class no. :621.31042H678-T367-----Call no. :621.31042223; ----- Mô tả: 788tr.;24cm,Tp.Hồ Chí Minh:Đại học Quốc gia Tp.Hồ Chí Minh,2014,2,582,2,3,,,NULL
1880,"Giáo trình khí cụ điện:Dùng cho các trường đại học khối công nghệ/Hồ Xuân Thanh, Phạm Xuân Hổ",Dewey Class no. :621.31042H678-T367-----Call no. :621.31042221; ----- Mô tả: 327tr.;24cm,Tp.HCM:Đại học Quốc gia Tp.HCM,2010,2,93,2,3,,,NULL
1881,Hệ thống viễn thông/Phan Văn Ca,,ĐHQG Tp. HCM,2017,1,0,1,3,,,NULL
1882,Giáo trình khí cụ điện/Phạm Văn Chới,Dewey Class no. :621.31042P534-C545-----Call no. :621.31042221; ----- Mô tả: 295tr.;24cm.,Hà Nội:Giáo dục,2007,2,26,2,3,,,NULL
1883,Giáo trình khí cụ điện/Phạm Văn Chới,,Khoa học kỹ thuật,2007,2,11,2,3,,,NULL
1884,"Mạch số: Môn học: 1163100 - Kỹ thuật số/Nguyễn Hữu Phương$pDùng cho sinh viên đại học ngành điện tử, tự động hóa, viễn thông, tin học, v.v... /",Dewey Class no. :621.3815N573-P577-----Call no. :621.3815221; ----- Mô tả: Mạch kỹ thuật số,H.:Thống kê,2004,2,27,2,3,,,NULL
1885,Fundamentals of communication systems/Proakis and Salehi  ,,Pearson,2013,2,0,1,3,,,NULL
1886,Communication Systems/Simon Haykin and Michael Moher,,Wiley,2000,2,0,1,3,,,NULL
1887,Digital systems : Principles and applications,,Prentice Hall ,2017,2,1,2,3,,http://172.30.11.76:4000/handle/123456789/504,NULL
1888,Principles of communication systems/Taub Schilling,,Mc Graw Hill,1999,1,0,2,3,,,NULL
1889,"Principles of communications: systems, modulation, and noise/R.E. Ziemer and W.H. Tranter",,Wiley,2009,1,0,2,3,,,NULL
1890,Điện tử công suất,,ĐHSPKT TP.HCM,2010,1,405,1,3,,,NULL
1891,"Điện tử công suất :Bài giảng môn học/Nguyễn Xuân Khai, Hoàng Ngọc Văn",Dewey Class no. :621.317N573-K45-----Call no. :222621.317; ----- Mô tả: 109tr;24cm,Tp.HCM.:Đại học Sư phạm Kỹ thuật,2004,1,290,1,3,,,NULL
1892,Giáo trình Điện tử công suất 1,,Đại học Quốc gia ,2002,1,231,2,3,,,http://172.16.2.21/libol50/search/detail.asp?ID=51242
1893,Điện tử công suất:Giáo trình dùng cho sinh viên Đại Học Bách Khoa và các trường đại học khác /Nguyễn Bính,Dewey Class no. :621.317N573-B613-----Call no. :221621.317; ----- Mô tả: 288tr.;24cm,Hà Nội:Khoa Học và Kỹ Thuật,2000,1,12,2,3,,,NULL
1894,"Điện tử công suất - lý thuyết - thiết kế - ứng dụng, hai tập",,Khoa học kỹ thuật,,2,0,2,3,,,NULL
1895,"Điện tử công suất/Đỗ Xuân Tùng, Trương Tri Ngộ",Dewey Class no. :621.317Đ631- T926-----Call no. :221621.317; ----- Mô tả: 225tr.;27cm., H.: Xây dựng,1999,2,8,2,3,,,NULL
1896,Microwave Engineering/David M. Pozar,,John Wiley & Sons,2012,2,0,2,3,,,NULL
1897,Điện tử công suất:Lý thuyết bài tập và bài giải - Ứng dụng/Nguyễn Xuân Phú,Dewey Class no. :621.317N573-P577-----Call no. :222621.317; ----- Mô tả: 384tr.;27cm,H.:Khoa học và kỹ thuật,2011,2,6,2,3,,,NULL
1898,"Phân tích và giải mạch điện tử công suất /Phạm Quốc Hải, Dương Văn Nghi",Dewey Class no. :621.317P534-H149-----Call no. :221621.317; ----- Mô tả: 190tr.;24cm,Hà Nội:Khoa Học và Kỹ Thuật,1997,2,33,2,3,,,NULL
1899,"Giáo trình ứng dụng PSIM trong điện tử công suất:Giáo trình dùng cho sinh viên ngành Điện - Điện tử/Đỗ Đức Trí, Vương Thị Ngọc Hân",Dewey Class no. :621.317Đ631-T819-----Call no. :621.317222; ----- Mô tả: 242tr.;24cm,Tp. Hồ Chí Minh:Đại học Quốc gia Tp. Hồ Chí Minh,2015,2,303,2,3,,,NULL
1900,"Giáo trình “Cung cấp điện” dành cho hệ Đại Học, Khối Ngành Công Nghệ",,ĐHSPKT TP.HCM,2010,1,0,1,3,,,NULL
1901,Thí nghiệm máy điện trên máy tính,,ĐHSPKT TP.HCM,2016,2,0,2,3,,,NULL
1902,Quấn dây máy điện,,ĐHSPKT TP.HCM,2004,2,0,2,3,,,NULL
1903,"Máy điện I:Sách giáo trình dùng cho các trường đại học/Vũ Gia Hanh (ch.b); Trần Khánh Hà, Phan Tử Thụ, Nguyễn Văn Sáu",Dewey Class no. :621.313V986-H239-----Call no. :221621.313; ----- Mô tả: 336tr.;24cm,H.:Khoa học và kỹ thuật,2003,2,2,2,3,,,NULL
1904,"Công nghệ chế tạo và tính toán sửa chữa máy điện$pT2/Nguyễn Trọng Thắng, Nguyễn Thế Kiệt",Dewey Class no. :621.313N573-T367-----Call no. :221621.313; ----- Mô tả: 203tr; 20cm.,Tp. HCM.: Trường Đại học Sư phạm kỹ thuật,[san an.],2,59,2,3,,,NULL
1905,Microwave Devices and Circuits/Samuel Y. Liao,,Prentice Hall,1996,2,0,1,3,,,NULL
1906,"Giáo trình vi xử lý /Nguyễn Đình Phú, Trương Ngọc Anh",Dewey Class no. :629.8N573-P577-----Call no. :222629.8; ----- Mô tả: 323tr ;24cm,Tp. HCM.:Đại học Quốc gia Tp. Hồ Chí Minh,2013,2,1176,2,3,,,NULL
1907,RF Circuit Design/Christopher Bowick,,Newnes,1982,2,0,1,3,,,NULL
1908,Wireless communications/Andreas F. Molisch,,John Wiley & Sons,2011,1,0,1,3,,,NULL
1909,"Giáo trình “Cung cấp điện” dành cho hệ Đại Học, Khối Ngành Công Nghệ",,ĐHSPKT TP.HCM,2015,2,0,2,3,,,NULL
1910,Hướng dẫn thiết kế lắp đặt điện theo tiêu chuẩn quốc tế IEC,,Khoa Học - Kỹ Thuật,2009,2,445,2,3,,,NULL
1911,Data Communicationsand Networkin/Behrouz A. Forouzan,,McGraw Hill,2012,2,0,1,3,,,NULL
1912,Sổ tay thiết kế điện hợp chuẩn,,ĐHSPKT TP.HCM,2017,2,0,1,3,,,NULL
1913,Hệ thống điện truyền tải và phân phối/Hồ Văn Hiến,Dewey Class no. :621.319H678 - H633-----Call no. :222621.319; ----- Mô tả: 649tr.;27cm.,Tp.Hồ Chí Minh:Đại học Quốc gia Tp.HCM,2005,2,27,1,3,,,NULL
1914,Hệ thống viễn thông 2/Lê Tiến Thường,,NXB ĐHQG TP. HCM,2010,2,0,1,3,,,NULL
1915,Phần điện Nhà máy điện và trạm biến áp ,,Khoa Học - Kỹ Thuật,1996,1,0,2,3,,,http://172.16.2.21/libol50/search/detail.asp?ID=21490
1916,,,Khoa Học - Kỹ Thuật,1996,1,0,2,3,,,NULL
1917,"Cung cấp điện /Nguyễn Xuân Phú,Nguyễn Bội Khuê, Nguyễn Công Hiền",Dewey Class no. :621.319N573-P577-----Call no. :221621.319; ----- Mô tả: 792tr.;27cm.,H:Khoa học và Kỹ thuật,2007,1,560,2,3,,,NULL
1918,Phân tích và điều khiển ổn định hệ thống điện:Sách được dùng làm giáo trình cho các trường đại học kỹ thuật/Lã Văn Út,Dewey Class no. :621.319L111-U89-----Call no. :221621.319; ----- Mô tả: 243tr.;24cm,H.:Khoa Học và Kỹ Thuật,2011,1,12,2,3,,,NULL
1919,"Thiết kế hệ thống điện/Nguyễn Hoàng Việt (ch.b); Hồ Văn Hiến, Phan Thị Thanh Bình, Võ Văn Huy Hoàng",Dewey Class no. :621.319N573 - V666-----Call no. :222621.319; ----- Mô tả: 466tr.;27cm,Tp.Hồ Chí Minh:Đại học Quốc gia,2010,1,11,2,3,,,NULL
1920,UNDERSTANDING ELECTRIC POWER SYSTEMS - An Overview of the Technology and the Marketplace,,A John Wiley & Sons,2003,2,0,2,3,,http://172.30.11.76:4000/handle/123456789/501,NULL
1921,Electrical distribution engineering / Anthony J. Pansini,"Dewey Class no. :621.319 P196-----Call no. :621.319 223; ----- Mô tả: xxii, 535p., 24cm",Lilburn,GA : Fairmont Press; Boca Raton,2,1,2,3,,,NULL
1922,Switchgear Manual,,ABB,,2,0,2,3,,http://172.30.11.76:4000/handle/123456789/502,NULL
1923,Electric power substations engineering / John D. McDonald,Dewey Class no. :621.3126 M135-----Call no. :621.3126 223; ----- Mô tả: 500 p. ; 26 cm, Boca Raton,FL : CRC Press,2,1,2,3,,,NULL
1924,Electrical Transmission and Distribution Reference book ,,ABB,1996,2,0,2,3,,http://172.30.11.76:4000/handle/123456789/503,NULL
1925,Hướng dẫn thiết kế đồ án cung cấp điện,,Đại học Quốc gia ,,1,0,2,3,,,NULL
1926,"Hướng dẫn thiết kế lắp đặt điện theo tiêu chuẩn quốc tế IEC= Electrical Installation Guide : According to IEC international Standards /Schneider Electric S. A, người dịch: Phan Thị Thanh Bình, Phan Quốc Dũng, Phạm Quang Vinh...",Dewey Class no. :621.31H957-----Call no. :221621.31; ----- Mô tả: 690tr;21cm,H.:Khoa học và kỹ thuật,2009,1,10,2,3,,,NULL
1927,Giáo trình “CAD trong kỹ thuật điện”,,Đại học Quốc gia ,2008,1,400,2,3,,,NULL
1928,Electrical distribution engineering / Anthony J. Pansini,"Dewey Class no. :621.319 P196-----Call no. :621.319 223; ----- Mô tả: xxii, 535p., 24cm",Lilburn,GA : Fairmont Press; Boca Raton,1,1,2,3,,,NULL
1929,Electric power distribution equipment and systems / T. A. Short,Dewey Class no. :621.319 S559-----Call no. :621.319 223; ----- Mô tả: 320p. ; 24cm,Boca Raton,FL : Taylor & Francis,1,1,2,3,,,NULL
1930,Electrical Installation Caculations,,Newnes,2006,1,0,2,3,,,NULL
1931,Lighting by Design 2Ed,,BH,2008,1,0,2,3,,,NULL
1932,Uninterruptible Power Supplies,,McGraw-Hill,2004,1,0,2,3,,,NULL
1933,Lý thuyết điều khiển tự động,,Giáo dục,2008,1,0,2,3,,,NULL
1934,"Lý thuyết điều khiển tự động /Nguyễn Thị Phương Hà, Huỳnh Thái Hoàng",Dewey Class no. :629.8312N573-H111-----Call no. :222629.8312; ----- Mô tả: 378tr;24cm,Tp.HCM:Đại học Quốc gia Tp.HCM,2010,1,116,2,3,,,NULL
1935,Truyền động điện tự động: Dùng cho môn học Truyền động điện tự động / Trần Quang Thọ,Dewey Class no. :621.319T772-T449-----Call no. :223621.319; ----- Mô tả: 257tr.: hình vẽ; 24 cm,Tp. Hồ Chí Minh: nxb Đại học quốc gia Tp. HCM,2020,1,226,2,3,,,NULL
1936,Truyền động điện,,Khoa Học - Kỹ Thuật,2013,1,0,2,3,,,NULL
1937,"Truyền động điện/Phan Quốc Dũng, Tô Hữu Phúc",Dewey Class no. :621.319P535-D916-----Call no. :222621.319; ----- Mô tả: 281tr.;24cm.,Tp.Hồ Chí Minh:Đại học Quốc gia Tp.HCM,2003,1,7,2,3,,,NULL
1938,Cơ sở truyền động điện/Nguyễn Văn Nhờ,Dewey Class no. :621.319N573-N576-----Call no. :621.319222; ----- Mô tả: 326tr.;24cm,Tp.HCM:Đại học Quốc gia Tp. Hồ Chí Minh,2003,1,1,2,3,,,NULL
1939,Fundamentals of electric drives / Mohamed A. El- Sharkawi,"Dewey Class no. :621.46 E495-----Call no. :621.46 223; ----- Mô tả: xii, 314p.; 24cm",Australia: Cengage Lerning,2000,1,2,2,3,,,NULL
1940,Control of electrical drives/Werner Leohnard ,Dewey Class no. :621.31042L584-----Call no. :221621.31042; ----- Mô tả: 420p.;29cm..,German:Springer - Verlag Berlin Heidelberg,1996,1,1,2,3,,,NULL
1941,Dynamic Simulation of Electric Machinery/Chee-Mun Ong,Dewey Class no. :621.31042O58-----Call no. :221621.31042; ----- Mô tả: 626p.;24cm..,New Jersey:Prentice Hall,1998,1,1,2,3,,,NULL
1942,The field orientation principle in control of induction motors,,Kluwer Academic ,,1,0,2,3,,,NULL
1943,"Fundamentals of electrical drives / André Veltman, Duco W. Pulle, R. W. Doncker","Dewey Class no. :621.46 V445-----Call no. :621.46 223; ----- Mô tả: xxi, 341p.; 24cm",Berlin: Springer,2016,1,2,2,3,,,NULL
1944,"POWER SYSTEM ANALYSIS AND DESIGN, 5th edition",,Global Engineering: Christopher M. Shortt,2012,2,0,2,3,,,NULL
1945,"Handbook of Research on Smart Power System Operation and Control,  vol. chapter 1",,IGI Globa,2019,1,0,2,3,,,NULL
1946,A Survey of Recent Developments and Requirements for Modern Power System Control,,Elsevier Ltd,2019,2,0,2,3,,,NULL
1947,"Giáo trình “Năng lượng tái tạo”, dành cho hệ Đại Học, Khối Ngành Công Nghệ",,ĐHSPKT TP.HCM,2017,1,0,2,3,,,NULL
1948,Renewable energy : Power for a sustainable future / Godfrey Boyle,"Dewey Class no. :333.794 B792-----Call no. :333.794 223; ----- Mô tả: vii, 264p. ; 27 cm",Oxford. : Oxford University Press,2012,1,1,2,3,,,NULL
1949,"Lập trình Android và ứng dụng trong các hệ thống IotS (Android trong điều khiển, Iots, Wearos)/ Nguyễn Văn Hiệp, Trần Đức Thiện, Trần Mạnh Sơn",Dewey Class no. :005.1 N573-H633-----Call no. :005.1 223; ----- Mô tả: 243tr.; 24cm,Tp. Hồ Chí Minh: Đại học Quốc gia Tp. Hồ Chí Minh,2022,2,200,1,3,,,NULL
1950,"Renewable Energy : Physics, engineering, environmental ipacts, economics and planning / Bent Sørensen","Dewey Class no. :621.042 S713-----Call no. :621.042 223; ----- Mô tả: xviii, 943p.; 24cm",London:Academic Press,2017,1,1,2,3,,,NULL
1951,Truyền động điện,,Khoa Học - Kỹ Thuật,2013,1,0,2,3,,,NULL
1952,Truyền động điện,,Khoa Học - Kỹ Thuật,2013,1,0,2,3,,,NULL
1953,"Renewable Energy : Physics, engineering, environmental ipacts, economics and planning / Bent Sørensen","Dewey Class no. :621.042 S713-----Call no. :621.042 223; ----- Mô tả: xviii, 943p.; 24cm",London:Academic Press,2017,1,1,2,3,,,NULL
1954,Renewable energy : Power for a sustainable future / Godfrey Boyle,"Dewey Class no. :333.794 B792-----Call no. :333.794 223; ----- Mô tả: vii, 264p. ; 27 cm",Oxford. : Oxford University Press,2012,1,1,2,3,,,NULL
1955,"Lập trình android và ứng dụng trong các hệ thống iots (android trong điều khiển, iots, wearos)/Ths Nguyễn Văn Hiệp",,ĐHQG ,2020,1,0,1,3,,,NULL
1956,"Thực hành điện tử cơ bản/ Trương Thị Bích Ngà, Nguyễn Minh Tâm, Lê Hoàng Minh, Nguyễn Thị Lưỡng",Dewey Class no. :621.381 T532-----Call no. :621.381 223; ----- Mô tả: 283tr. ; 24 cm,Tp.Hồ Chí Minh : Đại học Quốc gia Tp. Hồ Chí Minh,2017,1,369,1,3,,,NULL
1957,Sơ đồ điện,,Bách Khoa Hà Nội,2001,2,14,2,3,,,NULL
1958,Embedded linux system design and development/Auerbach publications Taylor & Francis group,,Auerbach Publications,2005,2,0,1,3,,,NULL
1959,"Electric drives / Ion Boldea, S. A. Nasar",Dewey Class no. :621.46 B687-----Call no. :621.46 223; ----- Mô tả: 650p ; 26cm,Boca Raton : CRC Press,2017,2,1,2,3,,,NULL
1960,Electric drive/M. Chilikin ,Dewey Class no. :621.3C538-----Call no. :221621.3; ----- Mô tả: 495p.;23cm..,Moscow:Mir Pulishers,1976,2,1,2,3,,,NULL
1961,"Truyền động điện /Bùi Quốc Khánh, Nguyễn Văn Liễn, Nguyễn Thị Hiền",Dewey Class no. :621.319B932 - K45-----Call no. :221621.319; ----- Mô tả: 311tr.;21cm.,Hà Nội:Khoa Học và Kỹ Thuật,2005,2,26,2,3,,,NULL
1962,Lab Manual/Sigma Trainers,,Ahmedabad (India),2009,1,0,1,3,,,NULL
1963,Truyền động điện,,Khoa Học và Kỹ Thuật,2013,1,0,2,3,,,NULL
1964,"Giáo trình “Hệ thống Quản lý – Tự Động Hóa trong công trình”, dành cho hệ Đại Học, Khối Ngành Công Nghệ",,ĐHSPKT TP.HCM,2015,1,0,1,3,,,NULL
1965,"Thực hành cơ sở và ứng dụng IoTs/Huỳnh Hoàng Hà, Trương Quang Phúc, Đỗ Duy Tân",,NXB ĐH QG Tp. HCM,2022,1,0,1,3,,,NULL
1966,"Hướng dẫn thiết kế lắp đặt điện theo tiêu chuẩn quốc tế IEC/Schneider Electric S. A, người dịch: Phan Thị Thanh Bình, Phan Quốc Dũng, Phạm Quang Vinh...",Dewey Class no. :621.31H957-----Call no. :221621.31; ----- Mô tả: 690tr;27cm,H.:Khoa học và kỹ thuật,2011,1,1,2,3,,,NULL
1967,Design of Analog CMOS Intergrated Circuits/Behzad Razavi,,McGraw-Hill,2011,1,0,1,3,,,NULL
1968,Inteligent Buildings and Building Automation ,,,2010,2,1,2,3,,,NULL
1969,Integrated Building Management Systems in Data Centra,,Schneider Electric May ,2007,1,-1,2,3,,http://172.30.11.76:4000/handle/123456789/529,NULL
1970,Engineering manual of automatic control for commercial buildings ,,Honeywell,,2,0,2,3,,http://172.30.11.76:4000/handle/123456789/532,NULL
1971,Inside Building Management Systems,,Honeywell,,2,0,2,3,,,NULL
1972,BACnet-Various articles,,ASHRAE,,2,0,2,3,,,
1973,Giáo trình hệ thống viễn thông : Ngành công nghệ kỹ thuật điện tử - truyền thông / Phan Văn Ca,Dewey Class no. :621.3821 P535-C111-----Call no. :621.3821 223; ----- Mô tả: 274tr. ; 24 cm,Tp.Hồ Chí Minh : Đại học Quốc gia Tp. Hồ Chí Minh,2017,1,320,1,3,,,NULL
1974,Lonworks Various articles,,Echelon Corp,,2,0,2,3,,,NULL
1975,General Topology,,University Stanford,2008,2,0,2,3,,,NULL
1976,DSP Laboratory Using Matlab/Sanjit K. Mitra,,McGraw Hill College,2005,1,0,1,3,,,NULL
1977,"Bjorner,Topological methods, appears in Handbook of Combinatorics, Vol. 1, 2",,Elsevier,1995,2,0,2,3,,,NULL
1978,A Protocol for Packet Network Intercommunication,,IEEE,1974,2,0,2,3,,,NULL
1979,Lab Manual/Sigma Trainers,,Ahmedabad (India,2009,1,0,1,3,,,NULL
1980,"“The European computer network project,” in Computer Communications: Impacts and Implications",,D.C,,2,0,2,3,,,NULL
1981,Communication Systems for Building Automation and Control,,IEEE,2005,2,0,2,3,,,NULL
1982,Optimization of HVAC Control Strategies By Building Management Systems” MASTER OF SCIENCE,,Izmir Institute of Technology Izmir,2003,2,0,2,3,,,NULL
1983,Giáo trình kiểm toán và tiết kiệm năng lượng / Võ Viết Cường,Dewey Class no. :333.79 V872-C973-----Call no. :333.79 223; ----- Mô tả: 222tr. ; 24 cm,Tp.Hồ Chí Minh : Đại học Quốc gia Tp. Hồ Chí Minh,2017,2,220,2,3,,,NULL
1984,Giáo trình hệ thống viễn thông : Ngành công nghệ kỹ thuật điện tử - truyền thông / Phan Văn Ca,Dewey Class no. :621.3821 P535-C111-----Call no. :621.3821 223; ----- Mô tả: 274tr. ; 24 cm,Tp.Hồ Chí Minh : Đại học Quốc gia Tp. Hồ Chí Minh,2017,1,320,1,3,,,NULL
1985,Hướng dẫn thiết kế lắp đặt điện theo tiêu chuẩn quốc tế IEC,,Khoa Học - Kỹ Thuật,2011,1,14,2,3,,,NULL
1986,Sổ tay kiểm toán năng lượng trong tòa nhà,,Đại học Quốc gia ,2008,2,0,2,3,,,NULL
1987,Quản lý và tiết kiệm năng lượng,,Đại học Quốc gia ,2004,2,0,2,3,,,NULL
1988,"Bảo toàn năng lượng sử dụng hợp lý, tiết kiệm và hiệu quả trong công nghiệp/Nguyễn Xuân Phú, Nguyễn Thế Bảo",Dewey Class no. :333.796513N573-P577-----Call no. :222333.796 513; ----- Mô tả: 418tr.;24cm,Hà Nội:Khoa học và Kỹ thuật,2006,2,13,2,3,,,NULL
1989,Sổ tay ngôi nhà xanh,,Sở Xây Dựng TP.HCM,2012,2,0,2,3,,,NULL
1990,Practical Image and Video Processing using Matlab/John Wiley & Sons,,Oge Marques,2011,2,0,1,3,,,NULL
1991,CIBSE guide F: Energy Efficiency In Buildings,,CIBSE,2004,2,0,2,3,,,NULL
1992,IEEE Std 739-1995 – (Revision of IEEE Std 739-1984) IEEE Recommended Practice for Energy Management in Industrial and Commercial Facilities,,,1996,2,0,2,3,,,NULL
1993,Raspberry Pi Image Processing Programming/Ashwin Pajankar,,Apress,2017,2,0,1,3,,,NULL
1994,"Handbook of Energy Audits, 6th edition",,River ,2003,2,0,2,3,,,NULL
1995,Energy Conservation,,Oxford,2005,2,0,2,3,,,NULL
1996,Energy Management and Conservation Handbook,,CRC Press,2007,2,0,2,3,,,NULL
1997,"Guide to Energy Management: International Version, 5th edition",,Fairmont Press,2008,2,0,2,3,,,NULL
1998,"Energy management handbook/ [edited] by Stephen A. Roosa, Steve Doty, Wayne C. Turner","Dewey Class no. :658.26E567-----Call no. :223658.26; ----- Mô tả: xvii, 893 p.: ill, 29 cm",Louisville,Kentucky: Fairmont Press,2,1,2,3,,,NULL
1999,Kỹ thuật chiếu sáng ,,Đại học Quốc gia ,2011,1,0,2,3,,,NULL
2000,FPGA prototying by VHDL examples/Pong P. Chu,,Wile-Interscience,2008,1,0,1,3,,,NULL
2001,Giải tích mạng bằng phương trình căn bản,,Phương Đông,2007,1,0,2,3,,,NULL
2002,Solving problems in scientific computing using Maple and Matlab,,Springer,1993,2,0,2,3,,,NULL
2003,Fundamentals of signals and systems using Matlab,,Prentice Hall ,1997,2,0,2,3,,,NULL
2004,Quản trị dự án đầu tư,,Thống Kê,2013,1,0,2,3,,,NULL
2005,Thiết lập và thẩm định dự án đầu tư,,Lao động - Xã hội,2011,2,0,2,3,,,NULL
2006,Programming 8-bit PIC Microcontrollers in C: With Interactive Hardware Simulation/] Martin P. Bates,,Newnes,2008,2,0,1,3,,http://172.30.11.76:4000/handle/123456789/631,NULL
2007,Giáo trình quản lý dự án/Từ Quang Phương,Dewey Class no. :658.404T883-P577-----Call no. :658.404222; ----- Mô tả: 326tr.;24cm,H.:Đại học Kinh tế Quốc dân,2008,2,11,2,3,,,NULL
2008,Project management ,,CFVG-HCMC,2009,2,0,2,3,,,NULL
2009,Gestion de Projet ,,CFVG-HCMC,2008,2,0,2,3,,,NULL
2010,Bài giảng  vi xử lý nâng cao/Phan Vân Hoàn ,,ĐH SPKT TP. HCM ,2014,1,0,1,3,,,NULL
2011,Economic Analysis in Project management,,Oxford University Press,2010,2,0,2,3,,,NULL
2012,Project Management,,The Open University Thomson,2009,2,0,2,3,,,NULL
2013,Quản trị doanh nghiệp,,Thống Kê,2010,2,0,2,3,,,NULL
2014,Kinh tế doanh nghiệp,,Thế Giới,2009,2,0,2,3,,,NULL
2015, Kỹ thuật ra quyết định quản trị,,Thống Kê,2005,2,0,2,3,,,NULL
2016,"Quản trị sản xuất /Nguyễn Thanh Liêm, Nguyễn Quốc Tuấn, Nguyễn Hữu Hiễn",Dewey Class no. :658.5N573-L719-----Call no. :222658.5; ----- Mô tả: 328tr.;27cm,H.:Tài chính,2011,2,1,2,3,,,NULL
2017,"Economie de l’entreprise, 4th Edition",,McGraw-Hill,2005,2,0,2,3,,,NULL
2018,"Marketing đương đại =Principles of contemporary marketing/David L. Kurtz, Louis Boone",Dewey Class no. :658.8K96-----Call no. :223658.8; ----- Mô tả: 503tr.;27cm,H.:Khoa học và Kỹ thuật,2013,2,10,2,3,,,NULL
2019,"Decision making and forecasting:with emphasis on model building and policy analysis/Kneale T. Marshall, Robert M. Oliver",Dewey Class no. :658.4033M367-----Call no. :221658.4033; ----- Mô tả: 407p. includes bibliographical references and index ;24cm.,New York:McGraw - Hill,1995,2,1,2,3,,,NULL
2020,"Vente,  Action commercial",,Editions Dalloz,2010,2,0,2,3,,,NULL
2021,Thiết kế nhà máy điện và trạm biến áp:Phần điện/Huỳnh Nhơn,Dewey Class no. :621.3121H987-N576-----Call no. :222621.3121; ----- Mô tả: 330tr.;24cm,Tp.HCM.:Đại học quốc gia Tp.HCM.,2007,2,11,2,3,,,NULL
2022,"Cung cấp điện /Nguyễn Xuân Phú,Nguyễn Bội Khuê, Nguyễn Công Hiền",Dewey Class no. :621.319N573-P577-----Call no. :221621.319; ----- Mô tả: 792tr.;27cm.,H:Khoa học và Kỹ thuật,2007,2,560,2,3,,,NULL
2023,Phân tích và điều khiển ổn định hệ thống điện /Lã Văn Út,Dewey Class no. :621.319L111-U89-----Call no. :221621.319; ----- Mô tả: 210tr.;24cm,Hà Nội:Khoa Học và Kỹ Thuật,2000,2,2,2,3,,,NULL
2024,Thiết kế hệ thống điện,,Khoa Học - Kỹ Thuật,2000,1,0,2,3,,,NULL
2025,UNDERSTANDING ELECTRIC POWER SYSTEMS - An Overview of the Technology and the Marketplace,,John Wiley & Sons,2003,1,0,2,3,,http://172.30.11.76:4000/handle/123456789/501,NULL
2026,Electrical distribution engineering / Anthony J. Pansini,"Dewey Class no. :621.319 P196-----Call no. :621.319 223; ----- Mô tả: xxii, 535p., 24cm",Lilburn,GA : Fairmont Press; Boca Raton,1,1,2,3,,,NULL
2027,Switchgear Manual,,ABB,,2,0,2,3,,http://172.30.11.76:4000/handle/123456789/502,NULL
2028,Electric power substations engineering / John D. McDonald,Dewey Class no. :621.3126 M135-----Call no. :621.3126 223; ----- Mô tả: 500 p. ; 26 cm, Boca Raton,FL : CRC Press,2,1,2,3,,,NULL
2029,Electrical power distribution and transmission/Luces M. Faulkenbery ,Dewey Class no. :621.319F263-----Call no. :221621.319; ----- Mô tả: 582p.;29cm..,New Jersey:Prentice-Hall,1996,2,1,2,3,,,NULL
2030,"Electric  power systems quality, 2nd Edition",,McGraw-Hill,2012,2,0,2,3,,http://172.30.11.76:4000/handle/123456789/569,NULL
2031,"Lý thuyết điều khiển tự động /Nguyễn Thị Phương Hà, Huỳnh Thái Hoàng",Dewey Class no. :629.8312N573-H111-----Call no. :222629.8312; ----- Mô tả: 378tr.; 24cm,Tp.HCM: Đại học Quốc gia Tp.HCM,2019,1,1,1,3,,,NULL
2032,Bài tập điều khiển tự động/Nguyễn Thị Phương Hà,Dewey Class no. :629.8076N573-H111-----Call no. :222629.8076; ----- Mô tả: 268tr.;24cm,Tp.Hồ Chí Minh:Đại học Quốc Gia,2011,1,1,1,3,,,NULL
2033,Giáo trình tự động điều khiển/ Trần Sum,Dewey Class no. :629.8312T772-S955-----Call no. :221629.831 2; ----- Mô tả: 263tr.;29cm,H.:Giao thông vận tải,1999,1,463,1,3,,,NULL
2034,Engineering fundamentals: an introduction to engineering/ Saeed Moaveni.,"Dewey Class no. :620M687-----Call no. :620223; ----- Mô tả: xxiv, 867 pages : illustrations ; 26 cm",MA,USA : Cengage,1,2,1,3,,,NULL
2035,Giáo trình kỹ thuật Robot/Nguyễn Trường Thịnh,Dewey Class no. :629.892N573-T443-----Call no. :629.892222; ----- Mô tả: 498tr.;24cm,Tp. Hồ Chí Minh:Đại học Quốc gia Tp. Hồ Chí Minh,2014,1,417,1,3,,,NULL
2036,Giáo trình thực tập Robot công nghiệp/Tưởng Phước Thọ,Dewey Class no. :629.892T927-T449-----Call no. :629.892222; ----- Mô tả: 103tr.;24cm,Tp. Hồ Chí Minh:Đại học Quốc gia Tp. Hồ Chí Minh,2014,1,204,1,3,,,NULL
2037,Kỹ thuật Robot:Giáo trình dùng cho sinh viên khối kỹ thuật /Đào Văn Hiệp,Dewey Class no. :629.892Đ211-H633-----Call no. :221629.892; ----- Mô tả: 244tr :24cm,H.:Khoa học và kỹ thuật,2012,1,1,1,3,,,NULL
2038,Giáo trình kỹ thuật Robot/Nguyễn Trường Thịnh,Dewey Class no. :629.892N573-T443-----Call no. :629.892222; ----- Mô tả: 498tr.;24cm,Tp. Hồ Chí Minh:Đại học Quốc gia Tp. Hồ Chí Minh,2014,2,417,1,3,,,NULL
2039,Giáo trình thực tập Robot công nghiệp/Tưởng Phước Thọ,Dewey Class no. :629.892T927-T449-----Call no. :629.892222; ----- Mô tả: 103tr.;24cm,Tp. Hồ Chí Minh:Đại học Quốc gia Tp. Hồ Chí Minh,2014,2,204,1,3,,,NULL
2040,Giáo trình thực tập Robot công nghiệp/Tưởng Phước Thọ,Dewey Class no. :629.892T927-T449-----Call no. :629.892222; ----- Mô tả: 103tr.;24cm,Tp. Hồ Chí Minh:Đại học Quốc gia Tp. Hồ Chí Minh,2014,2,204,2,3,,,NULL
2041,Kỹ thuật Robot:Giáo trình dùng cho sinh viên khối kỹ thuật /Đào Văn Hiệp,Dewey Class no. :629.892Đ211-H633-----Call no. :221629.892; ----- Mô tả: 244tr :24cm,H.:Khoa học và kỹ thuật,2012,2,1,2,3,,,NULL
2042,"Introduction to embedded systems : A cyber-physical systems approach / Edward Ashford Lee, Sanjit Arunkumar Seshia","Dewey Class no. :006.22 L477-----Call no. :006.22 223; ----- Mô tả: xxii, 537p. ; 24cm",Cambridge,MA : MIT Press,1,2,2,3,,,NULL
2043,"Introduction to embedded systems : A cyber-physical systems approach / Edward Ashford Lee, Sanjit Arunkumar Seshia","Dewey Class no. :006.22 L477-----Call no. :006.22 223; ----- Mô tả: xxii, 537p. ; 24cm",Cambridge,MA : MIT Press,1,2,2,3,,,NULL
2044,"Xử lý tín hiệu số:Dùng cho sinh viên đại học ngành điện tử, viển thông, tin học.v.v)/ Nguyễn Hữu Phương ",Dewey Class no. :621.3822N573 - P577-----Call no. :621.382 2222; ----- Mô tả: 577tr. ;29cm..,Hà Nội.:Thống kê,2003,1,1,2,3,,,NULL
2045,"null Designing SCADA Application Software: A Practical Approach/McCrady, Stuart G. ",,Elsevier Science,2013,1,0,2,3,,,NULL
2046,"Real-Time Digital Signal Processing from MATLAB®to C with the TMS320C6x DSPs, 3th edition/Thad B. Welch, Cameron H.G. Wright, Michael G. Morrow",,"CRC Press, Taylor & Francis Group",2017,2,1,2,3,,,NULL
2047,"Giáo trình xử lý ảnh y sinh:Ngành kỹ thuật y sinh/Nguyễn Thanh Hải, Ngô Quốc Cường",Dewey Class no. :610.28N573-H149-----Call no. :610.28223; ----- Mô tả: 252tr.;24cm,Tp. Hồ Chí Minh:Đại học Quốc gia Tp. Hồ Chí Minh,2015,1,211,1,3,,,NULL
2048,"Giáo trình thực tập mạch điện tử y sinh (ngành kỹ thuật Y sinh)/Võ Đức Dũng, Nguyễn Thanh Hải, Nguyễn Thanh Nghĩa, Nguyễn Trường Duy",Dewey Class no. :610.28G434-----Call no. :610.28223; ----- Mô tả: 283tr.;24cm,Tp. Hồ Chí Minh: Đại học Quốc gia Tp.Hồ Chí Minh,2019,1,221,1,3,,,NULL
2049,Wireless Communications and Network/William Stalling,,Prentice Hall,2005,1,1,2,3,,,NULL
2050,"How to program with an introduction to C++/Paul Deitel, Harvey Deitel, Piyali Sengupta","
",Prentice Hall,2016,2,1,2,3,,,NULL
2051,,"
",Prentice Hall,2016,1,1,1,3,,,NULL
2052,"Giáo trình thực hành kỹ thuật số / Nguyễn Đình Phú, Nguyễn Duy Thảo, Nguyễn Trường Duy, Hà A Thồi",Dewey Class no. :621.3815G434-----Call no. :621.3815223; ----- Mô tả: 299tr.; 24cm,Tp. Hồ Chí Minh:Đại học Quốc gia Tp. Hồ Chí Minh,2018,1,276,1,3,,,NULL
2053,Mạch số / Nguyễn Hữu Phương,,NXB thống kê,2004,2,350,1,3,,,NULL
2054,Digital signal processing/John G. Proakis; Dimitris G. Manolakis,"Dewey Class no. :621.3822P962-----Call no. :621.382 2222; ----- Mô tả: ix, 948 p.;25 cm.",Upper Saddle River,NJ :Pearson/Prentice Hall,2,1,2,3,,,NULL
2055,Fundamentals and Applications of Ultrasonic Waves,"Cheeke J.D.N.
",CRC Press ,2002,2,0,2,3,,,NULL
2056,CAD/CAM and Automation,"Haideri Farazdak
",Nirali Prakashan,2013,1,0,2,3,,,NULL
2057,Embedded System Design - Embedded Systems Foundations of CyberPhysical Systems,"Peter Marwedel
",Springer,2011,1,0,2,3,,,NULL
2058,Understanding DCOM,"Rubin, William, and Marshall Brain
",Prentice Hall,1999,2,0,1,3,,,NULL
2059,Understanding DCOM,"Rubin, William, and Marshall Brain
",Prentice Hall,1999,2,0,2,3,,,NULL
2060,Physics of Magnetism and Magnetic Materials,"BUSCHOW K. H. J., BOER F.R.
",Kluwer Academic Publishers,2004,2,0,2,3,,,NULL
2061,Bioelectromagnetism,"Malmivuo A., Plonsey R.
",Oxford University Press,1995,2,0,2,3,,,NULL
2062,Biomedical Signal and Image Processing,"Kayvan N., Robert S.
",Taylor and Francis Group,2006,2,0,2,3,,,NULL
2063,Introduction to the Mathematics of Medical Imaging,"C.L. Epstein
",Prentice Hall,2003,2,0,2,3,,,NULL
2064,The Essential Physics of Medical Imaging,"Jerrold T. Bushberg et. al
",Lippincott Williams & Wilkins,2002,1,0,2,3,,,NULL
2065,Essentials of Radiologic Science,"Robert Fosbinder et. Al
",Wolters Kluwer Health,2012,2,0,2,3,,,NULL
2066,Diagnostic Radiology Physics: A Handbook for Teachers and Students,"D.R. Dance et. al.
",international atomic energy agency (IAEA),2014,2,0,2,3,,,NULL
2067,Physical Principles of Medical Imaging,"Perry Sprawls
",Medical Physics Pub Corp,1993,2,0,2,3,,,NULL
2068,Physical Principles of Medical Imaging,"Ruddy D. Ratner; Allan Hoffman, Frederick Schoen and Jack Lemons
",,,1,0,2,3,,,NULL
2069,Biomechanics: Mechanical Properties of Living Tissues,"Y.C. Fung
",Springer,1993,2,0,2,3,,,NULL
2070,Engineering Graphics with SolidWorks 2020: A Step-by-Step Approach Utilizing 3D Solid Modeling,"Planchard, David C

",SDC Publications,2020,1,0,2,3,,,NULL
2071,"SolidWorks 2021: Part Modeling, Assemblies, Drawings, CADvantage","Keska, Pawel

",SDC Publications,2021,2,0,2,3,,,NULL
2072,DSP Lab manual,"SJ. Orfanidis
",Rutgers University,2014,1,0,2,3,,,NULL
2073,Giáo trình xử lý ảnh y sinh,"Nguyễn Thanh Hải
",Đại học Quốc Gia Tp.HCM,2015,1,200,1,3,,,NULL
2074,Digital Image Processing for Medical Application,"Geoff Dougherty
",Cambridge University Press,2009,2,0,1,3,,,NULL
2075,Conceptual Digital Signal Processing with MATLABKeonwook Kim,,Springer Nature Singapore,2021,2,0,2,3,,,NULL
2076,Digital Signal Processing A Primer With MATLAB,"Samir I. Abood
","CRC Press, Taylor & Francis Group",2020,2,0,2,3,,,NULL
2077,Health Information Management Technology: An Applied Approach,"Nanette B Sayles
",American Health Information Management Association,2016,1,0,2,3,,,NULL
2078,Health Information System for Medical Laboratory Science,"Jose Jurel Nuevo, Bernard Ebuen
",C&E Publishing Inc,2019,2,0,2,3,,,NULL
2079,"Medical Instrumentation Application and Design, Third Edition.","John G. Webster, John Wiley and Sons and Hand-outs
",,,2,0,2,3,,,NULL
2080,Design and Development of Medical Electronic Instrumentation,"David Prutchi, Michael Norris
",,2005,2,0,2,3,,,NULL
2081,Ross & Wilson Anatomy and Physiology in Health and Illness,"Thomson, Anne, et al
",Elsevier,2018,1,0,2,3,,,NULL
2082,"Health Information Management Technology, 3rd edtion","Merida Johns
",Ahima Press,2010,1,0,2,3,,,NULL
2083,Health Information Systems Architectures and Strategies,"Winter, A., Haux, R., Ammenwerth, E., Brigl, B., Hellrung, N., Jahn, F.
",Springer-Verlag London Limited,2011,2,0,2,3,,,NULL
2084,Health Information Systems Architectures and Strategies,"Winter, A., Haux, R., Ammenwerth, E., Brigl, B., Hellrung, N., Jahn, F.
",Springer-Verlag London Limited,2011,2,0,2,3,,,NULL
2085,Health Information Systems Architectures and Strategies,"Winter, A., Haux, R., Ammenwerth, E., Brigl, B., Hellrung, N., Jahn, F.
",Springer-Verlag London Limited,2011,2,0,2,3,,,NULL
2086,Health Information Systems Architectures and Strategies,"Winter, A., Haux, R., Ammenwerth, E., Brigl, B., Hellrung, N., Jahn, F.
",Springer-Verlag London Limited,2011,2,0,2,3,,,NULL
2087,"Compendium of Biomedical Instrumentation, Volume 1","R. S. Khandpur
",Wiley,2020,1,0,2,3,,,NULL
2088,Integrated Project Management,"E. Hall and J. Johnson
",Prentice Hall,2002,2,0,2,3,,,NULL
2089,Biomedical Instrumentation Systems,"Shakti Chatterjee; Aubert Miller
",Published by Delmar Cengage Learning,2010,1,0,2,3,,,NULL
2090,Internet of Things with Raspberry Pi and Arduino,"Rajesh Singh, Anita Gehlot, Lovi Raj Gupta, Bhupendra Singh, Mahendra Swain
",CRC Press,2019,1,0,2,3,,,NULL
2091,"Programming the Raspberry Pi, Second Edition: Getting Started with Python","Simon Monk
",McGraw-Hill Education TAB,2015,2,0,2,3,,,NULL
2092,"Embedded Systems Architecture, Programming and Design","RajKamal
",Tata McGrawHill,2008,1,0,2,3,,,NULL
2093,Arduino-Based Embedded Systems,"Rajesh Singh
",CRC Press,2018,2,0,2,3,,,NULL
2094,Chemical Sensors and Biosensors for Medical and Biological Applications,"Ursula E. Spichiger-Keller
",Wiley-VCH,2008,1,0,2,3,,,NULL
2095,Sensor Technology Handbook,"Jon S. Wilson
",Arizona October ,2004,2,0,2,3,,,NULL
2096,Sensor Technology Handbook,"Jon S. Wilson
",Arizona October ,2005,2,1,1,3,,,NULL
2097,Sensor Technologies,"Michael J. McGrath
",Arizona October ,2005,2,0,2,3,,,NULL
2098,Giáo trình môn học TT Công nghệ Cảm biến Y sinh,"Trần Đăng Khoa
",,,1,0,2,3,,,NULL
2099,Wireless Communications and Network,"William Stalling
",Prentice Hall ,2005,1,0,2,3,,,NULL
2100,Wireless Communications and Network,"William Stalling
",Prentice Hall ,2005,1,1,2,3,,,NULL
2101,Fundermentals of Wireless Communication,"David Tse and Pramod V.
",Cambridge University Press,2005,2,0,2,3,,,NULL
2102,Biomedical Instrumentation Systems,"Shakti Chatterjee; Aubert Miller
",Delmar Cengage Learning,2010,2,0,2,3,,,NULL
2103,Bài giảng thực tập thiết bị y tế,"Võ Đức Dũng, Nguyễn Thanh Nghĩa, Trần Đăng Khoa, Nguyễn Thanh Hải
",Trường ĐH SPKT,2021,1,0,2,3,,,NULL
2104,Medical Instrumentation: Application and Design,"John G. Webster, John Wiley and Sons and Hand-outs 
",,,2,0,2,3,,,NULL
2105,Thiết kế hầm và công trình ngầm ,"Nguyễn Thế Phùng, Nguyễn Quốc Hùng
",Xây dựng,2004,1,0,2,3,,,NULL
2106,Khai thác đánh giá và sửa chữa đường ôtô (Tập 1 & 2),"Trần Đình Bửu, Nguyễn Quang Chiêu, Nguyễn Quang Toản 
", Đại học và THCN,1984,1,0,2,3,,,NULL
2107,"Khai thác, kiểm định gia cố cầu ","Nguyễn Ngọc Long, Nguyễn Văn Mợi, Nguyễn Như Khải 
",Xây dựng,1984,1,0,2,3,,,http://172.16.2.21/libol50/search/detail.asp?ID=37909
2108,Sổ tay kiểm tra cầu ,"Vũ Mạnh Lãng 
",Giao Thông Vận Tải,1984,1,0,2,3,,,NULL
2109,Thiết kế và thi công nền đắp trên đất yếu,"Nguyễn Quang Chiêu
",Xây dựng,2004,1,7,1,3,,https://thuvienso.hcmute.edu.vn/doc/thiet-ke-va-thi-cong-nen-dap-tren-dat-yeu-676768.html,NULL
2110,Cải tạo đất yếu trong xây dựng," Nguyễn Ngọc Bích
",Xây dựng,2004,1,14,1,3,,,NULL
2111,Quy hoạch GTVT và thiết kế đường đô thị,"Nguyễn Xuân Trục
",Giáo Dục,2004,2,0,2,3,,,NULL
2112, Mỹ Học Cầu Đường,"Đào Xuân Lâm 
",Giao Thông Vận Tải,2003,2,0,2,3,,,NULL
2113,Comprehensive design example for prestressed concrete girder superstructure bridge," Mojesky and Masters
",,2006,2,0,2,3,,,NULL
2114, Prestress concrete,"Edward and G. Nawy
","Prentice Hall, Newjersey",2000,2,0,2,3,,,NULL
2115,Bridges Engineering Handbook,"Wai Fen Chen, Lien Duan
","CPR Press, NewYork",2000,2,0,2,3,,,NULL
2116,Bài giảng môn Cơ sở hạ tầng,Trần Vũ Tự,ĐH Sư Phạm Kỹ Thuật TP. HCM,,1,0,2,3,,,NULL
2117,Tiêu chuẩn thiết kế cầu 22TCN272-05,"Bộ Giao Thông Vận Tải
",Giao Thông Vận Tải,,1,0,2,3,,,NULL
2118,Tiêu chuẩn thiết kế đường 4054-2005 ,"Bộ Giao Thông Vận Tải
",Bộ Giao thông vận tải,,1,0,2,3,,,NULL
2119,Kết cấu bê tông cốt thép theo tiêu chuẩn Hoa Kỳ,"Nguyễn Trung Hòa
",Xây dựng,,1,0,2,3,,,NULL
2120,"Cầu bê tông cốt thép trên đường ôtô, tập 1"," Lê Đình Tâm
",Xây dựng,2014,1,5,1,3,,,NULL
2121,"Cầu bê tông cốt thép trên đường ôtô, tập 2"," Lê Đình Tâm
",Xây dựng,2012,1,5,1,3,,,NULL
2122,Thiết kế công trình hầm giao thông,"Nguyễn Quốc Hùng
",Giao Thông Vận Tải,,1,0,1,3,,,NULL
2123,Infrastructure Engineering and Management," Ashish H. Makwana, Yogesh K. Alwani, Kunal P. Shukla, Dr. Jayeshkumar R. Pitroda
",Lap Lambert Academic Publishing,,1,0,1,3,,,NULL
2124,Infrastructure Engineering and Management," Ashish H. Makwana, Yogesh K. Alwani, Kunal P. Shukla, Dr. Jayeshkumar R. Pitroda
",Lap Lambert Academic Publishing,,1,0,2,3,,,NULL
2125,Quy hoạch GTVT và thiết kế đường đô thị,"Nguyễn Xuân Trục
",Giáo Dục,,2,0,2,3,,,NULL
2126,Mỹ Học Cầu Đường," Đào Xuân Lâm
",Giao Thông Vận Tải,2003,2,0,2,3,,,NULL
2127,Comprehensive design example for prestressed concrete girder superstructure bridge,,,2006,2,0,2,3,,,NULL
2128,Prestress concrete ,"Edward and G. Nawy
",Prentice Hall,2000,2,0,2,3,,,NULL
2129, Bridges Engineering Handbook,"Wai Fen Chen, Lien Duan
","CPR Press, NewYork",2000,2,0,2,3,,,NULL
2130,Bài giảng môn Cơ sở hạ tầng,"Trần Vũ Tự
", ĐH Sư Phạm Kỹ Thuật TP. HCM,,1,0,2,3,,,NULL
2131,Tiêu chuẩn thiết kế cầu 22TCN272-05,"Bộ Giao Thông Vận Tải
",Bộ Giao thông vận tải,,1,0,2,3,,,NULL
2132,Tiêu chuẩn thiết kế đường 4054-2005 ,"Bộ Giao Thông Vận Tải
",Xây dựng,,1,0,2,3,,,NULL
2133,Kết cấu bê tông cốt thép theo tiêu chuẩn Hoa Kỳ,"Nguyễn Trung Hòa
",Xây dựng,,1,0,2,3,,,NULL
2134,"Cầu bê tông cốt thép trên đường ôtô, tập 1,2"," Lê Đình Tâm
",,,1,0,2,3,,,NULL
2135,Thiết kế công trình hầm giao thông,"Nguyễn Quốc Hùng
",,,1,0,2,3,,,NULL
2136, Infrastructure Engineering and Management," Ashish H. Makwana, Yogesh K. Alwani, Kunal P. Shukla, Dr. Jayeshkumar R. Pitroda
",Lap Lambert Academic Publishing,,1,0,2,3,,,NULL
2137,Thiết kế nút giao thông và điều khiển giao thông bằng đèn tín hiệu/ Nguyễn Xuân Vinh,"DDC no. :625.79N573-V784, Call no. :222625.79; Mô tả: 280 tr.: minh họa; 27 cm.",H.: Xây dựng,2021,2,4,2,3,,,NULL
2138,Đường và giao thông đô thị,"Nguyễn Khải
",,,1,0,2,3,,,NULL
2139,Quy hoạch GTVT và thiết kế công trình đô thị,"Nguyễn Xuân Trục
",Giáo Dục,,1,0,2,3,,,NULL
2140,Quy hoạch mạng lưới GT đô thị,"Vũ Thị Vinh
",Xây dựng,,1,0,2,3,,,NULL
2141," Traffic Engineering (4th Edition) 4th Edition Transport Planning (Transport, Development and Sustainability Series)"," Roger P. Roess, Elena S. Prassas, William R. McShane
", Prentice Hall,,1,0,2,3,,,NULL
2142,Project Management - The Managerial Process,"Erik W.Larson, Clifford F.Gray
",McGraw-Hill,2011,2,0,2,3,,,NULL
2143,Project Management for Engineering and Construction,"Garold D. Oberlender
",McGraw-Hill,2000,2,0,2,3,,,NULL
2144,Thiết kế tổ chức thi công,"Lê Văn Kiểm
",,2006,2,0,2,3,,,NULL
2145,Thiết kế tổ chức thi công,"Lê Văn Kiểm
",,2006,2,0,2,3,,,NULL
2146,Thiết kế tổ chức thi công,"Lê Văn Kiểm
",,2006,2,0,2,3,,,NULL
2147,Lý thuyết và hỏi đáp về tổ chức và lập tiến độ thi công,"Ngô Quang Tường
",,2008,2,0,2,3,,,NULL
2148,"Construction Management, Purdue University","Daniel W.Halpin
",John Wiley & Sons,2008,1,0,2,3,,,NULL
2149,"Quản Lý Dự Án Xây Dựng - Thiết Kế, Đấu Thầu Và Các Thủ Tục Trước Xây Dựng","Bùi Ngọc Toàn
",Xây dựng,,1,0,2,3,,,NULL
2150,Giáo Trình Quản Lý Dự Án Đầu Tư Xây Dựng,"Phan Nhựt Duy, Đoàn Ngọc Hiệp
",Xây dựng,2018,1,0,2,3,,,NULL
2151,Thiết kế nút GT và điều khiển GT bằng đèn tín hiệu,"Nguyễn Xuân Vinh
",,,1,0,2,3,,,NULL
2152,Đường và giao thông đô thị,"Nguyễn Khải
",,,2,0,2,3,,,NULL
2153,Quy hoạch GTVT và thiết kế công trình đô thị,"Vũ Thị Vinh
",,,2,0,2,3,,,NULL
2154,Traffic Engineering (4th Edition) 4th Edition,"Roger P. Roess , Elena S. Prassas, William R. McShane
",Prentice Hall,,2,0,2,3,,,NULL
2155,"Transport Planning (Transport, Development and Sustainability Series)","David Banister
",,,2,0,2,3,,,NULL
2156,Thiết kế hầm và công trình ngầm ,"Nguyễn Thế Phùng, Nguyễn Quốc Hùng
",Xây dựng,2004,2,0,2,3,,,NULL
2157,Bài giảng thiết kế hầm và Metro,"Chu Viết Bình
",Giao Thông Vận Tải,,1,0,2,3,,,NULL
2158,Thiết kế hầm và công trình ngầm,"Nguyễn Thế Phùng, Nguyễn Quốc Hùng
",Xây dựng,,1,0,2,3,,,NULL
2159, Bài giảng thiết kế hầmvà Metro,"Chu Viết Bình
",,,1,0,2,3,,,NULL
2160,Thiết kế nút GT và điều khiển GT bằng đèn tín hiệu,"Nguyễn Xuân Vinh
",Giao thông vận tải TP.HCM,,1,0,2,3,,,NULL
2161,Đường và giao thông đô thị,"Nguyễn Khải
",Xây dựng,,1,0,2,3,,,NULL
2162,Quy hoạch GTVT và thiết kế công trình đô thị,"Nguyễn Xuân Trục 
",Giao thông vận tải,,1,0,2,3,,,NULL
2163,Quy hoạch mạng lưới GT đô thị,"Vũ Thị Vinh
",Giáo Dục,,1,0,2,3,,,NULL
2164,Traffic Engineering (4th Edition),"Roger P. Roess, Elena S. Prassas, William R. McShane 
",Xây dựng,,1,0,2,3,,,NULL
2165,"Transport Planning (Transport, Development and Sustainability Series)","David Banister
",Prentice Hall,,1,0,2,3,,,NULL
2166,T. “Intelligent Transport Systems-New Principles and Architectures”," Ghost S., Lee
",CRC Press,2000,2,0,2,3,,,NULL
2167,"“Nghiên cứu ứng dụng giao thông thông minh (ITS) trong quản lý khai thác, điều hành giao thông và thu phí trên hệ thống đường ô tô cao tốc việt nam”","Nguyễn Hữu Đức
",Viện Khoa học và Công nghệ Giao thông Vận tải,2014,2,0,2,3,,,NULL
2168, Intelligent Transport Systems-Technologies and Applications,"Perralos A., Hernandez-Jayo U., Onieva E., Garcia-Zuazola, I.
",Wiley,2016,1,0,2,3,,,NULL
2169,Quy trình thử nghiệm cầu 22TCN 170-87 – Bộ GTVT 1987,,,1987,2,0,2,3,,,NULL
2170,"Tiêu chuẩn kỹ thuật công trình giao thông đường bộ, Tập II : Khảo sát và thiết kế – 22TCN",,,,2,0,2,3,,,NULL
2171,Khai thác đánh giá và sửa chữa đường ôtô (Tập 1 & 2),"Trần Đình Bửu, Nguyễn Quang Chiêu, Nguyễn Quang Toản
",Đại học và THCN Hà Nội,1984,2,0,2,3,,,NULL
2172," Khai thác, kiểm định gia cố cầu","Nguyễn Ngọc Long, Nguyễn Văn Mợi, Nguyễn Như Khải
",Xây dựng - Hà Nội,,1,2,1,3,,,NULL
2173,Sổ tay kiểm tra cầu,"Vũ Mạnh Lãng
",Giao thông vận tải Hà Nội,,2,0,2,3,,,NULL
2174,"TCVN 4474:1987, Thoát nước bên trong công trình",,Xây dựng,1987,2,0,2,3,,,NULL
2175,"TCVN 4513:1988, Cấp nước bên trong công trình",,Xây dựng,1988,2,0,2,3,,,NULL
2176,"TCXDVN 33:2006, Cấp nước mạng lưới đường ống và công trình tiêu chuẩn thiết kế (Water Supply – Distribution System and Facilities Design Standard)",,,2006,2,0,2,3,,,NULL
2177,Quy chuẩn hệ thống cấp thoát nước trong nhà và công trình,,Xây dựng,1999,2,0,2,3,,,NULL
2178,Cấp thoát nước,"Trần Hiếu Nhuệ
",Khoa học Kỹ thuật,1998,2,0,2,3,,,NULL
2179,Cấp nước đô thị,"Nguyễn Ngọc Dung
",Xây dựng,2003,2,0,2,3,,,NULL
2180,Các bảng tính toán thủy lực,"Nguyễn Thị Hồng
",Xây dựng,2001,2,0,2,3,,,NULL
2181,"Design and performance of septic Tanks. Site characterization and design of onsite septic systems ASTM STP 901 M.S Bedinger, A.I.Johnson, and J.S Fleming (Eds), American society for testing materials","Bounds T.R
",Philadenphia,1997,2,0,2,3,,,NULL
2182,The choice between septic tanks and sewers in tropical developing countries,"Bradley R
",Public Health Engineer,1983,2,0,2,3,,,NULL
2183,Melcaft & Eddy: Wastewater treatment,,USA,2000,2,0,2,3,,,NULL
2184,"Mohammad Valipour, “Handbook of Hydraulic Engineering Problems”",,OMICS Group eBooks,2014,2,0,2,3,,,NULL
2185,Thủy lực - Tập I & II,"Nguyễn Tài
",Xây dựng,1998,1,0,2,3,,,NULL
2186, Cấp thoát nước trong nhà,"Trần Thị Mai
",Xây dựng,1998,1,0,2,3,,,NULL
2187, Cấp thoát nước trong nhà,"Trần Thị Mai
",Xây dựng,1998,1,5,1,3,,,NULL
2188, Cấp nước đô thị,"Nguyễn Ngọc Dung
",Xây dựng,,1,5,1,3,,,NULL
2189,Công trình thu nước – Trạm bơm cấp thoát nước,"Lê Dung
",Xây dựng,,1,9,1,3,,,NULL
2190,Xử lý nước thải Đô thị & Công nghiệp,"Lâm Minh Triết
",NXB Đại học quốc gia TP. HCM,,1,0,1,3,,,NULL
2191,Xử lý nước thải Đô thị & Công nghiệp,"Lâm Minh Triết
",NXB Đại học quốc gia TP. HCM,,1,0,2,3,,,NULL
2192,Phòng Thí Nghiệm Chuyên Ngành Xây Dựng – Tiêu Chuẩn Công Nhận TCXD VN297:2003,,Xây dựng,,1,0,2,3,,,NULL
2193,Tuyển Tập Tiêu Chuẩn Thí Nghiệm Công Trình Giao Thông ,,Giao thông vận tải,,1,0,2,3,,,NULL
2194,"Quy Trình Thí Nghiệm Xác Định Chỉ Số CBR Của Đất, Đá Dăm Trong Phòng Thí Nghiệm",,Giao thông vận tải,,1,0,2,3,,,NULL
2195,Project Management - The Managerial Process,"Erik W.Larson, Clifford F.Gray
",McGraw-Hill,2011,2,0,2,3,,,NULL
2196,Project Management for Engineering and Construction," Erik W.Larson, Clifford F.Gray
",McGraw-Hill,2000,2,0,2,3,,,NULL
2197,Thiết kế tổ chức thi công," Lê Văn Kiểm
",,2006,2,0,2,3,,,NULL
2198,Lý thuyết và hỏi đáp về tổ chức và lập tiến độ thi côn,"Ngô Quang Tường
",,2008,2,0,2,3,,,NULL
2199," TCVN 4054-2005, Đường ôtô - Yêu cầu thiết kế.",,,,2,0,2,3,,,NULL
2200,"22 TCN 211-2006, Áo đường mềm, các yêu cầu và chỉ dẫn thiết kế","Bộ Giao Thông Vận Tải
",,,2,0,2,3,,,NULL
2201,"22TCN 263-2000, Quy trình khảo sát đường ô tô","Bộ Giao Thông Vận Tải
",,,2,0,2,3,,,NULL
2202, Tiêu chuẩn thiết kế cầu 22TCN 272-05,"Bộ Giao Thông Vận Tải
",Giao thông vận tải Hà Nội,2005,2,0,2,3,,,NULL
2203,"Pavement Analysis and Design, Second Edition","Hwang
",,2010,2,0,2,3,,,NULL
2204,"Asshto lrfd Bridge Design Specifications, American Association of State Highway and Transportation Officials","Aashto
","Washington DC.	",,2,0,2,3,,,NULL
2205,"Thông tư Quy định về quản lý, vận hành khai thác và bảo trì công trình đường bộ Số 37/2018/TT-BGTVT của Bộ Giao thông vận tải","Bộ Giao Thông Vận Tải
",Bộ Giao thông vận tải,,1,0,2,3,,,NULL
2206,Construction Management,"Daniel W.Halpin
", John Wiley & Sons.,,1,0,2,3,,,NULL
2207,"Quản Lý Dự Án Xây Dựng - Thiết Kế, Đấu Thầu Và Các Thủ Tục Trước Xây Dựng","Bùi Ngọc Toàn
",Xây dựng,,1,0,2,3,,,NULL
2208,Giáo Trình Quản Lý Dự Án Đầu Tư Xây Dựng,"Phan Nhựt Duy, Đoàn Ngọc Hiệp
",Xây dựng,2018,1,0,2,3,,,NULL
2209,,,,,1,0,2,3,,,NULL
2210,,,,,1,0,2,3,,,NULL
2211,Kiến trúc nhà ở: Giáo trình đào tạo kiến trúc sư/ Nguyễn Đức Thiềm,Dewey Class no. :690.21N573-T433-----Call no. :221690.21; ----- Mô tả: 304tr; 27cm,H.: Xây dựng,2022,1,7,2,3,,,NULL
2212,Nguyên lý thiết kế công trình kiến trúc công cộng / Tạ Trường Xuân,Dewey Class no. : -----Call no. : 223; ----- Mô tả: 120tr.; 27cm,H.: Xây dựng,2019,1,0,2,3,,,NULL
2213,Nguyên lý thiết kế khách sạn/ Tạ Trường Xuân,Dewey Class no. :728.5T111-X182-----Call no. :222728.5; ----- Mô tả: 169tr.; 27cm,H.: Xây Dựng,2019,1,3,2,3,,,NULL
2214,"Kiến trúc nhà ở nông thôn hiện đại/Đặng Hồng Vũ; Văn Nam, Đỗ Chí (  biên dịch ); Trần Kim Bảo ( hiệu đính )",Dewey Class no. :728.3Đ182-V986-----Call no. :728.3222; ----- Mô tả: 146tr.;27x19cm,H.:Xây dựng,2012,1,9,2,3,,,NULL
2215,Tropical wood Science ,,DFI.J.Konig ,2004,1,0,2,3,,,NULL
2216,Máy và thiết bị chế biến gỗ: giáo trình Đại học Lâm nghiệp/ Hoàng Việt,Dewey Class no. :674H678-V666-----Call no. :674223; ----- Mô tả: 512tr.: minh họa; 27cm,H.: Nông nghiệp,2012,1,11,2,3,,,NULL
2217,Tự động hoá trong chế biến gỗ và lâm sản ngoài gỗ,,"Nông nghiệp, Hà Nội.",2006,1,0,2,3,,,NULL
2218,"Điều khiển tự động trong các lĩnh vực cơ khí: Tập 1/Phạm Đắp, Trần Xuân Tùy",Dewey Class no. :629.8P534-Đ212-----Call no. :629.8221; ----- Mô tả: 203tr;27cm,H:Giáo dục,1998,1,9,2,3,,,NULL
2219,"Máy thiết bị gia công gỗ, Tập 1",,"Nông nghiệp, Hà Nội.",1980,2,0,2,3,,,NULL
2220,Dao động kỹ thuật /Nguyễn Văn Khang,Dewey Class no. :620.307N573-K45-----Call no. :221620.307; ----- Mô tả: 320tr ;24cm,Hà Nội:Khoa học và kỹ thuật,2005,2,19,2,3,,,NULL
2221,Hệ thống điều khiển bằng khí nén/Nguyễn Ngọc Phương,Dewey Class no. :629.8045N573-P577-----Call no. :221629.804 5; ----- Mô tả: 288tr;27cm,H:Giáo dục,2010,2,1,2,3,,,NULL
2222,"Máy và thiết bị nâng/Trương Quốc Thành, Phạm Quang Dũng",Dewey Class no. :621.87T871-T367-----Call no. :222621.87; ----- Mô tả: 366tr.;27cm.,H.:Khoa học và Kỹ thuật,2004,2,1,2,3,,,NULL
2223,"Cơ sở điều khiển tự động truyền động điện /Trần Thọ, Võ Quang Lạp",Dewey Class no. :621.319T772-T449-----Call no. :221621.319; ----- Mô tả: 570tr. :27cm..,Hà Nội :Khoa học và kỹ thuật,2004..,2,14,2,3,,,NULL
2224,Động lực học máy/GS. TSKH. Đỗ Sanh ,"Dewey Class no. :-----Call no. :223; ----- Mô tả: 170tr., 24cm",Hà Nội: Bách khoa Hà Nội,2010,2,0,2,3,,,NULL
2225,Nguyên lí thiết kế kiến trúc/Tạ Trường Xuân,Dewey Class no. :721T111-X182-----Call no. :222721; ----- Mô tả: 243tr.;30cm,H.:Xây Dựng,2011,1,2,2,3,,http://172.16.2.21/libol50/search/detail.asp?,
2226,"Bài giảng, giáo trình mới Công nghệ sấy gỗ ",,,,1,0,2,3,,http://172.16.2.21/libol50/search/detail.asp?ID=61820,NULL
2227,Lâm sản và bảo quản lâm sản,,Đại học Lâm nghiệp,1992,1,0,2,3,,,http://172.16.2.21/libol50/search/detail.asp?ID=61838
2228,"Bảo quản lâm sản: giáo trình Đại học Lâm nghiệp/ Nguyễn Thị Bích Ngọc (chủ biên), Nguyễn Chí Thanh, Lê Văn Nông",Dewey Class no. :674.3N573-N576-----Call no. :674.3223; ----- Mô tả: 220tr.: minh họa; 27cm,H.: Nông nghiệp,2006,1,11,2,3,,,NULL
2229,"Giáo trình công nghệ sấy gỗ/ Vũ Huy Đại (chủ biên), Tạ Thị Phương Hoa, Đỗ Thị Ngọc Bích",Dewey Class no. :674V986-Đ132-----Call no. :674223; ----- Mô tả: 272tr.: minh họa; 27cm,H.: Nông nghiệp,2014,1,11,2,3,,,NULL
2230,Công nghệ và thiết bị sấy gỗ,,Đại học Nông – Lâm Thủ Đức.,,2,0,2,3,,,http://172.16.2.21/libol50/search/detail.asp?ID=61820
2231,Thiết kế đồ gia dụng,,"Đại học Lâm nghiệp, Hà Nội",2006,1,0,2,3,,,NULL
2232,"EMCO WinNC GE Series Fanuc 21MB,EMCO WinNC GE Series Fanuc 21TB.",,,,2,0,2,3,,,NULL
2233,Thiết kế nội thất và đồ gia dụng,,"Đại học Lâm nghiệp, Hà Nội",2006,1,0,2,3,,,NULL
2234,"Công nghệ sản xuất đồ gia dụng,",,"Đại học Lâm nghiệp, Hà Nội",,2,0,2,3,,,NULL
2235,Tuyển tập các thiết kế trang trí bằng gỗ - T.1=The best colection of wood designs,Dewey Class no. :747T968-----Call no. :222747; ----- Mô tả: 159tr;26cm,Tp.Hồ Chí Minh :Trẻ,2006,2,2,2,3,,,NULL
2236,Tuyển tập các thiết kế trang trí bằng gỗ - T.3=The best colection of wood designs,Dewey Class no. :745.51T968-----Call no. :222745.51; ----- Mô tả: 160tr;26cm,Tp.Hồ Chí Minh :Trẻ,2006,2,2,2,3,,,NULL
2237,Công nghệ sản xuất ván nhân tạo tập1,,Nông nghiệp,2004,1,0,2,3,,http://172.16.2.21/libol50/search/detail.asp?ID=61836,NULL
2238,Công nghệ sản xuất ván dăm; Công nghệ sản xuất LVL từ gỗ keo tai tượng và gỗ cao su,,Trường ĐH Lâm Nghiệp,2003,2,0,2,3,,,http://172.16.2.21/libol50/search/detail.asp?ID=61822
2239,Chống cháy cho gỗ và vật liệu gỗ (sách chuyên khảo),,Nông nghiệp.,2014,2,0,2,3,,https://thuvienso.hcmute.edu.vn/tailieuvn/doc/ebook-chong-chay-cho-go-va-vat-lieu-go-dh-lam-nghiep-2400041.html,NULL
2240,Khoa học gỗ ứng dụng,,Nông nghiệp.,2013,2,0,2,3,,,http://172.16.2.21/libol50/search/detail.asp?ID=61839
2241,Giáo trình trang bị điện - điện tử trong máy công nghiệp/Đặng Thiện Ngôn,Dewey Class no. :621.31042Đ182-N576-----Call no. :621.31042222; ----- Mô tả: 184tr.; 24cm,Tp.Hồ Chí Minh:Đại học Quốc gia Tp.Hồ Chí Minh,2013,1,580,1,3,,,NULL
2242,Sản xuất ván dăm từ phế liệu Nông Lâm nghiệp,,Nông nghiệp.,2014,2,0,2,3,,,NULL
2243,Công nghệ sản xuất ván nhân tạo,,Lâm nghiệp Trung Quốc,2002,2,0,2,3,,https://thuvienso.hcmute.edu.vn/doc/cong-nghe-san-xuat-van-nhan-tao-tai-lieu-dich-nguyen-ban-tieng-trung-674946.html,NULL
2244,Công nghiệp gỗ thực dụng - Quyển ván dăm,,Lâm nghiệp Trung Quốc,1998,2,0,2,3,,,NULL
2245,Introduction to Gluing Technology,,Printed in Finland,1998,2,0,2,3,,,NULL
2246,Plywood and Veneer - Based Products: Manufacturing practices,,Printed in the U.S.A,1995,2,0,2,3,,,NULL
2247,Plywwod and Adhesive Technology,, U.S.A.,1985,2,0,2,3,,http://172.30.11.76:4000/handle/123456789/589,NULL
2248,Modern Particleboard & Dry-proces fibreboard Manufacturing,,Printed in the U.S.A,1976,2,0,2,3,,,NULL
2249,Medium density fiberboard (MDF). ANSI A 208.2,,"Leesburg, VA: Composite Panel Association",2009,2,0,2,3,,,NULL
2250,"Trang bị điện - điện tử máy công nghiệp dùng chung/Vũ Quang Hồi, Nguyễn Văn Chất, Nguyễn Thị Liên Anh",,H.:Giáo dục,2013,2,9,2,3,,,NULL
2251,Fiberboard manufac­turing practices in the United States. Agric. Handb. 640. Washington,, U.S. Department of Agriculture. 263 p.,1986,2,0,2,3,,http://172.30.11.76:4000/handle/123456789/592,NULL
2252,Wood-plastic composites in the Unit­ed States: the interfacing of two industries,,Forest Products Journal. 52(6): 10–18.,2002,2,0,2,3,,,NULL
2253,"Forest Products and Wood Science. 5th ed. Ames, IA",,"Forest Products and Wood Science. 5th ed. Ames, IA",2007,2,0,2,3,,http://172.30.11.76:4000/handle/123456789/590,NULL
2254,Forest Products Laboratory. Wood handbook - Wood as an engineering material. General Technical Report FPL-GTR-190. ,,"Madison, WI: U.S. Department of Agriculture, Forest Service, Forest Products Laboratory",2010,2,0,2,3,,http://172.30.11.76:4000/handle/123456789/591,NULL
2255,"Sơ đồ điện/Lê Văn Danh, Võ Thạch Sơn",,KHKT,2000,2,0,2,3,,,NULL
2256,Công nghệ trang sức vật liệu gỗ,,"Nông nghiệp, Hà Nội.",2004,1,0,2,3,,https://thuvienso.hcmute.edu.vn/doc/cong-nghe-trang-suc-vat-lieu-go-674945.html,NULL
2257,Industrial motor control / Stephen L. Herman,"Dewey Class no. :621.46 H551-----Call no. :223 621.46; ----- Mô tả: xiv, 562p. ; 28 cm",New York. : Delmar Publishers INC,2014,2,1,2,3,,,NULL
2258,Kỹ thuật sơn mài /Phạm Đức Cường,Dewey Class no. :667.75P534-C973-----Call no. :221667.75; ----- Mô tả: 207tr ;19cm,Hà Nội :Văn hóa - Thông tin,2005,1,6,2,3,,,NULL
2259,Công nghệ chạm khắc gỗ,,Hà Nội,1993,2,0,2,3,,,NULL
2260,Hoá lâm sản,,Hà Nội,1978,2,0,2,3,,,NULL
2261,"Sổ tay mạ, nhúng, phun/Nguyễn Đức Hùng",Dewey Class no. :671.73N573-H936-----Call no. :221671.73; ----- Mô tả: 230tr.;20.5cm..,H.:Khoa học và Kỹ thuật,2001,2,5,2,3,,,NULL
2262,"Bài tập thực hành PLC S7 - 300:Dành cho sinh viên ngành cơ điện tử - Tự động hóa/Nguyễn Xuân Quang, Võ Lâm Chương",Dewey Class no. :629.8N572-Q124-----Call no. :221629.8; ----- Mô tả: 33tr.;27cm.,Tp.HCM:Trường Đại Học Sư Phạm Kỹ Thuật T.P Hồ Chí Minh,2006,1,220,2,3,,,NULL
2263,Kỹ thuật sơn/Nguyễn Văn Lộc,Dewey Class no. :667.6N573 - L811-----Call no. :221667.6; ----- Mô tả: 334tr.;21cm,H.:Giáo Dục,2006,2,7,2,3,,,NULL
2264,Sổ tay hoá học,,Lêningrat,2006,2,7,2,3,,,NULL
2265,Hoá học hữu cơ,,Đại học và trung học chuyên nghiệp,1970,2,0,2,3,,,NULL
2266,"Giáo trình điều khiển logic/Nguyễn Mạnh Tiến, Phạm Công Dương, Lê Thị Thúy Nga",Dewey Class no. :629.8312N573-T562-----Call no. :222629.8312; ----- Mô tả: 183tr.;24cm,H.:Giáo dục,2008,2,3,2,3,,,NULL
2267,Thực hành hoá học hữu cơ,,Khoa Học và Kỹ Thuật,1976,2,0,2,3,,,NULL
2268,Công nghệ xẻ mộc,,Đại học Lâm  nghiệp,1992,2,0,2,3,,,http://172.16.2.21/libol50/search/detail.asp?ID=61806
2269,Giáo trình PLC Cơ bản/Tổng cục dạy nghề ,,,,2,0,2,3,,,NULL
2270,"Công nghệ sản xuất ván nhân tạo: ván dán và ván nhân tạo đặc biệt - $nTập 1/ Phạm Văn Chương, Nguyễn Hữu Quang",Dewey Class no. :674P534-C559-----Call no. :674223; ----- Mô tả: 144tr.: minh họa; 27cm,H.: Nông nghiệp,2004,2,11,2,3,,,NULL
2271,Công nghệ phun phủ  và ứng dụng :Giáo trình dùng cho sinh viên ngành hàn và ngành cơ khí /Hoàng Tùng,Dewey Class no. :671.734H678-T926-----Call no. :221671.734; ----- Mô tả: 209tr ;24cm,H :Khoa học và kỹ thuật,2006,2,3,2,3,,,NULL
2272,Khoa học gỗ: Giáo trình Đại học Lâm nghiệp/ Lê Xuân Tình,Dewey Class no. :674.1L433-T588-----Call no. :674.1223; ----- Mô tả: 242tr.: minh họa; 27cm,H.: Nông nghiệp,1998,1,12,2,3,,,NULL
2273,Nghiên cứu giải phẫu một số loại cây gỗ ở Việt nam để định loại theo các đặc điểm cấu tạo thô đại và hiển vi,,Luận án PTS,1994,2,0,2,3,,,NULL
2274,"Tự động hóa quá trình sản xuất/ Hồ Viết Bình, Trần Thế San",Dewey Class no. :629.8H678-B631-----Call no. :629.8221; ----- Mô tả: 151tr.;24cm,H.:Khoa học và Kỹ thuật,2009,2,17,2,3,,,NULL
2275,Hệ thống sản xuất linh hoạt (MPS)/Đồng Sĩ Linh,,,2006,2,0,2,3,,,NULL
2276,Giáo trình công nghệ chế biến gỗ:Mã môn học: 128020 - Phần I: Nguyên liệu gỗ/ Thái Thí,Dewey Class no. :694T364-T422-----Call no. :222694; ----- Mô tả: 100tr.;29cm,TP. HCM:ĐH Sư phạm Kỹ thuật,2006,1,229,2,3,,,NULL
2277,Thí nghiệm đo lường cơ khí/Trần Quốc Hùng,,ĐH SPKT Tp. Hồ Chí Minh,2017,1,0,1,3,,,NULL
2278,Công nghệ sấy gỗ,,"Nông nghiệp, Việt Nam",2005,1,0,2,3,,,http://172.16.2.21/libol50/search/detail.asp?ID=61820
2279,Giáo trình công nghệ chế biến gỗ:Mã môn học: 128020 - Phần I: Nguyên liệu gỗ/ Thái Thí,Dewey Class no. :694T364-T422-----Call no. :222694; ----- Mô tả: 100tr.;29cm,TP. HCM:ĐH Sư phạm Kỹ thuật,2006,1,229,2,3,,,NULL
2280,Giáo trình dung sai - kỹ thuật đo:Giáo trình dùng cho sinh viên ngành Công nghệ kỹ thuật cơ khí/Trần Quốc Hùng,Dewey Class no. :621.8T772-H936-----Call no. :621.8222; ----- Mô tả: 317tr.;24cm,Tp.HCM:Đại học Quốc gia Tp.Hồ Chí Minh,2012,1,1188,1,3,,,NULL
2281,Giáo trình công nghệ xẻ gỗ/ Nguyễn Văn Thiết,Dewey Class no. :674N573-T439-----Call no. :674223; ----- Mô tả: 247tr.: minh họa; 27cm,H.: Nông nghiệp,2017,1,11,2,3,,,NULL
2282,"Cơ sở kỹ thuật đo trong chế tạo máy/Hồ Đắc Thọ, Nguyễn Thị Xuân Bảy",,Khoa học và Kỹ thuật,1998,2,0,2,3,,,NULL
2283,Giáo trình công nghệ xẻ gỗ/ Nguyễn Văn Thiết,Dewey Class no. :674N573-T439-----Call no. :674223; ----- Mô tả: 247tr.: minh họa; 27cm,H.: Nông nghiệp,2017,1,11,2,3,,,NULL
2284,"Cố Luyện Bách, Công nghệ chế biến gỗ, phần 1 & 2 ",,,,1,0,2,3,,,http://172.16.2.21/libol50/search/detail.asp?ID=54832
2285,Sổ tay dung sai lắp ghép/Ninh Đức Tốn,Dewey Class no. :621.82N714-T663-----Call no. :222621.82; ----- Mô tả: 311tr. ;24cm,H.:Giáo dục,2009,2,2,2,3,,,NULL
2286,Khoa học gỗ: Giáo trình Đại học Lâm nghiệp/ Lê Xuân Tình,Dewey Class no. :674.1L433-T588-----Call no. :674.1223; ----- Mô tả: 242tr.: minh họa; 27cm,H.: Nông nghiệp,1998,1,12,2,3,,,NULL
2287,"Bài tập kỹ thuật đo:Sách được biên soạn theo chương trình khung của bộ giáo dục và đào tạo/Ninh Đức Tốn, Nguyễn Trọng Hùng, Nguyễn Thị Cẩm Tú",Dewey Class no. :621.82076N714-T663-----Call no. :222621.82076; ----- Mô tả: 151tr.;24cm,H.:Giáo dục,2012,2,5,2,3,,,NULL
2288,Engineering: Issues Challenges and Opportunities for Development,,UNESCO Publishing,2010,2,0,2,3,,,NULL
2289,Introduction to Engineering Ethics,,McGraw-Hill Science/Engineering/Math,2009,2,0,2,3,,,NULL
2290,"Engineering your future: a comprehensive introduction to engineering/ William C. Oakes, Les L. Leone","Dewey Class no. :620.0023O11-----Call no. :620.0023223; ----- Mô tả: xv, 665 p.: ill.; 24 cm.",New York: Oxford university press,2018,2,1,2,3,,,NULL
2291,"Introduction to engineering technology/ Robert J. Pond, Jeffrey L. Rankinen","Dewey Class no. :620.0023P796-----Call no. :620.0023223; ----- Mô tả: xii, 363 p.: ill.; 23 cm.",Boston: Pearson,2015,2,1,2,3,,,NULL
2292,"Engineering Your Future: A Brief Introduction to Engineering,",,Oxford University Press,2009,2,0,2,3,,,NULL
2293,Engineering fundamentals: an introduction to engineering/ Saeed Moaveni.,"Dewey Class no. :620M687-----Call no. :620223; ----- Mô tả: xxiv, 867 pages : illustrations ; 26 cm",MA,USA : Cengage,2,2,2,3,,,NULL
2294,Giáo trình bảo trì bảo dưỡng máy công nghiệp / Hoàng Trí,Dewey Class no. :621.816 H678-T819-----Call no. :621.816 223; ----- Mô tả: 191tr. ; 24cm,Tp. Hồ Chí Minh : Đại học Quốc gia Tp. Hồ Chí Minh,2018,1,250,2,3,,,NULL
2295,Machinery component maintenance and repair /Heinz P. Bloch and Fred K. Geitner,"Dewey Class no. :621.816B651-----Call no. :221621.816; ----- Mô tả: ix, 630 p. :ill. ;23 cm",Amsterdam ; Boston :Elsevier,2005,1,1,2,3,,,http://172.16.2.21/LIBOL50/search/detail.asp?ID=15666
2296,"Industrial Machinery Repair/Ricky Smith, R. Keith Mobley",,Butterworth–Heinemann,,1,0,2,3,,http://172.30.11.76:4000/handle/123456789/587,NULL
2297,Maintenance Fundamentals,,Butterworth-Heinemann,2004,1,0,2,3,,http://172.30.11.76:4000/handle/123456789/586,NULL
2298,"Maintenance engineering handbook/Linley R.Higgins, R.Keith Mobley, Ricky Smith",Dewey Class no. :658.27H636-----Call no. :221658.27; ----- Mô tả: 1872p.;24cm..,New York:McGraw - Hill,2002,2,1,2,3,,,NULL
2299,"Bài giảng nhập môn Kỹ thuật/Đặng Thiện Ngôn, Võ Xuân Tiến",,ĐHSPKT Tp. Hồ Chí Minh,2016,1,0,2,3,,,NULL
2300,"Hình học họa hình - Tập 1:Phương pháp hai hình chiếu thẳng góc, Phương pháp hình chiếu trục đo/Nguyễn Đình Điện (Chủ biên), Đỗ Mạnh Môn",Dewey Class no. :516.2307N573-Đ562-----Call no. :221516.2307; ----- Mô tả: 187tr.;27cm,H.:Giáo Dục,2012,1,5,2,3,,,NULL
2301,Engineering: Issues Challenges and Opportunities for Development/UNESCO Report,,UNESCO Publishing,2010,1,0,2,3,,http://172.30.11.76:4000/handle/123456789/537,NULL
2302,"Bài tập vẽ kỹ thuật cơ khí - Tập 1/Trần Hữu Quế, Nguyễn Văn Tuấn",,H. :Giáo dục Việt Nam,2016,1,5,2,3,,,NULL
2303,"Vẽ kỹ thuật cơ khí :Tập 2 /Trần Hữu Quế, Đặng Văn Cứ, Nguyễn Văn Tuấn",Dewey Class no. :604.24T772-Q156-----Call no. :222604.24; ----- Mô tả: 239tr. ;27cm.,H. :Giáo dục,2011,1,30,2,3,,,NULL
2304,"Introduction to Engineering Ethics/Mike Martin, Roland Schinzinger",,,2009,2,0,2,3,,http://172.30.11.76:4000/handle/123456789/560,NULL
2305,"Text book of engineering drawing, 2nd ed",,BS Publications,2008,2,0,2,3,,http://172.30.11.76:4000/handle/123456789/580,NULL
2306,Giáo trình bảo trì bảo dưỡng máy công nghiệp / Hoàng Trí,Dewey Class no. :621.816 H678-T819-----Call no. :621.816 223; ----- Mô tả: 191tr. ; 24cm,Tp. Hồ Chí Minh : Đại học Quốc gia Tp. Hồ Chí Minh,2018,2,250,2,3,,,http://172.16.2.21/libol50/search/detail.asp?ID=43876
2307,"Craig Gunn, Engineering Your Future, Introduction to Engineering/William Oakes, Les Leone",,,2011,2,0,2,3,,,https://libute.hcmute.edu.vn/search/detail.asp?ID=58693
2308,Schaum’s Outline of Theory and Problems of Descriptive Geometry,,McGraw-Hill,1962,2,0,2,3,,http://172.30.11.76:4000/handle/123456789/581,NULL
2309,"Bài tập vẽ kỹ thuật cơ khí - Tập 1/Trần Hữu Quế, Nguyễn Văn Tuấn",,H. :Giáo dục,2012,2,0,2,3,,,NULL
2310,"Giáo trình hình họa - vẽ kỹ thuật:Giáo trình dùng cho sinh viên các ngành kỹ thuật/Hồ Ngọc Bốn, Nguyễn Văn Đoàn",Dewey Class no. :604.24H678-B697-----Call no. :604.24222; ----- Mô tả: 152tr.;24cm,Tp. Hồ Chí Minh:Đại học Quốc gia Tp. Hồ Chí Minh,2014,2,518,2,3,,,NULL
2311,"Introduction to Engineering Technology/Robert J. Pond, Jeffrey L. Rankinen",,,2008,2,0,2,3,,,https://libute.hcmute.edu.vn/search/detail.asp?ID=58689
2312,Engineering mechanics: Statics and dynamics/ R.C. Hibbeler,"Dewey Class no. :620.103 H624-----Call no. :620.103 223; ----- Mô tả: xxiii, 745p. ; 24 cm",Hoboken : Pearson,2016,1,1,2,3,,,NULL
2313,"Engineering Your Future: A Brief Introduction to Engineering/William C. Oakes, Les L. Leone, Craig J. Gunn",,Oxford University Press,2009,2,0,2,3,,,https://libute.hcmute.edu.vn/search/detail.asp?ID=58693
2314,"Engineering Mechanics: Dynamics/ R. C. Hibbeler, Kai Beng Yap","Dewey Class no. :620.104H624-----Call no. :223 620.104; ----- Mô tả: xxv, 762p.: ill; 24 cm",Hoboken: Pearson,2017,1,1,2,3,,,NULL
2315,"Cơ học kỹ thuật, tái bản lần 2",,Giáo dục Việt Nam,2016,2,0,2,3,,,NULL
2316,"Bài tập cơ học kỹ thuật/Nguyễn Phong Điền (Chủ biên), Nguyễn Quang Hoàng, Nguyễn Văn Khang, Nguyễn Minh Phương",Dewey Class no. :620.1N573-Đ562-----Call no. :221620.1; ----- Mô tả: 410tr.;24cm,H.:Giáo dục,2016,2,3,2,3,,,NULL
2317,Engineering fundamentals: an introduction to engineering/ Saeed Moaveni.,"Dewey Class no. :620M687-----Call no. :620223; ----- Mô tả: xxiv, 867 pages : illustrations ; 26 cm",MA,USA : Cengage,2,2,2,3,,,NULL
2318,"Cơ học - Tập 1: Tĩnh học và động học/Đỗ Sanh (Chủ biên), Nguyễn Văn Đình, Nguyễn Văn Khang",Dewey Class no. :531.07Đ631-S226-----Call no. :531.07221; ----- Mô tả: 183tr.;20cm,H.:Giáo Dục,2012,2,4,2,3,,,NULL
2319,"Máy và hệ thống điều khiển số: Dùng cho môn học: Máy và hệ thống điều khiển số/ Lê Hiếu Giang, Đặng Minh Phụng, Thái Văn Phước, Quách Thanh Hải",Dewey Class no. :621.9023M466-----Call no. :621.9023223; ----- Mô tả: 511tr.; 24 cm,Tp. Hồ Chí Minh: Đại học Quốc gia Tp.Hồ Chí Minh,2020,1,270,2,3,,,NULL
2320,Cơ học :Tập 2 : Động lực học. Đã được hội đồng môn học của Bộ Giáo dục và Đào tạo thông qua dùng làm tài liệu giảng dạy trong các trường đại học kỹ thuật /Đỗ Sanh,,H. :Giáo dục,2007,2,4,2,3,,,NULL
2321,Mechanics of materials / R. C. Hibbeler.,"Dewey Class no. :620.112 H624-----Call no. :620.112 223; ----- Mô tả: xvii, 877 p. ; 24 cm",Boston : Pearson,2017,1,1,2,3,,,NULL
2322,"Giáo trình sức bền vật liệu/Đỗ Kiến Quốc (ch.b), Nguyễn Thị Hiền Lương, Bùi Công Thành,...",Dewey Class no. :620.112Đ631-Q163-----Call no. :223620.112; ----- Mô tả: 403tr.;24cm,Tp. Hồ Chí Minh:Đại học Quốc gia Tp. Hồ Chí Minh,2009,1,1,2,3,,,NULL
2323,"Cơ sở máy công cụ/Phạm Văn Hùng, Nguyễn Phương",Dewey Class no. :621.9P534-H936-----Call no. :221621.9; ----- Mô tả: 308tr. ;27cm,Hà Nội :Khoa học và kỹ thuật,2007,2,6,2,3,,,NULL
2324,"Bài tập sức bền vật liệu /Bùi Trọng Lựu, Nguyễn Văn Vượng",Dewey Class no. :620.112B932-L975-----Call no. :221620.112; ----- Mô tả: 443tr ;27cm,H :Giáo dục,2009,1,8,2,3,,,NULL
2325,"Mechanics of materials / Ferdinand P. Beer, E. Russell Johnston, John T. DeWolf, David F. Mazurek","Dewey Class no. :620.112 M486-----Call no. :620.112 223; ----- Mô tả: xv, 890p. ; 26 cm",New York,NY : McGraw-Hill Education,1,1,2,3,,,NULL
2326,Hệ thống điều khiển số cho máy công cụ/Tạ Duy Liêm,,KHKT,2001,2,0,2,3,,,NULL
2327,Cơ sở thiết kế máy và chi tiết máy :Sách được dùng làm giáo trình cho sinh viên đại học và cao đẳng kỹ thuật /Trịnh Chất,Dewey Class no. :621.815T833-C492-----Call no. :221621.815; ----- Mô tả: 255tr.;27cm,Hà Nội :Khoa học và kỹ thuật,2008,1,222,2,3,,,NULL
2328,Nguyên lý máy/Bùi Xuân Liêm,Dewey Class no. :621.8B932-L719-----Call no. :221621.8; ----- Mô tả: 219tr;27cm,Tp. Hồ Chí Minh:Đại Học Sư Phạm Kỹ Thuật Tp. Hồ Chí Minh,2001,1,72,2,3,,,NULL
2329,Bài tập chi tiết máy/Nguyễn Hữu Lộc,Dewey Class no. :621.82N573-L811-----Call no. :222621.82; ----- Mô tả: 445tr.;24cm.,Tp.Hồ Chí Minh:Đại học Quốc gia,2010,1,8,2,3,,,NULL
2330,Bài tập nguyên lý máy/Tạ Ngọc Hải,Dewey Class no. :621.81076T111-H149-----Call no. :223621.81076; ----- Mô tả: 265tr.;24cm.,H.:Khoa học và kỹ thuật,2013,1,1,2,3,,,NULL
2331,Hệ thống điều khiển số trong công nghiệp /Bùi Quý Lực,Dewey Class no. :629.895B932-L931-----Call no. :221629.895; ----- Mô tả: 257tr.;24cm,H.:Khoa học và kỹ thuật,2006,2,553,2,3,,,NULL
2332,,,,,1,1,2,3,,,NULL
2333,Mechanical design /Peter R.N. Childs,Dewey Class no. :621.8C537-----Call no. :221621.8; ----- Mô tả: 358p ;24cm,New York :Elsevier Butterworth,2004,1,1,2,3,,,NULL
2334,Computer Control of Manufacuturing Systems/Yoram Korem,,McGraw-Hill Book,1983,2,0,2,3,,,NULL
2335,"Machine elements in mechanical design / Robert L. Mott,  Edward M. Vavrek, Jyhwen Wang",Dewey Class no. :621.815 M921-----Call no. :621.815 223; ----- Mô tả: 856 p. ; 29 cm,New York : Pearson,2018,1,1,2,3,,,NULL
2336,"Tính toán thiết kế hệ dẫn động cơ khí:Tập 1/Trịnh Chất, Lê Văn Uyển",,H.:Giáo dục,2012,1,1,2,3,,,NULL
2337,"Tính toán thiết kế hệ dẫn động cơ khí:Tập 2/Trịnh Chất, Lê Văn Uyển",Dewey Class no. :621.85T883-C492-----Call no. :222621.85; ----- Mô tả: 231tr.;27cm,H.:Giáo dục,2013,1,24,2,3,,,NULL
2338,Fundamentals of Metal Machining and Machine Tools/Winston A. Knight,,CRC Mechanical Engineering/ Taylor and Fracis,2016,2,0,2,3,,,NULL
2339,Fundamentals of machining processes: Conventional and nonconventional processes / Hassan Abdel-Gawad El-Hofy,Dewey Class no. :671.35 E41-----Call no. :671.35 223; ----- Mô tả: 517 p. ; 24 cm,CRC Press,2014,2,2,2,3,,,NULL
2340,Mechanical Vibrations,,"""Pearson Education, Inc  """,2011,1,0,2,3,,https://thuvienso.hcmute.edu.vn/tailieuvn/doc/mechanical-vibrations-1965156.html,NULL
2341,"Engineering Mechanics: Dynamics/ R. C. Hibbeler, Kai Beng Yap","Dewey Class no. :620.104H624-----Call no. :223 620.104; ----- Mô tả: xxv, 762p.: ill; 24 cm",Hoboken: Pearson,2017,1,1,2,3,,,NULL
2342,"Vibration Problems in Engineering, 3th edition",,"Wiley, Singapore",1990,2,0,2,3,,http://172.30.11.76:4000/handle/123456789/494,NULL
2343,"Dynamic systems:Modeling and Analysis/V. Vu Hung, Ramin S. Esfandiari ",Dewey Class no. :512.02H936-----Call no. :221512.02; ----- Mô tả: 622p.;20cm..,Singapore:McGraw-Hill,1998..,2,1,2,3,,,NULL
2344,Schaum's Outline of Theory and Problems of Mechanical Vibrations,,"McGraw-Hill, USA",1996,2,0,2,3,,,NULL
2345,The Munsell book of color/F.G. Cooper,,Munsell Color Company,2009,1,0,2,3,,,NULL
2346,"Color Structure and Design/Ellinger, Richard",,International Textbook,,2,0,2,3,,,NULL
2347,"Hướng dẫn thực hành kỹ thuật tiện/Dương Văn Linh, Trần Thế San, Nguyễn Ngọc Đào",Dewey Class no. :671.35D928-L755-----Call no. :222671.35; ----- Mô tả: 339tr.;27cm,H.:Khoa học và Kỹ thuật,2010,1,7,2,3,,,NULL
2348,"Sổ tay thợ tiện/ V . A.Blumberg, E.I. Zazerski; Người dịch:Hà Văn Vui",Dewey Class no. :671.35B658-----Call no. :221671.35; ----- Mô tả: 646tr.;19cm,H.:Thanh niên,2000,1,1,2,3,,,NULL
2349,"Kỹ thuật tiện/ Dênhejnưi, Chixkin, Tơkho; người dịch: Nguyễn Quang Châu","Dewey Class no. :671.35D392-----Call no. :221671.35; ----- Mô tả: 276tr.;20,5cm",Đà Nẵng .:Nxb. Đà Nẵng,1999,1,1,2,3,,,NULL
2350,"Kỹ thuật tiện/  Đenơgiơnưi, Chixkin, Tơkho; Nguyễn Quang Châu (dịch)",Dewey Class no. :671.35Đ393-----Call no. :221671.35; ----- Mô tả: 276tr.;21cm,H.:Thanh niên,1999,1,24,2,3,,,NULL
2351,"Sổ tay thợ tiện/ V . A.Blumberg, E.I. Zazerski; Người dịch:Hà Văn Vui",Dewey Class no. :671.35B658-----Call no. :221671.35; ----- Mô tả: 646tr.;19cm,H.:Thanh niên,2000,1,1,2,3,,,NULL
2352,"Hướng dẫn thực hành kỹ thuật tiện/Dương Văn Linh, Trần Thế San, Nguyễn Ngọc Đào",Dewey Class no. :671.35D928-L755-----Call no. :222671.35; ----- Mô tả: 339tr.;27cm,H.:Khoa học và Kỹ thuật,2010,1,7,2,3,,,NULL
2353,"Chế độ cắt gia công cơ khí/ Nguyễn Ngọc Đào, Hồ Viết Bình, Trần Thế San ",Dewey Class no. :671.53N573-Đ211-----Call no. :221671.53; ----- Mô tả: 256tr.;24cm,Đà Nẵng.:Nxb Đà Nẵng,2001-2002,1,39,2,3,,,NULL
2354,Kỹ thuật phay/ Phạm Quang Lễ,Dewey Class no. :671.35P534 - L433-----Call no. :221621.91; ----- Mô tả: 371tr.;24cm..,Hà Nội: Công nhân kỹ thuật,1979,1,1,2,3,,,NULL
2355,"Theory of Robot Control/Canudas, B. Siciliano, G.Bastin (editors)",,Springer-Verlag,1996,1,0,2,3,,,NULL
2356,CAD\CAM_CNC nâng cao,,ĐH SPKT Tp Hồ Chí Minh ,2012,1,0,2,3,,,NULL
2357,"Optimized-Motion Planning, Theory and Implementation/Ch. Ahikencheikh, A. Seireg",,John Wiley,1994,1,0,2,3,,,NULL
2358,Công nghệ CNC:Giáo trình dùng cho sinh viên cơ khí các trường đại học thuộc các hệ đào tạo/Trần Văn Địch,Dewey Class no. :629.89T772-Đ546-----Call no. :222629.89; ----- Mô tả: 276tr;24cm,H.:Khoa học và kỹ thuật,2009,1,2,2,3,,,NULL
2359,Programming Manual,,,,1,0,2,3,,,NULL
2360,"Introduction to autonomous mobile robots/ Roland Siegwart, Illah R. Nourbakhsh, Davide Scaramuzza","Dewey Class no. :629.8932S571-----Call no. :222629.8932; ----- Mô tả: XI, 453p.; 24cm","Cambridge, Mass.: MIT Press",2011,1,2,2,3,,,NULL
2361,Manual Operation Fanuc Oi-T,,,,1,0,2,3,,,NULL
2362,"Robots Handbook/B.Siciliano, O.Khatib,edt",,Springer-Verlag,2008,1,0,2,3,,,NULL
2363,Handbook of Intelligent Vehicles/Eskandarian Azim,,Springer,2012,1,0,2,3,,,NULL
2364,CAD\CAM_CNC nâng cao,,ĐH SPKT Tp Hồ Chí Minh ,2012,1,0,2,3,,,NULL
2365,Công nghệ CNC:Giáo trình dùng cho sinh viên cơ khí các trường đại học thuộc các hệ đào tạo/Trần Văn Địch,Dewey Class no. :629.89T772-Đ546-----Call no. :222629.89; ----- Mô tả: 276tr;24cm,H.:Khoa học và kỹ thuật,2009,1,2,2,3,,,NULL
2366,Programming Manual,,,,1,0,2,3,,,NULL
2367,"Autonomous Intelligent Vehicles, Theory, Algorithms, and Implementation/ChengHong",,Springer,2011,1,0,2,3,,,NULL
2368,Manual Operation Fanuc Oi-T,,,,1,0,2,3,,,NULL
2369,"Advances in Intelligent Vehicles/YaobinChen, LingxiLi",,Academic Press,2013,1,0,2,3,,,NULL
2370,"Multiple View Geometry in Computer Vision/Richard Hartley, Andrew Zisserman",,Barnes & Nobles,2004,1,0,2,3,,,NULL
2371,Three Dimensional Computer Vision/Olivier Faugeras,,MIT Press,1993,1,0,2,3,,,NULL
2372,Finite Element Simulations with ANSYS Workbench 16,,SDC Publications; Pap/Dvdr edition,2015,1,0,2,3,,,NULL
2373,"Giáo trình thiết kế kỹ thuật cơ bản/ Phạm Sơn Minh, Nguyễn Thanh Hải, Trần Minh Thế Uyên, Nguyễn Văn Sơn",Dewey Class no. :620.0042G434-----Call no. :620.0042223; ----- Mô tả: 243tr.;24cm,Tp.Hồ Chí Minh : Đại học Quốc gia Tp. Hồ Chí Minh,2017,1,533,2,3,,,NULL
2374,Fundamentals of Robotic Mechanical Systems/J. Angeles,,Springer Verlag,2002,1,0,2,3,,http://172.30.11.76:4000/handle/123456789/535,NULL
2375,"""“Performance Analysis of Robots”, in Robot Manipulators: Modeling, Performance Analysis and Control ""/P. Wenger; E.Dombre, W.Khalil(ed.)",,ISTE,2006,1,0,2,3,,,NULL
2376,"Fundamentals of physics / Jearl Walker, David Halliday, Robert Resnick","Dewey Class no. :530 W177-----Call no. :530 223; ----- Mô tả: xxii, 1194p ; 28 cm","Hoboken, NJ : Wiley",2014,2,1,2,3,,,NULL
2377,Parallel Robots/J. P. Merlet,,Springer,2006,2,0,2,3,,http://172.30.11.76:4000/handle/123456789/536,NULL
2378,"Hướng dẫn sử dụng phần mềm DEFORM, SFTC DEFORM",,,,1,0,2,3,,,NULL
2379,Tài liệu học tập môn học Thí nghiệm CAE,,,,1,0,2,3,,,NULL
2380,"Giáo trình thiết kế kỹ thuật cơ bản/ Phạm Sơn Minh, Nguyễn Thanh Hải, Trần Minh Thế Uyên, Nguyễn Văn Sơn",Dewey Class no. :620.0042G434-----Call no. :620.0042223; ----- Mô tả: 243tr.;24cm,Tp.Hồ Chí Minh : Đại học Quốc gia Tp. Hồ Chí Minh,2017,1,533,2,3,,,NULL
2381,The Finite Element Method and Applications in Engineering Using ANSYS,,Springerlink.com,,2,0,2,3,,http://172.30.11.76:4000/handle/123456789/524,NULL
2382,"Technical English 1, ",,Pearson Longman,2008,1,0,2,3,,http://172.30.11.76:4000/handle/123456789/486,NULL
2383,"Tính toán thiết kế hệ dẫn động cơ khí:Tập 1/Trịnh Chất, Lê Văn Uyển",,H.:Giáo dục,2012,1,24,2,3,,,NULL
2384,"Tính toán thiết kế hệ dẫn động cơ khí:Tập 2/Trịnh Chất, Lê Văn Uyển",Dewey Class no. :621.85T883-C492-----Call no. :222621.85; ----- Mô tả: 231tr.;27cm,H.:Giáo dục,2013,1,24,2,3,,,NULL
2385,The Mechatronics Handbook/Robert H. Bishop,,CRC Press,2007,1,0,2,3,,https://thuvienso.hcmute.edu.vn/doc/mechatronic-system-control-logic-and-data-acquisition-170001.html,NULL
2386,"Giáo trình thực tập công nghệ nhựa/Phạm Sơn Minh, Trần Minh Thế Uyên",Dewey Class no. :668.4P534-S698-----Call no. :668.4222; ----- Mô tả: 146tr.;24cm,Tp. Hồ Chí Minh:Đại học Quốc gia Tp. Hồ Chí Minh,2015,1,338,2,3,,,NULL
2387,Biological nutrient removal (BNR) operation in wastewater treatment plants : WEF Manual of practice No. 29 (ASCE/EWRI Manuals and reports on engineering Practice No.109),"Dewey Class no. :628.3B615-----Call no. :628.3223; ----- Mô tả: xliv, 597 p.: ill. ; 25cm",New York : McGraw-Hill,2005,1,1,2,3,,,NULL
2388,Tutorial các phần mềm CAD/CAE-CAM.,,,,2,0,2,3,,,NULL
2389,"Vẽ kỹ thuật  cơ khí - T.1:Sách dùng cho các trường đại học kỹ thuật/Trần Hữu Quế, Đặng Văn Cứ, Nguyễn Văn Tuấn",Dewey Class no. :604.24T772-Q156-----Call no. :222604.24; ----- Mô tả: 272tr.;24cm,Hà Nội:Giáo dục,2006,1,14,2,3,,,NULL
2390,Tiêu chuẩn khuôn Misumi,,,2006,2,2,2,3,,,NULL
2391,"Vẽ kỹ thuật cơ khí :Tập 2 /Trần Hữu Quế, Đặng Văn Cứ, Nguyễn Văn Tuấn",Dewey Class no. :604.24T772-Q156-----Call no. :222604.24; ----- Mô tả: 239tr. ;27cm.,H. :Giáo dục,2011,1,30,2,3,,,NULL
2392,Kỹ thuật phay/ Ph. A . Barơbashop; người dịch:GS. TS. Trần Văn Địch,"Dewey Class no. :671.35B264-----Call no. :221671.35; ----- Mô tả: 221tr.;20,5cm..",Tp.HCM.:Thanh Niên,1999,1,1,2,3,,,NULL
2393,"Thiết kế đồ án chi tiết máy/ Văn Hữu Thịnh, Nguyễn Minh Kỳ",Dewey Class no. :621.82 V217-T443-----Call no. :621.82 223; ----- Mô tả: 350tr. ; 24cm,Tp.Hồ Chí Minh : Đại học Quốc gia Tp. Hồ Chí Minh,2016,1,204,1,3,,,NULL
2394,Mechanical Design Engineering Handbook/Peter. Childs,,Butterworth-Heinemann,2013,2,1,2,3,,,http://172.16.2.21/libol50/search/detail.asp?ID=44349
2395,Giáo trình công nghệ in 3D và kỹ thuật thiết kế ngược,,Trường Đại học Sư phạm Kỹ thuật TP. HCM ,2018,1,0,2,3,,,NULL
2396,Rapid Prototyping: Principles and Applications,,World Scientific Publishing ,2010,2,0,2,3,,,NULL
2397,Reverse Engineering,,Springer,2008,2,0,2,3,,,NULL
2398,Cơ sở Thiết kế máy và Chi tiết máy/ Trịnh Chất,,KHKT,2010,2,0,2,3,,,NULL
2399,"Sức bền vật liệu - T.1/Lê Quang Minh, Nguyễn Văn Vượng",Dewey Class no. :620.112L433-M664-----Call no. :221620.1126; ----- Mô tả: 243tr.;27cm,H.:Giáo Dục Việt Nam,2010,2,4,2,3,,,NULL
2400,Advanced Mathematical Methods for Scientists and Engineers,,Wiley,2011,1,0,2,3,,,NULL
2401,Advanced engineering mathematics / Peter V. O'Neil,Dewey Class no. :620.00151 O58-----Call no. :620.00151 223; ----- Mô tả: 975p. ; 24 cm,Belmont,Calif. : Wadsworth Pub. Co.,1,1,2,3,,,NULL
2402,"Sức bền vật liệu - Tập 2/Lê Quang Minh, Nguyễn Văn Vượng",Dewey Class no. :620.112L433-M664-----Call no. :222620.112; ----- Mô tả: 299tr.;27cm,H. :Giáo dục,2009,2,4,2,3,,,NULL
2403,"Giáo trình phương pháp tính/ Trương Vĩnh An, Phạm Văn Hiển, Phan Tự Vượng",Dewey Class no. :518.6T871-A531  -----Call no. :221518.6; ----- Mô tả: 70tr.; 24cm,Tp.HCM: Trường Đại học Quốc gia Tp. Hồ Chí Minh,2013,1,752,2,3,,,NULL
2404,Giáo trình Hàm biến phức và phép biến đổi Laplace:Môn học: 1001060 - Hàm phức và phép biến đổi Laplace/Ngô Hữu Tâm,Dewey Class no. :515.9N569-T153-----Call no. :515.9221; ----- Mô tả: 108tr; 29cm,TP.HCM:Đại học Sư phạm Kỹ thuật,2005,1,1047,2,3,,,NULL
2405,Applied numerical methods with MATLAB for engineers and scientists / Steven C. Chapra,"Dewey Class no. :518 C467-----Call no. :518 223; ----- Mô tả: xvi, 697p. ; 24 cm",Boston : McGraw-Hill Higher Education,2017,1,1,2,3,,,NULL
2406,"Numerical analysis/ Richard L. Burdeb, J. Douglas Faires, Annette M. Burden","Dewey Class no. :518 B949-----Call no. :518 223; ----- Mô tả: xvi, 896p.; 26 cm",New Tech Park,Singapore: Cengage,1,1,2,3,,,NULL
2407,Giáo trình dung sai - kỹ thuật đo:Giáo trình dùng cho sinh viên ngành Công nghệ kỹ thuật cơ khí/Trần Quốc Hùng,Dewey Class no. :621.8T772-H936-----Call no. :621.8222; ----- Mô tả: 317tr.;24cm,Tp.HCM:Đại học Quốc gia Tp.Hồ Chí Minh,2012,2,1188,1,3,,,NULL
2408,Introduction-To-Applied-Math-And-Physics,,Open Tax Colleage,2012,1,0,2,3,,,NULL
2409,Applied Numerical Methods Using MATLAB,,Wiley,2005,2,0,2,3,,https://thuvienso.hcmute.edu.vn/tailieuvn/doc/applied-numerical-methods-using-matlab-phan-1-897222.html,NULL
2410,An Introduction to Programming and Numerical Methods in MATLAB,,Springer,2005,2,0,2,3,,https://thuvienso.hcmute.edu.vn/tailieuvn/doc/an-introduction-to-programming-and-numerical-methods-in-matlab-1754847.html,NULL
2411,Illustrated C♯ 2012 / Daniel M. Solis,"Dewey Class no. :005.133 S687-----Call no. :005.133 223; ----- Mô tả: xxx, 719p. ; 24 cm",New York : Apress ,2012,1,1,2,3,,,NULL
2412,Programming C# 5.0/ Ian Griffiths,"Dewey Class no. :005.133G855-----Call no. :005.133223; ----- Mô tả: xx, 861p.; 24cm",Sebastopol: O'Reilly,2013,1,1,2,3,,,NULL
2413,Automic Control Systems,,New York,2010,1,0,2,3,,,NULL
2414,Điều khiển tự động / Nguyễn Thế Hùng,Dewey Class no. :629.8N573-H936-----Call no. :629.8221; ----- Mô tả: 201tr.;27cm,TP. HCM: ĐH Sư phạm Kỹ thuật,2006,1,668,2,3,,,NULL
2415,Kỹ Thuật Điều Khiển Tự Động: T2,,Đại học Quốc TP.HCM,2002,2,7,2,3,,,NULL
2416,Modern control engineering / Katsuhiko Ogata,Dewey Class no. :629.8 O34-----Call no. :629.8 223; ----- Mô tả: 903 p. ; 24 cm,Boston : Pearson ,2010,2,1,2,3,,,NULL
2417,"Tài liệu hướng dẫn thực tập kỹ thuật điều khiển tự động/Võ Lâm Chương, Nguyễn Xuân Quang ",,ĐH Sư phạm kỹ thuật,2018,1,0,1,3,,,NULL
2418,"Modern control systems / Richard C. Dorf, Robert H. Bishop",Dewey Class no. :629.83 D695-----Call no. :629.83 223; ----- Mô tả: 1016p. ; 24 cm,London : Pearson,2017,2,2,2,3,,,NULL
2419,"Tài liệu hướng dẫn thực tập Điều khiển tự động/Huy V.Q., Huy Đ. N.",,ĐH Sư phạm kỹ thuật ,2016,1,0,1,3,,,NULL
2420,"Lý thuyết điều khiển tự động /Nguyễn Thị Phương Hà, Huỳnh Thái Hoàng",Dewey Class no. :629.8312N573-H111-----Call no. :222629.8312; ----- Mô tả: 356tr;24cm,Tp.HCM :Đại học Quốc gia Tp.HCM,2005,2,17,2,3,,,NULL
2421,"Process Control, Lecture notes/Võ Lâm Chương",,ĐH Sư phạm kỹ thuật ,2015,2,0,1,3,,,NULL
2422,Lý thuyết điều khiển tuyến tính/Nguyễn Doãn Phước,Dewey Class no. :629.832N573-P577-----Call no. :221629.832; ----- Mô tả: 408tr.;27cm,H.:Khoa học và Kỹ thuật,2002,2,6,2,3,,,NULL
2423,Discrete-time signal processing (3rd ed.),,Prentice-Hall Inc,2009,1,0,2,3,,,NULL
2424,Digital Signal Processing Using MATLAB (3rd ed.),,Cengage Learning,2011,2,0,2,3,,,NULL
2425,Real-Time Digital Signal Processing: Implementations and Applications (2nd ed.),,John Wiley & Sons,2006,2,0,2,3,,,NULL
2426,"Process dynamics and control / Dale E. Seborg, Thomas F. Edgar, Duncan A. Mellichamp, Francis J. Doyle III","Dewey Class no. :629.83 P963-----Call no. :629.83 223; ----- Mô tả: ix, 502p. ; 27cm",,2017,2,1,2,3,,,NULL
2427,Giáo trình Điều khiển tự động/Nguyễn Thế Hùng,,ĐH Sư phạm kỹ thuật ,2011,2,0,1,3,,,NULL
2428,A Textbook of Electrical technology Volumn 1- Basic Electrical Engineering ,,,,1,0,2,3,,http://172.30.11.76:4000/handle/123456789/520,NULL
2429,"A textbook of electrical technology : volume IV : electronic devices and circuits in S.I. system of units / B. L. Theraja, A. K. Theraja ; R. S. Sedha","Dewey Class no. :621.319 T398-----Call no. :621.319 223; ----- Mô tả: xiii, 2018-2736tr. ; 24 cm",Ram Nagar,New Delhi : S. Chand,1,1,2,3,,,NULL
2430,Electrical and Electronic Principles and Technology third edition ,,,,2,0,2,3,,https://thuvienso.hcmute.edu.vn/tailieuvn/doc/electrical-and-electronic-principles-and-technology-1385057.html,NULL
2431,Getting Started in Electronics  3ed,,,,2,0,2,3,,http://172.30.11.76:4000/handle/123456789/521,NULL
2432,Modeling and simulation of systems using MATLAB and Simulink / Devendra K. Chaturvedi,Dewey Class no. :620.001171 C495-----Call no. :620.001171 223; ----- Mô tả: 709 p. ; 25 cm,Boca Raton : CRC Press,2010,2,1,2,3,,,NULL
2433,PIC microcontroller projects in C : Basic to advanced / Dogan Ibrahim,Dewey Class no. :629.895 I14-----Call no. :629.895 223; ----- Mô tả: 638 p. ; 24 cm,Amsterdam. : Boston : Elsevier/Newnes,2014,1,1,2,3,,,NULL
2434,Learning OpenCV,,,,1,0,2,3,,,NULL
2435,"Digital image processing / Rafael C. Gonzalez, Richard E. Woods",Dewey Class no. :621.367 G643-----Call no. :621.367 223; ----- Mô tả: 965p. ; 24 cm,New Jersey : Pearson,2010,1,1,2,3,,,NULL
2436,Beginning C / Ivor Horton,Dewey Class no. :005.117 H823-----Call no. :005.117 223; ----- Mô tả: 658p ; 24 cm,Berkeley,CA : Apress ; New York : Distributed to the Book trade worldwide by Springer,1,1,2,3,,,NULL
2437,Microsoft Visual C++.Net Professional Project ,,,2006,2,0,2,3,,,NULL
2438,Programming and customizing the PIC microcontroller / Myke Predko,Dewey Class no. :629.89 P923-----Call no. :629.89 223; ----- Mô tả: 1263p. ; 24 cm,New York : McGraw Hill,2008,1,1,2,3,,,NULL
2439,"Physics for scientists and engineers with modern physics : Technology update / Raymond A. Serway, John W. Jetwett, Jr.","Dewey Class no. :530 S492-----Call no. :530223; ----- Mô tả: xxxii, 1579p.; 29cm",Cengage Learning,2016,1,2,2,3,,,NULL
2440,Programming dsPIC MCU in C,,MikroElektronika,2009,1,0,2,3,,,NULL
2441,PIC18F Family Reference Manual,,,2006,2,0,2,3,,,NULL
2442,PIC microcontroller projects in C : Basic to advanced / Dogan Ibrahim,Dewey Class no. :629.895 I14-----Call no. :629.895 223; ----- Mô tả: 638 p. ; 24 cm,Amsterdam. : Boston : Elsevier/Newnes,2014,2,1,2,3,,,NULL
2443,Bài giảng tóm tắt: Vật lý 1,,Đại học Sư phạm Kỹ thuật Tp. HCM,,1,0,1,3,,,NULL
2444,Tự động hóa quá trình sản xuất với PLC  ,,TP.HCM  ,2016,1,0,2,3,,,NULL
2445,Giáo trình cảm biến công nghiệp/Hoàng Minh Công,Dewey Class no. :629.8312H678-C749-----Call no. :629.8312222; ----- Mô tả: 191tr.;27cm,H.:Xây dựng,2011,1,4,2,3,,,NULL
2446,"Giáo trình điều khiển logic/Nguyễn Mạnh Tiến, Phạm Công Dương, Lê Thị Thúy Nga",Dewey Class no. :629.8312N573-T562-----Call no. :222629.8312; ----- Mô tả: 183tr.;24cm,H.:Giáo dục,2008,1,3,2,3,,,NULL
2447,Giáo trình PLC Cơ bản,,,,2,0,2,3,,,NULL
2448,"Fundamentals of physics / Jearl Walker, David Halliday, Robert Resnick","Dewey Class no. :530 W177-----Call no. :530 223; ----- Mô tả: xxii, 1194p ; 28 cm",Hoboken NJ : Wiley,2014,2,1,2,3,,,NULL
2449,"Tự động hóa quá trình sản xuất/ Hồ Viết Bình, Trần Thế San",Dewey Class no. :629.8H678-B631-----Call no. :629.8221; ----- Mô tả: 151tr.;24cm,H.:Khoa học và Kỹ thuật,2009,2,17,2,3,,,NULL
2450,Hệ thống sản xuất linh hoạt (MPS),,HCM,2006,2,0,2,3,,,NULL
2451,"Automating manufacturing systems with PLCs : version 7.0, April, 2010 / Hugh Jack","Dewey Class no. :629.8 J121-----Call no. :629.8 223; ----- Mô tả: xiv, 625p. ; 24cm",Hugh Jack,2010,2,1,2,3,,,NULL
2452,Tài liệu hướng dẫn thực tập kỹ thuật điều khiển tự động,,ĐH Sư phạm kỹ thuật,2018,1,0,2,3,,,NULL
2453,Tài liệu hướng dẫn thực tập Điều khiển tự động,,ĐH Sư phạm kỹ thuật,2016,1,0,2,3,,,NULL
2454,"Process Control, Lecture notes",,ĐH SPKT TP. HCM ,2015,2,0,2,3,,,NULL
2455,"Process dynamics and control / Dale E. Seborg, Thomas F. Edgar, Duncan A. Mellichamp, Francis J. Doyle III","Dewey Class no. :629.83 P963-----Call no. :629.83 223; ----- Mô tả: ix, 502p. ; 27cm",Hoboken,NJ. : Wiley,2,1,2,3,,,NULL
2456,"Vật lý đại cương: Các nguyên lý và ứng dụng -Tập 1: Cơ học và nhiệt học/Trần Ngọc Hợi (Chủ biên), Phạm Văn Thiều",Dewey Class no. :530.07T772-H719-----Call no. :221530.07; ----- Mô tả: 511tr.;27cm,Hà Nội:Giáo Dục,2006,2,200,2,3,,,NULL
2457,Giáo trình Điều khiển tự động,,ĐH SPKT TP. HCM ,2011,2,1,2,3,,,NULL
2458,Modeling and simulation of systems using MATLAB and Simulink / Devendra K. Chaturvedi,Dewey Class no. :620.001171 C495-----Call no. :620.001171 223; ----- Mô tả: 709 p. ; 25 cm,Boca Raton : CRC Press,2010,2,1,2,3,,,NULL
2459,"Vật lý đại cương A1: Cơ nhiệt/Huỳnh Quang Chiến, Trần Thị Thiên Hương",,Đại học Sư phạm Kỹ thuật,2005,2,0,1,3,,,NULL
2460,"Process Control, Lecture notes",,ĐH SPKT TP. HCM ,2015,1,0,2,3,,,NULL
2461,"Process dynamics and control / Dale E. Seborg, Thomas F. Edgar, Duncan A. Mellichamp, Francis J. Doyle III","Dewey Class no. :629.83 P963-----Call no. :629.83 223; ----- Mô tả: ix, 502p. ; 27cm",Hoboken,NJ. : Wiley,1,1,2,3,,,NULL
2462,Bài tập Vật lý 1 - Phần cơ nhiệt:Môn học: 1002011 - Vật lý đại cương A1/Trần Thị Thiên Hương,Dewey Class no. :531.076T772-H958-----Call no. :221531.076; ----- Mô tả: 183tr.;19cm,Tp. Hồ Chí Minh:Đại Học Sư Phạm Kỹ Thuật,2005,2,1482,1,3,,,NULL
2463,Process control instrumentation technology/ Curtis D. Johnson.,"Dewey Class no. :629.83J661-----Call no. :629.83223; ----- Mô tả: x, 694 p. : ill. ; 24 cm.",Upper Saddle River,NJ : Pearson/Prentice Hall,1,1,2,3,,,NULL
2464,The Mechatronics Handbook,,CRC Press,2007,1,0,2,3,,,NULL
2465,Mechanical design engineering handbook / Peter R. N. Childs,"Dewey Class no. :620.0042 C537-----Call no. :620.0042 223; ----- Mô tả: xix, 817p. ; 24 cm",Oxford. : Elsevier Ltd,2016,1,1,2,3,,,NULL
2466,"Hệ thống điều khiển tự động khí nén/Nguyễn Ngọc Phương, Nguyễn Trường Thịnh",Dewey Class no. :629.8045N573-P577-----Call no. :629.8045222; ----- Mô tả: 287tr.;27cm,H.:Khoa học và Kỹ thuật,2012,1,13,2,3,,,NULL
2467,"Hệ thống điều khiển bằng thủy lực:Lý thuyết và các ứng dụng thực tế /Nguyễn Ngọc Phương, Huỳnh Nguyễn Hoàng",Dewey Class no. :629.8042N573-P577-----Call no. :222629.804 2; ----- Mô tả: 275tr.;27cm.,H.:Giáo dục,2007,1,3,2,3,,,NULL
2468,"Tài liệu huấn luyện hãng festo – chlb đức, norgen, bosch,  wicker, herrion, manessman",,,,2,0,2,3,,,NULL
2469,Pneumatics – Textbook Basic Level,,Festo Didactic ,1999,2,0,2,3,,http://172.30.11.76:4000/handle/123456789/488,NULL
2470,Pneumatics – Workbook Basic Level,,Festo Didactic ,2002,2,0,2,3,,http://172.30.11.76:4000/handle/123456789/489,NULL
2471,Electropneumatics – Textbook Basic Level,,Festo Didactic ,2002,2,0,2,3,,http://172.30.11.76:4000/handle/123456789/490,NULL
2472,Hydraulics – Basic Level – Textbook ,,Festo Didactic ,2003,2,0,2,3,,http://172.30.11.76:4000/handle/123456789/491,NULL
2473,Vật lý đại cương tập 1: Cơ- Nhiệt/Lương Duyên Bình (Chủ biên),,Giáo dục,1994,2,1000,2,3,,,NULL
2474,Hydraulics – Basic Level –  Workbook,,Festo Didactic ,2001,2,0,2,3,,http://172.30.11.76:4000/handle/123456789/579,NULL
2475,Power Hydraulics,,Prentice-Hall ,1989,2,0,2,3,,,NULL
2476,Basic Principles and Components of Fluid Technology,,Rexroth ,1991,2,0,2,3,,http://172.30.11.76:4000/handle/123456789/493,NULL
2477,Powers electronics,,W.,2000,2,0,2,3,,,NULL
2478,"Introduction to Robotics: Analysis, Systems, Applications",,Pearson Education,2015,1,0,2,3,,,NULL
2479,Giáo trình kỹ thuật Robot/Nguyễn Trường Thịnh,Dewey Class no. :629.892N573-T443-----Call no. :629.892222; ----- Mô tả: 498tr.;24cm,Tp. Hồ Chí Minh:Đại học Quốc gia Tp. Hồ Chí Minh,2014,1,417,2,3,,,NULL
2480,Introduction to robotics : mechanics and control / John J. Craig,"Dewey Class no. :629.892C886-----Call no. :629.892223; ----- Mô tả: ii, 373 p. : ill. ; 28 cm.",London,U.K : Pearson,1,1,2,3,,,NULL
2481,Mạng truyền thông công nghiệp/Hoàng Minh Sơn,Dewey Class no. :004.65H678-S698-----Call no. :221004.65; ----- Mô tả: 256tr.;24cm.,H.:Khoa học và kỹ thuật,2007,1,2,2,3,,,NULL
2482,Bài giảng mạng truyền thông công nghiệp,,ĐHSPKT Tp HCM ,2014,1,0,2,3,,,NULL
2483,"Practical SCADA for industry/David Bailey, Edwin Wright",Dewey Class no. :629.8B154-----Call no. :221629.8; ----- Mô tả: 288p;27cm,New York.:Elsevier,2005,1,1,2,3,,,NULL
2484,Bài tập Vật lý đại cương tập 1: Cơ- Nhiệt/Lương Duyên Bình (Chủ biên),,Giáo dục,1994,2,500,2,3,,,NULL
2485,"Servo Drive System, Lecture notes",,ĐH SPKT TP. HCM ,2017,1,0,2,3,,,NULL
2486,"Industrial Motion Control – Motor Selection, Drives, Controller Tuning, Applications",,Wiley,2016,2,0,2,3,,http://172.30.11.76:4000/handle/123456789/527,NULL
2487,"Mechatronic servo system control : Problems in industries and their theoretical solutions / M. Nakamura, S. Goto, N. Kyura; Tao Zhang (Translated)","Dewey Class no. :629.8323 N163-----Call no. :629.8323 223; ----- Mô tả: xvi, 196p. ; 24 cm",New York : Springer,2004,2,2,2,3,,,NULL
2488,"Theory and design of CNC Systems / Suk-Hwan Suh, Seong-Kyoon Kang, Dae-Huyk Chung, Ian Stroud","Dewey Class no. :621.90230285 T396-----Call no. :621.90230285 223; ----- Mô tả: xvii, 447p. ; 24 cm",London : Springer,2010,2,1,2,3,,,NULL
2489,"Bài tập vật lý đại cương - Tập 2 : Điện - Dao động - Sóng: Biên soạn theo chương trình của Bộ Giáo Dục và Đào Tạo ban hành năm 1990:Dùng cho các trường đại học khối công nghiệp, công trình thủy lợi, giao thông vận tải/Lương Duyên Bình (chủ biên), Nguyễn Hữu Hồ, Lê Văn Nghĩa, Nguyễn Quang Sính",Dewey Class no. :530.076B152-----Call no. :222530.076; ----- Mô tả: 1155tr.;21cm,Hà Nội:Giáo Dục,2006,2,2,2,3,,,NULL
2490,Các bài giảng về Cơ nhiệt /Nguyễn Nhật Khanh,Dewey Class no. :530.07N573-K45-----Call no. :221530.07; ----- Mô tả: 200tr.;21cm,Tp.HCM:Khoa Học Tự Nhiên,1998,2,5,2,3,,,NULL
2491,Designing Embedded Hardware ,,O'Reilly Media,2005,1,0,2,3,,,NULL
2492,Bài giảng Vận trù học,,Đại học SPKT  TP.HCM,2020,1,0,2,3,,,NULL
2493,"Introduction to operations research/ Frederick S.Hillier, Gerald J. Lieberman","Dewey Class no. :658.4034H654-----Call no. :658.403 4223; ----- Mô tả: xiii, 964p.: 24 cm.",McGraw Hill Education : Singapore,2021,1,2,2,3,,,NULL
2494,Introduction to Mathematical Programming. Operations Research: Volume one,,Duxbury,2003,2,0,2,3,,http://172.30.11.76:4000/handle/123456789/585,NULL
2495,Inventory control and management/ onald Waters ,"Dewey Class no. :658.787W329-----Call no. :658.787223; ----- Mô tả: xv, 364p.: ill.; 24 cm.",Chichester: Wiley,2003,1,1,2,3,,,NULL
2496,Quản lý vật tư tồn kho/Nguyễn Như Phong,Dewey Class no. :658.787N573-P574-----Call no. :222658.787; ----- Mô tả: 133tr.;24cm,Tp.HCM:.Đại học Quốc gia Tp.HCM,2010,1,3,2,3,,,NULL
2497,"Problems & solutions in inventory management/ Dinesh Shenoy, Roberto Rosas","Dewey Class no. :658.5S546-----Call no. :658.5223; ----- Mô tả: xiii, 283p.: ill.; 24 cm.",Cham: Springer Nature,2018,1,1,2,3,,,NULL
2498,"Engineering economy/ Leland Blank, P.E, Anthony Tarquin, P.E ","Dewey Class no. :658.15B642-----Call no. :658.15223; ----- Mô tả: xvii, 634 p.: ill.; 29 cm.",New York,NY: McGraw-Hill Education,1,1,2,3,,,NULL
2499,Kinh tế kỹ thuật/Nguyễn Như Phong,Dewey Class no. :658.1552N573-P574-----Call no. :658.155 2222; ----- Mô tả: 131tr.;24cm,Tp.HCM: Đại học Quốc gia Tp. Hồ Chí Minh,2006,1,16,2,3,,,NULL
2500,Kinh tế Kỹ thuật,,Thống kê Tp HCM,2007,2,0,2,3,,,NULL
2501,Enginering Economy,,Prentice Hall,2009,2,0,2,3,,https://thuvienso.hcmute.edu.vn/tailieuvn/tim-kiem/enginering+economy.html?typesearch3=2&typesearch4=1,NULL
2502,Principles of Supply Chain Management: A Balanaced Approach,,South-Western Cengage Learning ,2008,1,0,2,3,,https://thuvienso.hcmute.edu.vn/tailieuvn/doc/ebook-principles-of-supply-chain-management-a-balanced-approach-3e-part-1-2676459.html,NULL
2503,"Algebraic Methods for Nonlinear Control Systems. Theory and Applications/G. Conte, C.H. Moog and A.M. Perdon",,Springer-Verlag,2006,1,0,2,3,,http://172.30.11.76:4000/handle/123456789/541,NULL
2504,Statistical quality control: a modern introduction/ Douglas C. Montgomery,"Dewey Class no. :658.562M787-----Call no. :658.562223; ----- Mô tả: xiv, 734p.: ill.; 26 cm.",New Delhi: Wiley India,2009,1,1,2,3,,,NULL
2505,"Operations management:Processes and supply chains/Lee J. Krajewski, Larry P. Ritzman, Manoj K. Malhotra",Dewey Class no. :658.5K89-----Call no. :23658.5; ----- Mô tả: 671p.;29cm,Upper Saddle River,N.J.:Pearson,1,1,2,3,,,NULL
2506,,,,,1,1,2,3,,,NULL
2507,Nonlinear Control Systems/A. Isidori,,,1989,1,0,2,3,,,NULL
2508,"Big Data/Viktor Mayer-Schönberger, Kenneth Cukier",,Eamon Dolan/Mariner Books,2014,1,0,2,3,,http://172.30.11.76:4000/handle/123456789/554,NULL
2509,"Operations management:Processes and supply chains/Lee J. Krajewski, Larry P. Ritzman, Manoj K. Malhotra",Dewey Class no. :658.5K89-----Call no. :23658.5; ----- Mô tả: 671p.;29cm,Upper Saddle River,N.J.:Pearson,1,1,2,3,,,NULL
2510,"Nonlinear Control Design: Geometric, Adaptive and Robust/christopher Hallinan",,Prentice Hall,1995,1,0,2,3,,,NULL
2511,"Big Data - Using SMART Big Data, Analytics and Metrics To Make Better Decisions and Improve Performance/Bernard Marr",,Wiley,2015,1,0,2,3,,http://172.30.11.76:4000/handle/123456789/549,NULL
2512,,,,,1,1,2,3,,,NULL
2513,Nonlinear Systems Analysis/M. Vidyasagar,,Prentice Hall,1993,2,0,2,3,,http://172.30.11.76:4000/handle/123456789/540,NULL
2514,,,,,1,1,2,3,,,NULL
2515,"Discrete-time signal processing/Alan V. Oppenheim, Ronald W. Schafer",,Prentice-Hall Inc,2009,1,0,2,3,,,NULL
2516,Quản trị sản xuất và tác nghiệp,,Thống Kê ,2005,2,0,2,3,,,http://172.16.2.21/libol50/search/detail.asp?ID=15764
2517,"Digital Signal Processing Using MATLAB/ John G Proakis, Vinay K. Ingle",,Cengage Learning,2011,2,0,2,3,,http://172.30.11.76:4000/handle/123456789/555,NULL
2518,"Quản trị sản xuất viễn thông/Nguyễn Thị Minh An, Nguyễn Hoài Anh",Dewey Class no. :384.068N573-A531-----Call no. :384.068222; ----- Mô tả: 421tr.;21cm,H.:Bưu điện,2005,2,7,2,3,,,NULL
2519,"Wenshun Tian, Real-Time Digital Signal Processing: Implementations and Applications/Sen M. Kuo, Bob H. Lee",,John Wiley & Sons,2006,2,0,2,3,,http://172.30.11.76:4000/handle/123456789/556,NULL
2520,Production and operations management,,,2008,2,0,2,3,,https://thuvienso.hcmute.edu.vn/tailieuvn/doc/ebook-production-and-operation-management-2nd-edition-part-1-2687491.html,NULL
2521,"Hướng dẫn thực hành kỹ thuật tiện/Dương Văn Linh, Nguyễn Ngọc Đào, Trần Thế San",Dewey Class no. :671.35D928- L755-----Call no. :221671.35; ----- Mô tả: 339tr.;26cm,Đà Nẵng:Nxb.Đà Nẵng,2002,1,5,2,3,,,NULL
2522,"Sổ tay thợ tiện/ V . A.Blumberg, E.I. Zazerski; Người dịch:Hà Văn Vui",Dewey Class no. :671.35B658-----Call no. :221671.35; ----- Mô tả: 646tr.;19cm,H.:Thanh niên,2000,1,1,2,3,,,NULL
2523,Tự động hóa quá trình sản xuất / Nguyễn Duy Anh,Dewey Class no. :670.427N573-A596-----Call no. :670.427 223; ----- Mô tả: 126tr. ; 24 cm,H. : Khoa học và Kỹ thuật,2016,1,2,2,3,,,NULL
2524,"Giáo trình điều khiển logic/Nguyễn Mạnh Tiến, Phạm Công Dương, Lê Thị Thúy Nga",Dewey Class no. :629.8312N573-T562-----Call no. :222629.8312; ----- Mô tả: 183tr.;24cm,H.:Giáo dục,2008,1,3,2,3,,,NULL
2525,Giáo trình PLC Cơ bản/Tổng cục dạy nghề ,,,,2,0,2,3,,,NULL
2526,"Giáo trình Điện tử cơ bản/Trần Thu Hà, Trương Thị Bích Ngà, Nguyễn Thị Lưỡng,...",Dewey Class no. :621.381G434-----Call no. :222621.381; ----- Mô tả: 642tr.;24cm.,Tp. Hồ Chí Minh:Đại học Quốc gia Tp. HCM,2013,1,1144,2,3,,,NULL
2527,Electronic devices & circuit theory,,Prentice Hall,2015,2,0,2,3,,http://172.30.11.76:4000/handle/123456789/506,NULL
2528,How to estimate utility costs,,Chem. eng ,2006,2,0,2,3,,,NULL
2529,Kỹ thuật tiện/Nguyễn Quang Châu (dịch),,Giáo Dục,1996,1,0,2,3,,,http://172.16.2.21/libol50/search/detail.asp?ID=25578
2530,Electronic Principle,,Mc Graw Hill,2015,2,0,2,3,,http://172.30.11.76:4000/handle/123456789/505,NULL
2531,Sản xuất theo LEAN,,Đại học quốc gia TPHCM,2011,1,0,2,3,,,NULL
2532,Giáo trình tự động hóa quá trình sản xuất/ Hồ Viết Bình,Dewey Class no. :629.8H678-B631-----Call no. :629.8221; ----- Mô tả: 152tr.;27cm,Tp.HCM.:Đại Học Sư Phạm Kỹ Thuật kỹ Thuật Tp. HCM.,2004,2,220,1,3,,,NULL
2533,Computer Intergrated Manufacturing,,,,2,0,2,3,,,NULL
2534,"Chế độ cắt gia công cơ khí/ Nguyễn Ngọc Đào, Hồ Viết Bình, Trần Thế San ",Dewey Class no. :671.53N573-Đ211-----Call no. :221671.53; ----- Mô tả: 256tr.;24cm,Đà Nẵng.:Nxb Đà Nẵng,2001-2002,1,39,2,3,,,NULL
2535,Introduction to electronics devices and circuits,,Prentice Hall,1988,2,0,2,3,,,NULL
2536,Hệ thống sản xuất linh hoạt (MPS)/Đồng Sĩ Linh ,,,2006,2,0,2,3,,,NULL
2537,Sản xuất theo LEAN,,Đại học quốc gia TPHCM,2011,1,0,2,3,,,NULL
2538,Lean thinking: anish waste and create wealth in your corporation/ James P. Womack and Daniel T. Jones.,Dewey Class no. :658W872-----Call no. :658223; ----- Mô tả: 396 p.: ill.; 25 cm.,New York: $Free Press,2003,1,1,2,3,,,NULL
2539,Electronic Principle,,NXB ĐHQG TpHCM ,2005,2,0,2,3,,,NULL
2540,Facilities planning/ James A. Tompkins ... [et al.].,"Dewey Class no. :725.4F141-----Call no. :725.4223; ----- Mô tả: vi, 734 p. : ill. ; 26 cm.",New York : Wiley,2010,1,1,2,3,,,NULL
2541,"Các tài liệu hướng dẫn sử dụng PLC của các hãng Siemens, Mitsubishi, Omron",,,,2,0,2,3,,,NULL
2542,"Quản trị sản xuất /Nguyễn Thanh Liêm, Nguyễn Quốc Tuấn, Nguyễn Hữu Hiễn",Dewey Class no. :658.5N573-L719-----Call no. :222658.5; ----- Mô tả: 328tr.;27cm,H.:Tài chính,2011,1,1,2,3,,,NULL
2543,Kỹ thuật phay/ Ph. A . Barơbashop; người dịch:GS. TS. Trần Văn Địch,"Dewey Class no. :671.35B264-----Call no. :221671.35; ----- Mô tả: 221tr.;20,5cm..",Tp.HCM.:Thanh Niên,1999,1,13,2,3,,,NULL
2544,Quản trị sản xuất và tác nghiệp,,Thống Kê ,2005,2,0,2,3,,,http://172.16.2.21/libol50/search/detail.asp?ID=15764
2545,Electronic devices & circuits,,Maxwell Macmilan,1991,2,0,2,3,,,NULL
2546,"Quản trị sản xuất viễn thông/Nguyễn Thị Minh An, Nguyễn Hoài Anh",Dewey Class no. :384.068N573-A531-----Call no. :384.068222; ----- Mô tả: 421tr.;21cm,H.:Bưu điện,2005,2,7,2,3,,,NULL
2547,"Physics for scientists and engineers with modern physics : Technology update / Raymond A. Serway, John W. Jetwett, Jr.","Dewey Class no. :530 S492-----Call no. :530223; ----- Mô tả: xxxii, 1579p.; 29cm",Boston: Cengage Learning,2016,1,2,2,3,,,NULL
2548,"Production and operations management: $with skill development, caselets and cases/ S Anil Kumar, N Suresh","Dewey Class no. :658.5A597-----Call no. :658.5223; ----- Mô tả: xiv, 271 p.: ill.; 24 cm.",New Delhi: New age international (P) limited,2008,2,1,2,3,,,NULL
2549,Design with operational amplifiers and analog integrated circuits,,Mc-Graw Hill,1998,2,0,2,3,,http://172.30.11.76:4000/handle/123456789/507,NULL
2550,How to estimate utility costs,,Chem. eng ,2006,2,0,2,3,,,NULL
2551,Bài giảng tóm tắt: Vật lý 1,,Đại học Sư phạm Kỹ thuật Tp. HCM.,,1,0,2,3,,,NULL
2552,"Fundamentals of physics / Jearl Walker, David Halliday, Robert Resnick","Dewey Class no. :530 W177-----Call no. :530 223; ----- Mô tả: xxii, 1194p ; 28 cm",Hoboken,NJ : Wiley,2,1,2,3,,,NULL
2553,Fitting the human: introduction to ergonomics/ human factors engineering/ Karl H.E. Kroemer.,"Dewey Class no. :612.042K93-----Call no. :612.042223; ----- Mô tả: xviii, 461 p.: ill.; 24 cm.",New York: CRC Press/Taylor & Francis Group,2017,1,1,2,3,,,NULL
2554,Introduction to human factors and ergonomics/ R.S. Bridger.,"Dewey Class no. :620.82B851-----Call no. :620.82223; ----- Mô tả: xlix, 719 p.: ill.; 24 cm.",Boca Raton: CRC Press/Taylor & Francis Group,2018,1,1,2,3,,,NULL
2555,"Interaction Design: Beyond Human-Computer Interaction/Rogers, Y., Sharp, H., & Preece, J",,Wiley & Sons Publishing,2011,1,0,2,3,,http://172.30.11.76:4000/handle/123456789/543,NULL
2556,Work Design Occupational Ergonomics ,,,2017,2,0,2,3,,http://172.30.11.76:4000/handle/123456789/575,NULL
2557,"Introduction to human factors and ergonomics for engineers/ Mark Lehto, Steven J. Landry","Dewey Class no. :620.82L524-----Call no. :620.82223; ----- Mô tả: xxiii, 770 pages, 8 pages of plates: illustrations (some color); 27 cm.",Boca Raton: CRC Press/Taylor & Francis Group,2012,2,1,2,3,,http://172.30.11.76:4000/handle/123456789/583,NULL
2558,"Data communication, Computer networks and open Systems",,Pearson,1996,2,0,2,3,,,NULL
2559,"New Frontiers in Human-Robot Interaction, Advances in Interaction Studies/Dautenhahn, K and Saunders, J.",,Benjamins Publishing,2011,1,0,2,3,,http://172.30.11.76:4000/handle/123456789/544,NULL
2560,"Advances in Human-Robot Interaction/Kulyukin, V.A. (ed.)",,InTech,2009,1,0,2,3,,http://172.30.11.76:4000/handle/123456789/545,NULL
2561,"Advances in Human-Robot Interaction/Prassler, E., et al.",,Springer Tracts in Advanced Robotics,2010,1,0,2,3,,,NULL
2562,"Human-Robot Interaction/Rahimi, M. & Karwowski, W.",,Taylor & Francis,1992,1,0,2,3,,http://172.30.11.76:4000/handle/123456789/546,NULL
2563,Introduction to Signal Processing,,Rutgers University,,2,0,2,3,,,NULL
2564,"Vật lý đại cương các nguyên lý và ứng dụng, Tập 1/Trần Ngọc Hợi (Chủ biên), Phạm Văn Thiều",,,,2,190,2,3,,,NULL
2565,"The Design of Future Things/Norman, D.A.",,Basic Books,2007,1,0,2,3,,http://172.30.11.76:4000/handle/123456789/548,NULL
2566,"Bài giảng chi tiết Vật lý 1 - Phần cơ nhiệt:Môn học: 1002011 - Vật lý đại cương A1/Huỳnh Quang Chiến, Trần Thị Thiên Hương",Dewey Class no. :531.071H987-C533-----Call no. :221531.071; ----- Mô tả: 198tr.;19cm,Tp. Hồ Chí Minh:Đại Học Sư Phạm Kỹ Thuật,2005,2,0,2,3,,,NULL
2567,"CMOS: Circuit Design, Layout, and Simulation",,John Wiley & Sons,2008,2,0,2,3,,,NULL
2568,"""Software Engineering for Experimental Robotics In Springer Tracts in Advanced Robotics, vol. 30 ""/D. Brugali (Ed.)",,Springer Berlin / Heidelberg,2007,1,0,2,3,,https://thuvienso.hcmute.edu.vn/tailieuvn/doc/software-engineering-for-experimental-robotics-1225866.html,NULL
2569,Bài giảng Mô hình hóa mô phỏng hệ thống công nghiệp,,Đại học Sư phạm Kỹ thuật TP.HCM,2020,1,0,2,3,,,NULL
2570,CMOS Transistor Layout Kungfu,,EDA Utilities,2005,2,0,2,3,,,NULL
2571,"Simulation with Arena/ W. David Kelton, Randall P. Sadowski, Nancy B. Zupick","Dewey Class no. :003.3K299-----Call no. :003.3223; ----- Mô tả: xix, 635 pages : illustrations ; 24 cm",New York,N.Y.: McGraw-Hill Education,1,1,2,3,,,NULL
2572,Software Engineering. In the International Computer Science Series/I. Sommerville,,Addison Wesley,2000,1,0,2,3,,,NULL
2573,Discrete - Event System Simulation,,Pearson,2013,2,0,2,3,,http://172.30.11.76:4000/handle/123456789/584,NULL
2574,"Vật lý đại cương A1: Cơ nhiệt/Trần Thị Thiên Hương, Võ Thanh Tân",,Tp. Hồ Chí Minh:Đại Học Sư Phạm Kỹ Thuật,2005,2,1000,1,3,,,NULL
2575,fundamentals of modern manufacturing/Mikell-p-groove,,John wiley & sons,2010,1,0,2,3,,https://thuvienso.hcmute.edu.vn/tailieuvn/doc/fundamentals-of-modern-manufacturing-4th-edition-part-1-1935680.html,NULL
2576,Cẩm nang kiến thức cơ bản về quản lý dự án,,,2002,2,0,2,3,,,NULL
2577,Lập kế hoạch và quản lý tiến độ bằng phần mềm MS. Project,,,2008,2,0,2,3,,,NULL
2578,Building the internetof things with IPv6 and MIPv6,,Wiley,2013,2,0,2,3,,,NULL
2579,Tài liệu hướng dẫn thực tập Hệ thống sản xuất tự động ,,,2020,1,0,2,3,,,NULL
2580,From Machine-to-Machine to the Internet of Things: Introduction to a New Age of Intelligence,,Academic Press,2014,2,0,2,3,,,NULL
2581,"Giáo trình điều khiển logic/Nguyễn Mạnh Tiến, Phạm Công Dương, Lê Thị Thúy Nga",Dewey Class no. :629.8312N573-T562-----Call no. :222629.8312; ----- Mô tả: 183tr.;24cm,H.:Giáo dục,2008,1,3,2,3,,,NULL
2582, Giáo trình PLC Cơ bản,,,,2,0,2,3,,,NULL
2583,"Manufacturing engineering and technology / Serope Kalpakjian, Steven ","Dewey Class no. :670.42 K14-----Call no. :670.42 223; ----- Mô tả: xxii, 1180p. ; 25 cm","Jurong, Singapore : Pearson Education South Asia",2014,1,1,2,3,,,NULL
2584,Vật lý đại cương tập 1: Cơ- Nhiệt/ Lương Duyên Bình (Chủ biên),,Giáo dục,1995,2,1000,2,3,,,NULL
2585,"Công nghệ chế tạo phôi:Tài liệu dùng cho sinh viên, học viên các ngành cơ khí, chế tạo máy, kỹ thuật, sư phạm kỹ thuật,.../Nguyễn Tiến Đào",Dewey Class no. :671.2N573-Đ211-----Call no. :671.2222; ----- Mô tả: 266tr.;24cm.,H.:Khoa học và Kỹ thuật,2006,2,26,2,3,,,NULL
2586,"Bài tập vật lý đại cương - T.1:Cơ - Nhiệt, Biên soạn theo chương trình của bộ giáo dục và đào tạo ban hành năm 1990, Dùng cho các trường đại học khối công nghiệp, công trình thủy lợi, giao thông vận tải/Lương Duyên Bình (chủ biên), Nguyễn Hữu Hồ, Lê văn Nghĩa, Nguyễn Tụng",Dewey Class no. :530.076B152-----Call no. :221530.076; ----- Mô tả: 199tr.;21cm,Hà Nội:Giáo Dục,2014,2,500,2,3,,,NULL
2587,"Tự động hóa quá trình sản xuất/ Hồ Viết Bình, Trần Thế San",Dewey Class no. :629.8H678-B631-----Call no. :629.8221; ----- Mô tả: 151tr.;24cm,H.:Khoa học và Kỹ thuật,2009,2,2,2,3,,,NULL
2588,Hệ thống sản xuất linh hoạt (MPS) ,,,,2,0,2,3,,,NULL
2589,"Bài tập vật lý đại cương - Tập 2 : Điện - Dao động - Sóng: Biên soạn theo chương trình của Bộ Giáo Dục và Đào Tạo ban hành năm 1990:Dùng cho các trường đại học khối công nghiệp, công trình thủy lợi, giao thông vận tải/Lương Duyên Bình (chủ biên), Nguyễn Hữu Hồ, Lê Văn Nghĩa, Nguyễn Quang Sính",Dewey Class no. :530.076B152-----Call no. :222530.076; ----- Mô tả: 1155tr.;21cm,Hà Nội:Giáo Dục,2006,2,500,2,3,,,NULL
2590,Tài liệu hướng dẫn thực tập Hệ thống sản xuất tự động ,,,2020,1,0,2,3,,,NULL
2591,"Giáo trình điều khiển logic/Nguyễn Mạnh Tiến, Phạm Công Dương, Lê Thị Thúy Nga",Dewey Class no. :629.8312N573-T562-----Call no. :222629.8312; ----- Mô tả: 183tr.;24cm,H.:Giáo dục,2008,1,3,2,3,,,NULL
2592,Các bài giảng về Cơ nhiệt /Nguyễn Nhật Khanh,Dewey Class no. :530.07N573-K45-----Call no. :221530.07; ----- Mô tả: 200tr.;21cm,Tp.HCM:Khoa Học Tự Nhiên,1998,2,5,2,3,,,NULL
2593, Giáo trình PLC Cơ bản,,,,2,0,2,3,,,NULL
2594,"Giáo trình công nghệ hàn:Lý thuyết và ứng dụng. Sách dùng cho các trường đào tạo hệ trung học chuyên nghiệp)/Nguyễn Thúc Hà, Bùi văn Hạnh, Võ Văn Phong",Dewey Class no. :671.52N573-H111-----Call no. :221671.52; ----- Mô tả: 267tr.;24cm,H.:Giáo dục,2007,2,3,2,3,,,NULL
2595,Giáo trình tự động hóa quá trình sản xuất/ Hồ Viết Bình,Dewey Class no. :629.8H678-B631-----Call no. :629.8221; ----- Mô tả: 152tr.;27cm,Tp.HCM.:Đại Học Sư Phạm Kỹ Thuật kỹ Thuật Tp. HCM.,2004,2,1,2,3,,,NULL
2596,Hệ thống sản xuất linh hoạt và sản xuất tích hợp CIM/GS. TS. Trần Văn Địch,Dewey Class no. :671T772-Đ546-----Call no. :221671; ----- Mô tả: 170tr;24cm,H:Khoa học và Kỹ thuật,2001,2,3,2,3,,,NULL
2597,Công nghệ tạo hình kim loại tấm/Nguyễn Mậu Đằng,Dewey Class no. :671.823N573-Đ182-----Call no. :671.823222; ----- Mô tả: 320tr.;27cm.,H.:Khoa học và Kỹ thuật,2006,2,11,2,3,,,NULL
2598,Embedded Linux Primer/Christopher Hallinan,,Prentice Hall ,2011,1,0,2,3,,http://172.30.11.76:4000/handle/123456789/558,NULL
2599,Sheet Metal Forming Processes and Die Design/Vukota Boljanovic,,Industrial Press,2005,2,0,2,3,,http://172.30.11.76:4000/handle/123456789/574,NULL
2600,"Giáo trình thực hành thiết kế vi mạch số với VHDL/ Nguyễn Đình Phú, Trương Thị Bích Ngà",Dewey Class no. :621.3815N573-P577-----Call no. :621.3815223; ----- Mô tả: 466tr.; 24cm,Tp. Hồ Chí Minh:Đại học Quốc gia Tp. Hồ Chí Minh,2018,1,275,2,3,,,NULL
2601,Quản trị sản xuất và chất lượng,,Đại học Sư phạm Kỹ thuật Tp.HCM,2016,1,0,2,3,,,NULL
2602,"Cold and Hot Forging: Fundamentals and Applications/T. Altan, G. Ngaile, and G. Shen",,ASM international,2004,2,0,2,3,,http://172.30.11.76:4000/handle/123456789/567,NULL
2603,"Manufacturing Technology: Foundry, Forming And Welding/ P Rao",,Tata McGraw. Hill,2008,2,0,2,3,,http://172.30.11.76:4000/handle/123456789/566,NULL
2604,Bài giảng Công nghệ Cảm biến,,Đại Học Sư Phạm Kỹ Thuật TP.HCM,2017,1,0,2,3,,,NULL
2605,"Quản trị sản xuất /Nguyễn Thanh Liêm, Nguyễn Quốc Tuấn, Nguyễn Hữu Hiễn",Dewey Class no. :658.5N573-L719-----Call no. :222658.5; ----- Mô tả: 328tr.;27cm,H.:Tài chính,2011,1,1,2,3,,,NULL
2606,The definitive guide to ARM® Cortex®-M3 and Cortex-M4 processors/Joseph Yiu,,Newnes,2014,2,1,2,3,,,NULL
2607,Manufacturing process/H.N.Gupta,,New age international publishes,2009,2,0,2,3,,http://172.30.11.76:4000/handle/123456789/565,NULL
2608,Quản trị sản xuất và tác nghiệp,,Thống Kê ,2005,2,0,2,3,,,NULL
2609,The complete handbook of sand casting/ Ammen,,MrGraw- Hill,,2,0,2,3,,,NULL
2610,Lập trình Android trong ứng dụng điều khiển,,ĐHQG ,2016,1,0,2,3,,,NULL
2611,"Quản trị sản xuất viễn thông/Nguyễn Thị Minh An, Nguyễn Hoài Anh",Dewey Class no. :384.068N573-A531-----Call no. :384.068222; ----- Mô tả: 421tr.;21cm,H.:Bưu điện,2005,2,7,2,3,,,NULL
2612,dsPIC30F Family Reference Manual/Microchip,,,2006,2,0,2,3,,http://172.30.11.76:4000/handle/123456789/559,NULL
2613,"Production and operations management: $with skill development, caselets and cases/ S Anil Kumar, N Suresh","Dewey Class no. :658.5A597-----Call no. :658.5223; ----- Mô tả: xiv, 271 p.: ill.; 24 cm.",New Delhi: New age international (P) limited,2008,2,1,2,3,,,NULL
2614,How to estimate utility costs,,Chem. eng ,2006,2,0,2,3,,,NULL
2615,PIC microcontroller projects in C : Basic to advanced / Dogan Ibrahim,Dewey Class no. :629.895 I14-----Call no. :629.895 223; ----- Mô tả: 638 p. ; 24 cm,Amsterdam. : Boston : Elsevier/Newnes,2014,2,1,2,3,,,NULL
2616,"Internet of Things for Architects: Architecting IoT solutions by implementing sensors, communication infrastructure, edge computing, analytics, and security/Perry Lea",,,2018,1,0,2,3,,http://172.30.11.76:4000/handle/123456789/542,NULL
2617,"Technologies & Sensors for the Internet of Things Businesses & Market Trends 2014 - 2024/Dr. Guillaume Girardin , Antoine Bonnabel, Dr. Eric Mounier",,Yole Développement Copyrights,2014,2,0,2,3,,,NULL
2618,"Modelling, identification and control of robots/W. Khalil, E. Dombre",,Hermes Penton,2002,1,0,2,3,,http://172.30.11.76:4000/handle/123456789/538,NULL
2619,Learning Internet of Things/Peter Waher,,Packt Publishing,2015,2,0,2,3,,,NULL
2620,Internet of Things – From Research and Innovation to Market/Editors OvidiuVermesan Peter Friess,,,,2,0,2,3,,http://172.30.11.76:4000/handle/123456789/564,NULL
2621,Fundamentals of Robotic Mechanical Systems/J. Angeles,,Springer Verlag,2007,1,0,2,3,,http://172.30.11.76:4000/handle/123456789/539,NULL
2622,Deployment,,River Publishers,2014,2,0,2,3,,http://172.30.11.76:4000/handle/123456789/564,NULL
2623,"Giáo trình Điện tử cơ bản/Trần Thu Hà, Trương Thị Bích Ngà, Nguyễn Thị Lưỡng,...",Dewey Class no. :621.381G434-----Call no. :222621.381; ----- Mô tả: 642tr.;24cm.,Tp. Hồ Chí Minh:Đại học Quốc gia Tp. HCM,2013,2,1144,1,3,,,NULL
2624,"Actuators and Their Interfaces/N. Ida, Sensors",,Scitech Publishers,2014,2,0,2,3,,http://172.30.11.76:4000/handle/123456789/563,NULL
2625,"Parallel Robots (Solid Mechanics and Its Applications)/Merlet, J. P.",,Springer,2006,1,0,2,3,,http://172.30.11.76:4000/handle/123456789/536,NULL
2626,Big Data and The Internet of Things: Enterprise Information Architecture for A New Age/Robert Stackowiak,,,2015,2,0,2,3,,http://172.30.11.76:4000/handle/123456789/525,NULL
2627,Dynamics of Parallel Robots/S. Briot and W. Khalil,,Springer,,1,0,2,3,,,NULL
2628,"Giáo trình thực hành kỹ thuật số / Nguyễn Đình Phú, Nguyễn Duy Thảo, Nguyễn Trường Duy, Hà A Thồi",Dewey Class no. :621.3815G434-----Call no. :621.3815223; ----- Mô tả: 299tr.; 24cm,Tp. Hồ Chí Minh:Đại học Quốc gia Tp. Hồ Chí Minh,2018,2,276,1,3,,,NULL
2629,Nonlinear system,,,,2,0,2,3,,,NULL
2630,"Fundamentals of physics / Jearl Walker, David Halliday, Robert Resnick","Dewey Class no. :530 W177-----Call no. :530 223; ----- Mô tả: xxii, 1194p ; 28 cm",Hoboken,NJ : Wiley,1,1,2,3,,,NULL
2631,"Vật lý đại cương các nguyên lý và ứng dụng, Tập 1/Trần Ngọc Hợi (Chủ biên), Phạm Văn Thiều",,,,2,190,2,3,,,NULL
2632,Electronic devices/Thomas L. Floyd ,Dewey Class no. :627.3815F645-----Call no. :222627.3815; ----- Mô tả: 993p.;27cm + $e 1CD,Upper Saddle River,New Jersey :Prentiace Hall,2,1,2,3,,,NULL
2633,"Bài giảng chi tiết Vật lý 1 - Phần cơ nhiệt:Môn học: 1002011 - Vật lý đại cương A1/Huỳnh Quang Chiến, Trần Thị Thiên Hương",Dewey Class no. :531.071H987-C533-----Call no. :221531.071; ----- Mô tả: 198tr.;19cm,Tp. Hồ Chí Minh:Đại Học Sư Phạm Kỹ Thuật,2005,2,0,2,3,,,NULL
2634,Electronic Devices & Circuit Theory,,Prentice Hall,2012,2,0,2,3,,http://172.30.11.76:4000/handle/123456789/511,NULL
2635,"Vật lý đại cương A1: Cơ nhiệt/Trần Thị Thiên Hương, Võ Thanh Tân",,Đại học Sư phạm Kỹ thuật,2005,2,1000,1,3,,,NULL
2636,Sổ tay cơ điện tử (Mechatronics Handbook)/Robert H. Bishop,,Khoa học Kỹ thuật,2010,1,0,2,3,,,NULL
2637,"Phân tích và giải mạch điện tử công suất /Phạm Quốc Hải, Dương Văn Nghi",Dewey Class no. :621.317P534-H149-----Call no. :221621.317; ----- Mô tả: 190tr.;24cm,Hà Nội:Khoa Học và Kỹ Thuật,1997,1,33,2,3,,,NULL
2638,Giáo trình Thực hành vi điều khiển,,Đại học Quốc gia ,2017,1,300,1,3,,,NULL
2639,"Giáo trình ứng dụng PSIM trong điện tử công suất:Giáo trình dùng cho sinh viên ngành Điện - Điện tử/Đỗ Đức Trí, Vương Thị Ngọc Hân",Dewey Class no. :621.317Đ631-T819-----Call no. :621.317222; ----- Mô tả: 242tr.;24cm,Tp. Hồ Chí Minh:Đại học Quốc gia Tp. Hồ Chí Minh,2015,1,303,2,3,,,NULL
2640,Bài tập Vật lý đại cương tập 1: Cơ- nhiệt/ Lương Duyên Bình (Chủ biên),"
",Giáo dục,1994,2,500,1,3,,,http://172.16.2.21/libol50/search/detail.asp?ID=393
2641,"Artificial intelligence:A modern approach/Stuart J. Russell and Peter Norvig; contributing writers, Ernest Davis ... [et al.]",Dewey Class no. :006.3R961-----Call no. :222006.3; ----- Mô tả: 1132p.;26cm,Upper Saddle River.:Prentice Hall,2010,1,1,2,3,,,NULL
2642,Vật lý đại cương tập 1: Cơ- Nhiệt/ Lương Duyên Bình (Chủ biên),,Giáo dục,1995,2,1000,2,3,,,http://172.16.2.21/libol50/search/detail.asp?ID=46016
2643,Sổ tay thiết kế điện hợp chuẩn,,ĐHSPKT TP.HCM,2010,1,0,2,3,,,NULL
2644,Matlab Primer,,"Department of Mathematics, University of Florida",1993,2,0,2,3,,,NULL
2645,Digital Signal Processing and Aplications with the C6713 and C6416 DSK,,John Wiley & Sons,2005,1,0,2,3,,,NULL
2646,DSP Applications Using C and the TMS320C6x DSK,,John Wiley & Sons,2002,2,0,2,3,,,NULL
2647,"Bài tập vật lý đại cương - Tập 2 : Điện - Dao động - Sóng: Biên soạn theo chương trình của Bộ Giáo Dục và Đào Tạo ban hành năm 1990:Dùng cho các trường đại học khối công nghiệp, công trình thủy lợi, giao thông vận tải/Lương Duyên Bình (chủ biên), Nguyễn Hữu Hồ, Lê Văn Nghĩa, Nguyễn Quang Sính",Dewey Class no. :530.076B152-----Call no. :222530.076; ----- Mô tả: 1155tr.;21cm,Hà Nội:Giáo Dục,2006,2,500,2,3,,,NULL
2648,Các bài giảng về Cơ nhiệt /Nguyễn Nhật Khanh,Dewey Class no. :530.07N573-K45-----Call no. :221530.07; ----- Mô tả: 200tr.;21cm,Tp.HCM:Khoa Học Tự Nhiên,1998,2,5,2,3,,,NULL
2649,Giáo trình hệ thống viễn thông : Ngành công nghệ kỹ thuật điện tử - truyền thông / Phan Văn Ca,Dewey Class no. :621.3821 P535-C111-----Call no. :621.3821 223; ----- Mô tả: 274tr. ; 24 cm,Tp.Hồ Chí Minh : Đại học Quốc gia Tp. Hồ Chí Minh,2017,1,320,2,3,,,NULL
2650,Real-Time Systems/Jane W.S. Liu,,Prentice Hall,2000,1,0,2,3,,,NULL
2651,Hard Real-time Computing Systems/Giorgio C. Buttazo,,Kluwer Academic publishers,1997,1,0,2,3,,http://172.30.11.76:4000/handle/123456789/561,NULL
2652,Sách “Điện tử cơ bản” ,,TpHCM,2012,1,0,2,3,,,NULL
2653,Biomimetics : biologically inspired technologies / edited by Yoseph Bar-Cohen.,"Dewey Class no. :600B223-----Call no. :600223; ----- Mô tả: xviii, 527 p., [32] p. of plates : ill. (some col.) ; 26 cm.",Boca Raton,FL : CRC/Taylor & Francis,1,1,2,3,,,NULL
2654,Kỹ thuật điện tử ,,NXBKHKT,,1,0,2,3,,,NULL
2655,"The bionic human: health promotion for people with implanted prosthetic devices/ edited by Frank E. Johnson, Katherine S. Virgo; associate editors, Terry Lairmore, Riccardo A. Audisio ; foreword by Arthur E. Baue.","Dewey Class no. :617.9B615-----Call no. :617.95223; ----- Mô tả: xvi, 704 p. : ill. ; 27 cm.",Totowa,NJ : Humana Press,1,1,2,3,,,NULL
2656,Renewable energy : Power for a sustainable future / Godfrey Boyle,"Dewey Class no. :333.794 B792-----Call no. :333.794 223; ----- Mô tả: vii, 264p. ; 27 cm",Oxford. : Oxford University Press,2012,1,1,2,3,,,NULL
2657,"Renewable Energy : Physics, engineering, environmental ipacts, economics and planning",,Academic Press,2017,2,0,2,3,,,NULL
2658,Nanoelectromechanics in engineering and biology/ Michael Pycraft Hughes.,Dewey Class no. :620.5H893-----Call no. :620.5223; ----- Mô tả: 322 p. : ill. ; 24 cm.,Boca Raton : CRC Press,2003,2,1,2,3,,,NULL
2659,"Kỹ thuật điện tử/Lê Phi Yến, Lưu Phú, Nguyễn Như Anh",Dewey Class no. :621.381L433-Y45-----Call no. :221621.381; ----- Mô tả: 349tr.;24cm,Tp. Hồ Chí Minh:Khoa học và Kỹ thuật,1998,1,86,2,3,,,NULL
2660,Autonomous Robots: From Biological Inspiration to Implementation and Control/George A. Bekey,,the MIT Press Cambridge,2005,2,0,2,3,,http://172.30.11.76:4000/handle/123456789/562,NULL
2661,Electronic Circuit Analysis & Design ,,Mc-Graw Hill,2001,1,0,2,3,,,NULL
2662,"Truyền động điện /Bùi Quốc Khánh, Nguyễn Văn Liễn, Nguyễn Thị Hiền",Dewey Class no. :621.319B932 - K45-----Call no. :222621.319; ----- Mô tả: 311tr.;21cm,Hà Nội:Khoa Học và Kỹ Thuật,2006,2,15,2,3,,,NULL
2663,Design with operational amplifiers and analog integrated circuits ,,Mc-Graw Hill,1998,1,0,2,3,,,NULL
2664,Introduction to electronics devices and circuits ,,Prentice Hall,1998,2,0,2,3,,,NULL
2665,"Physics for scientists and engineers with modern physics : Technology update / Raymond A. Serway, John W. Jetwett, Jr.","Dewey Class no. :530 S492-----Call no. :530223; ----- Mô tả: xxxii, 1579p.; 29cm",Boston: Cengage Learning,2016,1,2,2,3,,,NULL
2666,Electronic devices & circuits ,,Maxwell Macmilan,1991,2,0,2,3,,,NULL
2667,Bài giảng tóm tắt: Vật lý 1,,Đại học Sư phạm Kỹ thuật Tp. HCM.,,1,0,1,3,,,NULL
2668,Principle of Electronics ,,NXB Prentice Hall ,1988,2,0,2,3,,,NULL
2669,"Fundamentals of physics / Jearl Walker, David Halliday, Robert Resnick","Dewey Class no. :530 W177-----Call no. :530 223; ----- Mô tả: xxii, 1194p ; 28 cm",Hoboken,NJ : Wiley,2,1,2,3,,,NULL
2670,"Vật lý đại cương : Các nguyên lý và ứng dụng - $nTập 1: Cơ học và nhiệt học / Trần Ngọc Hợi (Chủ biên), Phạm Văn Thiều",Dewey Class no. :530.07 T772-H719-----Call no. :221 530.07; ----- Mô tả: 511tr. ; 27cm,Hà Nội : Giáo Dục,2009,2,2,2,3,,,NULL
2671,Electronics Circuits and Applications ,,NXB Mc Graw Hill,1982,2,0,2,3,,,NULL
2672,Electronic devices: Electron flow version / Thomas L. Floyd,"Dewey Class no. :621.3815 F645-----Call no. :621.3815 223; ----- Mô tả: xv, 958p.; 29cm",New York: Person,2018,2,2,2,3,,,NULL
2673,"Bài giảng chi tiết Vật lý 1 - Phần cơ nhiệt:Môn học: 1002011 - Vật lý đại cương A1/Huỳnh Quang Chiến, Trần Thị Thiên Hương",Dewey Class no. :531.071H987-C533-----Call no. :221531.071; ----- Mô tả: 198tr.;19cm,Tp. Hồ Chí Minh:Đại Học Sư Phạm Kỹ Thuật,2005,2,0,2,3,,,NULL
2674, Electronic devices & circuit theory ,,Prentice Hall,,2,0,2,3,,,NULL
2675,Introduction to Embedded Systems,,Springer,,1,0,2,3,,,NULL
2676,"Bài giảng chi tiết Vật lý 1 - Phần cơ nhiệt:Môn học: 1002011 - Vật lý đại cương A1/Huỳnh Quang Chiến, Trần Thị Thiên Hương",Dewey Class no. :531.071H987-C533-----Call no. :221531.071; ----- Mô tả: 198tr.;19cm,Tp. Hồ Chí Minh:Đại Học Sư Phạm Kỹ Thuật,2005,2,1489,1,3,,,NULL
2677,Arduino-Based Embedded Systems,,CRC Press,2018,2,0,2,3,,,NULL
2678,"Embedded Operating Systems -A Practical Approach, Second Edition",,Springer,,2,0,2,3,,,NULL
2679,"Vật lý đại cương:Dùng cho các trường đại học khối kỹ thuật công nghiệp; Môn học: 1002011 - Vật lý đại cương A1/Lương Duyên Bình (chủ biên), Ngô Phú An, Đỗ Trần Cát,...-$nTập 1:$pCơ - Nhiệt",Dewey Class no. :530V342-----Call no. :221530; ----- Mô tả: 267tr.;21cm,Hà Nội:Giáo Dục,1995,2,1000,2,3,,,NULL
2680,"Design of an Intelligent Embedded System for Condition Monitoring of an Industrial Robot, Second Edition",,Springer,2017,2,0,2,3,,,NULL
2681,Design of Embedded Robust Control Systems Using MATLAB Simulink,,The Institution of Engineering and Technology,2018,2,0,2,3,,,NULL
2682,"Digital Image processing using MATLAB /Rafael C. Gonzalez, Richard E. Woods, Steven L. Eddins.","Dewey Class no. :006.6G589-----Call no. :006.6222; ----- Mô tả: xiv,609 p.:ill., harts;25cm.",Upper Saddle River,NJ:Pearson/Prentice Hall,2,1,2,3,,,NULL
2683,Bài tập Vật lý đại cương tập 1: Cơ- nhiệt/ Lương Duyên Bình (Chủ biên),,Giáo dục,1994,2,500,2,3,,,http://172.16.2.21/libol50/search/detail.asp?ID=393
2684,Giáo trình tự động điều khiển/ Trần Sum,Dewey Class no. :629.8312T772-S955-----Call no. :221629.831 2; ----- Mô tả: 263tr.;29cm,H.:Giao thông vận tải,1999,2,463,2,3,,,NULL
2685,"Bài tập vật lý đại cương - Tập 2 : Điện - Dao động - Sóng: Biên soạn theo chương trình của Bộ Giáo Dục và Đào Tạo ban hành năm 1990:Dùng cho các trường đại học khối công nghiệp, công trình thủy lợi, giao thông vận tải/Lương Duyên Bình (chủ biên), Nguyễn Hữu Hồ, Lê Văn Nghĩa, Nguyễn Quang Sính",Dewey Class no. :530.076B152-----Call no. :222530.076; ----- Mô tả: 1155tr.;21cm,Hà Nội:Giáo Dục,2006,2,500,2,3,,,NULL
2686,Các bài giảng về Cơ nhiệt /Nguyễn Nhật Khanh,Dewey Class no. :530.07N573-K45-----Call no. :221530.07; ----- Mô tả: 200tr.;21cm,Tp.HCM:Khoa Học Tự Nhiên,1998,2,5,2,3,,,NULL
2687,Thiết kế nhà máy điện và trạm biến áp:Phần điện/Huỳnh Nhơn,Dewey Class no. :621.3121H987-N576-----Call no. :222621.3121; ----- Mô tả: 330tr.;24cm,Tp.HCM.:Đại học quốc gia Tp.HCM.,2007,1,11,2,3,,,NULL
2688,Sensors and Actuators: Engineering System Instrumentation/Clarence W. de Silva,,,2015,1,0,2,3,,http://172.30.11.76:4000/handle/123456789/523,NULL
2689,Antenna theory analysis and design,,John Wiley & Son,1997,2,0,2,3,,,NULL
2690,"Handbook of Modern Sensors: Physics, Designs, and Applications/Fraden, Jacob",,,,2,0,2,3,,https://thuvienso.hcmute.edu.vn/tailieuvn/doc/handbook-of-modern-sensors-physics-designs-and-applications-third-edition-1266909.html,NULL
2691,Mechatronics :An introduction/Robert H. Bishop ( Editor ),Dewey Class no. :621.3M486-----Call no. :621.3222; ----- Mô tả: 306p.;26cm,Boca Raton :Taylor & Francis,2006,2,1,2,3,,,NULL
2692,"Actuators and Their Interfaces/N. Ida, Sensors",,Scitech Publishers,2014,2,0,2,3,,http://172.30.11.76:4000/handle/123456789/523,NULL
2693,Big Data and The Internet of Things: Enterprise Information Architecture for A New Age/Robert Stackowiak,,,2015,2,0,2,3,,http://172.30.11.76:4000/handle/123456789/525,NULL
2694,Bảo vệ rơle và tự động hóa trong hệ thống điện/ Nguyễn Hoàng Việt,Dewey Class no. :621.319N573-V666-----Call no. :621.319222; ----- Mô tả: 518tr.;27cm,Tp.HCM.:Đại học Quốc gia Tp.Hồ Chí Minh,2011,1,2,2,3,,,NULL
2695,"Handbook of Design, Manufacturing and Automation/""Richard C. Dorf,  Andrew Kusiak""",,John Wiley & Sons,2007,2,0,2,3,,,NULL
2696,Introduction-to-instrumentation-and-measurement/Robert B Northrop,,Taylor Francis,2005,2,0,2,3,,http://172.30.11.76:4000/handle/123456789/526,NULL
2697,Các bài toán tính ngắn mạch và bảo vệ rơle trong hệ thống điện/Nguyễn Hoàng Việt,Dewey Class no. :621.317N573-V666-----Call no. :222621.381; ----- Mô tả: 401tr.;24cm,Tp.HCM.:Đại học Quốc gia Tp.HCM,2009,1,14,2,3,,,NULL
2698,Protective relaying Theory and Applications,,Marcel Denker ,2010,2,0,2,3,,http://172.30.11.76:4000/handle/123456789/570,NULL
2699,"Practical data acquisition for instrumentation and control systems / John Park, Steve Mackay.","Dewey Class no. :670.4275416 P235-----Call no. :670.4275416 223; ----- Mô tả: xviii, 403p. ; 25 cm",Oxford : Newnes,2003,2,1,2,3,,,NULL
2700,Network Protection and Automation Guide,,Alstom Grid Alstom Grid Worldwide Contact Centre,2011,2,0,2,3,,http://172.30.11.76:4000/handle/123456789/571,NULL
2701,Công nghệ tính toán mềm/Dương Hoài Nghĩa,,,,2,0,2,3,,,NULL
2702,"Smart Sensors for Industrial Applications (Devices, Circuits, and Systems)/Krzysztof Iniewski",,,2013,2,0,2,3,,http://172.30.11.76:4000/handle/123456789/528,NULL
2703,"Giáo trình “Nguồn dự phòng và hệ thống ATS”, dành cho hệ Đại Học, Khối Ngành Công Nghệ",,Khoa Học - Kỹ Thuật,2015,1,0,2,3,,,NULL
2704,"Measurement, Instrumentation, and Sensors Handbook/John G. Webster",,CRC Press LLC,1999,2,0,2,3,,https://thuvienso.hcmute.edu.vn/tailieuvn/doc/measurement-instrumentation-and-sensors-handbook-crcnetbase-1301607.html,NULL
2705,Machine learning,,McGraw-Hill Science,1997,2,0,2,3,,,NULL
2706,Illustrated C# 2008/Daniel Solis ,,Apress,2008,1,0,2,3,,http://172.30.11.76:4000/handle/123456789/531,NULL
2707,Truyền hình số có nén và Multimedia,, Khoa học và Kỹ thuật,2000,1,0,2,3,,,NULL
2708,Programming C# 5.0/ Ian Griffiths,"Dewey Class no. :005.133G855-----Call no. :005.133223; ----- Mô tả: xx, 861p.; 24cm",Sebastopol: O'Reilly,2013,2,1,2,3,,,NULL
2709,Sổ tay thiết kế điện chiếu sáng T1,,Xây dựng,1983,2,0,2,3,,,NULL
2710,Sổ tay thiết kế điện chiếu sáng T2,,Xây dựng,1983,2,0,2,3,,,NULL
2711,"Pattern Classification, 2nd ed ",,Wiley-Interscience,2000,1,0,2,3,,,NULL
2712,Electronics Circuits and Applications,,Mc Graw Hill,1982,2,0,2,3,,,NULL
2713,Biosignal and Biomedical Image Processing,,Marcel Dekker,2004,1,0,2,3,,,NULL
2714,Xử Lý Ảnh,,Học Viện Công Nghệ BCVT,2006,1,0,2,3,,,NULL
2715,Bài giảng trường điện từ:(Lưu hành nội bộ) /Nguyễn Văn Quang,Dewey Class no. :538.3N573-Q124-----Call no. :221538.3; ----- Mô tả: 302tr.;21cm,TP. Hồ Chí Minh:Trường Đại học Sư Phạm Kỹ Thuật,1999-2002,1,47,2,3,,,NULL
2716,Xử Lý Ảnh,,"Đại Học Thái Nguyên, Khoa CNTT",2007,2,0,2,3,,,NULL
2717,Image Processing: The Fundamentals,,John Wiley & Sons Ltd,1999,2,0,2,3,,,NULL
2718,Trường điện từ,,ĐHQG TPHCM,2008,1,0,2,3,,,NULL
2719,Advanced Mathematical Methods for Scientists and Engineers,,,,1,0,2,3,,,fdsfdsf
2720,Advanced engineering mathematics / Peter V. O'Neil,Dewey Class no. :620.00151 O58-----Call no. :620.00151 223; ----- Mô tả: 975p. ; 24 cm,Belmont,Calif. : Wadsworth Pub. Co.,1,1,2,3,,,NULL
2721,"Giáo trình phương pháp tính/ Trương Vĩnh An, Phạm Văn Hiển, Phan Tự Vượng",Dewey Class no. :518.6T871-A531  -----Call no. :221518.6; ----- Mô tả: 70tr.; 24cm,Tp.HCM: Trường Đại học Quốc gia Tp. Hồ Chí Minh,2013,1,630,1,3,,,NULL
2722,"Kỹ thuật đo - Tập 2:Đo điện tử/Nguyễn Ngọc Tân, Ngô Tấn Nhơn",Dewey Class no. :621.381N573-T161-----Call no. :222621.381; ----- Mô tả: 140tr.;24cm.,Tp.Hồ Chí Minh:Đại học Quốc gia,2010,1,3,2,3,,,NULL
2723,Solomon Systech,,,2008,2,0,2,3,,http://172.30.11.76:4000/handle/123456789/593,NULL
2724,ST Microcontroler,,,2009,2,0,2,3,,,NULL
2725,Giáo trình Hàm biến phức và phép biến đổi Laplace:Môn học: 1001060 - Hàm phức và phép biến đổi Laplace/Ngô Hữu Tâm,Dewey Class no. :515.9N569-T153-----Call no. :515.9221; ----- Mô tả: 108tr; 29cm,TP.HCM:Đại học Sư phạm Kỹ thuật,2005,1,600,1,3,,,NULL
2726,,,,2012,2,0,2,3,,,NULL
2727,Applied numerical methods with MATLAB for engineers and scientists / Steven C. Chapra,"Dewey Class no. :518 C467-----Call no. :518 223; ----- Mô tả: xvi, 697p. ; 24 cm",Boston : McGraw-Hill Higher Education,2017,1,1,1,3,,,NULL
2728,Giáo trình vi xử lý nâng cao,,ĐH SPKT TP. HCM,2014,1,0,2,3,,,NULL
2729,Bài giảng vi xử lý nâng cao,,ĐH SPKT TP. HCM,2014,1,0,2,3,,,NULL
2730,Giáo trình vi xử lý nâng cao,,ĐH SPKT TP. HCM,2015,1,0,2,3,,,NULL
2731,"Numerical analysis / Richard L. Burdeb, J. Douglas Faires, Annette M. Burden","Dewey Class no. :518 B949-----Call no. :518 223; ----- Mô tả: xi, 896p. ; 26 cm",Boston : Cengage Learning,2016,1,11,2,3,,,NULL
2732,,,Newnes,2009,1,0,2,3,,,NULL
2733,Introduction-To-Applied-Math-And-Physics/ Oka Kurniawan,,Open Tax Colleage,2012,1,0,2,3,,,NULL
2734,Bài giảng  vi xử lý nâng cao,,ĐH SPKT TP. HCM ,2014,1,0,2,3,,,NULL
2735,Applied Numerical Methods Using MATLAB/Won Y Yang,,Wiley,2005,2,0,2,3,,https://thuvienso.hcmute.edu.vn/tailieuvn/doc/applied-numerical-methods-using-matlab-phan-1-897222.html,NULL
2736,"Giáo trình vi xử lý /Nguyễn Đình Phú, Trương Ngọc Anh",Dewey Class no. :629.8N573-P577-----Call no. :222629.8; ----- Mô tả: 323tr ;24cm,Tp. HCM.:Đại học Quốc gia Tp. Hồ Chí Minh,2013,1,1176,2,3,,,NULL
2737,An Introduction to Programming and Numerical Methods in MATLAB/ Otto,,Springer,2005,2,0,2,3,,https://thuvienso.hcmute.edu.vn/tailieuvn/doc/an-introduction-to-programming-and-numerical-methods-in-matlab-1754847.html,NULL
2738,"Issues Challenges and Opportunities for Development/ UNESCO Report, Engineering",,UNESCO Publishing,2010,1,0,2,3,,http://172.30.11.76:4000/handle/123456789/216,NULL
2739,"Introduction to Engineering Ethics/Mike Martin, Roland Schinzinger ",,McGraw-Hill Science/Engineering/Math,2009,1,0,2,3,,https://thuvienso.hcmute.edu.vn/doc/introduction-to-engineering-ethics-mike-martin-roland-schinzinger-883010.html,NULL
2740,"Engineering your future: a comprehensive introduction to engineering/ William C. Oakes, Les L. Leone","Dewey Class no. :620.0023O11-----Call no. :620.0023223; ----- Mô tả: xv, 665 p.: ill.; 24 cm.",New York: Oxford university press,2018,1,0,2,3,,,NULL
2741,Biomaterials Science: An Introduction to Materials in Medicine,,,,1,0,2,3,,,NULL
2742,"Introduction to engineering technology/ Robert J. Pond, Jeffrey L. Rankinen","Dewey Class no. :620.0023P796-----Call no. :620.0023223; ----- Mô tả: xii, 363 p.: ill.; 23 cm.",Boston: Pearson,2008,1,0,2,3,,,NULL
2743,Hệ thống điều khiển bằng khí nén/Nguyễn Ngọc Phương,Dewey Class no. :629.8045N573-P577-----Call no. :222629.804 5; ----- Mô tả: 288tr.;27cm,H.:Giáo Dục Việt Nam,2010,1,10,2,3,,,NULL
2744,"Engineering Your Future: A Brief Introduction to Engineering/William C. Oakes, Les L. Leone, Craig J. Gunn",,Oxford University Press,2009,1,0,2,3,,,http://172.16.2.21/libol50/search/detail.asp?ID=58693
2745,Applied Medical Image Processing,,CRC Press,2014,1,0,2,3,,,NULL
2746,Engineering fundamentals: an introduction to engineering/ Saeed Moaveni.,"Dewey Class no. :620M687-----Call no. :620223; ----- Mô tả: xxiv, 867 pages : illustrations ; 26 cm",MA,USA : Cengage,1,1,2,3,,,NULL
2747,Image Processing Toolbox User’s Guide,,,2004,2,0,2,3,,,NULL
2748,Principles of Computer Hardware,,Oxford University Press,2006,1,0,2,3,,,NULL
2749,Computer Architecture A Quantitative Approach,,Morgan Kaufmann publisher,2011,2,0,2,3,,,NULL
2750,"""Computer organization and architecture : Designing for  performance""",,Pearson Education Inc,2016,2,0,2,3,,,NULL
2751,Truyền động tự động khí nén/Phạm Văn Khảo,Dewey Class no. :629.8045P534-K45-----Call no. :629.8045221; ----- Mô tả: 235tr.;21cm,Hà Nội:Khoa học và Kỹ thuật,2007,1,25,2,3,,,NULL
2752,Computers as Components: Principles of Embedded Computing System Design,,Morgan Kaufmann,2012,1,0,2,3,,,NULL
2753,Digital Image Processing for Medical Application,,Cambridge University Press,2009,2,0,2,3,,,NULL
2754,Introduction to Embedded Systems,,Morgan and Claypool Publishers,2010,2,0,2,3,,,NULL
2755,Digital Signal Processing A Primer With MATLAB,,"CRC Press, Taylor & Francis Group",2020,2,0,2,3,,,NULL
2756,Computer networking: A top-down approach,,Pearson Education,2017,1,0,2,3,,,NULL
2757,Conceptual Digital Signal Processing with MATLABKeonwook Kim,,Springer Nature Singapore,2021,2,0,2,3,,,NULL
2758,"Nhận dạng và điều khiển hệ thống/Nguyễn Thị Phương Hà, Huỳnh Thái Hoàng",,Đại học Quốc gia,2013,1,0,2,3,,,NULL
2759,Mạng máy tính,, ĐHQG Hà Nội,2006,2,0,2,3,,,NULL
2760,Xử lý số tín hiệu và Wavelets -Tập 1/Lê Tiến Thường,Dewey Class no. :621.3822L733-T535-----Call no. :222621.3822; ----- Mô tả: 340tr.;24cm.,Tp.Hồ Chí Minh:Đại học Quốc gia,2004,2,7,2,3,,,NULL
2761,"Medical Instrumentation Application and Design, Third Edition.",,,,1,0,2,3,,,NULL
2762,Design and Development of Medical Electronic Instrumentation,,,2005,2,0,2,3,,,NULL
2763,Lab Manual,,Ahmedabad (India),2009,1,0,2,3,,,NULL
2764,"Nhận dạng hệ thống điều khiển/Nguyễn Doãn Phước, Phan Xuân Minh",,Khoa học và Kỹ thuật,2005,1,0,2,3,,,NULL
2765,Assembly Language Programming,,Clemson University,2014,2,0,2,3,,,NULL
2766,Health Information System for Medical Laboratory Science,,C&E Publishing Inc,2019,1,0,2,3,,,NULL
2767,Assembly Language Programming: ARM Cortex-M3,,John Wiley & Sons,2012,2,0,2,3,,,NULL
2768,Health Information Management Technology: An Applied Approach,,American Health Information Management Association,2016,1,0,2,3,,,NULL
2769,"Hệ thống điều khiển bằng thủy lực:Lý thuyết và các ứng dụng thực tế /Nguyễn Ngọc Phương, Huỳnh Nguyễn Hoàng",Dewey Class no. :629.8042N573-P577-----Call no. :222629.804 2; ----- Mô tả: 275tr.;27cm.,H.:Giáo dục,2007,1,200,2,3,,,NULL
2770,Embedded linux system design and development,, Auerbach Publications,2005,1,0,2,3,,,NULL
2771,Điều khiển tự động/Nguyễn Ngọc Phương,,ĐHSPKT TP.HCM,2000,1,0,1,3,,,NULL
2772,Design of Analog CMOS Intergrated Circuits,,McGraw-Hill,2011,1,0,2,3,,,NULL
2773,"CMOS VLSI design:A circuits and systems perspective/Neil H.E. Weste, David Money Harris",Dewey Class no. :621.395W525-----Call no. :222621.395; ----- Mô tả: 838p.;26cm,Boston.:Addison Wesley,2011,1,1,2,3,,,NULL
2774,Giáo trình chi tiết máy /Nguyễn Văn Yến,Dewey Class no. :621.82N573-Y45-----Call no. :221621.82; ----- Mô tả: 267tr ;28cm,Đà Nẵng :Giao thông vận tải,2005,1,0,2,3,,,NULL
2775,Thực hành cơ sở và ứng dụng IoTs,, ĐH QG Tp. HCM,2022,1,198,2,3,,,NULL
2776,"Tính toán thiết kế hệ dẫn động cơ khí:Tập 1/Trịnh Chất, Lê Văn Uyển",,H.:Giáo dục,2012,2,24,2,3,,,NULL
2777,Computer networking: A Top-Down Approach ,,Pearson Education,2017,2,1,2,3,,,NULL
2778,"Cloud Computing: Concepts, Technology & Architecture",,Prentice Hall,2013,1,0,2,3,,,NULL
2779,Cloud Computing,,Cambridge University Press,2017,2,0,2,3,,,NULL
2780,"Mạch điện/Trần Tùng Giang, Lê Thị Thanh Hoàng",Dewey Class no. :621.31T772-G433-----Call no. :621.31222; ----- Mô tả: 413tr.;24cm,Tp.Hồ Chí Minh:Đại học Quốc gia Tp.Hồ Chí Minh,2013,1,1190,1,3,,,NULL
2781,Beginning Android,,Apress,2009,1,0,2,3,,,NULL
2782,Beginning Android 2,,Apress,2010,2,0,2,3,,,NULL
2783,Concepts in Electric Circuits,,Ventus Publishing ApS,2009,1,0,2,3,,http://172.30.11.76:4000/handle/123456789/500,NULL
2784,"Artificial intelligence:Structures and strategies for complex problem solving/ George F. Luger, William A Stubblefield.",Dewey Class no. :006.3L951-----Call no. :222006.3; ----- Mô tả: 754p.;24cm,Harlow,England ; Reading,1,1,2,3,,,
2785,"Embedded Systems - Hardware, Design, and Implementation/Krzysztof Iniewski",,Wiley,2013,2,0,2,3,,,NULL
2786,"Bài giảng nhập môn Công nghệ Kỹ thuật Điện Điện tử/Trần Thu Hà, Dương Thị Cẩm Tú, Lê Thị Thanh Hoàng",,ĐHSPKT TP. Hồ Chí Minh,2012,1,0,2,3,,,NULL
2787,"The Codesign of Embedded Systems: A Unified Hardware/Software Representation/Sanjaya Kumar, James H. Aylor, Barry W. Johnson, WM. A. Wulf",,Springer US,1996,2,0,2,3,,,NULL
2788,"""Wireless Sensor Networks:  Technology, Protocols, and Applications""/Kazem Sohraby, Daniel Minoli, Taieb F. Znati",,Wiley Interscience,2009,1,0,2,3,,,NULL
2789,Sổ tay sinh viên,,ĐHSPKT TP.HCM,,1,0,1,3,,,NULL
2790,Introduction to Wireless Sensor Networks/Anna Forster,, John Wiley & Sons,2016,2,0,2,3,,,NULL
2791,"""Fundamentals of Wireless Sensor Networks: Theory  and Practice""/W. Dargie and C. Poellabauer",,Wiley,2010,2,0,2,3,,,NULL
2792,Electronic Circuit Analysis & Design,,Mc-Graw Hill,2001,2,0,2,3,,http://172.30.11.76:4000/handle/123456789/508,NULL
2793,"""Protocols and Architectures for Wireless Sensor  Networks""/Holger Karl, Andreas Willig",,Wiley,2005,2,0,2,3,,,NULL
2794,Thinking Like An Engineer: An Active Learning Approach/Elizabeth A. Stephan et al.,,Pearson,2011,2,0,1,3,,,NULL
2795,Wireless communications and networks /William Stallings.,"Dewey Class no. :621.382S782-----Call no. :621.382222; ----- Mô tả: xiii,559p.:ill.;24cm.",Upper Saddle River,NJ :Pearson Prentice Hall,2,1,2,3,,,NULL
2796,"""Blockchain: Ultimate guide to understanding blockchain, bitcoin,  cryptocurrencies, smart contracts and the future of money""/Mark Gates",,Wise Fox Publishing,2017,2,0,2,3,,,NULL
2797,"Digital systems : Principles and applications / Neal S. Widmer, Gregory L. Moss, Ronald J. Tocci",Dewey Class no. :621.381 W641-----Call no. :621.381 223; ----- Mô tả: 1024p. ; 28 cm,Harlow England. : Pearson,2018,1,1,2,3,,,NULL
2798,Blockchain: Blueprint for a New Economy /Melanie Swan ,,O’Reilly Media,2015,2,0,2,3,,,NULL
2799,"Investment Evaluation Methods and Required Rate of Return in Finnish Publicly Listed Companies, LTA 1/04, p.9-24",,,,2,0,2,3,,,NULL
2800,Project Evaluation Guide for Nonproﬁt Organizations,,,2006,2,0,2,3,,,NULL
2801,HTML & CSS Design and build Websites/Jon Ducket,,John Wiley & Sons,2011,1,0,2,3,,,NULL
2802,Python How to  Program,,Pearson,2002,1,0,2,3,,,NULL
2803,"Learning PHP, MySQL, JavaScript, and CSS/Robin Nixon",,"O’Reilly Media, Inc",2012,1,0,2,3,,,NULL
2804,Hands-on Python Tutorial,,Loyola University Chicago,2020,2,0,2,3,,,NULL
2805,Computers as Components: Principles of Embedded Computing System Design,,Morgan Kaufmann,2012,1,0,2,3,,,NULL
2806,"Cloud Computing: Concepts, Technology & Architecture/""Thomas Erl, Ricardo  Puttini, Zaigham Mahmood""",,Prentice Hall,2013,1,0,2,3,,,NULL
2807,Introduction to Embedded Systems,,Morgan and Claypool Publishers,2010,2,0,2,3,,,NULL
2808,Cloud Computing/Sandeep Bhowmik,,Cambridge University Press,2017,2,0,2,3,,,NULL
2809,Data Structures and Algorithm Analysis in C++,,Pearson,2013,1,0,2,3,,,NULL
2810, “Logistics Engineering and Management”,,Pearson Education Limited,2014,2,0,2,3,,,NULL
2811, Logistics Transportation Systems,,Elsevier,2021,1,0,2,3,,,NULL
2812,Quản lý logistics,,Đại học Quốc gia TP. HCM,,1,0,2,3,,,NULL
2813,"Giáo trình quản lý dự án đầu tư xây dựng/ Phan Nhựt Duy, Đoàn Ngọc Hiệp",Dewey Class no. :690.068 P535-D988-----Call no. :690.068 223; ----- Mô tả: 136tr.; 24cm,H.: Xây Dựng,2020,1,7,2,3,,,NULL
2814,"Giáo trình quản lý khai thác đường/Nguyễn Minh Khoa (ch.b); Nguyễn Hoàng Long, Vũ Hoài Nam, Nguyễn Thu Trang, Hoàng Thị Hương Giang",Dewey Class no. :625.7N573-K45-----Call no. :625.7223; ----- Mô tả: 260tr.;27cm,H.:Xây dựng,2017,1,4,2,3,,,NULL
2815," Tài liệu Bài giảng Nhập môn Ngành QLVHHT, Bộ môn CTGT, Khoa Xây dựng, ĐH Sư phạm Kỹ thuật TP.HCM",,Trường Đại học SPKT Tp. HCM,,1,0,2,3,,,NULL
2816,Giáo trình dự toán xây dựng cơ bản/Bộ xây dựng,Dewey Class no. :692.5G434-----Call no. :692.5 223; ----- Mô tả: 166tr.; 27cm,H.:Xây dựng,2022,1,4,2,3,,,NULL
2817,Nghị định số 59/2015/NĐ-CP ngày 18/06/2015 của Chính phủ về QLDA đầu tư XDCT,,Xây dựng,,1,0,2,3,,,NULL
2818,Introduction to Embedded Systems,,Morgan and Claypool Publishers,2010,2,0,2,3,,,NULL
2819,Introduction to robotics : mechanics and control / John J. Craig,"Dewey Class no. :629.892C886-----Call no. :629.892223; ----- Mô tả: ii, 373 p. : ill. ; 28 cm.",London,U.K : Pearson,1,1,2,3,,,NULL
2820,Giáo trình máy và hệ thống xử lý ảnh trong công nghiệp / Lê Mỹ Hà,Dewey Class no. :006.3 L433-H111-----Call no. :006.3 223; ----- Mô tả: 198tr. ; 24 cm,Tp.Hồ Chí Minh : Đại học Quốc gia Tp. Hồ Chí Minh,2017,1,320,1,3,,,NULL
2821,"Sustainable Transportation Planning: Tools for Creating Vibrant, Healthy, and Resilient Communities",,Wiley,,1,0,2,3,,,NULL
2822,Sustainable Transportation Systems Engineering: Evaluation & Implementation,, Mc Graw-Hill,,1,0,2,3,,,NULL
2823,"Robotics: Control, Sensing, Vision, and Intelligence/K.S.Fu, R.C.Gonzalez, C.S.G. Lee",,,1987,1,0,2,3,,,NULL
2824,Computers as Components: Principles of Embedded Computing System Design,,Morgan Kaufmann,2012,1,0,2,3,,,NULL
2825,"Robotics: Modelling, Planning and Control/Bruno Siciliano, Lorenzo Sciavicco, Luigi Villani,Giuseppe Oriolo",,,2009,1,0,2,3,,,NULL
2826,Lý thuyết sáng tác kiến trúc,,Trường ĐHKT TP.HCM,1997,2,0,2,3,,,NULL
2827,Building the internet of things with IPv6 and MIPv6,,Wiley,2012,1,0,2,3,,,NULL
2828,"Digital Image processing using MATLAB /Rafael C. Gonzalez, Richard E. Woods, Steven L. Eddins.","Dewey Class no. :006.6G589-----Call no. :006.6222; ----- Mô tả: xiv,609 p.:ill., harts;25cm.",Upper Saddle River NJ:Pearson/Prentice Hall,2004,1,1,2,3,,,NULL
2829,Tổ chức không gian kiến trúc các loại công trình công cộng,,Xây dựng,2002,2,0,2,3,,,NULL
2830,From Machine-to-Machine to the Internet of Things: Introduction to a New Age of Intelligence,,Academic Press,2014,1,0,2,3,,,NULL
2831,Nguyên lý thiết kế công trình kiến trúc công cộng/Tạ Trường Xuân,Dewey Class no. :725T111-X182-----Call no. :221725; ----- Mô tả: 120tr.;27cm,H.:Xây dựng,2002,2,5,2,3,,,NULL
2832,Nguyên lý thiết kế kiến trúc dân dụng kiến trúc nhà ở/ Nguyễn Đức Thiềm,Dewey Class no. : -----Call no. : 223; ----- Mô tả: 304tr.; 27cm,H.: Xây dựng,2022,2,0,2,3,,,NULL
2833,"Robotics: Control, Sensing, Vision, and Intelligence/K.S.Fu, R.C.Gonzalez, C.S.G. Lee",,,1987,1,0,2,3,,http://172.30.11.76:4000/handle/123456789/517,NULL
2834,Thiết kế công trình hạ tầng đô thị và giao thông công cộng thành phố/Nguyễn Xuân Vinh,Dewey Class no. :625.7N573-V784-----Call no. :625.7222; ----- Mô tả: 432tr.;27cm,H.:Xây dựng,2013,2,7,2,3,,,NULL
2835,"Robotics: Modelling, Planning and Control/Bruno Siciliano, Lorenzo Sciavicco, Luigi Villani,Giuseppe Oriolo",,,2009,1,0,2,3,,http://172.30.11.76:4000/handle/123456789/518,NULL
2836,Digital Image Processing/N.Efford,,Addison Wesley ,2000,2,1,2,3,,,NULL
2837,Giáo trình thực tập Robot công nghiệp/Tưởng Phước Thọ,Dewey Class no. :629.892T927-T449-----Call no. :629.892222; ----- Mô tả: 103tr.;24cm,Tp. Hồ Chí Minh:Đại học Quốc gia Tp. Hồ Chí Minh,2014,1,200,2,3,,,NULL
2838,"Image Processing, Analysis and Machine Vision/M.Sonka, V.Hlavac, R.Boyle",,PWS,1999,2,0,2,3,,,NULL
2839,Digital Image Processing/W.K.Pratt,,John Wiley and Sons,1991,2,0,2,3,,,NULL
2840,"Introduction to Data Science: A Python Approach to Concepts, Techniques and Applications",,Springer,2017,1,0,2,3,,,NULL
2841,Data Science & Big Data Analytics,,EMC Education Services,2015,2,0,2,3,,,NULL
2842,"Machine Vision/R.Jain, R.Kasturi, B.G. Schunck",,McGraw-Hill,1995,2,0,2,3,,,NULL
2843,Kỹ thuật Robot:Giáo trình dùng cho sinh viên khối kỹ thuật /Đào Văn Hiệp,Dewey Class no. :629.892Đ211-H633-----Call no. :221629.892; ----- Mô tả: 244tr :24cm,H.:Khoa học và kỹ thuật,2012,1,1,2,3,,,NULL
2844,"""A Practical Guide to Behavioral Research: Tools and Techniques""",,Oxford University Press,2002,2,0,2,3,,,NULL
2845,Robot công nghiệp :Giáo trình dùng cho sinh viên các trường kỹ thuật /Nguyễn Thiện Phúc,Dewey Class no. :629.892N573-P577-----Call no. :221629.892; ----- Mô tả: 342tr.;24cm.,Hà Nội:Khoa học kỹ thuật,2006,1,250,2,3,,,NULL
2846," Introduction to Embedded Systems, A CyberPhysical Systems Approach",,MIT Press,2017,1,2,2,3,,,NULL
2847,Bài tập thủy lực I,,Xây dựng,2015,1,5,2,3,,,NULL
2848,Thuỷ văn đại cương,,Giao Thông Vận Tải,,1,0,2,3,,,NULL
2849,Tài liệu thực hành Điều khiển lập/Ngô Văn Thuyên,,ĐH SPKT TPHCM,2016,1,0,2,3,,,NULL
2850,Thủy văn cầu đường,,Giao Thông Vận Tải,,1,0,2,3,,,NULL
2851,High-Performance Embedded Computing: Applications in CyberPhysical Systems and Mobile Computing,,Elservier,2014,2,0,2,3,,,NULL
2852,"Designing Virtual Reality Systems, the Structured Approach",,Springer London,2005,1,0,2,3,,,NULL
2853,Virtual Reality,,Cambridge University Press,2016,1,0,2,3,,,NULL
2854,Programmable Controller/LA Bryan,,Industrial Text Company ,1997,2,0,2,3,,,NULL
2855,Virtual Reality Technology,,Wiley Interscience,2003,2,0,2,3,,,NULL
2856,"Xác định sức kháng uốn của dầm BTCT dự ứng lực liên hợp theo tiêu chuẩn Thiết kế cầu đường bộ mới TCVN11823:2017: Báo cáo tổng kết đề tài nghiên cứu hoa học của sinh viên - Mã SV2019-46, Phan Tấn Duy",Dewey Class no. :624.17723P535-D988-----Call no. :223624.17723; ----- Mô tả: 37tr.; 01 file mềm,Tp. Hồ Chí Minh: Đại học Sư phạm Kỹ thuật Tp. Hồ Chí Minh,2019,1,1,2,3,,,NULL
2857,Introduction in Virtual Reality,,Springer,2004,2,0,2,3,,,NULL
2858,Kết cấu bê tông cốt thép theo tiêu chuẩn Hoa Kỳ ,,,,1,0,2,3,,,NULL
2859,"Giáo trình Thực hành Trang Bị Điện – Khí Nén/Nguyễn Tấn Đời, Tạ Văn Phươn",,Đại học Quốc gia TPHCM,2022,1,250,2,3,,,NULL
2860,Cầu bê tông cốt thép,,,,1,0,2,3,,,NULL
2861,"Xác định sức kháng uốn của dầm BTCT dự ứng lực liên hợp theo tiêu chuẩn Thiết kế cầu đường bộ mới TCVN11823:2017: Báo cáo tổng kết đề tài nghiên cứu hoa học của sinh viên - Mã SV2019-46, Phan Tấn Duy",Dewey Class no. :624.17723P535-D988-----Call no. :223624.17723; ----- Mô tả: 37tr.; 01 file mềm,Tp. Hồ Chí Minh: Đại học Sư phạm Kỹ thuật Tp. Hồ Chí Minh,2019,1,1,2,3,,,NULL
2862,Trang bị điện/Đặng Thiện Ngôn,, Đại học Quốc ngia,2016,1,0,2,3,,,NULL
2863, Hands-on Python Tutorial,,Loyola University Chicago,2020,1,0,2,3,,,NULL
2864,Kết cấu bê tông cốt thép theo tiêu chuẩn Hoa Kỳ,,Xây dựng,2003,1,0,2,3,,,NULL
2865,Cầu bê tông cốt thép,,Giao Thông Vận Tải,2020,1,0,2,3,,,NULL
2866,Xây dựng nền đường ôtô,,NXB Đại học và THCN,1974,1,0,2,3,,,NULL
2867,Thực hành cơ sở và ứng dụng IoTs,,NXB ĐH QG Tp. HCM,2022,1,0,2,3,,,NULL
2868,Xây dựng mặt đường ôtô,,NXB Đại học và THCN,,1,0,2,3,,,NULL
2869,Giáo trình Điều khiển lập trình/BM TĐĐK,,,2015,1,0,2,3,,,NULL
2870,Các xí nghiệp phục vụ xây dựng đường ôtô ,,NXB Đại học và THCN,,1,0,2,3,,,NULL
2871,Deep learning with python,,Manning Shelter Island,2018,1,0,2,3,,,NULL
2872,Tổ chức thi công đường ôtô ,,Giao Thông Vận Tải,,1,0,2,3,,,NULL
2873,Programmable Controller/LA Bryan,,Industrial Text Company ,2001,2,0,2,3,,,NULL
2874,Deep Learning with Keras,,Birmingham – Mumbai,2017,1,0,2,3,,,NULL
2875,Tiêu chuẩn Thiết kế công trình phụ trợ trong thi công cầu TCVN 11815:2017,,Xây dựng,2017,1,0,2,3,,,NULL
2876,"Designing Virtual Reality Systems, the Structured  Approach",,Springer London,2005,1,0,2,3,,,NULL
2877,"Thi công cầu bê tông cốt thép/ Nguyễn Tiến Oanh, Nguyễn Trâm, Lê Đình Tâm",Dewey Class no. :624.257N573-O11-----Call no. :222624.257; ----- Mô tả: 238tr.: minh họa; 21cm,H: Xây dựng,2016,1,4,2,3,,,NULL
2878,Virtual Reality Systems,,Addison-Wesley,1995,1,0,2,3,,,NULL
2879,Cầu thép theo TCVN 11923-2017,,Xây dựng,2019,1,0,2,3,,,NULL
2880,"Hướng dẫn thiết kế cầu dầm thép chữ I liên hợp bản bê tông cốt thép liên tục hai nhịp theo tiêu chuẩn thiết kế cầu đường bộ TCVN 11823 - 2017/ Nguyễn Quốc Bảo, Nguyễn Hướng Dương",Dewey Class no. :624.21N573-B221-----Call no. :624.21223; ----- Mô tả: 136tr.: minh họa; 24cm,H.: Xây Dựng,2019,1,4,2,3,,,NULL
2881,Thiết Kế Mố Trụ Móng Cầu Theo 22TCN 272-05,,Xây dựng,2016,1,0,2,3,,https://thuvienso.hcmute.edu.vn/doc/thiet-ke-mo-tru-mong-cau-theo-22tcn-272-05-869778.html,NULL
2882,Principles of Computer Security: CompTIA  Security+ and Beyond,, McGraw Hill,2018,1,0,2,3,,,NULL
2883,Ví dụ tính toán mố trụ cầu theo tiêu chuẩn thiết kế cầu 22TCN 272-05,,Giao Thông Vận Tải,2016,1,0,2,3,,https://thuvienso.hcmute.edu.vn/doc/vi-du-tinh-toan-mo-tru-cau-theo-tieu-chuan-thiet-ke-cau-22tcn-272-05-614082.html,NULL
2884, CompTIA Security+ Guide to Network Security Fundamentals,,Cengage  Learning,2017,1,0,2,3,,,NULL
2885,"Network Security, Firewalls, and VPNS",, Jones & Bartlett Learning,2013,2,0,2,3,,,NULL
2886,Hệ thống điều khiển thông minh / Huỳnh Thái Hoàng,Dewey Class no. :629.8312 H987-H678-----Call no. :629.8312 222; ----- Mô tả: 421tr. ; 24cm,Tp.HCM : Đại học Quốc gia Tp.Hồ Chí Minh,2014,1,4,2,3,,,NULL
2887,Interaction Design: beyond human computer interaction,,Wiley,2015,2,0,2,3,,,NULL
2888,Quy hoạch GTVT và thiết kế công trình đô thị,,Giáo Dục,2005,1,0,2,3,,,NULL
2889,Hệ thống điều khiển tự động/Trần Văn Sum ,,,,1,0,2,3,,,NULL
2890,Quy hoạch mạng lưới GT đô thị,,Xây dựng,2005,1,0,2,3,,,NULL
2891,"Digital image processing / Rafael C. Gonzalez, Richard E. Woods",Dewey Class no. :621.367 G643-----Call no. :621.367 223; ----- Mô tả: 965p. ; 24 cm,New Jersey : Pearson,2010,1,1,2,3,,,NULL
2892,"Engineering Mechanics - Volume 1 : Statics/J.L. Meriam,L G. Kraige ; William J. Palm","Dewey Class no. :620.1M561-----Call no. :222620.1; ----- Mô tả: xviii, 494p.;26cm..",New York:John Wiley and Sons,Inc.,2,1,2,3,,,NULL
2893,"Engineering mechanics - Volume 2 : Dynamics / J. L. Meriam, L. G. Kraige, J. N. Bolton","Dewey Class no. :620.1 M561-----Call no. :620.1 223; ----- Mô tả: xvi, 687p. ; 26 cm",New York : Wiley,2015,2,1,2,3,,,NULL
2894,Fundamental of Digital Image Processing,,Pearson Education,1988,1,0,2,3,,,NULL
2895,"Cơ sở Cơ học kỹ thuật. Tập I Tĩnh học và động học, Tập II Động lực học",,Đại học Quốc gia Hà Nội.,2005,2,211,2,3,,,NULL
2896,Digital Image Processing: PIKS Scientific Inside,,John  Wiley & Sons,2007,2,0,2,3,,,NULL
2897,Engineering Mechanics – Statics.,,Prentice Hall,2010,2,1,2,3,,,NULL
2898,Engineering Mechanics – Dynamics,,Prentice Hall,2010,2,1,2,3,,,NULL
2899,"Mechanics of materials / Ferdinand P. Beer, E. Russell Johnston, John T. DeWolf, David F. Mazurek","Dewey Class no. :620.112 M486-----Call no. :620.112 223; ----- Mô tả: xv, 890p. ; 26 cm",New York,NY : McGraw-Hill Education,1,1,2,3,,,NULL
2900,Mechanics of materials. 9th Edition,,McFraw-Hill,2013,2,1,2,3,,,NULL
2901,Deep Learning,,MIT Press,2016,1,0,2,3,,,NULL
2902,"Giáo trình thực hành điều khiển lập trình S7: Dùng cho môn học Điều khiển lập trình/ Nguyễn Phan Thanh, Phạm Quang Huy",Dewey Class no. :629.8N573-T367-----Call no. :629.8223; ----- Mô tả: 302tr.: minh họa; 24 cm,Tp. Hồ Chí Minh: Đại học Quốc gia Tp.Hồ Chí Minh,2020,1,250,2,3,,,NULL
2903,Deep learning with Python,,Manning Publications,2018,2,0,2,3,,,NULL
2904,Giáo trình Điều Khiển Lập Trình/BM TĐĐK,,,2015,1,0,2,3,,,NULL
2905,"Automating manufacturing systems with PLCs : version 7.0, April, 2010 / Hugh Jack","Dewey Class no. :629.8 J121-----Call no. :629.8 223; ----- Mô tả: xiv, 625p. ; 24cm",Hugh Jack,2010,1,1,2,3,,,NULL
2906,,,,,1,0,2,3,,,NULL
2907,"Sức bền vật liệu/Đỗ Kiến Quốc (ch.b); Nguyễn Thị Hiền Lương, Bùi Công Thành,...",Dewey Class no. :620.112Đ631-Q163-----Call no. :222620.112; ----- Mô tả: 306tr.;24cm.,Tp.Hồ Chí Minh:Đại học Quốc gia,2004,1,18,2,3,,,NULL
2908,"Mechanics of materials/$Ferdinand P. Beer, E. Russell Johnston, Jr., John T. DeWolf","Dewey Class no. :620.112B415-----Call no. :221620.112; ----- Mô tả: xix, 787p.;26cm",Boston:McGraw-Hill Higher Education,2006,1,1,2,3,,,NULL
2909,"Engineering Mechanics, Seventh Edition",,,2006,2,0,2,3,,,NULL
2910,Bài Giảng Thí Nghiệm Cơ Học - Bộ môn Cơ Học,,,,1,0,2,3,,,NULL
2913,“Advanced Engineering Mathematics”,,John Wiley & Sons,1992,2,1,2,3,,,NULL
2914,Applied Numerical Methods using MATLAB,,John Wiley & Sons,2005,2,0,2,3,,,NULL
2915,"Giáo trình phương pháp tính:Môn học: 1001030 - Phương pháp tính/Trương Vĩnh An, Phạm Văn Hiển, Lê Xuân Trường",Dewey Class no. :518.6T872-A532-----Call no. :221518.6; ----- Mô tả: 66tr.;24cm,Tp.Hồ Chí Minh.:Đại học Sư phạm Kỹ thuật,2011,2,474,2,3,,https://thuvienso.hcmute.edu.vn/doc/-giao-trinh-phuong-phap-tinh-mon-hoc-1001030-phuong-phap-tinh-124197.html,NULL
2916,"Applied Numerical Methods with MATLAB for engineers and scientists”,",,McFraw-Hill,2006,2,1,2,3,,https://www.google.com/url?sa=t&source=web&rct=j&opi=89978449&url=https://www.amazon.com/Applied-Numerical-Methods-Engineers-Scientists/dp/007313290X&ved=2ahUKEwiPlpeeormFAxWphlYBHQtDBO4QFnoECBgQAQ&usg=AOvVaw2whPcYvp0umrw53DwQ6NMN,NULL
2917,"Matlab Programming for Engineers, Fourth Edition",,Thomson,2010,2,0,2,3,,,NULL
2918," Matlab for Engineers, Third Edition",,Prentice Hall,2012,1,0,2,3,,,NULL
2919,Kinh tế xây dựng/Nguyễn Công Thạnh,Dewey Class no. :338.4N573-T367-----Call no. :222338.4; ----- Mô tả: 338tr.;24cm.,Tp.Hồ Chí Minh:Đại học Quốc gia Tp.HCM,2005,2,7,2,3,,https://thuvienso.hcmute.edu.vn/doc/-kinh-te-xay-dung-210083.html,NULL
2920,Nghị định 32/2015/NĐ-CP ngày 25 tháng 03 năm 2015 của Chính phủ về quản lý chi phí đầu tư XDCT,,,,2,0,2,3,,,NULL
2921, Nghị định số 59/2015/NĐ-CP ngày 18/06/2015 của Chính phủ về QLDA đầu tư XDCT,,,,2,0,2,3,,,NULL
2922,"Giáo trình dự toán cơ bản, Nhà xuất bản Xây dựng.",,Xây dựng,,1,0,2,3,,,NULL
2923,Project Management - The Managerial Process,,McGraw-Hill,2011,2,0,2,3,,,NULL
2924,Project Management for Engineering and Construction / Garold D. Oberlender,"Dewey Class no. :658.404 O12-----Call no. :658.404 223; ----- Mô tả: xii, 420p. ; 24cm",New York : McGraw-Hill Education,2014,2,2,2,3,,,NULL
2925,Thiết kế  tổ chức thi công/ Lê Văn Kiểm,Dewey Class no. :624L433-K47-----Call no. :222624; ----- Mô tả: 200tr.: minh họa; 27cm,H: Xây dựng,2019,2,4,2,3,,,NULL
2926,Lý thuyết hỏi và đáp về tổ chức và lập tiến độ thi công/Ngô Quang Tường,Dewey Class no. :690.028N569-T927-----Call no. :222690.028; ----- Mô tả: 334tr.;27cm,H:Xây dựng,2008,2,2,2,3,,,NULL
2927,"Construction management/ Gunnar Lucko, Daniel W. Halpin, Bolivar A. Senior.",Dewey Class no. :624.608H195-----Call no. :624.608223; ----- Mô tả: 391 p. : ill; 25 cm.,Hoboken,NJ,2,1,2,3,,,NULL
2928,Thiết kế tổng mặt bằng xây dựng/ Trịnh Quốc Thắng,Dewey Class no. :624T833-T367-----Call no. :223624; ----- Mô tả: 222 tr.: minh họa; 27 cm,H.: Xây dựng,2019,2,4,2,3,,,NULL
2929,"Vẽ kỹ thuật xây dựng :Đã được hội đồng môn học của Bộ Giáo dục và Đào tạo thông qua làm tài liệu giảng dạy cho các trường đại học kỹ thuật /Đoàn Như Kim, Nghuyễn Quang Cự, Nguyễn Sỹ hạnh, Dương Tiến Thọ",Dewey Class no. :604.24Đ631-K49-----Call no. :221604.24; ----- Mô tả: 224tr ;27cm,H.:Giáo dục,2005,2,24,2,3,,,NULL
2930,Construction equipment management for engineers,,"Taylor & Francis, 2nd Ed.",2006,2,0,2,3,,,NULL
2931,"Resource management for construction, Macmillan Series, 2nd Ed., 1993",, Macmillan Series,1993,2,0,2,3,,,NULL
2932,Quản lý vật tư thiết bị trong dự án xây dựng/ Bùi Ngọc Toàn,Dewey Class no. :338.45624B932-T627-----Call no. :338.45624223; ----- Mô tả: 154tr.; 27cm,H.: Xây dựng,2013,2,3,2,3,,,NULL
2933,Quản lý dự án xây dựng/Đỗ Thị Xuân Lan,Dewey Class no. :692Đ631-L243-----Call no. :222692; ----- Mô tả: 227tr.;24cm,Tp.HCM:Đại học Quốc gia Tp. Hồ Chí Minh,2009,2,12,2,3,,,NULL
2934,Các tiêu chuẩn Việt Nam và thế giới liên quan đến lĩnh vực MEP,,,,2,0,2,3,,,NULL
2935,"Thiết bị kỹ thuật trong kiến trúc công trình/Phạm Việt Anh, Nguyễn Lan Anh",Dewey Class no. :692.3P534-A596-----Call no. :222692.3; ----- Mô tả: 197tr.;27cm,H:Xây dựng,2011,2,8,2,3,,,NULL
2936,Hướng dẫn thực hành thiết kế lắp đặt điện nhà/Trần Duy Phụng,Dewey Class no. :621.319T772-P577-----Call no. :222621.319; ----- Mô tả: 198tr.;24cm,H.:Khoa học và Kỹ thuật,2011,2,6,2,3,,,NULL
2937,Tài liệu hướng dẫn thiết kế hệ thống cơ điện (M&E),,Công ty TNHH Giải pháp Thiết kế Cơ điện,,1,0,2,3,,,NULL
2938,Quản trị dự án:Thiết lập và thẩm định dự án đầu tư. Lý thuyết và bài tập/Vũ Công Tuấn,Dewey Class no. :658.404V986-T883-----Call no. :658.404222; ----- Mô tả: 589tr.;24cm,H.:Thống kê,2010,1,9,2,3,,,NULL
2939,"Investment Evaluation Methods and Required Rate of Return in Finnish Publicly Listed Companies, LTA 1/04, p.9-24.",,,,2,9,2,3,,,NULL
2940,Project Evaluation Guide for Nonproﬁt Organizations,,Imagine Canada,2006,2,9,2,3,,,NULL
2941,Phương pháp thể  hiện kiến trúc/Đặng Đức Quang,,Xây Dựng,2009,2,8,2,3,,,NULL
2942,Lập và thẩm định dự án đầu tư/Đỗ Phú Trần Tình,Dewey Class no. :332.6Đ631-T588-----Call no. :332.6222; ----- Mô tả: 151tr.;24cm,H.:Giao thông Vận tải,2009,2,2,2,3,,,NULL
2943,Thiết lập và thẩm định dự án đầu tư,,Lao động-Xã Hội,,2,0,2,3,,,NULL
2944,"Architectural working drawings,Residential and Commercial Buildings/William P. Spence",,John Wiley & Sons,1993,2,0,2,3,,,NULL
2945,Kỹ thuật thi công/ Nguyễn Đình Hiện,Dewey Class no. :624N573-H633-----Call no. :221624; ----- Mô tả: 216tr.: minh họa; 27cm,H.: Xây dựng,2002,1,3,2,3,,,NULL
2946,"Construction Methods and Management, 7th Ed.",,"Pearson, NJ",2007,2,1,2,3,,,NULL
2947,"Construction Equipment Management for Engineers, Estimators, and Owners",,CRC Press,2006,2,0,2,3,,https://thuvienso.hcmute.edu.vn/doc/construction-equipment-management-for-engineers-estimators-and-owners-567495.html,NULL
2948,"Kỹ thuật Thi công, Tập 1",,Xây dựng Hà Nội,2004,1,132,2,3,,,NULL
2949,"Kỹ thuật Thi công,  Tập 2",,Xây dựng Hà Nội,,1,0,2,3,,,NULL
2950,"Máy xây dựng /Nguyễn Văn Hùng (chủ biên), Phạm Quang Dũng, Nguyễn Thị Mai",Dewey Class no. :690.0284N573-H936-----Call no. :222690.028 4; ----- Mô tả: 271tr.;27cm,Hà Nội:Khoa Học và Kỹ Thuật,2006,1,5,2,3,,,NULL
2951,Kỹ thuật thi công lắp ghép,,Đại học Quốc gia TP. HCM,,1,0,2,3,,,NULL
2952,Hỏi và đáp các vấn đề về Kỹ Thuật Thi công,,Đại học Quốc gia TP. HCM,,1,0,2,3,,,NULL
2953,"Đồ họa kiến trúc vẽ kỹ thuật kiến trúc - Tập 1/Nguyễn Hữu Trí, Nguyễn Thị Kim Tú","DDC no. :720.22N573-T819, Call no. :720.22222; Mô tả: 179tr.;27cm",H.:Xây Dựng,2021,1,7,2,3,,,NULL
2954,Architectural Renderring/Albert O.Halse ,,,,2,0,2,3,,,NULL
2955,Architectural Renderring Ttechniques/ A Color Reference/Mike W. Aslsa,,,,2,0,2,3,,,NULL
2956,Entourage/McGraw,,McGraw- Hill ,,2,0,2,3,,,NULL
2957,Giáo trình kinh tế xây dựng/Trường Cao Đẳng Xây Dựng Số 1,Dewey Class no. :338.4G434-----Call no. :222338.4; ----- Mô tả: 202tr.;27cm,H.:Xây dựng,2011,1,16,2,3,,,NULL
2958,Presentation Drawings by American Architects,,,,2,0,2,3,,,NULL
2959,Graphic Thinking for Architects and Designers/Paul Laseau,,,,2,0,2,3,,http://172.30.11.76:4000/handle/123456789/645,NULL
2960,Kinh tế xây dựng/Nguyễn Công Thạnh,Dewey Class no. :338.4N573-T367-----Call no. :222338.4; ----- Mô tả: 338tr.;24cm.,Tp.Hồ Chí Minh:Đại học Quốc gia Tp.HCM,2005,1,7,2,3,,,NULL
2961,Trắc địa đại cương/Phạm Văn Chuyên,Dewey Class no. :526.9P534-C564-----Call no. :222526.9; ----- Mô tả: 268tr;27cm,H:Xây dựng,2010,1,2,2,3,,,NULL
2962,Giáo trình Cơ sở kiến trúc/Nguyễn Bá Đang,,ĐHKT,1984,1,0,2,3,,,NULL
2963,Hướng dẫn giải bài tập trắc địa đại cương/Vũ Thặng,Dewey Class no. :526.9V986-T367-----Call no. :221526.9; ----- Mô tả: 190tr.;24cm,Hà Nội:Khoa học và Kỹ thuật,2001,1,7,2,3,,,NULL
2964,Trắc địa xây dựng thực hành/Vũ Thặng,Dewey Class no. :526.9V986-T367-----Call no. :222526.9; ----- Mô tả: 311tr.;24cm,H:Xây dựng,2002,1,2,2,3,,,NULL
2965,Trắc địa đại cương/Nguyễn Tấn Lộc,Dewey Class no. :526.9N573-L811-----Call no. :221526.9; ----- Mô tả: 196tr.;24cm,Tp.HCM:Đại học Quốc gia Tp.Hồ Chí Minh,2011,1,4,2,3,,,NULL
2966,"Pearson International Edition, 3nd Ed",,,2009,2,0,2,3,,,NULL
2967,"Thống kê ứng dụng trong kinh tế - xã hội/Hoàng Trọng, Chu Nguyễn Mộng Ngọc",Dewey Class no. :330.015195H678-T853-----Call no. :222330.015195; ----- Mô tả: 511tr.;24cm.,H.:Thống Kê,2007,2,4,2,3,,,NULL
2968,Phân tích dữ liệu thống kê với SPSS,,Hồng Đức,,1,0,2,3,,,NULL
2969,The business value of BIM for Construction in Major Global Markets: How contractors around the World are driving innovation with Building Information Modelling,,,2014,2,0,2,3,,,NULL
2970,"BIM essential guide for BIM execution plan. Building and Construction Authority, Singapore",,,2013,2,0,2,3,,,NULL
2971,"BIM handbook: a guide to building information modeling for owners, managers, designers, engineers and contractors/ Charles Eastman, Paul Teicholz, Rafael Sacks, Ghang Lee.","Dewey Class no. :690.0285B611-----Call no. :690.0285 223; ----- Mô tả: xxv, 659 pages: illustrations; 28 cm.",Hoboken,New Jersey: Wiley,2,1,2,3,,,NULL
2972,BIM lecture notes,,Graphisoft,2013,1,0,2,3,,,NULL
2973,"Quản trị marketing/Lê Thế Giới, Nguyễn Xuân Lãn",Dewey Class no. :658.8L433-G495-----Call no. :222658.8; ----- Mô tả: 336tr.;27cm..,Hà Nội:Giáo dục,2007,1,15,2,3,,,NULL
2974,"Armstrong, Principles Of Marketing",,Pearson  Prentice Hall,2012,2,0,2,3,,,NULL
2975,Giáo trình Marketing của Doanh nghiệp xây dựng,,Xây dựng,2016,1,0,2,3,,,NULL
2976,Marketing của Doanh Nghiệp Xây Dựng,,Xây dựng,2016,1,0,2,3,,,NULL
2977,Site Engineering Manual,,Whittle Publishing,2004,2,0,2,3,,,NULL
2978,"Bài tập vẽ kỹ thuật xây dựng/Nguyễn Quang Cự, Đoàn Như Kim",,Giáo Dục,2004,2,0,2,3,,,NULL
2979,"Giám sát và kiểm định chất lượng công trình (Tập 1, 2 & 3)",,Xây dựng,2002,1,0,2,3,,,NULL
2980,Bộ tiêu chẩn Việt Nam trong xây dựng (11 tập),,Xây dựng,,1,0,2,3,,,NULL
2981,Kiến trúc nhập môn/Nguyễn Hữu Trí,,NXB Tp HCM,,2,0,2,3,,,NULL
2982,Tiêu chuẩn quản lý hệ thống chất lượng ISO 9000 (9001-9004),,Khoa học Kỹ thuật,,1,0,2,3,,,NULL
2983,Giáo trình Hệ thống thông tin địa lý,, Trường Đại học Tài nguyên và Môi trường Hà Nội,,2,0,2,3,,,NULL
2984,Giáo trình Hệ thống thông tin địa lý,,Trường Đại học khoa học Huế,,2,0,2,3,,,NULL
2985,Nguyên lý thiết kế kiến trúc công trình dân dụng,,Trường ĐH Kiến Trúc Tp.HCM,,2,0,2,3,,,NULL
2986,Giáo trình Hệ thống thông tin địa lý,,Trường ĐH Nông nghiệp Hà Nội,2008,1,0,2,3,,,NULL
2987, Architects’ data/Enst và Peter Neufert,,,2006,2,0,2,3,,,NULL
2988,"Managerial accounting for managers/Eric W. Noreen, Peter C. Brewer, Ray H. Garrison.","Dewey Class no. :658.1511N834-----Call no. :223658.1511; ----- Mô tả: xviii, 613p.;28cm",New York:McGraw-Hill/Irwin,2017,1,1,2,3,,,NULL
2989,"Quentin Pickard, Architects’ handbook",,Blackwell Science,2002,2,0,2,3,,http://172.30.11.76:4000/handle/123456789/643,NULL
2990,Bài tập & bài giải kế toán quản trị / Huỳnh Lợi,Dewey Class no. :657.076H987-L834-----Call no. :657.076223; ----- Mô tả: 334tr. ; 24cm,H.:Thống kê,2010,1,1,2,3,,,NULL
2991,"Phân tích hoạt động kinh doanh:Lý thuyết, bài tập và bài giải. Phong phú đủ các dạng bài tập. Lời giải chi tiết rõ ràng /Nguyễn Thị Mỵ, Phan Đức Dũng",Dewey Class no. :658N573-M995-----Call no. :222658; ----- Mô tả: 525tr;21cm.,Tp.HCM.:Thống kê,2008,2,132,2,3,,,NULL
2992,Giáo trình Cơ sở kiến trúc/Nguyễn Bá Đang,,ĐHKT,1984,1,0,2,3,,,NULL
2993,"Phân tích các báo cáo tài chính/Nguyễn Công Bình, Đặng Kim Cương",Dewey Class no. :657.3N573-B613-----Call no. :657.3222; ----- Mô tả: 219tr.;21cm,H.:Giao thông vận tải,2008,2,4,2,3,,,NULL
2994,"Financial statement analysis/John J. Wild, K.R. Subramanyam",Dewey Class no. :657.3S276-----Call no. :222657.3; ----- Mô tả: 657p.;26cm,Boston,Mass.:McGraw-Hill/Irwin,2,1,2,3,,,NULL
2995,Giáo trình phân tích hoạt động kinh tế trong doanh nghiệp/Bộ Xây Dựng,Dewey Class no. :330.015195G434-----Call no. :222330.015 195; ----- Mô tả: 134tr.;27cm,H:Xây dựng,2011,2,4,2,3,,,NULL
2996,Architects’ Data/Enst và Peter Neufert,,,2006,2,0,2,3,,http://172.30.11.76:4000/handle/123456789/646,NULL
2997,Architects’ Handbook/Quentin Pickard,,Blackwell Science,2002,2,0,2,3,,,NULL
2998,"Structural Analysis / R. C. Hibbeler, Kai Beng Yap","Dewey Class no. :624.171 H624-----Call no. :624.171 223; ----- Mô tả: xxiv, 700 p. ; 24 cm",Upper Saddle River : Pearson,2017,1,1,2,3,,,NULL
2999,"Đồ họa kiến trúc, vẽ ký thuật kiến trúc - Tập 1/Nguyễn Hữu Trí, Nguyễn Thị Kim Tú",Dewey Class no. :720.22N573-T819-----Call no. :720.22222; ----- Mô tả: 205tr.;27cm,H.:Xây dựng,2011,1,8,2,3,,,NULL
3000,"Design of Reinforced Concrete, 9th Edition",,"Jack C. McCormac, Russell H. Brown",2014,2,0,2,3,,,NULL
3001,"Reinforced Concrete Design to Eurocode 2, 6th Edition",,Palgrave Macmillan,2007,2,0,2,3,,,NULL
3002,Design of metal structures,,University Press of the Pacific,2003,2,0,2,3,,,NULL
3003,"Giáo trình vẽ kỹ thuật xây dựng:Sách dùng cho các trường đào tạo THCN và dạy nghề/Nguyễn Quang Cự, Nguyễn Mạnh Dũng","DDC no. :604.24N573-C961, Call no. :222604.24; Mô tả: 179tr.;24cm",H.:Giáo dục,2005,1,24,2,3,,,NULL
3004,"Kết cấu bê tông cốt thép: Thiết kế theo tiêu chuẩn châu Âu/ Phan Quang Minh, Ngô Thế Phong",Dewey Class no. :624.18341P535-M664-----Call no. :222624.183 41; ----- Mô tả: 165tr.; 24cm,H.: Xây Dựng,2019,2,3,2,3,,,NULL
3005,"Kết cấu thép:Cấu kiện cơ bản/Phạm văn Hội (ch.b.), Nguyễn Quang Viên, Phạm Văn Tư, Lưu Văn Tường",Dewey Class no. :624.1821P534-H719-----Call no. :222624.1821; ----- Mô tả: 318tr.;27cm,H.:Khoa học và Kỹ thuật,2012,2,11,2,3,,,NULL
3006,Vẽ kỹ thuật 1: Tài liệu dùng cho sinh viên các ngành kỹ thuật/Đinh Công Sắt,,Đại học quốc gia TP.HCM,2011,1,80,2,3,,,NULL
3007,"Vẽ kỹ thuật xây dựng :Đã được hội đồng môn học của Bộ Giáo dục và Đào tạo thông qua làm tài liệu giảng dạy cho các trường đại học kỹ thuật /Đoàn Như Kim, Nghuyễn Quang Cự, Nguyễn Sỹ hạnh, Dương Tiến Thọ",Dewey Class no. :604.24V394-----Call no. :221604.24; ----- Mô tả: 224tr ;27cm,H :Giáo dục,2007,1,13,2,3,,,NULL
3008,Giáo trình cơ sở kiến trúc/Nguyễn Bá Minh,,Xây Dựng,2011,1,0,2,3,,,NULL
3009,Nguyên lý thiết kế kiến trúc dân dụng kiến trúc nhà ở/ Nguyễn Đức Thiềm,Dewey Class no. : -----Call no. : 223; ----- Mô tả: 304tr.; 27cm,H.: Xây dựng,2022,1,0,2,3,,,NULL
3010,Tuyển tập tiêu chuẩn xây dựng của Việt Nam =Proceedings of VietNam construction standards - Tập IV: Tiêu chuẩn thiết kế/Bộ Xây Dựng,Dewey Class no. :690.028T968-----Call no. :222690.028; ----- Mô tả: 356tr.;31cm,H:Xây dựng,2009,1,1,2,3,,,NULL
3011,Sổ tay các công trình xây dựng: Dữ liệu kiến trúc sư/Ernst Neufert,Dewey Class no. :692.20285N482-----Call no. :221692.202 85; ----- Mô tả: 433tr. :29cm..,Hà Nội :Thống kê,2004,1,1,2,3,,,NULL
3012,Chất lượng ở cho đô thị sau năm 2000,,Khoa học Kỹ thuật,2003,2,0,2,3,,,NULL
3013,Nguyên lý thiết kế kiến trúc nhà ở dân dụng/Nguyễn Đức Thiềm,,Khoa học và kỹ thuật,2004,2,160,2,3,,,NULL
3014,"Hình học họa hình - Tập 1:Phương pháp hai hình chiếu thẳng góc, Phương pháp hình chiếu trục đo/Nguyễn Đình Điện (Chủ biên), Đỗ Mạnh Môn",Dewey Class no. :516.2307N573-Đ562-----Call no. :221516.2307; ----- Mô tả: 187tr.;27cm,H.:Giáo Dục,2012,1,5,2,3,,,NULL
3015,"Hình học họa hình - Tập 1:Phương pháp hai hình chiếu thẳng góc, Phương pháp hình chiếu trục đo/Nguyễn Đình Điện (Chủ biên), Đỗ Mạnh Môn",Dewey Class no. :516.2307N573-Đ562-----Call no. :221516.2307; ----- Mô tả: 187tr.;27cm.,Hà Nội:Giáo Dục,2009,1,1,2,3,,,NULL
3016,"Hình học họa hình - Tập 2:Hình chiếu phối cảnh hình chiếu có số bóng trên các hình chiếu/Nguyễn Đình Điện (Chủ biên), Dương Tiến Thọ, Nguyễn Văn Tuấn",Dewey Class no. :516.2307N573-Đ562-----Call no. :221516.2307; ----- Mô tả: 239tr.;27cm.,Hà Nội:Giáo Dục Việt Nam,2002,1,1,2,3,,,NULL
3017,Hình học họa hình bóng và phối cảnh/Văn Đình Thông,Dewey Class no. :516.2307V217-T486-----Call no. :516.6222; ----- Mô tả: 214tr.;27cm, Tp.HCM:Đại học Quốc gia Tp. Hồ Chí Minh,2000,1,1,2,3,,,NULL
3018,Hướng dẫn giải bài tập Hình học họa hình,,Đại học Kiến trúc,,1,0,2,3,,,NULL
3019,"Giáo trình Lịch sử kiến trúc thế giới - Tập 1: Từ xã hội nguyên thủy đến thế kỷ XVIII/ Đặng Thái Hoàng, Nguyễn Văn Đỉnh, Nguyễn Đình Thi,...",Dewey Class no. :720.9Đ182-H678 -----Call no. :222720.9 ; ----- Mô tả: 307tr.; 27cm,H.: Xây dựng,2023,1,7,2,3,,,NULL
3020,Giáo trình lịch sử kiến trúc thế giới tập 2,,Xây dựng,2012,2,0,2,3,,,NULL
3021,Lịch Sử Kiến Trúc Phương Tây,,Giao Thông Vận Tải,2000,1,0,2,3,,,NULL
3022,"Giáo trình lịch sử kiến trúc thế giới - T. 1:Từ xã hội nguyên thủy đến thế kỷ XVIII/Đặng Thái Hoàng, Nguyễn Văn Đỉnh (ch.b.); Nguyễn Đình Thi,...",Dewey Class no. :720.9Đ182-H678-----Call no. :222720.9; ----- Mô tả: 308tr.;27cm,H.:Xây dựng,2006,2,4,2,3,,,NULL
3023,,,,,1,0,2,3,,,NULL
3024,Công trình trên nền đất yếu,, Đại học Quốc gia TP. HCM,2013,1,0,2,3,,,NULL
3025,Foundation Analysis and Design,,Graw- Hill,1997,2,0,2,3,,,NULL
3026,Các phương pháp cải tạo đất yếu trong xây dựng/Nguyễn Ngọc Bích,Dewey Class no. :624.151N573-B583-----Call no. :222624.151; ----- Mô tả: 309tr27cm,H:Xây dựng,2011,2,10,2,3,,,NULL
3027,Xử lý nền đất yếu trong xây dựng/Nguyễn Uyên,Dewey Class no. :624.151N573-U97-----Call no. :222624.151; ----- Mô tả: 209tr.;27cm,H.:Xây dựng,2011,2,10,2,3,,,NULL
3028,Principles of foundation Engineering,,,,2,0,2,3,,,NULL
3029,"Bản vẽ kỹ thuật tiêu chuẩn quốc tế/Trần Hữu Quế, Nguyễn Văn Tuấn(dịch)",Dewey Class no. :604B212-----Call no. :221604; ----- Mô tả: 399tr;27cm..,H:Giáo dục,1998,2,18,2,3,,,NULL
3030,Nền Móng công trình,, Đại học Quốc gia TP. HCM,2013,1,3,2,3,,,NULL
3031,Geometric and Engineering Drawing/K. Morling,,Elsevier Insights,2010,2,0,2,3,,,NULL
3032,Cơ học đất,, Đại học Quốc gia TP. HCM,2008,1,151,2,3,,,NULL
3033,"TCXD 10304-2012, Tiêu chuẩn thiết kế móng cọc",,,,1,0,2,3,,,NULL
3034,Textbook of Engineering Drawing/K. Venkata Reddy,,BS Publications,2008,2,0,2,3,,,NULL
3035,Tài liệu hướng dẫn đồ án nền móng – BM Cơ Học Đất & Nền móng,,,,2,0,2,3,,,NULL
3036,Foundationg analysic and design của tác giả Bowels,,,,2,0,2,3,,,NULL
3037,Phân tích và tính toán móng cọc,, Đại học Quốc gia TP. HCM,,1,0,2,3,,,NULL
3038,"Architectural working drawings,Residential and Commercial Buildings/William P. Spence",,John Wiley,1993,2,0,2,3,,,NULL
3039,Soil mechanics and foundations / Muni Budhu,"Dewey Class no. :624.15136 B927-----Call no. :624.15136 223; ----- Mô tả: xvi, 761tr. ; 26cm",Hobiken,NJ : John Wiley & Sons,1,1,2,3,,,NULL
3040,Cơ học đất/Châu Ngọc Ẩn,Dewey Class no. :624.15136C496-A531-----Call no. :223624.15136; ----- Mô tả: 664tr.:minh họa;24cm,Tp.Hồ Chí Minh:Đại học Quốc gia,2019,1,0,2,3,,,NULL
3041,"Cơ học đất/Vũ Công Ngữ, Nguyễn Văn Dũng",Dewey Class no. :624.15136V986-N976-----Call no. :221624.151 36; ----- Mô tả: 283tr.;24cm,Hà Nội.:Khoa học và Kỹ thuật,2006,1,9,2,3,,,NULL
3042,"Hình học họa hình - Tập 1:Hình chiếu thẳng góc, hình chiếu trục đo/Nguyễn Mạnh Dũng (Chủ biên), Nguyễn Văn Điểm",Dewey Class no. :516.2307N573-Đ562-----Call no. :221516.2307; ----- Mô tả: 215tr.;27cm.,H.:Giáo Dục Việt Nam,2009,1,9,2,3,,,NULL
3043,Cơ học đất I và II,,Giáo Dục,1997,2,0,2,3,,,NULL
3044,Nền móng công trình/ Châu Ngọc Ẩn ,Dewey Class no. :624.15C496-A531-----Call no. :222624.15; ----- Mô tả: 397tr.: minh họa; 27cm,H.: Xây Dựng,2020,1,7,2,3,,,NULL
3045,"Vẽ kỹ thuật xây dựng :Đã được hội đồng môn học của Bộ Giáo dục và Đào tạo thông qua làm tài liệu giảng dạy cho các trường đại học kỹ thuật /Đoàn Như Kim, Nghuyễn Quang Cự, Nguyễn Sỹ hạnh, Dương Tiến Thọ",Dewey Class no. :604.24Đ631-K49-----Call no. :221604.24; ----- Mô tả: 224tr ;27cm,H.:Giáo dục,2005,1,24,2,3,,,NULL
3046,Nền và móng /Phan Hồng Quân,Dewey Class no. :624.15P535-Q141-----Call no. :222624.15; ----- Mô tả: 250tr.;27cm,H.:Giáo Dục,2012,1,5,2,3,,,NULL
3047,Foundationg design and Construction,,John Wiley & Sons,2011,2,1,2,3,,,NULL
3048,Thiết kế móng nông/Nguyễn Uyên,Dewey Class no. :624.15N573-U97-----Call no. :222624.15; ----- Mô tả: 168tr.;27cm,H.:Xây dựng,2013,2,8,2,3,,,NULL
3049,Phân tích và tính toán móng cọc,, Đại học Quốc gia TP. HCM,,2,0,2,3,,,NULL
3050,Các phương pháp cải tạo đất yếu trong xây dựng/Nguyễn Ngọc Bích,Dewey Class no. :624.151N573-B583-----Call no. :222624.151; ----- Mô tả: 309tr27cm,H:Xây dựng,2011,2,10,2,3,,,NULL
3051,Foundationg analysic and design,,,,2,0,2,3,,,NULL
3052,Pile design and Construction practice,,,,2,0,2,3,,,NULL
3053,,,,,2,0,2,3,,,NULL
3054,Foundation analysis and design,,,,2,0,2,3,,,NULL
3055,Công trình trên đất yếu/Trần Quang Hộ,Dewey Class no. :624.151T772-H678-----Call no. :222624.151; ----- Mô tả: 427tr.; 24cm,Tp.Hồ Chí Minh:Đại học Quốc gia,2009,2,3,2,3,,,NULL
3056,Nền móng và tầng hầm nhà cao tầng/ Nguyễn Văn Quảng,Dewey Class no. :624.151N573-Q127-----Call no. :223624.151; ----- Mô tả: 174tr.: minh họa; 27cm,H.: Xây Dựng,2016,2,4,2,3,,,NULL
3057,Principles of foundation Engineering,,Thomson,,2,0,2,3,,,NULL
3058,"Testing of Concrete in Structures, Blackie Academic & Professional, Chapman & Hall",,Chapman & Hall,1996,2,0,2,3,,,NULL
3059,Giáo trình vật liệu xây dựng:Dành cho hệ đào tạo trung học chuyên nghiệp và dạy nghề/Phùng Văn Lự,Dewey Class no. :620.11P577-L926-----Call no. :222620.11; ----- Mô tả: 187tr.;24m.,H.:Giáo dục,2008,1,3,2,3,,,NULL
3060,"Tuyển tập tiêu chuẩn xây dựng của Việt Nam =Proceedings of Vietnam construction standards - Tập IX: Bảo vệ công trình, an toàn, vệ sinh môi trường/Bộ Xây dựng",Dewey Class no. :690.028T968-----Call no. :690.028222; ----- Mô tả: 558tr.;31cm,H.:Xây dựng,2004,1,5,2,3,,,NULL
3061,Construction materials: Their nature and behavior,,Spon Press,2010,2,0,2,3,,,NULL
3062,"Giáo trình vật liệu xây dựng/Phan Thế Vinh, Trần Hữu Bằng",Dewey Class no. :620.11P535-V784-----Call no. :222620.11; ----- Mô tả: 270tr.;27cm,H.:Xây dựng,2011,2,2,2,3,,,NULL
3063,"Lý thuyết kiến trúc/Nguyễn Mạnh Thu (ch.b.), Phùng Đức Tuấn",Dewey Class no. :720.1N573-T532-----Call no. :222720.1; ----- Mô tả: 240tr.;27cm,H.:Xây dựng,2012,2,14,2,3,,,NULL
3064,"Bài tập vật liệu xây dựng/Phùng Văn Lự, Nguyễn Anh Đức, Phạm Hữu Anh, Trịnh Hồng Tùng",Dewey Class no. :620.11B152-----Call no. :221620.11; ----- Mô tả: 203tr.;20.5cm..,Hà Nội:Giáo dục,2003..,2,7,2,3,,,NULL
3065," Introduction to architecture/Ching, Francis D.K",,Wiley.,2012,2,0,2,3,,,NULL
3066,Design of Reinforced Concrete,,Wiley,2014,1,0,2,3,,,NULL
3067,"Architects’data/Neufert, Ernst",,Wiley-Blackwell.,2012,2,0,2,3,,,NULL
3068,Tính toán kết cấu bê tông cốt thép theo TC ACI-318-2002,,Xây dựng,2017,1,17,2,3,,,NULL
3069,Kết cấu bê tông và  bê tông cốt thép theo quy phạm Hoa Kỳ/Nguyễn Trung Hòa,Dewey Class no. :624.18341N573-H678-----Call no. :624.183 41222; ----- Mô tả: 308tr.;24cm,H.:Xây dựng,2003,1,70,2,3,,,NULL
3070,Kiến trúc nhập môn/Nguyễn Hữu Trí,,Giao thông vận tải,1960,1,0,2,3,,,NULL
3071,"Kết cấu bê tông cốt thép: Thiết kế theo tiêu chuẩn Châu Âu/Phan Quang Minh, Ngô Thế Phong",Dewey Class no. :624.18341P535-M664-----Call no. :222624.183 41; ----- Mô tả: 165tr.;24cm,H:Xây dựng,2011,1,4,2,3,,,NULL
3072," Reinforced Concrete - Mechanics and Design, 6th Edition",,,2012,2,0,2,3,,,NULL
3073, Nội dung cập nhật với phần Nội thất theo yêu cầu của ngành,,,,1,0,2,3,,,NULL
3074,"Akthem Al-Manaseer, Structural Concrete - Theory and Design, 5th Edition",,,2012,2,0,2,3,,,NULL
3075,"Design of Concrete Structures, 14th Edition",,,2010,2,0,2,3,,,NULL
3076,"Reinforced concrete - A fundamental approach, 6th Edition",,,2009,2,0,2,3,,,NULL
3077,Reinforced concrete structures_Volume 2,,,1981,2,0,2,3,,,NULL
3078,Reinforced concrete – analysis and design,,,1995,2,0,2,3,,,NULL
3079,"""Ferrocement and laminated cementitious composites”, Techno press 3000",,Techno press 3000,2000,2,0,2,3,,,NULL
3080,"“High-performance construction materials: science and application”, World scientific",,World scientific,2008,2,0,2,3,,,NULL
3081,"“Fibre reinforced cementitious composites”, Cromwell press, 2nd edition",,Cromwell press,2007,2,0,2,3,,,NULL
3082,Advanced concrete technology”,,John Willey & Sons,2011,2,0,2,3,,,NULL
3083,"Sử dụng AutoCad 2007 - $nTập 1:Cơ sở vẽ thiết kế hai chiều:Lý thuyết, ví dụ thực hành và bài tập /Nguyễn Hữu Lộc",Dewey Class no. :006.6N573-L811-----Call no. :222006.6; ----- Mô tả: 579tr;24cm,Tp.HCM.:Tổng hợp thành phố Hồ Chí Minh,2007,1,8,2,3,,,NULL
3084,"Giáo trình vẽ kỹ thuật xây dựng:Sách dùng cho các trường đào tạo THCN và dạy nghề/Nguyễn Quang Cự, Nguyễn Mạnh Dũng",Dewey Class no. :604.24N573-C961-----Call no. :222604.24; ----- Mô tả: 179tr.;24cm,H.:Giáo dục,2005,1,24,2,3,,,NULL
3085,"Bài tập vẽ kỹ thuật xây dựng - Tập 2/Nguyễn Quang Cự, Đặng Văn Cứ, Đoàn Như Kim",Dewey Class no. :604.24N573-C961-----Call no. :221604.24; ----- Mô tả: 107tr.;27cm,H.:Giáo Dục,2012,1,5,2,3,,,NULL
3086,"Các tiêu chuẩn Việt Nam về vẽ kĩ thuật: TCVN 7284:2003, TCVN 7285:2003,  TCVN 7286:2003, TCVN 8-20:2002",,,,2,0,2,3,,,NULL
3087,"Bryan Stafford Smith and Alex Coul, Tall building structures: analysis and design",,Willey interscience publication,1991,2,0,2,3,,,NULL
3088,Reinforced concrete design,,McGraw Hill,1997,2,0,2,3,,,NULL
3089,Tính toán và thiết kế nhà khung BTCT nhiều tầng,,Xây dựng,,2,0,2,3,,,NULL
3090,Hướng dẫn sử dụng phần mềm ETABS,,Tài liệu lưu hành nội bộ,,1,88,2,3,,,NULL
3091,Ứng dụng phần mềm SAFE trong thiết kế xây dựng,,Tài liệu lưu hành nội bộ,,1,0,2,3,,,NULL
3092,Hướng Dẫn Sử Dụng ETABS Phần Mềm Chuyên Dụng Tính Toán Nhà Cao Tầng,,Xây dựng,,2,0,2,3,,,NULL
3093,Ứng Dụng Tin Học Trong Thiết Kế Xây Dựng - Phần Mềm ETABS Và Microsoft Project,,Khoa học Kỹ thuật,,2,0,2,3,,,NULL
3094,Sử dụng AutoCAD 2012,,Tổng hợp,2012,2,20,2,3,,,NULL
3095,Giáo trình ETABS,,Bách Khoa Tp.HCM,2012,2,221,2,3,,,NULL
3096,Giáo trình đồ án môn học kết cấu BTCT theo TCVN 5574:2018,, Đại học Quốc gia TP. HCM,2020,1,0,2,3,,,NULL
3097,Hướng dẫn đồ án môn học bê tông cốt thép 1 (Sàn sườn toàn khối có bản dầm),, Đại học Quốc gia TP. HCM,2007,2,27,2,3,,https://thuvienso.hcmute.edu.vn/doc/huong-dan-do-an-mon-hoc-be-tong-cot-thep-1-san-suon-toan-khoi-co-ban-dam-nguyen-van-hiep-59333.html,
3098,"Sử dụng AutoCad 2007 - $nTập 1:Cơ sở vẽ thiết kế hai chiều:Lý thuyết, ví dụ thực hành và bài tập /Nguyễn Hữu Lộc",Dewey Class no. :006.6N573-L811-----Call no. :222006.6; ----- Mô tả: 579tr;24cm,Tp.HCM.:Tổng hợp thành phố Hồ Chí Minh,2007,2,8,2,3,,,NULL
3099,"Kết cấu bê tông cốt thép: Phần cấu kiện cơ bản/Phan Quang Minh, Ngô Thế Phong, Nguyễn Đình Cống",Dewey Class no. :624.18341P535-M664-----Call no. :222624.183 41; ----- Mô tả: 399tr.;24cm.,H.:Khoa học và Kỹ thuật,2006,2,78,2,3,,,NULL
3100,"Tính toán thực hành cấu kiện bê tông cốt thép theo tiêu chuẩn TCXDVN 356:2005, Tập I",,Xây dựng,2008,1,17,2,3,,http://172.16.2.21/libol50/search/detail.asp?ID=38060,
3101,"Bộ xây dựng, TCVN 5574:2012, Kết cấu bê tông và bê tông cốt thép – tiêu chuẩn thiết kế",,Xây dựng,2012,2,0,2,3,,,NULL
3102,"Reinforced Concrete Design to Eurocode 2, 6th Edition, Palgrave Macmillan, 2007.  (7th edition, 2012 published)",,Palgrave Macmillan,2007,2,0,2,3,,,NULL
3103," Reinforced Concrete - Mechanics and Design, 6th Edition",,Pearson Education,2012,2,0,2,3,,,NULL
3104,"Akthem Al-Manaseer, Structural Concrete - Theory and Design, 5th Edition",, John Wiley & Sons,2012,2,0,2,3,,,NULL
3105,"Design of Concrete Structures, 14th Edition",,McGraw-Hill Higher Education,2010,2,0,2,3,,,NULL
3106,"Reinforced concrete structures, Volume 1",,,1981,2,0,2,3,,,NULL
3107,"Kết cấu thép: Công trình dân dụng và công nghiệp - Giáo trình dùng cho sinh viên ngành xây dựng, kiến trúc /Phạm Văn Hội, Nguyễn Quang Viên, Phạm Văn Tư,...",Dewey Class no. :624.1821K43-----Call no. :221624.182 1; ----- Mô tả: 359tr.;27cm,H :Khoa học và  kỹ thuật,2006,1,71,2,3,,,NULL
3108,Kết cấu liên hợp thép – bêtông,,Khoa học & Kỹ thuật,2006,1,7,2,3,,,NULL
3109,"Tiêu chuẩn xây dựng Việt Nam, Kết cấu thép – Tiêu chuẩn thiết kế, TCXDVN 338:2005",,,,2,2,2,3,,,NULL
3110,Steel Structure – Practical design studies,,Steel Structure – Practical design studies,1998,2,0,2,3,,,NULL
3111,Bài tập thiết kế kết cấu thép/Trần Thị Thôn,Dewey Class no. :624.1821T772-T486-----Call no. :624.182 1222; ----- Mô tả: 514tr.;24cm,Tp.HCM :Đại học Quốc gia Tp.Hồ Chí Minh,2010,2,1,2,3,,,NULL
3112,Kết cấu công thép công trình dân dụng và công nghiệp,,Khoa học & Kỹ thuật,2006,1,190,2,3,,,NULL
3113,"Exploring Engineering – An Introduction to Engineering and Design, Second Edition",,,2010,2,0,2,3,,,NULL
3115,Bài tập thiết kế kết cấu thép/Trần Thị Thôn,Dewey Class no. :624.1821T772-T486-----Call no. :624.182 1222; ----- Mô tả: 514tr.;24cm,Tp.HCM :Đại học Quốc gia Tp.Hồ Chí Minh,2010,1,1,2,3,,,NULL
3116,"Màu sắc và phương pháp vẽ màu /Nguyễn Duy Lẫm, Đặng Thị Bích Ngân",Dewey Class no. :741.01N573-L213-----Call no. :221741.01; ----- Mô tả: 107tr :19cm..,Hà Nội:Văn hóa - Thông tin,2007,2,23,2,3,,,NULL
3117,Thiết kế kết cấu thép nhà công nghiệp,,Khoa học & Kỹ thuật,2010,1,0,2,3,,,NULL
3118, Kết cấu thép công trình dân dụng và công nghiệp,,Khoa học & Kỹ thuật,2006,1,190,2,3,,,NULL
3119,"TCXDVN 5574: 2012, Kết cấu bê tông và bê tông cốt thép – Tiêu chuẩn thiết kế",,,2012,2,0,2,3,,,NULL
3120,Structural mechanics/A. Darkov..,Dewey Class no. :624.17D219-----Call no. :221624.17; ----- Mô tả: 656p. ;24cm..,Moscow: Mir Publishers,1979,1,2,2,3,,,NULL
3121,"TCXD 2737: 1995, Tải trọng và tác động – Tiêu chuẩn thiết kế, Nhà xuất bản xây dựng",,,2012,2,3,2,3,,,NULL
3122,"Structural Analysis / R. C. Hibbeler, Kai Beng Yap","Dewey Class no. :624.171 H624-----Call no. :624.171 223; ----- Mô tả: xxiv, 700 p. ; 24 cm",Upper Saddle River : Pearson,2017,1,1,2,3,,,NULL
3123,Cơ học kết cấu - Tập 1:Hệ tĩnh định/Lều Thọ Trình,Dewey Class no. :624.171L652-T833-----Call no. :221624.171; ----- Mô tả: 219tr.;24cm,H.:Khoa học và kỹ thuật,2010,1,6,2,3,,,NULL
3124,Bài tập thiết kế kết cấu thép/Trần Thị Thôn,Dewey Class no. :624.1821T772-T486-----Call no. :624.182 1222; ----- Mô tả: 514tr.;24cm,Tp.HCM :Đại học Quốc gia Tp.Hồ Chí Minh,2010,1,1,2,3,,,NULL
3125,"TCXDVN 33:2006, Cấp nước mạng lưới đường ống và công trình tiêu chuẩn thiết kế",,,2006,2,0,2,3,,,NULL
3126,"Tiêu chuẩn xây dựng Việt Nam, Kết cấu thép – Tiêu chuẩn thiết kế, TCVN 5575:2012",,,2012,2,0,2,3,,,NULL
3127,Water Supply – Distribution System and Facilities Design Standard,,,2006,2,0,2,3,,,NULL
3128,"Tiêu chuẩn xây dựng Việt Nam, Kết cấu bê tông cốt thép – Tiêu chuẩn thiết kế, TCVN 5574:2012",,,2012,2,0,2,3,,,NULL
3129,Eurocode 3: Design of steel structures,,,,2,0,2,3,,,NULL
3130,"TCVN 4450:1987, Căn hộ ở - Tiêu chuẩn thiết kế",,,1987,2,0,2,3,,,NULL
3131,Eurocode 4: Design of composite steel and concrete structures.,,,,2,0,2,3,,,NULL
3132,"TCVN 4451:1987, Nhà ở - Nguyên tắc cơ bản để thiết kế",,,1987,2,0,2,3,,,NULL
3133,"Kết cấu thép cấu kiện cơ bản/Phạm văn Hội, Nguyễn Quang Viên, Phạm Văn Tư,...",Dewey Class no. :624.1821K43-----Call no. :222624.182 1; ----- Mô tả: 318tr;27cm,H.:Khoa học và Kỹ thuật,2009,2,5,2,3,,,NULL
3134," TCVN 3905:1984, Nhà ở và nhà công cộng – Thông số hình học",,,1987,2,0,2,3,,,NULL
3135,Kết cấu liên hợp thép – bêtông,,Khoa học & Kỹ thuật,2010,1,7,2,3,,,NULL
3136,Design of metal structures,,K.K. Mukhanov,2003,2,0,2,3,,,NULL
3137,Quy chuẩn hệ thống cấp thoát nước trong nhà và công trình,,,1999,2,4,2,3,,,NULL
3138,"Fundamentals for Engineers, Butterworth-Heinemann, 2006",,Butterworth-Heinemann,2006,2,0,2,3,,,NULL
3139,Bí quyết vẽ tranh tĩnh vật/Huỳnh Phạm Hương Trang,Dewey Class no. :741.01H987-T772-----Call no. :741.01221; ----- Mô tả: 137tr.;27cm.,Hà Nội:Mỹ thuật,2005,2,2,2,3,,,NULL
3140,Tiêu chuẩn Việt Nam,,,,2,0,2,3,,,NULL
3141,Building Physics: From physical principles to international standards,,Springer,2017,1,0,2,3,,,NULL
3142,Giáo trình cấp thoát nước,,,2000,2,3,2,3,,,NULL
3143,Giáo trình dạy vẽ mỹ thuật/Trần Văn Tâm,,Đại học Đà Nẵng,2007,1,0,2,3,,,NULL
3144,Sổ tay thiết kế công trình cấp thoát nước/Lê Mục Đích,Dewey Class no. :628.1L433-Đ546-----Call no. :628.1222; ----- Mô tả: 369tr.;31cm,H.:Xây dựng,2010,1,2,2,3,,,NULL
3145,"TCVN 4474:1987, Thoát nước bên trong công trình",,,,1,0,2,3,,,NULL
3146,Giáo trình bố cục/Đàm Luyện,Dewey Class no. :750.18Đ154-L978-----Call no. :750.18222; ----- Mô tả: 167tr.;24cm,H.:Đại học sư phạm,2007,1,12,2,3,,,NULL
3147,"TCVN 4513-88, Cấp nước bên trong – Tiêu chuẩn thiết kế",,,,2,0,2,3,,,NULL
3148,"TCVN 4513:1988, Cấp nước bên trong công trình",,,,1,0,2,3,,,NULL
3149,"TCVN 4474-87, Thoát nước bên trong – Tiêu chuẩn thiết kế.",,,,2,0,2,3,,,NULL
3150,Cấp thoát nước/Nguyễn Thống,Dewey Class no. :628.144N573-T486-----Call no. :221628.144; ----- Mô tả: 235tr.;27cm,H.:Xây dựng,2019,2,4,2,3,,,NULL
3151,"Giáo trình cấp thoát nước trong nhà Trần Thị Mai (chủ biên), Trần Thị Sen, Nguyễn Đình Hải",Dewey Class no. : -----Call no. : 223; ----- Mô tả: 197tr.; 27cm,Hà Nội: Xây dựng,2021,2,0,2,3,,,NULL
3152,Giáo trình hình họa 3/Triệu Khắc Lễ,Dewey Class no. :741.01T827-L433-----Call no. :221741.01; ----- Mô tả: 256tr.;24cm,H.:Đại học Sư phạm,2008,1,2,2,3,,,NULL
3153,Distribution System and Facilities Design Standard,,Water Supply,2006,1,0,2,3,,,NULL
3154,TCVN 5738 – 1993 : Hệ thống báo cháy – yêu cầu kỹ thuật được ban hành theo quyết,,KS.Hoàng Đình Thu,2006,2,0,2,3,,,NULL
3155,Luật xa gần/Phạm Xuân Thành,Dewey Class no. :741.01P534-T367-----Call no. :750.1; ----- Mô tả: 338tr ;24cm,Hà Nội:Văn hóa - Thông tin,2005,2,8,2,3,,,NULL
3156,TCVN 5738 – 2001 : Yêu cầu kỹ thuật hệ thống báo cháy tự động,,,,2,0,2,3,,,NULL
3157,TCVN 3890 – 2009 : Phương tiện phòng cháy và chữa cháy cho nhà và công trình,,,,2,0,2,3,,,NULL
3158,TCVN 4513 – 1988 : Cấp nước bên trong – Tiêu chuẩn thiết kế,,,,2,0,2,3,,,NULL
3159, Mỹ thuật cơ bản và nâng cao: Tĩnh vật ngũ quan thạch cao/Gia Bảo,,Mỹ thuật,2004,2,0,2,3,,,NULL
3160,TCVN 5740 – 1993 : Thiế bị chữa cháy – Vòi cuộn chữa cháy tổng hợp tráng cao su,,,,2,0,2,3,,,NULL
3161,"TCVN 2622 – 1995 : Phòng cháy , chống cháy cho nhà và công trình – Yêu cầu thiết",,,,2,0,2,3,,,NULL
3162,TCVN 6160 – 1996 : Phòng cháy chữa cháy nhà cao tầng – Yêu cầu thiết kế,,,,2,0,2,3,,,NULL
3163,"Linear algebra and its applications/ David C. Lay, Steven R. Lay, Judith J. McDonald",Dewey Class no. :512.5L426-----Call no. :512.5223; ----- Mô tả: 510p.;26cm,Harlow: Pearson Education Limited,2016,1,1,2,3,,,NULL
3164,TCVN 6100 – 1996 : Những quy định về chất chữa cháy bằng khí.,,,,2,0,2,3,,,NULL
3165,Abstract algebra: Theory and applications/ Thomas W. Judson,"Dewey Class no. :512.02J931-----Call no. :512.02223; ----- Mô tả: xiii, 417p.;24cm",Ann Arbor,Mich. : Orthoogonal Publishing,1,1,2,3,,,NULL
3166,Tiêu chuẩn NFPA.72 (National fire protection association) . Hiệp hội quốc tế,,,,2,0,2,3,,,NULL
3167,"PCCC: Hệ thống chữa cháy, hệ thống báo cháy.",,,,2,0,2,3,,,NULL
3168,Đại số tuyến tính và cấu trúc đại số ,,,,1,0,2,3,,,NULL
3169,"Morgan J. Hurly, Daniel Gottuk : “SFPE handbook of Fire protection engineering”",,,,2,0,2,3,,,NULL
3170,"Siddiqui, Tauseef, SM.Abbas :“Advances in Fire and Process safety”",,,,2,0,2,3,,,NULL
3171,B.Aaron Johnson :“ Fire Sprinkler“,,,,2,0,2,3,,,NULL
3172,Vẽ Mỹ Thuật/Trần Văn Tâm,,,2007,2,0,2,3,,,NULL
3173,"K.Himoto, K.Nakamura, Y.Wakasuki :“Fire science and technology 2015”",,,,2,0,2,3,,,NULL
3174, TCVN 7336 – 2003 : Hệ thống Sprinkler tự động – yêu cầu thiết kế và lắp đặt,,,,1,0,2,3,,,NULL
3175,TCVN 5760 – 1993 : Yêu cầu chung về thiết kế lắp đặt và sử dụng hệ thống chữa cháy,,,,1,0,2,3,,,NULL
3176,Tự học vẽ hình họa cơ bản /Nguyễn Văn Tỵ,Dewey Class no. :741.01N573-T977-----Call no. :221741.01; ----- Mô tả: 109tr :27cm,Hà Nội :Văn hóa - Thông tin,2003,2,3,2,3,,,NULL
3177, TCVN 5739 – 1993 : Thiết bị chữa cháy – Đầu nối,,,,2,0,2,3,,,NULL
3178,Đại số tuyến tính và cấu trúc đại số ,,,,1,0,2,3,,,NULL
3179,Water supply and sewerage,,E. W. Steel and Terence J. McGhee,2007,2,0,2,3,,,NULL
3180,Toán 1,,,,1,0,2,3,,,
3181,Bài giảng tóm tắt: Toán 2,,,,1,0,2,3,,,
3182,Tính toán thiết kế các công trình xử lý nước thải / Trịnh Xuân Lai,"DDC no. :628.162 T833-L185, Call no. :628.162 223; Mô tả: 240 tr. ; 27 cm",H. : Xây dựng,2017,1,4,2,3,,,NULL
3183,Hình họa 1 :Giáo trình cao đẳng sư phạm /Triệu Khắc Lễ,Dewey Class no. :741.01T827-L433-----Call no. :221741.01; ----- Mô tả: 422tr ;24cm,Hà Nội:Đại học sư phạm Hà Nội,2004,2,9,2,3,,,NULL
3184,"Kế toán doanh thu, chi phí và xác định kết quả hoạt động kinh doanh tại Công ty TNHH thương mại dịch vụ Tech House : Đồ án tốt nghiệp ngành Kế toán / Lê Thị Hiền ; Phạm Hiếu (Giảng viên hướng dẫn)","Dewey Class no. :-----Call no. :223; ----- Mô tả: v,44tr.: bảng, hình ảnh ",Tp. Hồ Chí Minh: Đại học Sư phạm Kỹ thuật Tp. Hồ Chí Minh,2023,1,0,2,3,,,
3185,Tính toán thiết kế các công trình trong hệ thống cấp nước,,Trịnh Xuân Lai,2000,2,0,2,3,,,NULL
3186,Bài giảng Toán kinh tế 1,,,,1,0,2,3,,,
3187,"TCXDVN 33:2006, Cấp nước mạng lưới đường ống và công trình - Tiêu chuẩn thiết kế",,,,2,0,2,3,,,NULL
3188,Luật xa gần/Phạm Xuân Thành,Dewey Class no. :741.01P534-T367-----Call no. :750.1; ----- Mô tả: 338tr ;24cm,Hà Nội:Văn hóa - Thông tin,2005,2,8,2,3,,,NULL
3189,TCVN 7957 - 2008: Tiêu chuẩn thiết kế mạng lưới thoát nước bên ngoài công trình,,,,2,0,2,3,,,NULL
3190,An Introduction to Mathematical Economics Part 2,,Loglinear Publications,2015,1,0,2,3,,,
3191,Bài giảng Toán kinh tế 2,,,,1,0,2,3,,,https://thuvienso.hcmute.edu.vn/doc/giai-phap-nang-cao-chat-luong-dich-vu-tai-cong-ty-tnhh-ishida-viet-nam-882637.html
3192,"Tổng công ty cấp nước Sài Gòn – Phòng Kỹ thuật công nghệ, Tiêu chuẩn kỹ thuất thiết bị, vật tư ngành nước",,,,1,0,2,3,,,NULL
3193,Diễn họa kiến trúc/Philip Crowe,,Xây Dựng,,2,0,2,3,,,NULL
3194,Probability and statistics for engineering and the sciences / Jay L. Devore,"Dewey Class no. :519.2 D511-----Call no. :519.2 223; ----- Mô tả: xvi, [756]p.; 26cm",Boston,MA: Cengage Learning,1,2,2,3,,https://thuvienso.hcmute.edu.vn/doc/probability-and-statistics-for-engineering-and-the-sciences-438480.html,
3195,"Màu sắc và phương pháp vẽ màu /Nguyễn Duy Lẫm, Đặng Thị Bích Ngân",Dewey Class no. :741.01N573-L213-----Call no. :221741.01; ----- Mô tả: 107tr :19cm..,Hà Nội:Văn hóa - Thông tin,2007,2,23,2,3,,,NULL
3196,"Giáo trình lý thuyết xác xuất và thống kê toán học /Lê Trung Tương, Lê Hồng Vân, Huỳnh Văn Sáu",Dewey Class no. :519.207L433 - T927-----Call no. :519.207221; ----- Mô tả: 267tr.;20cm.,TP.HCM:Đại Học Bách Khoa Thành Phố Hồ Chí Minh,1992,1,2,2,3,,https://thuvienso.hcmute.edu.vn/doc/ky-nang-ra-quyet-dinh-making-decisions-cam-nang-quan-ly-10270.html,  
3197,Cấp thoát nước,,Nguyễn Ngọc Dung,,1,0,2,3,,,NULL
3198,Bí quyết vẽ phong cảnh/Huỳnh Phạm Hương Trang,Dewey Class no. :743H987-T772-----Call no. :222743; ----- Mô tả: 140tr.;27cm.,H.:Mỹ thuật,2004,2,2,2,3,,,NULL
3199,Cấp nước đô thị,,Trần Hiếu Nhuệ,,1,0,2,3,,,NULL
3200,Giáo trình dạy vẽ mỹ thuật/Trần Văn Tâm,,Đại học Đà Nẵng,2007,1,0,2,3,,,NULL
3201,Giáo trình bố cục/Đàm Luyện,Dewey Class no. :750.18Đ154-L978-----Call no. :750.18222; ----- Mô tả: 167tr.;24cm,H.:Đại học sư phạm,2007,1,12,2,3,,,NULL
3202,Mạng lưới cấp/thoát nước,,Hoảng Văn Huệ,,1,0,2,3,,,NULL
3203,Các bảng tính toán thủy lực/Nguyễn Thị Hồng,Dewey Class no. :532.5N573-H772-----Call no. :221532.5; ----- Mô tả: 122tr.;27cm,H.:Xây dựng,2010,1,2,2,3,,,NULL
3204, Các bảng tính toán thủy lực cống và mương thoát nước,,Trần Hữu Uyển,,1,0,2,3,,,NULL
3205,Máy bơm và trạm bơm,,Lê Thị Dung,1985,2,0,2,3,,,NULL
3206,Advanced Engineering Mathematics ,,published by Jones & Bartlett ,2013,1,0,2,3,,,NULL
3207,Toán cho kỹ sư ,,,,1,0,2,3,,,NULL
3208,Trang trí hình vuông/Uyên Huy,,Lao động -Xã hội,2009,2,0,2,3,,,NULL
3209,Trang trí hình tròn/Uyên Huy,,Lao động -Xã hội,2009,2,0,2,3,,,NULL
3210, Trang trí đường diềm/Uyên Huy,,Lao động -Xã hội,2009,2,0,2,3,,,NULL
3211,Cấp thoát nước,,Trần Hiếu Nhuệ,1996,2,0,2,3,,,NULL
3212,Toán ứng dụng,,,,1,0,2,3,,,NULL
3213, TCXDVN 33:06: Cấp nước – Mạng lưới đường ống và công trình – Tiêu chuẩn thiết kế.,,Bộ Xây dựng,,2,0,2,3,,,NULL
3214,Introductory Statistics -9th edition,,,,1,0,2,3,,,NULL
3215,"""TCVN 5294:95: Chất lượng nước – Quy tắc lựa chọn và đánh giá chất lượng nguồn tập trung nước ăn uống – nước sinh hoạt""",,Bộ Xây dựng,,2,0,2,3,,,NULL
3216, Màu sắc và phương pháp sử dụng/Uyên Huy,,Lao động -Xã hội,2009,2,0,2,3,,,NULL
3217,TCVN 5295:95: Chất lượng nước – Yêu cầu bảo vệ nước mặt và nước ngầm khỏi bị nhiễm bẩn do dầu,,Bộ Xây dựng,,2,0,2,3,,,NULL
3218,"""TCVN 5524:95: Chất lượng nước – Yêu cầu chung về bảo vệ nước mặt nước ngầm""",,Bộ Xây dựng,,2,0,2,3,,,NULL
3219,Xác suất Thống kê và ứng dụng,,NXB Giáo dục,2011,2,0,2,3,,,NULL
3220,Giáo trình dạy vẽ mỹ thuật/Trần Văn Tâm,,Đại học Đà Nẵng,2007,2,0,2,3,,,NULL
3221,Công trình thu nước – Trạm bơm cấp thoát nước,,Lê Dung,1999,1,8,2,3,,,NULL
3222,Giáo trình lý thuyết xác suất và thống kê  toán học :Lý thuyết cơ bản và ứng dụng/Trần Gia Tùng,Dewey Class no. :519.207T772-T926-----Call no. :519.207221; ----- Mô tả: 280tr.;24cm,Tp.HCM:Đại học Quốc gia Tp. Hồ Chí Minh,2009,1,18,2,3,,,NULL
3223,Sổ tay máy bơm:Dùng cho ngành cấp thoát nước và kỹ thuật môi trường nước/Lê Dung,Dewey Class no. :621.69L433 - D916-----Call no. :222621.69; ----- Mô tả: 298tr.;27cm.,H.:Xây Dựng,2012,1,2,2,3,,,NULL
3224,"Bài tập thống kê ứng dụng trong quản trị, kinh doanh và nghiên cứu kinh tế =Statistics for business and economics/Trần Bá Nhẫn, Đinh Thái Hoàng",Dewey Class no. :330.015195076T772-N576-----Call no. :222330.015195076; ----- Mô tả: 153p;21cm,Tp.HCM:Đại học Kinh tế Tp.Hồ Chí Minh,2009,1,22,2,3,,,NULL
3225,Wastewater treatment,, Melcaft & Eddy,2000,1,0,2,3,,,NULL
3226,Sadar Renewable Energy Research Institute Vallabh Vidyanagar – Gujarat – India:Biochemical Engineering,,,,1,0,2,3,,,NULL
3227,Công nghệ môi trường – (tập 1): Xử lý nước,,Hoàng Văn Huệ,2004,1,0,2,3,,,NULL
3228,Advanced Engineering Mathematics ,,published by Jones & Bartlett ,2013,1,0,2,3,,,NULL
3229,Toán cao cấp cho kỹ sư 1 ,,,,1,0,2,3,,,NULL
3230,Hóa nước vi sinh,,Lê Thị Thanh,1998,1,0,2,3,,,NULL
3231,Advanced Engineering Mathematics ,,published by Jones & Bartlett ,2013,1,0,2,3,,,NULL
3232,Toán cao cấp cho kỹ sư 2 ,,,,1,0,2,3,,,NULL
3233,Cơ sở hóa học quá trình xử lý nước cấp và nước thải,,Trần Đức Hạ - Đỗ Văn Hải,2002,1,0,2,3,,,NULL
3236,TCVN 2005 và TCXDVN 51 – 2008: Thoát nước – Mạng lưới và công trình bên ngoài – Tiêu chuẩn thiết kế,,,,1,0,2,3,,,NULL
3237,"TCXDVN 7957: Tiêu chuẩn quốc gia: Thoát nước mạng lưới và Công trình bên ngoài – Tiêu chuẩn thiết kế (tiêu chuẩn này sẽ thay đổi theo thời gian, phù hợp với điều kiện thực tế)",,,,1,0,2,3,,,NULL
3238,Giáo trình trang trí/Tạ Phương Thảo,, Đại học Sư phạm,2007,1,0,2,3,,,NULL
3239,"Physics for scientists and engineers with modern physics : Technology update / Raymond A. Serway, John W. Jetwett, Jr.","Dewey Class no. :530 S492-----Call no. :530223; ----- Mô tả: xxxii, 1579p.; 29cm",Boston: Cengage Learning,2016,1,2,2,3,,,NULL
3240,Giáo trình trang trí/Phạm Ngọc Tới,, Đại học Sư phạm,2007,1,0,2,3,,,NULL
3241,Giáo trình trang trí/Nguyễn Thế Hùng,, Đại học Sư phạm,2007,1,0,2,3,,,NULL
3242,Giáo trình Vẽ Kỹ thuật xây dựng,,Nguyễn Quang Cự,,2,0,2,3,,,NULL
3243,Thí nghiệm các nguyên lý vật lý 2,,ĐH Sư phạm kỹ thuật TP HCM,,1,0,2,3,,,NULL
3244,"Màu sắc và phương pháp vẽ màu /Nguyễn Duy Lẫm, Đặng Thị Bích Ngân","DDC no. :741.01N573-L213, Call no. :221741.01; Mô tả: 107tr :19cm..",Hà Nội:Văn hóa - Thông tin,2007,1,23,2,3,,,NULL
3245,"Physics for scientists and engineers with modern physics : Technology update / Raymond A. Serway, John W. Jetwett, Jr.","Dewey Class no. :530 S492-----Call no. :530223; ----- Mô tả: xxxii, 1579p.; 29cm",Boston: Cengage Learning,2016,1,2,2,3,,,NULL
3246,Vật lý Đại cương A2: Điện từ,,Đại học Sư phạm Kỹ thuật,2005,2,0,2,3,,,NULL
3247,Trang trí hình vuông/Uyên Huy,,Lao động -Xã hội,2009,2,0,2,3,,,NULL
3248,Trang trí hình tròn/Uyên Huy,,Lao động -Xã hội,2009,2,0,2,3,,,NULL
3249,"Physics for scientists and engineers with modern physics : Technology update / Raymond A. Serway, John W. Jetwett, Jr.","Dewey Class no. :530 S492-----Call no. :530223; ----- Mô tả: xxxii, 1579p.; 29cm",Boston: Cengage Learning,2016,1,2,2,3,,http://172.16.2.21/libol50/search/detail.asp?ID=43924,
3250,Trang trí đường diềm/Uyên Huy,,Lao động -Xã hội,2009,2,0,2,3,,,NULL
3251,"Cơ sở vật lý - Tập 6:Quang học và vật lý lượng tử/David Halliday, Robert Resnick, Jearl Walker;  Hoàng Hữu Thư chủ biên, Phan Văn Thích, Phạm Văn Thiều dịch",Dewey Class no. :535H188-----Call no. :222535; ----- Mô tả: 504tr.;27cm,H.:Giáo Dục Việt Nam,2010,1,3,2,3,,,NULL
3252, Màu sắc và phương pháp sử dụng/Uyên Huy,,Lao động -Xã hội,2009,2,0,2,3,,,NULL
3253,"Vật lý đại cương: Các nguyên lý và ứng dụng -$nTập 3: Quang học và vật lý lượng tử/Trần Ngọc Hợi (Chủ biên), Phạm Văn Thiều",Dewey Class no. :530.07T772-H719-----Call no. :221530.07; ----- Mô tả: 414tr.;27cm,Hà Nội:Giáo Dục,2006,2,200,2,3,,https://thuvienso.hcmute.edu.vn/doc/vat-ly-dai-cuong-cac-nguyen-ly-va-ung-dung-tap-3-quang-hoc-va-vat-ly-luong-tu-126347.html,
3254,Giáo trình dạy vẽ mỹ thuật/Trần Văn Tâm,,Đại học Đà Nẵng,2007,1,0,2,3,,,NULL
3255,"Bài tập vật lý đại cương - Tập 2 : Điện - Dao động - Sóng: Biên soạn theo chương trình của Bộ Giáo Dục và Đào Tạo ban hành năm 1990:Dùng cho các trường đại học khối công nghiệp, công trình thủy lợi, giao thông vận tải/Lương Duyên Bình (chủ biên), Nguyễn Hữu Hồ, Lê Văn Nghĩa, Nguyễn Quang Sính",Dewey Class no. :530.076B152-----Call no. :222530.076; ----- Mô tả: 1155tr.;21cm,Hà Nội:Giáo Dục,2006,2,2,2,3,,,NULL
3256,"Vật lý đại cương - Tập 3 - phần 1 :Quang học. Vật lý điện tử và hạt nhân (Dùng cho các trường đại học khối kỹ thuật công nghiệp) /Lương Duyên Bình, Ngô Phú An, Lê Băng Sương, Nguyễn Hữu Tăng",Dewey Class no. :535.1072V342-----Call no. :535.1072221; ----- Mô tả: 243tr ;21cm,Hà Nội:Giáo dục,2006,2,56,2,3,,,NULL
3257,"Bài tập vật lý đại cương - Tập 2 : Điện - Dao động - Sóng: Biên soạn theo chương trình của Bộ Giáo Dục và Đào Tạo ban hành năm 1990:Dùng cho các trường đại học khối công nghiệp, công trình thủy lợi, giao thông vận tải/Lương Duyên Bình (chủ biên), Nguyễn Hữu Hồ, Lê Văn Nghĩa, Nguyễn Quang Sính",Dewey Class no. :530.076B152-----Call no. :222530.076; ----- Mô tả: 1155tr.;21cm,Hà Nội:Giáo Dục,2006,2,2,2,3,,,NULL
3258,"Bài tập vật lý đại cương - T. 3: Quang học - Vật lý lượng tử:Biên soạn theo chương trình của Bộ Giáo dục và Đào tạo ban hành năm 1990 (Dùng cho các trường đại học kỹ thuật (Công nghiệp, Xây dựng, Kiến trúc, Thủy lợi, Giao thông vận tải, Mỏ địa chất, Sư phạm kỹ thuật công nghiệp...)/Lương Duyên Bình, Nguyễn Hữu Hồ, Lê Văn Nghĩa ",Dewey Class no. :535.076L964-B613-----Call no. :535.076221; ----- Mô tả: 224tr.;21cm,H.:Giáo dục,2004,2,9,2,3,,,NULL
3259,Hướng dẫn sử dụng Epanet,, Lê Đình Hồng,,2,0,2,3,,,NULL
3260,"Bài tập Vật lý 3 (Dao động, Sóng, Cơ nhiệt):Môn học: 1002013 - Vật lý đại cương A3/Trần Thị Thiên Hương, Huỳnh Quang Chiến",Dewey Class no. :531.076T772-H958-----Call no. :222531.076; ----- Mô tả: 119tr.;21cm,Tp.Hồ Chí Minh:Đại Học Sư Phạm Kỹ Thuật,2006,2,6,2,3,,,NULL
3262,Physics for scientists and engineers with modern physics : Technology update  9th edition,,Cengage Learning,2016,1,0,2,3,,,NULL
3264,"Giáo trình kinh tế xây dựng/ Bùi Mạnh Hùng, Nguyễn Thu Hương, Nguyễn Thị Tuyết Dung, Đặng Thế Hiến, Cù Thanh Thủy",Dewey Class no. :338.476 G434-----Call no. :338.476223; ----- Mô tả: 390tr.; 27cm,H.: Xây dựng,2019,1,4,2,3,,,NULL
3265,Modern Physics,,Freeman,2000,2,0,2,3,,,NULL
3266,Modern Physics for Scientists and Engineers,,,,2,0,2,3,,,NULL
3267,Giáo trình trang trí:Giáo trình cao đẳng Sư phạm/Tạ Phương Thảo ,Dewey Class no. :745.4T111-T367-----Call no. :745.4222; ----- Mô tả: 203tr.;24cm,H.:Đại học Sư phạm,2008,1,3,2,3,,,NULL
3268,Giáo trình trang trí - Tập 2/Phạm Ngọc Tới,Dewey Class no. :745.4P534-T646-----Call no. :745.4222; ----- Mô tả: 251tr.;24cm,H.:Đại học Sư phạm,2008,1,3,2,3,,,NULL
3269,Project Management – A Managerial Approach.,,"Meredith J.R., Samuel J. And Mantel Jr.",2000,2,0,2,3,,,NULL
3270,"Spacetime Physics, 2nd Ed.",,W.H. Freeman,1992,2,0,2,3,,,NULL
3271,"Giáo trình trang trí - Tập 3/Nguyễn THế Hùng, Nguyễn Thị Nhung",Dewey Class no. :745.4N573-H936-----Call no. :745.4222; ----- Mô tả: 195tr.;24cm,H.:Đại học Sư phạm,2008,1,3,2,3,,,NULL
3272,Mathematical Methods in the Physical Sciences,,John Wiley and Sons,2006,2,0,2,3,,,NULL
3273,"An Introduction to Error Analysis, 2nd Ed.",,University Science Books,1997,2,0,2,3,,,NULL
3274,Quản lý dự án,,"Cao Hào Thi, Nguyễn Thúy Quỳnh Loan",2008,1,18,2,3,,,NULL
3275,"Màu sắc và phương pháp vẽ màu /Nguyễn Duy Lẫm, Đặng Thị Bích Ngân",Dewey Class no. :741.01N573-L213-----Call no. :221741.01; ----- Mô tả: 107tr :19cm..,Hà Nội:Văn hóa - Thông tin,2007,1,23,2,3,,,NULL
3276,Experiments in Modern Physics,,Academic Press,2003,2,0,2,3,,,NULL
3277,Quản lý dự án xây dựng,, Đỗ Thị Xuân Lan,,1,21,2,3,,,NULL
3278,"Cơ sở vật lý - Tập 1:Cơ học 1/David Halliday, Robert Resnick, Jearl Walker; Người dịch: Ngô Quốc Quýnh (chủ biên), Đào Kim Ngọc/",Dewey Class no. :531H188-----Call no. :222531; ----- Mô tả: 403tr.;27cm,H.:Giáo Dục Việt Nam,2011,2,3,2,3,,,NULL
3279,"Cơ sở vật lý - Tập 6:Quang học và vật lý lượng tử/David Halliday, Robert Resnick, Jearl Walker;  Hoàng Hữu Thư chủ biên, Phan Văn Thích, Phạm Văn Thiều dịch",Dewey Class no. :535H188-----Call no. :222535; ----- Mô tả: 504tr.;27cm,H.:Giáo Dục Việt Nam,2010,2,3,2,3,,,NULL
3280,Construction planning for Engineers,,"Griffis F. H., Farr J.V., Morris M. D.",2000,2,0,2,3,,,NULL
3281,Trang trí hình tròn/Uyên Huy,,Lao động -Xã hội,2009,2,0,2,3,,,NULL
3282,"Vật lý đại cương các nguyên lý và ứng dụng, Tập 3: Quang học và Vật lý lượng tử",,NXB Giáo dục,2006,2,200,2,3,,,NULL
3283,Construction Jobsite Management,,Mincks W. R. and Johnston H.,2004,2,0,2,3,,,NULL
3284,Construction Jobsite Management,,Levy S.M,2004,2,0,2,3,,,NULL
3285,Trang trí hình vuông/Uyên Huy,,Lao động -Xã hội,2009,2,0,2,3,,,NULL
3286,Tổ chức và kế hoạch hóa sản xuất xây dựng,,Nguyễn Đình Thám,2002,2,0,2,3,,,NULL
3287,Trang trí hình diềm/Uyên Huy,,Lao động -Xã hội,2009,2,0,2,3,,,NULL
3288,Thiết kế  tổ chức thi công/ Lê Văn Kiểm,Dewey Class no. :624L433-K47-----Call no. :222624; ----- Mô tả: 200tr.: minh họa; 27cm,H: Xây dựng,2019,2,4,2,3,,,NULL
3289,Lý thuyết hỏi và đáp về tổ chức và lập tiến độ thi công/Ngô Quang Tường,Dewey Class no. :690.028N569-T927-----Call no. :222690.028; ----- Mô tả: 334tr.;27cm,H:Xây dựng,2008,2,2,2,3,,,NULL
3290,Bài giảng nhập môn Công nghệ Vật liệu,,ĐHSPKT Tp. Hồ Chí Minh,,1,0,2,3,,,NULL
3291, Màu sắc và phương pháp sử dụng/Uyên Huy,,Lao động -Xã hội,2009,2,0,2,3,,,NULL
3292,Thiết kế tổng mặt bằng xây dựng/ Trịnh Quốc Thắng,Dewey Class no. :624T833-T367-----Call no. :223624; ----- Mô tả: 222 tr.: minh họa; 27 cm,H.: Xây dựng,2019,2,4,2,3,,,NULL
3293,Kỹ thuật và quản lý an toàn trong xây dựng,,"Lưu Trường Văn, Lê Hoài Long",,1,0,2,3,,,NULL
3294,Giáo trình dạy vẽ mỹ thuật/Trần Văn Tâm,,Đại học Đà Nẵng,2007,1,0,2,3,,,NULL
3295,Giáo trình trang trí/Tạ Phương Thảo,, Đại học Sư phạm,2007,1,0,2,3,,,NULL
3296,Introduction to Magnetic Materials,,"A John Wiley & Sons, Inc., Publication",2009,1,0,2,3,,http://172.30.11.76:4000/handle/123456789/636,NULL
3297,The business value of BIM for Construction in Major Global Markets: How contractors around the World are driving innovation with Building Information Modelling,,,2014,2,0,2,3,,http://172.30.11.76:4000/handle/123456789/644,NULL
3298,Introduction to Superconductivity,,Pergamon Press,1994,1,0,2,3,,,NULL
3299,Giáo trình trang trí/Phạm Ngọc Tới,, Đại học Sư phạm,2007,1,0,2,3,,,NULL
3300,"Từ học và vật liệu từ/Thân Đức Hiền, Lưu Tuấn Tài",Dewey Class no. :538T367-H633-----Call no. :538222; ----- Mô tả: 313tr.;27cm,H.:Bách Khoa Hà Nội,2008,1,2,2,3,,,NULL
3301,Giáo trình trang trí/Nguyễn Thế Hùng,, Đại học Sư phạm,2007,1,0,2,3,,,NULL
3302,"Nhập môn về siêu dẫn:Vật liệu, tính chất và ứng dụng/Thân Đức Hiền",Dewey Class no. :537.623T367-H633-----Call no. :537.623222; ----- Mô tả: 160tr.;24cm,H.:Bách Khoa Hà Nội,2008,1,4,2,3,,,NULL
3303,Introduction to Magnetic Materials,,Addison-Wesley Publishing Comp.,1972,2,0,2,3,,,NULL
3304,The business value of BIM for Construction in Major Global Markets: How contractors around the World are driving innovation with Building Information Modelling,,,2014,2,0,2,3,,,NULL
3305,Màu sắc và phương pháp vẽ màu/Đặng Thị Bích Ngân,,Đại học Sư phạm,2007,1,0,2,3,,,NULL
3306,Handbook of Superconductivity,,Academic Press,2000,2,0,2,3,,,NULL
3307,"Handbook of High- Temperature Superconductivity, theory and experiment",,Springer,2007,2,0,2,3,,http://172.30.11.76:4000/handle/123456789/637,NULL
3308,Introduction to Magnetic Materials,,Addison-Wesley Publishing Comp.,1972,2,0,2,3,,,NULL
3309,Nghệ thuật thị giác và những vấn đề cơ bản/Uyên Huy,,Mỹ Thuật,2019,1,0,2,3,,,NULL
3310,BIM essential guide for BIM execution plan. Building and Construction Authority,,Singapore,2013,2,0,2,3,,,NULL
3311,Bố cục thị giác/Nguyễn Hồng Hưng,,Đại học Quốc gia TP. HCM,2017,2,0,2,3,,,NULL
3312,"Fundamentals of Microfabrication and Nanotechnology - Volume I,II,III 3nd ed",,CRC Press,2002,1,3,2,3,,,NULL
3313,"BIM handbook: a guide to building information modeling for owners, managers, designers, engineers and contractors/ Charles Eastman, Paul Teicholz, Rafael Sacks, Ghang Lee.","Dewey Class no. :690.0285B611-----Call no. :690.0285 223; ----- Mô tả: xxv, 659 pages: illustrations; 28 cm.",Hoboken,New Jersey: Wiley,2,1,2,3,,,NULL
3314,Micromachined transducers source book,,"Stanford University, McGraw Hill",1998,1,9,2,3,,,NULL
3315,BIM lecture notes,,Graphisoft,2013,1,0,2,3,,,NULL
3316,Micro-Electro-Mechanical System Design,,Taylor & Francis Group,2005,2,9,2,3,,,NULL
3317,A.Bhatia. Basic Electrical Engineering forHVAC Engineers. Continuing Education and Development,,,,2,0,2,3,,,NULL
3318,"Lịch sử Design/Lê Huy Văn, Trần Văn Bình",Dewey Class no. :745.4L433-V217-----Call no. :745.4222; ----- Mô tả: 243tr.;24cm,H.:Xây dựng,2021,2,7,2,3,,,NULL
3319,Microsensor,,LTD,2001,1,0,2,3,,,NULL
3320,BIM essential guide for BIM execution plan. Building and Construction Authority,,,2013,2,0,2,3,,,NULL
3321,Cơ sở công nghệ vi điện tử và vi hệ thống/Nguyễn Nam Trung,Dewey Class no. :621.3815N573 - T872-----Call no. :221621.381 5; ----- Mô tả: 156tr.;24cm..,H.:khoa học và kỹ thuật,1999,1,15,2,3,,,NULL
3322,Understanding Mordern art/Sam Phillips - Isms,,Thế Giới,2012,2,0,2,3,,,NULL
3323,"2500/QĐ-Ttg. Quyết định thủ tưởng chính phủ phê duyệt đề án áp dụng mô hình thông tin công trình (BIM) trong hoạt động xây dựng và quản lý vận hành công trình, TTCP 2016.",,,2016,2,0,2,3,,,NULL
3324,Điện tử nano – linh kiện và công nghệ,,,2005,2,0,2,3,,,NULL
3325,Nguyên lý Design thị giác/Nguyễn Hồng Hưng ,,Đại học Quốc gia TP. HCM,2016,2,0,2,3,,,NULL
3326,"Solar Cells Operation Principles, Technology, and System Application",,,,1,0,2,3,,,NULL
3327,Revit 2018 MEP fundamentals,,"ChucK Eastman, Paul Teicholz, Rafael Sacks, Kathleen Liston",2013,1,1,2,3,,,NULL
3328,"PVCDROOM: Photovoltics: devices, systems and applications ",,,,1,0,2,3,,,NULL
3329,Handbook of Photovoltaics Science and Enginnering,,,,1,0,2,3,,http://172.30.11.76:4000/handle/123456789/641,NULL
3330,"Physics of Semiconductor Devices, 2nd",,,,1,0,2,3,,,NULL
3331, Mastering Autodesk Revit MEP,,Graphisoft,2013,1,2,2,3,,,NULL
3332,"Revit MEP, BimHaNoi",,Bùi Quang Huy,,2,0,2,3,,,NULL
3333,Thập đại tùng thư 10 nhà hội họa lớn thế giới/Âu Dương Anh,,Văn hóa thông tin,2003,2,0,2,3,,,NULL
3334,Hóa học và hóa lý polymer,,Đại học Quốc gia Tp.HCM,2010,2,3,2,3,,,NULL
3335,Hóa lý polymer,,Đại học Bách khoa Tp.HCM,2005,2,9,2,3,,,NULL
3336,"Mỹ thuật của người Việt/Nguyễn Quân, Phan Cẩm Thượng",,Mỹ Thuật,1989,2,0,2,3,,,NULL
3337,Polyme đại cương,, Đại học quốc gia Tp.HCM,2010,2,0,2,3,,,NULL
3338,Kinh tế xây dựng,,Nguyễn Công Thạnh,,1,0,2,3,,,NULL
3339,Giáo trình dự toán xây dựng cơ bản/Bộ xây dựng,Dewey Class no. :692.5G434-----Call no. :692.5 223; ----- Mô tả: 166tr.; 27cm,H.:Xây dựng,2022,1,4,2,3,,,NULL
3340,Hướng dẫn thí nghiệm hóa học polyme,, Đại học quốc gia Tp.HCM,2005,2,0,2,3,,,NULL
3341,Hình tượng con người trong nghệ thuật tạo hình truyền thống/Trần Lâm Biền,,Mỹ Thuật,1993,2,0,2,3,,,NULL
3342,Nghị định số 59/2015/NĐ-CP ngày 18/06/2015 của Chính phủ về QLDA đầu tư XDCT,,,,1,0,2,3,,,NULL
3343,Mỹ thuật thời Lý/Nguyễn Đức Nùng,,Văn hóa,1973,2,0,2,3,,,NULL
3344, Nghị định 32/2015/NĐ-CP ngày 25 tháng 03 năm 2015 của Chính phủ về quản lý chi phí đầu tư XDCT,,,,1,0,2,3,,,NULL
3345,Organic chemistry / David Klein,"Dewey Class no. :547 K64-----Call no. :547 223; ----- Mô tả: xxii,1315p.; 29cm",Hoboken,NJ : Wiley,1,1,2,3,,,NULL
3346,"Construction Equipment Management for Engineers, Estimators, and Owners",,"Douglas D. Gransberg, Calin M. Popescu, Richard Ryan",2006,2,0,2,3,,,NULL
3347,Lịch sử mỹ thuật thế giới: Giáo trình dùng cho các trường mỹ thuật; Môn học: 1052010 - Lịch sử mỹ thuật thế giới/Nguyễn Trân biên soạn,Dewey Class no. :709N573-T772-----Call no. :221709; ----- Mô tả: 189tr.;27cm,Hà Nội :Mỹ Thuật,1993,1,77,2,3,,,NULL
3348," Mechanical and Electrical Systems in Buildings, (5th Ed.) Upper Saddle Rive",,R. R. Janis and W. K. Y. Tao,2014,2,0,2,3,,,NULL
3349,"Mechanical and Electrical Equipment for Buildings, (11th Ed.) Hoboken",,"W. T. Grondzik, A. G. Kwok, B. Stein, and J. S. Reynolds",2010,2,1,2,3,,,NULL
3350,Lịch sử mỹ thuật Việt Nam/Nguyễn Phi Hoanh,,Thành phố Hồ Chí Minh,,1,0,2,3,,,NULL
3351,Bài giảng Tổ chức và Quản lý hệ thống MEP,,"Bộ môn Thi công và QLXD, Khoa Xây dựng, Trường ĐH Sư phạm Kỹ thuật TP.Hồ Chí Minh",,1,0,2,3,,,NULL
3352,Construction methods and management : / Stephens W. Nunnally.,Dewey Class no. :624 N972-----Call no. :624 223; ----- Mô tả: 366 p. ; 28 cm,Harlow : Pearson Education Limited,2014,1,1,2,3,,,NULL
3353,Mechanical and electrical systems for construction managers.,Dewey Class no. :696M486-----Call no. :696 223; ----- Mô tả: 710 pages  illustrations; 28 cm.,Orland Park,Illinois: American Technical Publishers,1,1,2,3,,,NULL
3354,Giáo trình Hóa phân tích: Dùng cho sinh viên chuyên hóa/Hồ Thị Yêu Ly,Dewey Class no. :543H678-L981-----Call no. :543223; ----- Mô tả: 339tr.;24cm,Tp. Hồ Chí Minh: Trường Đại học Quốc gia Tp.Hồ Chí Minh,2019,1,222,2,3,,,NULL
3355,"Ứng dụng Ms Project 2007 trong thiết lập tiến độ và quản lý dự án xây dựng/Lương Đức Long, Trần Trung Kiên, Nguyễn Thành Trung...",Dewey Class no. :338.4569U571-----Call no. :222338.4569; ----- Mô tả: 248tr.; 27cm,H.: Xây dựng,2012,1,6,2,3,,,NULL
3356,"Fundamentals of analytical chemistry / Douglas A. Skoog, Donald M. West, F. James Holler, Stanley R. Crouch","Dewey Class no. :543 F981-----Call no. :543 223; ----- Mô tả: xvii, 1140p. ; 28 cm",New Delhi : Cengage Learning,2014,1,1,2,3,,,NULL
3357,"Lý thuyết kiến trúc/Nguyễn Mạnh Thu, Phùng Đức Tuấn",Dewey Class no. :720.1N573-T532-----Call no. :222720.1 ; ----- Mô tả: 240tr.;27cm,H.:Xây dựng,2019,2,7,2,3,,,NULL
3358,Các văn bản pháp luật liên quan hiện hành,,,,1,0,2,3,,,NULL
3359,Hóa học phân tích 1:Cân bằng ion trong dung dịch/Nguyễn Tinh Dung,Dewey Class no. :543N573-D916-----Call no. :222543; ----- Mô tả: 323tr.;24cm,Hà Nội:Đại học Sư phạm Hà Nội,2009,1,6,2,3,,,NULL
3360,Engineering Mechanics – Volume I – Statics.,,J. L. Merian and L.G. Kraige,,2,0,2,3,,,NULL
3361,Hóa học phân tích:Tập 2: Các phản ứng ion trong dung dịch nước/Nguyễn Tinh Dung,Dewey Class no. :543N573-D916-----Call no. :221543; ----- Mô tả: 299tr.;21cm.,Hà Nội:Giáo dục,2009,1,5,2,3,,,NULL
3362,"Introduction to architecture/Ching, Francis D.K",,Wiley,2012,2,0,2,3,,,NULL
3363,Cơ sở lý thuyết hóa phân tích,," khoa học và trung học chuyên nghiệp, Hà Nội",1980,1,0,2,3,,,NULL
3364,"Architects’data/Neufert, Ernst",,Wiley-Blackwell,2012,2,0,2,3,,,NULL
3365,"Mechanics of materials / Ferdinand P. Beer, E. Russell Johnston, John T. DeWolf, David F. Mazurek","Dewey Class no. :620.112 M486-----Call no. :620.112 223; ----- Mô tả: xv, 890p. ; 26 cm",New York,NY : McGraw-Hill Education,1,1,2,3,,,NULL
3366,Sức bền vật liệu,,Lê Thanh Phong,,2,250,2,3,,,NULL
3367,Thiết kế nội thất có minh họa/ Francis D.K. Ching; Đặng Thái Hoàng dịch,Dewey Class no. :729C539-----Call no. :222729 ; ----- Mô tả: 297tr. : minh họa.; 31cm,H. : Xây Dựng,2020,2,3,2,3,,,NULL
3368,Giáo trình nguyên lý thiết kế kiến trúc nội thất:Dùng trong các trường THCN/Nguyễn Hoàng Liên,Dewey Class no. :747N573-L719-----Call no. :747222; ----- Mô tả: $84tr.;24cm,H.:Nxb.Hà Nội,2005,1,11,2,3,,,NULL
3369,,,,,1,0,2,3,,,NULL
3370,Hóa học đại cương/Nguyễn Đình Soa,Dewey Class no. :541.07N573 - S676-----Call no. :221541.07; ----- Mô tả: 514tr.;24cm.,TP.Hồ Chí Minh:Đại học Quốc gia TP.Hồ Chí Minh,2007,1,10,2,3,,,NULL
3371,Mechanics of materials.,," Ferdinand P. Beer, E. Russell Johnston, John T. Dewolf",2012,2,0,2,3,,,NULL
3372,"Công nghệ sản xuất ván nhân tạo: ván dán và ván nhân tạo đặc biệt - $nTập 1/ Phạm Văn Chương, Nguyễn Hữu Quang",Dewey Class no. :674P534-C559-----Call no. :674223; ----- Mô tả: 144tr.: minh họa; 27cm,H.: Nông nghiệp,2004,2,11,2,3,,,NULL
3373,Hóa vô cơ T.2,,Đại học Quốc gia TP.HCM,,1,0,2,3,,,NULL
3374,Công nghệ sản xuất ván nhân tạo: Ván dăm và ván sợi - $nTập 2/ Phạm Văn Chương,Dewey Class no. :674P534-C559-----Call no. :674223; ----- Mô tả: 228tr.: minh họa; 27cm,H.: Nông nghiệp,2013,2,11,2,3,,,NULL
3375,“Advanced Engineering Mathematics”,,Erwin Kreyszig. ,1992,2,1,2,3,,,NULL
3376,"Công nghệ sản xuất vật liệu composite gỗ/Lê Xuân Phương, Phan Duy Hưng",,Trường Đại học Lâm Nghiệp,2014,2,0,2,3,,,NULL
3377,"Matlab Programming for Engineers, Fourth Edition",,Stephen J. Chapman,2010,2,0,2,3,,,NULL
3378,Khoa học gỗ: Giáo trình Đại học Lâm nghiệp/ Lê Xuân Tình,Dewey Class no. :674.1L433-T588-----Call no. :674.1223; ----- Mô tả: 242tr.: minh họa; 27cm,H.: Nông nghiệp,1998,2,12,2,3,,,NULL
3379,Kiến thức cơ bản về gỗ/Vũ Hân,,Khoa học Kỹ thuật,1964,2,0,2,3,,,NULL
3380,"Tiêu chuẩn xây dựng Việt Nam TCXDVN 276:2003 về công trình công cộng - nguyên tắc cơ bản để thiết kế do Bộ Xây dựng ban hành, TCXDVN 276:2003",,,,1,0,2,3,,,NULL
3381," Luật xây dựng ban hành Số 50/2014/QH13, Ngày 18/06/2014",,,,2,0,2,3,,,NULL
3382,Kiến trúc cảnh quan/Hàn Tất Ngạn,Dewey Class no. :712H233-N576-----Call no. :221712; ----- Mô tả: 223tr.;27cm,H.:Xây dựng,2020,2,4,2,3,,,NULL
3383,"Công nghệ sản xuất ván nhân tạo, Tập1 (Bài giảng dành cho sinh viên ngành Chế biến lâm sản)/Phạm Văn Chương, Nguyễn Văn Thuận",,Trường Đại học Lâm nghiệp,1993,2,0,2,3,,,NULL
3384,Tiếng Anh chuyên ngành công nghệ vật liệu,,,,1,0,2,3,,,NULL
3385,"Tiêu chuẩn xây dựng Việt Nam TCXDVN 276:2003 về công trình công cộng - nguyên tắc cơ bản để thiết kế do Bộ Xây dựng ban hành, TCXDVN 276:2003",,,,1,0,2,3,,,NULL
3386," Luật xây dựng ban hành Số 50/2014/QH13, Ngày 18/06/2014",,,,2,0,2,3,,,NULL
3387,Công nghệ sản xuất ván dăm; Công nghệ sản xuất LVL từ gỗ keo tai tượng và gỗ cao su/Phan Duy Hưng,,Trường Đại học Lâm nghiệp,2003,2,0,2,3,,,NULL
3388,Kiến trúc cảnh quan/Hàn Tất Ngạn,Dewey Class no. :712H233-N576-----Call no. :221712; ----- Mô tả: 223tr.;27cm,H.:Xây dựng,2020,1,4,2,3,,,NULL
3389,Nguyên lý thiết kế kiến trúc dân dụng kiến trúc nhà ở/ Nguyễn Đức Thiềm,Dewey Class no. : -----Call no. : 223; ----- Mô tả: 304tr.; 27cm,H.: Xây dựng,2022,1,0,2,3,,,NULL
3390, Nội thất kiến trúc,,Đặng Thái Hoàng,,1,0,2,3,,,NULL
3391,Sổ tay các công trình xây dựng: Dữ liệu kiến trúc sư/Ernst Neufert,Dewey Class no. :692.20285N482-----Call no. :221692.202 85; ----- Mô tả: 433tr. :29cm..,Hà Nội :Thống kê,2004,2,1,2,3,,,NULL
3392,Thiết kế kiền trúc nhà ở và nhà thương mại/Thomas Obermeyer,,Giáo dục,2000,2,0,2,3,,,NULL
3393,Tư duy và tổ hợp kiến trúc/Đặng Thái Hoàng ( Sưu tầm và giới thiệu ),Dewey Class no. :720T883-----Call no. :222720; ----- Mô tả: 207tr.;24cm,Hà Nội:Xây dựng,2012,2,2,2,3,,,NULL
3394,Architects’data,," Neufert, Ernst",2012,2,0,2,3,,,NULL
3395,Ngôn ngữ và hình thức kiến trúc/Đặng Thái Hoàng,,Xây Dựng,2004,2,0,2,3,,,NULL
3396,"Tiêu chuẩn xây dựng Việt Nam TCXDVN 276:2003 về công trình công cộng - nguyên tắc cơ bản để thiết kế do Bộ Xây dựng ban hành, TCXDVN 276:2003",,,,2,0,2,3,,,NULL
3397," Luật xây dựng ban hành Số 50/2014/QH13, Ngày 18/06/2014",,,,2,0,2,3,,,NULL
3398,Kiến trúc cảnh quan/Hàn Tất Ngạn,Dewey Class no. :712H233-N576-----Call no. :221712; ----- Mô tả: 223tr.;27cm,H.:Xây dựng,2020,2,4,2,3,,,NULL
3399,Nguyên lý thiết kế kiến trúc dân dụng kiến trúc nhà ở/ Nguyễn Đức Thiềm,Dewey Class no. : -----Call no. : 223; ----- Mô tả: 304tr.; 27cm,H.: Xây dựng,2022,2,0,2,3,,,NULL
3400, Nội thất kiến trúc,,Đặng Thái Hoàng,,1,0,2,3,,,NULL
3401," Thiết kế kiến trúc nhà ở dân dụng/Nguyễn Đức Thiềm, Trần Bút",,Xây dựng Hà Nội,2000,1,0,2,3,,,NULL
3402,Architects’data,," Neufert, Ernst",2012,2,0,2,3,,,NULL
3403,"Tiêu chuẩn xây dựng Việt Nam TCXDVN 276:2003 về công trình công cộng - nguyên tắc cơ bản để thiết kế do Bộ Xây dựng ban hành, TCXDVN 276:2003",,,,2,0,2,3,,,NULL
3404," Luật xây dựng ban hành Số 50/2014/QH13, Ngày 18/06/2014",,,,2,0,2,3,,,NULL
3405,"Kiến trúc công trình công cộng - Tập 1/ Nguyễn Việt Châu, Nguyễn Hồng Thục",Dewey Class no. :725 N573-C496-----Call no. :725223; ----- Mô tả: 304tr.;31cm,H.:Xây dựng,2017,1,7,2,3,,,NULL
3406,Kiến trúc cảnh quan/Hàn Tất Ngạn,Dewey Class no. :712H233-N576-----Call no. :221712; ----- Mô tả: 223tr.;27cm,H.:Xây dựng,2020,2,4,2,3,,,NULL
3407,"Lý thuyết kiến trúc/Nguyễn Mạnh Thu, Phùng Đức Tuấn",Dewey Class no. :720.1N573-T532-----Call no. :222720.1 ; ----- Mô tả: 240tr.;27cm,H.:Xây dựng,2019,1,7,2,3,,,NULL
3408,Introduction to architecture,,"Ching, Francis D.K",2012,2,0,2,3,,,NULL
3409,Architects’data,,"Neufert, Ernst",2012,2,0,2,3,,,NULL
3410,Thiết kế nội thất có minh họa/ Francis D.K. Ching; Đặng Thái Hoàng dịch,Dewey Class no. :729C539-----Call no. :222729 ; ----- Mô tả: 297tr. : minh họa.; 31cm,H. : Xây Dựng,2020,2,3,2,3,,,NULL
3411,Sổ tay các công trình xây dựng: Dữ liệu kiến trúc sư/Ernst Neufert,Dewey Class no. :692.20285N482-----Call no. :221692.202 85; ----- Mô tả: 433tr. :29cm..,Hà Nội :Thống kê,2004,2,1,2,3,,,NULL
3412,"Cơ sở tạo hình kiến trúc/ Nguyễn Ngọc Gỉa, Võ Đình Diệp",Dewey Class no. : -----Call no. : 223; ----- Mô tả: 179tr.;27cm,Ha Noi: Xây dựng,:2019,2,0,2,3,,,NULL
3413,Thiết kế kiền trúc nhà ở và nhà thương mại/Thomas Obermeyer,,Giáo dục,2000,2,0,2,3,,,NULL
3414,Giáo trình bố cục 1 & 2.,,Đàm Luyện,,1,0,2,3,,,NULL
3415,Tư duy và tổ hợp kiến trúc/Đặng Thái Hoàng ( Sưu tầm và giới thiệu ),Dewey Class no. :720T883-----Call no. :222720; ----- Mô tả: 207tr.;24cm,Hà Nội:Xây dựng,2012,2,2,2,3,,,NULL
3416,Nghệ thuật và chất liệu,,,,2,0,2,3,,,NULL
3417,Ngôn ngữ và hình thức kiến trúc/Đặng Thái Hoàng,,Xây Dựng,2004,2,0,2,3,,,NULL
3418,"Công nghệ sản xuất ván nhân tạo, Tập1 (Ván dán và ván nhân tạo đặc biệt)",,"Phạm Văn Chương, Nguyễn Hữu Quang",2004,2,0,2,3,,,NULL
3419,"Renewable energy resources / John Twidell, Tony Weir","Dewey Class no. :333.794 T972-----Call no. :333.794 223; ----- Mô tả: xxxi, 784p. ; 25cm",London; New York : Routledge,2015,1,1,2,3,,,NULL
3420,"Công nghệ sản xuất ván nhân tạo, Tập 2 (Ván dăm và ván sợi)",, Phạm Văn Chương,2013,2,0,2,3,,,NULL
3421," Thiết kế kiến trúc nhà ở dân dụng/Nguyễn Đức Thiềm, Trần Bút",,Xây dựng Hà Nội,2000,1,0,2,3,,,NULL
3422,Công nghệ sản xuất vật liệu composite gỗ,,"Lê Xuân Phương, Phan Duy Hưng",2014,2,0,2,3,,,NULL
3423,"Kiến trúc công trình công cộng - Tập 1/ Nguyễn Việt Châu, Nguyễn Hồng Thục",Dewey Class no. :725 N573-C496-----Call no. :725223; ----- Mô tả: 304tr.;31cm,H.:Xây dựng,2017,1,7,2,3,,,NULL
3424,Power quality in Power Systems and Electric Machines,,,2010,1,0,2,3,,,NULL
3425,Khoa học gỗ: Giáo trình Đại học Lâm nghiệp/ Lê Xuân Tình,Dewey Class no. :674.1L433-T588-----Call no. :674.1223; ----- Mô tả: 242tr.: minh họa; 27cm,H.: Nông nghiệp,1998,2,12,2,3,,,NULL
3426,Sổ tay các công trình xây dựng: Dữ liệu kiến trúc sư/Ernst Neufert,Dewey Class no. :692.20285N482-----Call no. :221692.202 85; ----- Mô tả: 433tr. :29cm..,Hà Nội :Thống kê,2004,2,1,2,3,,,NULL
3427,Thiết kế kiền trúc nhà ở và nhà thương mại/Thomas Obermeyer,,Giáo dục,2000,2,0,2,3,,,NULL
3428,"Đường vào nghệ thuật nhiếp ảnh, tập 1,2",,Bùi Minh Sơn,2010,2,0,2,3,,,NULL
3429,Tư duy và tổ hợp kiến trúc/Đặng Thái Hoàng ( Sưu tầm và giới thiệu ),Dewey Class no. :720T883-----Call no. :222720; ----- Mô tả: 207tr.;24cm,Hà Nội:Xây dựng,2012,2,2,2,3,,,NULL
3430,Ngôn ngữ và hình thức kiến trúc/Đặng Thái Hoàng,,Xây Dựng,2004,2,0,2,3,,,NULL
3431,150 Workouts For Student Photographers ,,Easterby John,2010,2,0,2,3,,,NULL
3432," Thiết kế kiến trúc nhà ở dân dụng/Nguyễn Đức Thiềm, Trần Bút",,Xây dựng Hà Nội,2000,1,0,2,3,,,NULL
3433,Basics Creative Photography: Design Principles,,Jeremy Webb,2010,2,0,2,3,,,NULL
3434,Bài giảng môn chuyên đề năng lượng tái tạo,,,,1,0,2,3,,,NULL
3435,Năng lượng tái tạo và sự phát triển bền vững,,,,1,0,2,3,,,NULL
3436,Năng lượng tái tạo ,,  ĐHQG TP.HCM,2012,1,0,2,3,,,NULL
3437,Ứng dụng năng lượng mặt trời để đun nước nóng và sản xuất nước ngọt từ nước biển,, ĐHQG TP.HCM,2012,1,0,2,3,,,NULL
3438,Tiềm năng và phương hướng khai thác các dạng năng lượng tái tạo ở Việt Nam,, ĐHQG TP.HCM,2009,1,0,2,3,,,NULL
3439,Complete Digital Photography,,Seventh Edition,2012,2,0,2,3,,,NULL
3440,Phong điện nguồn năng lượng tái tạo cho Việt Nam,, Lao động ,2010,2,0,2,3,,,NULL
3441,Giáo trình Nhiếp ảnh,,"Cung Dương Hằng, Văn Thế Nguyên ",2016,1,0,2,3,,,NULL
3442,Tự học chụp ảnh,,"LEE Frost, Nhân Văn",,1,0,2,3,,,NULL
3443,"Kiến trúc công trình công cộng - Tập 1/ Nguyễn Việt Châu, Nguyễn Hồng Thục",Dewey Class no. :725 N573-C496-----Call no. :725223; ----- Mô tả: 304tr.;31cm,H.:Xây dựng,2017,1,7,2,3,,,NULL
3444,Năng lượng mặt trời và ứng dụng,, KHKT,2010,2,0,2,3,,,NULL
3445,"Renewable energy resources / John Twidell, Tony Weir","Dewey Class no. :333.794 T972-----Call no. :333.794 223; ----- Mô tả: xxxi, 784p. ; 25cm",London; New York : Routledge,2015,2,1,2,3,,,NULL
3446,Gíáo trình mỹ học đại cương,,Nguyễn Văn Huyên,2004,2,0,2,3,,,NULL
3447,"Mỹ học về cái đẹp, về nghệ thuật , về con người",,TS Lâm Vinh,2002,2,0,2,3,,,NULL
3448,Conversion of coal – fired power plants to cogeneration and conbined – cycle ,,Spinger – Verlag London Limited  ,2011,2,1,2,3,,,NULL
3449, Lò hơi - Tập 1+2,,Nhà xuất bản khoa học và kỹ thuật,2006,2,0,2,3,,,NULL
3450,Mỹ học đại cương,,Đỗ Văn Khang,2002,2,0,2,3,,,NULL
3451,Bài giảng môn chuyên đề năng lượng tái tạo,,,,1,0,2,3,,,NULL
3452,Năng lượng tái tạo và sự phát triển bền vững,,,,1,0,2,3,,,NULL
3453,Mỹ học kiến trúc,,Uông Chính Chương,2011,1,4,2,3,,,NULL
3454,Năng lượng tái tạo ,,  ĐHQG TP.HCM,2012,1,0,2,3,,,NULL
3455,Sổ tay các công trình xây dựng: Dữ liệu kiến trúc sư/Ernst Neufert,Dewey Class no. :692.20285N482-----Call no. :221692.202 85; ----- Mô tả: 433tr. :29cm..,Hà Nội :Thống kê,2004,2,1,2,3,,,NULL
3456,"Mỹ học đại cương/Lê Văn Dương, Lê Đình Lục, Lê Hồng Vân",Dewey Class no. :111.85L433-D928-----Call no. :111.85221; ----- Mô tả: 242tr.;21cm.,H.:Giáo Dục Việt Nam,2011,1,3,2,3,,,NULL
3457,Sổ tay các công trình xây dựng: Dữ liệu kiến trúc sư/Ernst Neufert,Dewey Class no. :692.20285N482-----Call no. :221692.202 85; ----- Mô tả: 433tr. :29cm..,Hà Nội :Thống kê,2004,2,1,2,3,,,NULL
3458,Bảo toàn và quản lý năng lượng trong công nghiệp và trong các tòa nhà,, KH-KT,2015,1,0,2,3,,,NULL
3459,Sổ tay các công trình xây dựng: Dữ liệu kiến trúc sư/Ernst Neufert,Dewey Class no. :692.20285N482-----Call no. :221692.202 85; ----- Mô tả: 433tr. :29cm..,Hà Nội :Thống kê,2004,2,1,2,3,,,NULL
3460,Giáo trình mỹ học Mác – Lê Nin,,Học viện Chính trị Quốc gia Hồ Chí Minh,,1,0,2,3,,,NULL
3461,Ứng dụng năng lượng mặt trời để đun nước nóng và sản xuất nước ngọt từ nước biển,,", ĐHQG TP.HCM",2012,1,0,2,3,,,NULL
3462,Tiềm năng và phương hướng khai thác các dạng năng lượng tái tạo ở Việt Nam,,", ĐHQG TP.HCM",2009,1,0,2,3,,,NULL
3463,Thiết kế kiền trúc nhà ở và nhà thương mại/Thomas Obermeyer,,Giáo dục,2000,2,0,2,3,,,NULL
3464,Architects’ data,,Enst và Peter Neufert,2006,2,0,2,3,,,NULL
3465,Phong điện nguồn năng lượng tái tạo cho Việt Nam,, Lao động ,2010,2,0,2,3,,,NULL
3466,"Tiêu chuẩn xây dựng Việt Nam TCXDVN 276:2003 về công trình công cộng - nguyên tắc cơ bản để thiết kế do Bộ Xây dựng ban hành, TCXDVN 276:2003",,,2003,2,0,2,3,,,NULL
3467,Thiết kế kiền trúc nhà ở và nhà thương mại/Thomas Obermeyer,,Giáo dục,2000,2,0,2,3,,,NULL
3468,Năng lượng mặt trời và các ứng dụng,, KHKT,2010,2,0,2,3,,,NULL
3469,"Luật xây dựng ban hành Số 50/2014/QH13, Ngày 18/06/2014",,,,2,0,2,3,,,NULL
3470,Thiết kế kiền trúc nhà ở và nhà thương mại/Thomas Obermeyer,,Giáo dục,2000,2,0,2,3,,,NULL
3471,Kiến trúc cảnh quan/Hàn Tất Ngạn,Dewey Class no. :712H233-N576-----Call no. :221712; ----- Mô tả: 223tr.;27cm,H.:Xây dựng,2020,2,4,2,3,,,NULL
3472,Nguyên lý thiết kế kiến trúc dân dụng - Kiến trúc nhà công cộng: Giáo trình đào tạo kiến trúc sư/ Nguyễn Đức Thiềm,Dewey Class no. :-----Call no. :223; ----- Mô tả: 353tr.;27cm,H.: Xây dựng,2020,2,0,2,3,,,NULL
3473,Tư duy và tổ hợp kiến trúc/Đặng Thái Hoàng ( Sưu tầm và giới thiệu ),Dewey Class no. :720T883-----Call no. :222720; ----- Mô tả: 207tr.;24cm,Hà Nội:Xây dựng,2012,2,2,2,3,,,NULL
3474,Tư duy và tổ hợp kiến trúc/Đặng Thái Hoàng ( Sưu tầm và giới thiệu ),Dewey Class no. :720T883-----Call no. :222720; ----- Mô tả: 207tr.;24cm,Hà Nội:Xây dựng,2012,2,2,2,3,,,NULL
3475,Tư duy và tổ hợp kiến trúc/Đặng Thái Hoàng ( Sưu tầm và giới thiệu ),Dewey Class no. :720T883-----Call no. :222720; ----- Mô tả: 207tr.;24cm,Hà Nội:Xây dựng,2012,2,2,2,3,,,NULL
3476,Nội thất kiến trúc,,Đặng Thái Hoàng,,1,0,2,3,,,NULL
3477,Ngôn ngữ và hình thức kiến trúc/Đặng Thái Hoàng,,Xây Dựng,2004,2,0,2,3,,,NULL
3478,Architects’ data,,Enst và Peter Neufert,2006,2,0,2,3,,,NULL
3479,Năng lượng tái tạo ,,  ĐHQG TP.HCM,2012,1,0,2,3,,,NULL
3480,Ngôn ngữ và hình thức kiến trúc/Đặng Thái Hoàng,,Xây Dựng,2004,2,0,2,3,,,NULL
3481,"Tiêu chuẩn xây dựng Việt Nam TCXDVN 276:2003 về công trình công cộng - nguyên tắc cơ bản để thiết kế do Bộ Xây dựng ban hành, TCXDVN 276:2003",,,2003,2,0,2,3,,,NULL
3482,Ứng dụng năng lượng mặt trời để đun nước nóng và sản xuất nước ngọt từ nước biển,,ĐHQG TP.HCM,2012,1,0,2,3,,,NULL
3483,"Luật xây dựng ban hành Số 50/2014/QH13, Ngày 18/06/2014",,,,2,0,2,3,,,NULL
3484,Ngôn ngữ và hình thức kiến trúc/Đặng Thái Hoàng,,Xây Dựng,2004,2,0,2,3,,,NULL
3485,Kiến trúc cảnh quan/Hàn Tất Ngạn,Dewey Class no. :712H233-N576-----Call no. :221712; ----- Mô tả: 223tr.;27cm,H.:Xây dựng,2020,2,4,2,3,,,NULL
3486,Tiềm năng và phương hướng khai thác các dạng năng lượng tái tạo ở Việt Nam,, ĐHQG TP.HCM,2009,1,0,2,3,,,NULL
3487,Giáo trình Nhập môn Công nghệ Kỹ thuật Nhiệt,,,,1,0,2,3,,,NULL
3488," Thiết kế kiến trúc nhà ở dân dụng/Nguyễn Đức Thiềm, Trần Bút",,H.:Xây dựng,2000,1,0,2,3,,,NULL
3489,Kiến trúc nhà công cộng: Giáo trình đào tạo kiến trúc sư/ Nguyễn Đức Thiềm ,Dewey Class no. :725N573-T433-----Call no. :222725; ----- Mô tả: 353tr.; 27cm,H.: Xây dựng,2020,2,7,2,3,,,NULL
3490,Sổ tay sinh viên 2017,,ĐHSPKT Tp. Hồ Chí Minh,,2,0,2,3,,,NULL
3491,Nội thất kiến trúc,,Đặng Thái Hoàng,,1,0,2,3,,,NULL
3492,Engineering fundamentals : an introduction to engineering / Saeed Moaveni; Ishan Sharma (SI edition prepared),"Dewey Class no. :620 M687-----Call no. :620 223; ----- Mô tả: xviii, 689p. ; 24 cm",Stamford : Cengage Learning,2011,2,1,2,3,,,NULL
3493," Thiết kế kiến trúc nhà ở dân dụng/Nguyễn Đức Thiềm, Trần Bút",,H.:Xây dựng,2000,1,0,2,3,,,NULL
3494,Sổ tay các công trình xây dựng: Dữ liệu kiến trúc sư/Ernst Neufert,"DDC no. :692.20285N482, Call no. :221692.202 85; Mô tả: 433tr. :29cm..",Hà Nội :Thống kê,2004,1,1,2,3,,,NULL
3495," Thiết kế kiến trúc nhà ở dân dụng/Nguyễn Đức Thiềm, Trần Bút",,H.:Xây dựng,2000,1,0,2,3,,,NULL
3496,Thiết kế kiền trúc nhà ở và nhà thương mại,,Thomas Obermeyer,2000,2,0,2,3,,,NULL
3497,Tư duy và tổ hợp kiến trúc/ Đặng Thái Hoàng (Sưu tầm và Giới thiệu),Dewey Class no. :720 T883-----Call no. :720 223; ----- Mô tả: 207tr.; 24cm,H.: Xây dựng,2022,2,7,2,3,,,NULL
3498,Ngôn ngữ và hình thức kiến trúc,,Đặng Thái Hoàng,2004,2,0,2,3,,,NULL
3499,"Kiến trúc công trình công cộng - Tập 1/ Nguyễn Việt Châu, Nguyễn Hồng Thục",Dewey Class no. :725 N573-C496-----Call no. :725223; ----- Mô tả: 304tr.;31cm,H.:Xây dựng,2017,1,7,2,3,,,NULL
3500,"Kiến trúc công trình công cộng - Tập 1/ Nguyễn Việt Châu, Nguyễn Hồng Thục",Dewey Class no. :725 N573-C496-----Call no. :725223; ----- Mô tả: 304tr.;31cm,H.:Xây dựng,2017,1,7,2,3,,,NULL
3501,"Kiến trúc công trình công cộng - Tập 1/ Nguyễn Việt Châu, Nguyễn Hồng Thục",Dewey Class no. :725 N573-C496-----Call no. :725223; ----- Mô tả: 304tr.;31cm,H.:Xây dựng,2017,1,7,2,3,,,NULL
3502, Thiết kế kiến trúc nhà ở dân dụng,,"Nguyễn Đức Thiềm, Trần Bút",2000,1,0,2,3,,,NULL
3503,Fuel cell technology handbook/ Gregor Hoogers,"Dewey Class no. :621.312H779-----Call no. :621.312223; ----- Mô tả: xvi, 328p.; 26cm",Boca Raton : CRC Press,2003,1,1,2,3,,,NULL
3504,Kiến trúc công trình công cộng,,"Nguyễn Việt Châu, Nguyễn Thúc Hoàng",,1,0,2,3,,,NULL
3505,"Fuel cell fundamentals / Ryan O'Hayre, Suk-Won Cha, Whitney G. Colella, Fritz B. Prinz","Dewey Class no. :621.312429F953-----Call no. :621.312429223; ----- Mô tả: xx, 580p.; 24cm",Hoboken,New Jersey : John Wiley & Sons Inc.,1,1,2,3,,,NULL
3506,"Hydrogen fuel cells for road vehicles /Pasquale Corbo, Fortunato Migliardini, Ottor Veneri","Dewey Class no. :629.2C792-----Call no. :629.2223; ----- Mô tả: ix, 245p.; 24cm",London : Springer,2011,1,1,2,3,,,NULL
3507,"Kiến trúc công trình công cộng - Tập 1/ Nguyễn Việt Châu, Nguyễn Hồng Thục","DDC no. :725 N573-C496, Call no. :725223; Mô tả: 304tr.;31cm",H.:Xây dựng,2017,1,7,2,3,,,NULL
3508,Fuel cell technology: Reaching towards commercialization/ Nigel Sammes,"Dewey Class no. :621.312429S189-----Call no. :621.312 429223; ----- Mô tả: xii, 298p.; 24cm",London: Springer,2006,1,1,2,3,,,NULL
3509,Sổ tay các công trình xây dựng: Dữ liệu kiến trúc sư/Ernst Neufert,Dewey Class no. :692.20285N482-----Call no. :221692.202 85; ----- Mô tả: 433tr. :29cm..,Hà Nội :Thống kê,2004,2,1,2,3,,,NULL
3510,Sổ tay các công trình xây dựng: Dữ liệu kiến trúc sư/Ernst Neufert,"DDC no. :692.20285N482, Call no. :221692.202 85; Mô tả: 433tr. :29cm..",Hà Nội :Thống kê,2004,2,1,2,3,,,NULL
3511,Công nghệ chế tạo ô tô,,"""Phạm Xuân Mai,  Nguyễn Văn Trạng, Cao Hùng Phi, Hồ Hữu Chấn, Nguyễn Văn Phục""",2020,1,156,2,3,,,NULL
3512,Thiết kế kiền trúc nhà ở và nhà thương mại/Thomas Obermeyer,,Giáo dục,2000,2,0,2,3,,,NULL
3513,Thiết kế kiền trúc nhà ở và nhà thương mại/Thomas Obermeyer,,Giáo dục,2000,2,0,2,3,,,NULL
3514,The Automotive Body Manufacturing System and Process,, Mohammed A. Omar,2011,2,0,2,3,,,NULL
3515,Tư duy và tổ hợp kiến trúc/Đặng Thái Hoàng ( Sưu tầm và giới thiệu ),Dewey Class no. :720T883-----Call no. :222720; ----- Mô tả: 207tr.;24cm,Hà Nội:Xây dựng,2012,2,2,2,3,,,NULL
3516,Tư duy và tổ hợp kiến trúc/Đặng Thái Hoàng ( Sưu tầm và giới thiệu ),Dewey Class no. :720T883-----Call no. :222720; ----- Mô tả: 207tr.;24cm,Hà Nội:Xây dựng,2012,2,2,2,3,,,NULL
3517,"Automotive Body, V1 and V2",,Lorenzo Morello.,2011,2,0,2,3,,,NULL
3518,Automotive painting processes,,Michael Hilt,2011,2,0,2,3,,,NULL
3519,Ngôn ngữ và hình thức kiến trúc/Đặng Thái Hoàng,,Xây Dựng,2004,2,0,2,3,,,NULL
3520,Ngôn ngữ và hình thức kiến trúc/Đặng Thái Hoàng,,Xây Dựng,2004,2,0,2,3,,,NULL
3521,Giáo trình quản lý dịch vụ ô tô,,ThS. Nguyễn Văn Long Giang (chủ biên),2012,1,0,2,3,,,NULL
3522," Thiết kế kiến trúc nhà ở dân dụng/Nguyễn Đức Thiềm, Trần Bút",,H.:Xây dựng,2000,1,0,2,3,,,NULL
3523,Service Advisor Training Course Book,,Roger Weissman,2011,1,0,2,3,,,NULL
3524," Thiết kế kiến trúc nhà ở dân dụng/Nguyễn Đức Thiềm, Trần Bút",,H.:Xây dựng,2000,1,0,2,3,,,NULL
3525,Service Advisor Training Program,,Irenne M.McDonal PhD & Jerrold Roth,2001,2,0,2,3,,,NULL
3526,Advisor Training Handbook,,McLennan,2017,2,0,2,3,,,NULL
3527,"Kiến trúc công trình công cộng - Tập 1/ Nguyễn Việt Châu, Nguyễn Hồng Thục",Dewey Class no. :725 N573-C496-----Call no. :725223; ----- Mô tả: 304tr.;31cm,H.:Xây dựng,2017,1,7,2,3,,,NULL
3528,"Kiến trúc công trình công cộng - Tập 1/ Nguyễn Việt Châu, Nguyễn Hồng Thục",Dewey Class no. :725 N573-C496-----Call no. :725223; ----- Mô tả: 304tr.;31cm,H.:Xây dựng,2017,1,7,2,3,,,NULL
3529,Custumer Satisfaction,,Kazuhiro Kogomori,2013,2,0,2,3,,,NULL
3530,Phong điện nguồn năng lượng tái tạo cho Việt Nam,, Lao động ,2010,2,0,2,3,,,NULL
3531,Bài giảng môn chuyên đề năng lượng tái tạo,,,,1,0,2,3,,,NULL
3532,Internal combustion engine fundamentals / John B. Heywood,"Dewey Class no. :621.43 H622-----Call no. :621.43 223; ----- Mô tả: xxix, 930p. ; 26 cm",New York. : McGraw-Hill,1988,1,1,2,3,,,NULL
3533,An introduction to combustion: Consepts and Applications/Stephen R. Turns,Dewey Class no. :621.4023T956-----Call no. :220621.4023; ----- Mô tả: 565p. includes index; 23cm..,New York:McGraw-Hill,Inc. 1996..,1,1,2,3,,,NULL
3534,Thiết kế kiền trúc nhà ở và nhà thương mại/Thomas Obermeyer,,Giáo dục,2000,2,0,2,3,,,NULL
3535,Ứng dụng máy tính trong mộ phỏng động cơ,,PGS.TS. Lý Vĩnh Đạt,2017,1,416,2,3,,,NULL
3536,Engineering Fundamentals of the Internal Combustion Engine,,Willard W. Pulkrabek,,2,0,2,3,,,NULL
3537,Advanced Engine Technology,,,1999,2,0,2,3,,,NULL
3538,Tư duy và tổ hợp kiến trúc/ Đặng Thái Hoàng (Sưu tầm và Giới thiệu),Dewey Class no. :720 T883-----Call no. :720 223; ----- Mô tả: 207tr.; 24 cm,H.: Xây dựng,2017,2,3,2,3,,,NULL
3539,"Combustion / Irvin Glassman, Richard A. Yetter, Nick G. Glumac","Dewey Class no. :541.361G549-----Call no. :541.361223; ----- Mô tả: xv,757p.; 24cm",Waltham,MA : Academic Press,2,1,2,3,,,NULL
3540,Ngôn ngữ và hình thức kiến trúc/Đặng Thái Hoàng,,Xây Dựng,2004,2,0,2,3,,,NULL
3541,The Thermodynamics and Gas Dynamics of Internal Combustion Engine,,"R, S. Benson",1982,2,0,2,3,,,NULL
3542," Thiết kế kiến trúc nhà ở dân dụng/Nguyễn Đức Thiềm, Trần Bút",,H.:Xây dựng,2000,1,0,2,3,,,NULL
3543,"Kiến trúc công trình công cộng/Nguyễn Việt Châu, Nguyễn Thúc Hoàng",,,,1,0,2,3,,,NULL
3544,Thực tập động cơ đốt trong,,Nguyễn Tấn Lộc,2014,1,0,2,3,,,NULL
3545,Thực tập hệ thống điều khiển động cơ,,Nguyễn Tấn Lộc,2014,1,0,2,3,,,NULL
3546,Động cơ đốt trong,,Lý Vĩnh Đạt,2014,1,0,2,3,,,NULL
3547,Tính toán động cơ đốt trong,,Nguyễn Văn Trạng,2014,1,0,2,3,,,NULL
3548,Điện động cơ và điều khiển động cơ/ Đỗ Văn Dũng,Dewey Class no. :629.25Đ631-D916-----Call no. :629.25222; ----- Mô tả: 407tr.;29cm,Tp. Hồ Chí Minh:Đại học Quốc gia Tp. Hồ Chí Minh,2013,1,705,2,3,,,NULL
3549,Hệ thống điện thân xe và điều khiển tự động trên ô tô/ Đỗ Văn Dũng,Dewey Class no. :629.28722Đ631-D916-----Call no. :222629.287 22; ----- Mô tả: 229tr..;27cm..,TP. HCM:ĐH Sư phạm Kỹ thuật,2007,1,266,2,3,,,NULL
3550,"Fundamentals of Engineering Graphics, Cesil Jesen",,,2006,2,0,2,3,,,NULL
3551,"Automobile electrical and electronic system, 3rd edition",,Tom Denton,2004,2,0,2,3,,,NULL
3552,"Understanding automotive electronics, 8th edition",,Willian B. Ribbens,2017,2,1,2,3,,,NULL
3553,"Động cơ đốt trong 2:Giáo trình dành cho sinh viên Đại học chính quy, Đại học khối k3/7/Nguyễn Văn Trạng",Dewey Class no. :621.43N573-T772-----Call no. :221621.43; ----- Mô tả: 197tr.;29cm.,TP. HCM:ĐH Sư phạm Kỹ thuật,2006,1,271,2,3,,,NULL
3554,Design of Automotive Engines,,"A. Kolchin, A. Demidov",,2,0,2,3,,https://thuvienso.hcmute.edu.vn/tailieuvn/doc/design-of-automotive-engines-2022964.html,NULL
3555,Vẽ kiến trúc - Tập 2/Đặng Văn Cứ- Nguyễn Văn Tuấn,,Giáo dục,2006,1,0,2,3,,,NULL
3556,The Internal Combustion Engine in Theory and Practice,,Charles Fayette Taylor,1985,2,0,2,3,,,NULL
3557,"Động cơ đốt trong 1:Môn học: 1230021 - Động cơ đốt trong 1; Giáo trình cho sinh viên đại học, cao đẳng, khối K/Nguyễn Văn Trạng",Dewey Class no. :621.43N573-T772-----Call no. :221621.43; ----- Mô tả: 327tr.;29cm.,TP. HCM:ĐH Sư phạm Kỹ thuật,2005,1,269,2,3,,,NULL
3558,Nguyên lý động cơ đốt trong /Nguyễn Tất Tiến,Dewey Class no. :621.43N573-T562-----Call no. :222621.43; ----- Mô tả: 491tr.; 27cm.,Hà Nội:Giáo Dục,2010,1,6,2,3,,,NULL
3559,"Bài tập vẽ kiến trúc - Tập 1/Trần Hữu Quế, Nguyễn Văn Tuấn",,Giáo dục,,1,0,2,3,,,NULL
3560,Internal combustion engine fundamentals / John B. Heywood,"Dewey Class no. :621.43 H622-----Call no. :621.43 223; ----- Mô tả: xxix, 930p. ; 26 cm",New York. : McGraw-Hill,1988,1,1,2,3,,,NULL
3561,Engineering Fundamentals of the Internal Combustion Engine,,Willard W. Pulkrabek,,2,0,2,3,,https://thuvienso.hcmute.edu.vn/tailieuvn/doc/engineering-fundamentals-of-the-internal-combustion-engine-1225138.html,NULL
3562,"Bản vẽ kỹ thuật tiêu chuẩn quốc tế/Trần Hữu Quế, Nguyễn Văn Tuấn(dịch)",Dewey Class no. :604B212-----Call no. :221604; ----- Mô tả: 399tr;27cm..,H:Giáo dục,1998,1,18,2,3,,,NULL
3563,"Hình học họa hình - Tập 1:Phương pháp hai hình chiếu thẳng góc, Phương pháp hình chiếu trục đo/Nguyễn Đình Điện (Chủ biên), Đỗ Mạnh Môn",Dewey Class no. :516.2307N573-Đ562-----Call no. :221516.2307; ----- Mô tả: 187tr.;27cm,H.:Giáo Dục,2012,1,5,2,3,,,NULL
3564,Giáo trình nhập môn Công nghệ Kỹ thuật Ô tô,,Đỗ Văn Dũng,2012,1,0,2,3,,,NULL
3565,Giáo trình điện tử nhập môn Công nghệ Kỹ thuật Ô tô,,"Đỗ Văn Dũng, Nguyễn Tấn Quốc",2012,1,0,2,3,,,NULL
3566,Engineering: Issues Challenges and Opportunities for Development,,UNESCO Report,2010,2,0,2,3,,,NULL
3567,Introduction to Engineering Ethics,,"Mike Martin, Roland Schinzinger",2009,2,0,2,3,,,NULL
3568,"Exploring Engineering – An Introduction to Engineering and Design, 4th Edition",,"Philip Kosky, Robert Balmer, William Keat, George Wise",2016,2,2,2,3,,,NULL
3569,Tài liệu đào tạo TEAM 21,,Toyota,,2,0,2,3,,,NULL
3570,Toyota computer control system,,,,1,0,2,3,,,NULL
3571,Advanced automotive fault diagnosis,,Tom Denton,2004,1,0,2,3,,http://172.30.11.76:4000/handle/123456789/516,NULL
3572,"Diagnosis and troubleshooting of automotive electrical, electronic and computer system",,James Halderman,,1,0,2,3,,,NULL
3573,"Hóa phân tích:Dùng cho sinh viên không chuyên Hóa/Hồ Thị Yêu Ly, Phan Thị Anh Đào",Dewey Class no. :543H678-L981-----Call no. :543223; ----- Mô tả: 244tr.;24cm,Tp.Hồ Chí Minh:Đại học Quốc gia Tp. Hồ Chí Minh,2018,1,272,2,3,,,NULL
3574,"Automotive fuel and emissions control systems, 4th edition",,James D Halderman Jim Linder,2016,1,2,2,3,,,NULL
3575,"Fundamentals of analytical chemistry / Douglas A. Skoog, Donald M. West, F. James Holler, Stanley R. Crouch","Dewey Class no. :543 F981-----Call no. :543 223; ----- Mô tả: xv, 1032p. ; 28 cm",Boston,USA : Cengage,1,1,2,3,,,NULL
3576,Giáo trình thực tập động cơ đốt trong,,,,1,0,2,3,,,NULL
3577,Auto engine repair (6th ed.),,"Duffy, J. E.",2015,2,2,2,3,,,NULL
3578,"Automotive Engines: Diagnosis, Repair, Rebuilding (6th Edition)",,Tim Gilles,2011,2,0,2,3,,,NULL
3579,Bài giảng Công nghệ chế biến lương thực,,,,1,0,2,3,,,NULL
3580,Food additives,,Marcel Dekker Inc,2001,2,0,2,3,,http://172.30.11.76:4000/handle/123456789/604,NULL
3581,Advanced automotive fault diagnosis,,Tom Denton,2004,1,0,2,3,,http://172.30.11.76:4000/handle/123456789/516,NULL
3582,Analytical methods for food additives,,Woodhead Publishing,2004,2,0,2,3,,http://172.30.11.76:4000/handle/123456789/605,NULL
3583,"Diagnosis and troubleshooting of automotive electrical, electronic and computer system",,James Halderman,,1,0,2,3,,,NULL
3584, Handbook of herbs and spices,,Woodhead Publishing,2000,2,0,2,3,,http://172.30.11.76:4000/handle/123456789/606,NULL
3585,"Automotive fuel and emissions control systems, 4th edition",,James D Halderman Jim Linder,2016,1,2,2,3,,,NULL
3586,"Principles of fermentation technology / Peter F. Stanbury, Allan Whitaker, Stephen J. Hall","Dewey Class no. :664.024 S784-----Call no. :664.024 223; ----- Mô tả: xix, 803p. ; 24 cm",Oxford : Butterworth-Heinemann,2017,1,1,2,3,,,NULL
3587,Bài giảng Công nghệ lên men,,,2014,2,1,2,3,,,NULL
3588,Microbial Growth Kinetics,, Chapman & Hall,1995,2,0,2,3,,,NULL
3589,Practical Fermentation Technology,,John Wiley & Sons,2008,2,0,2,3,,,NULL
3590,"Vẽ kỹ thuật xây dựng:Môn học: 1217100 - Vẽ kỹ thuật trong xây dựng; Đã được Hội đồng môn học của Bộ Giáo dục và Đào tạo thông qua dùng làm tài liệu giảng dạy cho các trường Đại học Kĩ thuật/Đoàn Như Kim, Nguyễn Quang Cự, Dương Tiến Thọ",Dewey Class no. :604.24Đ631-K49-----Call no. :221604.24; ----- Mô tả: 227tr.;27cm,H.:Giáo dục,2011,1,51,2,3,,,NULL
3591,Hóa sinh học: Đã được hội đồng thẩm định sách của bộ giáo dục và đào tạo giới thiệu làm sách dùng chung cho các trường đại học sư phạm,,Giáo dục,2011,2,3,2,3,,,NULL
3592,Tính toán nhiệt và Động lực học động cơ đốt trong,,"Phạm Xuân Mai, Văn Thị Bông",2002,1,0,2,3,,,NULL
3593,Nguyên lý động cơ đốt trong /Nguyễn Tất Tiến,Dewey Class no. :621.43N573-T562-----Call no. :222621.43; ----- Mô tả: 491tr.; 27cm.,Hà Nội:Giáo Dục,2010,1,6,2,3,,,NULL
3594,"Vẽ kỹ thuật xây dựng:Môn học: 1217100 - Vẽ kỹ thuật trong xây dựng; Đã được Hội đồng môn học của Bộ Giáo dục và Đào tạo thông qua dùng làm tài liệu giảng dạy cho các trường Đại học Kĩ thuật/Đoàn Như Kim, Nguyễn Quang Cự, Dương Tiến Thọ",Dewey Class no. :604.24Đ631-K49-----Call no. :221604.24; ----- Mô tả: 227tr.;27cm,H.:Giáo dục,2011,1,51,2,3,,,NULL
3595,Hóa học thực phẩm/Hoàng Kim Anh,Dewey Class no. :664H678-A596-----Call no. :222664; ----- Mô tả: 382tr;21cm,Tp.HCM.:Khoa học và kỹ thuật,2006,2,150,2,3,,,NULL
3596,Tính toán Động cơ đốt trong,,"Nguyễn Tất Tiến, Hồ Tấn Chuẩn, Trần Văn Tế, Trần Đức Phú",1996,2,0,2,3,,,NULL
3597,"Biochemistry - 7th Edition,",,W. H. Freeman and Company,2012,1,1,2,3,,http://172.30.11.76:4000/handle/123456789/601,NULL
3598,Giáo trình dao động và tiếng ồn ô tô/ Lâm Mai Long,Dewey Class no. :629.25 L213-L848-----Call no. :629.25 223; ----- Mô tả: 114tr. ; 24 cm,Tp.Hồ Chí Minh : Đại học Quốc gia Tp. Hồ Chí Minh,2017,2,517,2,3,,,NULL
3599,"Lehnigher Principles of Biochemistry – 6th Edition,",,W. H. Freeman and Company,2013,1,0,2,3,,http://172.30.11.76:4000/handle/123456789/602,NULL
3600,Motorova vozidla CVUT Praha,,Milan Apetaur,1977,2,0,2,3,,,NULL
3601,Vehicle refinement – Controlling noise  and vibration,,Matthew Harrison,2004,2,0,2,3,,,NULL
3602,Food Biotechnology (Second edition),, Taylor & Francis Group,2006,1,1,2,3,,,NULL
3603,"Fundamentals of Food Biotechnology, (Second edition)",,"Fundamentals of Food Biotechnology, (Second edition)",2015,1,0,2,3,,,NULL
3604,Công nghệ sinh học/Nguyễn Đức Lượng,Dewey Class no. :660.62N573-L694-----Call no. :660.62221; ----- Mô tả: 403tr;27cm,Tp.HCM:Đại học kỹ thuật,?,1,2,2,3,,,NULL
3605,Vehicle Dynamics and Control,,Rajesh Rajamani,2012,1,0,2,3,,,NULL
3606,MATLAB Documentation,,MathWorks,,1,0,2,3,,,NULL
3607,"Công nghệ tế bào/Nguyễn Đức Lượng, Lê Thị Thuỷ Tiên",Dewey Class no. :660.6N573-L964-----Call no. :222660.6; ----- Mô tả: 376tr.;24cm,Tp.HCM :Đại học Quốc gia Tp.HCM,2002,1,8,2,3,,,NULL
3608,ANSYS Documentation,,ANSYS,,1,0,2,3,,,NULL
3609,Công nghệ enzyme,,ĐHQG TP.HCM,,2,9,2,3,,,NULL
3610,Mathematical Modeling and Simulation,,Kai Velten,2009,2,0,2,3,,,NULL
3611,Công nghệ sinh học – tập 1,,Giáo dục,,2,4,2,3,,,NULL
3612,"Hình học họa hình - Tập 1:Hình chiếu thẳng góc, hình chiếu trục đo/Nguyễn Mạnh Dũng (Chủ biên), Nguyễn Văn Điểm",Dewey Class no. :516.2307N573-Đ562-----Call no. :221516.2307; ----- Mô tả: 215tr.;27cm.,H.:Giáo Dục Việt Nam,2009,1,9,2,3,,,NULL
3613,"Phương pháp tính ứng dụng với matlab/ Nguyễn Hoài Sơn, Nguyễn Quận, Trang Tấn Triển, Lâm Phát Thuận",Dewey Class no. :518.0285P577-----Call no. :518.0285223; ----- Mô tả: 215tr.; 24 cm,Tp. Hồ Chí Minh:Đại học Quốc gia Tp. Hồ Chí Minh,2018,2,288,2,3,,,NULL
3614,Nhập môn công nghệ sinh học /Phạm Thành Hổ,Dewey Class no. :660.6P534-H678-----Call no. :221660.6; ----- Mô tả: 311tr ;24cm,Tp.HCM :Giáo dục,2005,2,8,2,3,,,NULL
3615,MATLAB Programming for Engineers,,Stephen J. Chapman,2016,2,0,2,3,,,NULL
3616,Applicationof Biotechnology to Traditional fermented food,,National Academy Press,1992,2,0,2,3,,http://172.30.11.76:4000/handle/123456789/618,NULL
3617,Mô phỏng động lực học trên ô tô bằng các phần mềm máy tính,,Ngô Văn Hiện,2014,2,0,2,3,,,NULL
3618,Plant biotechnology and transgenic plant,,"Marcel Dekker, Inc.",2002,2,0,2,3,,,NULL
3619,Giáo trình ANSYS - phân tích ứng suất và biến dạng/Đỗ Thành Trung,Dewey Class no. :620.00420285Đ631-T871-----Call no. :620.00420285222; ----- Mô tả: 215tr.;24cm,Tp.Hồ Chí Minh:Đại học Quốc gia Tp.Hồ Chí Minh,2013,2,586,2,3,,,NULL
3620,Animal cell technology: challenges for the 21st century,,Kluwer Academic Publishers,2002,2,0,2,3,,,NULL
3621,"Giáo trình Ansys - Phân tích cơ cấu động/ Phạm Sơn Minh, Đỗ Thành Trung",Dewey Class no. :620.00285 P534-M664-----Call no. :620.00285 223; ----- Mô tả: 251tr.; 24 cm,Tp.Hồ Chí Minh: Trường Đại học Quốc gia Tp. Hồ Chí Minh,2017,2,543,2,3,,,NULL
3622,Bài giảng thực tập sửa chữa thân vỏ ô tô ĐHSPKT TP.HCM,,Dương Tuấn Tùng,2013,1,0,2,3,,,NULL
3623,Hóa sinh đại cương/ Đặng Thị Ngọc Dung,,,2005,1,0,2,3,,,NULL
3624,Tài liệu đào tạo kỹ thuật TOYOTA – Kỹ thuật sửa chữa thân vỏ và sơn xe,,,,2,0,2,3,,,NULL
3625,"Các quá trình, thiết bị trong công nghệ hóa học và thực phẩm : Công nghệ lạnh :Tập 1 /Trần Đức Ba, Nguyễn Tấn Dũng, Lê Văn Tán,...",Dewey Class no. :660.28C118-----Call no. :222660.28; ----- Mô tả: 537tr.;27cm.,Tp.HCM:Đại học Quốc gia Tp.HCM,2007,2,134,2,3,,,NULL
3626,"Công nghệ lạnh ứng dụng trong sản xuất nước đá, đá khô và nước giải khát/Nguyễn Tấn Dũng, Trịnh Văn Dũng, Trần Ngọc Hào, Trần Đức Ba",Dewey Class no. :621.56C749-----Call no. :621.56222; ----- Mô tả: 608tr.;24cm,Tp.HCM:Đại học Quốc gia Tp. Hồ Chí Minh,2008,2,21,2,3,,,NULL
3627,"Các quá trình và thiết bị truyền khối, Tập 3",,ĐHQG TP.HCM,2016,1,0,2,3,,,http://172.16.2.21/libol50/search/detail.asp?ID=61096
3628,"Introduction to Food Engineering, 3rd",,Publishing,2012,1,3,2,3,,http://172.30.11.76:4000/handle/123456789/597,NULL
3629,"Bài giảng thực tập hệ thống treo, lái, góc đặt bánh xe và hệ thống phanh trên ô tô",,Nguyễn Văn Toàn,,1,0,2,3,,,NULL
3630,Unit Operation in Food Engineering,,CRC Press,2003,2,0,2,3,,http://172.30.11.76:4000/handle/123456789/598,NULL
3631,"Génie des procédés alimantaires, des bases aux applications",,Paris,2002,2,0,2,3,,,NULL
3632,Modern Automotive Technology,,James E. Duffy,1994,2,0,2,3,,,NULL
3633,Wheel alignment,,Toyota,,2,0,2,3,,,NULL
3634,"Các quá trình, thiết bị trong công nghệ hóa chất và thực phẩm -Tập 5 :Các quá trình hóa học /Nguyễn Bin",Dewey Class no. :660.28N573-B612-----Call no. :221660.28; ----- Mô tả: 320tr.;24cm,H.:Khoa học và kỹ thuật,2005,2,5,2,3,,,NULL
3635,"Suspension system, Tems and Emas",,Toyota,,2,0,2,3,,,NULL
3636,Steering system,,Toyota,,2,0,2,3,,,NULL
3637,Food Microbiology,,Tài liệu lưu hành nội bộ,,1,0,2,3,,,NULL
3638,Electric steering system,,Toyota,,2,0,2,3,,,NULL
3639,Braking system,,Toyota,,2,0,2,3,,,NULL
3640,Food Microbiology. Second EditionSoftware,,The Royal Society of Chemistry,2005,1,0,2,3,,http://172.30.11.76:4000/handle/123456789/603,http://172.16.2.21/libol50/search/detail.asp?ID=58188
3641,Food analysis / Edited by S. Suzanne Nielsen,"Dewey Class no. :664.07 F686-----Call no. :664.07 223; ----- Mô tả: xx, 649p. ; 29 cm",Switzerland : Springer,2017,1,1,2,3,,http://172.30.11.76:4000/handle/123456789/608,NULL
3642,ABS &TRC,,Toyota,,2,0,2,3,,,NULL
3643,Bài giảng thực tập hệ thống truyền lực ô tô,,Nguyễn Văn Toàn,,1,0,2,3,,,NULL
3644,Phân tích hóa học thực phẩm,,Khoa học kỹ thuật,2015,2,0,2,3,,,NULL
3645,Modern Automotive Technology,,James E. Duffy,1994,2,0,2,3,,,NULL
3646,"Ly hợp, hộp số MT",,Toyota,,2,0,2,3,,,NULL
3647,Hộp số tự động AT,,Toyota,,2,0,2,3,,,NULL
3648,Hộp số tự động ECT,,Toyota,,2,0,2,3,,,NULL
3649,"Trục các đăng, cầu chủ động",,Toyota,,2,0,2,3,,,NULL
3650,4WD,,Toyota,,2,0,2,3,,,NULL
3651,Food Packaging Technology,,CRC Press,2003,1,0,2,3,,http://172.30.11.76:4000/handle/123456789/617,NULL
3652,Lý thuyết ô tô,,Đặng Quý,2012,1,500,2,3,,,NULL
3653,Bài giảng Bao bì thực phẩm,,,2018,2,0,2,3,,,NULL
3654,Thiết kế ô tô,,"Đặng Quý, Đỗ Văn Dũng, Dương Tuấn Tùng",2021,1,250,2,3,,,NULL
3655,"Lý thuyết ô tô máy kéo/Nguyễn Hữu Cẩn(ch.b), Dư Quốc Thịnh, Phạm Minh Thái,...",Dewey Class no. :629.23N573-C212-----Call no. :221629.23; ----- Mô tả: 359tr.;21cm,H.:Khoa học và Kỹ thuật,2008,1,1,2,3,,,NULL
3656,"Các quá trình công nghệ cơ bản trong sản xuất thực phẩm/ Lê Bạch Tuyết, Lưu Duẩn, Hà Văn Thuyết....",Dewey Class no. :664C118-----Call no. :221664; ----- Mô tả: 360tr.;29cm,H.:Giáo Dục,1996,1,74,2,3,,,NULL
3657,"Kết cấu và tính toán ô tô máy kéo  – Tập 1, 2, 3",,Nguyễn Hữu Cẩn,1985,1,0,2,3,,,NULL
3658,"Công nghệ chế  biến thực phẩm/Lê Văn Việt Mẫn (ch.b.), Lại Quốc Đạt, Nguyễn Thị Hiền,...",Dewey Class no. :664L433-M266-----Call no. :221664; ----- Mô tả: 1019tr.; 24cm,Tp. Hồ Chí Minh: Đại học Quốc gia Tp. Hồ Chí Minh,2010,1,1,2,3,,,NULL
3659,Tài liệu hướng dẫn ĐAMH Thiết Kế Ô Tô (tài liệu Bộ môn),,"Nguyễn Hữu Hường, Phạm Xuân Mai, Ngô Xuân Ngát",2008,1,0,2,3,,,NULL
3660,"Automotive Handbook, 4th edition",,,1996,1,3,2,3,,,NULL
3661,"Hóa sinh học công nghiệp/Lê Ngọc Tú (ch.b.), La Văn Chứ, Đặng Thị Thu,...",Dewey Class no. :660.63L433-T883-----Call no. :660.63221; ----- Mô tả: 443tr.;27cm,H.:Khoa học và Kỹ thuật,1998,1,4,2,3,,,NULL
3662,Vehicle and Engine Technology/Heinz Heisler,Dewey Class no. :629.22V125-----Call no. :221629.22; ----- Mô tả: 767p.;24cm..,Amsterdam:Butterworth-Heinemann,2004,1,1,2,3,,,NULL
3663,Hóa học thực phẩm/Hoàng Kim Anh,Dewey Class no. :664H678-A596-----Call no. :222664; ----- Mô tả: 382tr.;21cm,Tp. Hồ Chí Minh:Khoa học và kỹ thuật,2011,1,1,2,3,,,NULL
3664,"""Giáo trình Nghiên cứu và phát triển sản phẩm mới """,,,,1,0,2,3,,,NULL
3665,Course Note: Food Product Development,,"""University of Queensland, Australia. """,2003,2,0,2,3,,,NULL
3666,Food Product Development (FST 650 Syllabus,,Ohio State University,2002,2,0,2,3,,,NULL
3667,Bài giảng Phát triển sản phẩm mới,,"Khoa Nông nghiệp và Sinh học ứng dụng, Trường Đại học Cần Thơ.",2002,2,0,2,3,,,NULL
3668,Quản lý và kiểm tra chất lượng thực phẩm,,Đại học Bách khoa Hà Nội,1996,2,0,2,3,,,NULL
3669,Sensory Evaluation of Food: Statistical Methods and Procedures Food Science and Technology,,Marcel Dekker,1986,2,1,2,3,,,NULL
3670,"Sensory evaluation techniques / Morten C. Meilgaard, Gail Vance Civille, B. Thomas Carr","Dewey Class no. :664.072 M513-----Call no. :664.072 223; ----- Mô tả: xxix, 600p. ; 26cm",Boca Raton : CRC Press,2016,2,1,2,3,,,NULL
3671,"""Cơ sở thiết kế nhà máy hóa thực phẩm ""/ Trần Đình Yến",,,,2,0,2,3,,,NULL
3672,"Giáo trình thiết kế nhà máy cơ khí, phần đại cương",,ĐHBK –TPHCM,1998,2,0,2,3,,,NULL
3673,Food quality assurance : Principles and practices / Inteaz Alli,Dewey Class no. :664.0685 A436-----Call no. :664.0685 222; ----- Mô tả: 151p. ; 24 cm,Boca Raton : CRC Press,2004,1,1,2,3,,,NULL
3674,Xử lý nước thải sinh hoạt và công nghiệp/Lâm Minh Triết,,Nhà xuất bản Xây dựng,2002,2,0,2,3,,,NULL
3675,Bài giảng Quản trị chất lượng thực phẩm/ Th.S Nguyễn Đặng Mỹ Duyên,,,,1,0,2,3,,,NULL
3676, Quản lý chất lượng đồng bộ/ PGS. PTS. Trần Thị Dung,,Giáo dục,1999,1,0,2,3,,,NULL
3677,Biological nutrient removal (BNR) operation in wastewater treatment plants : WEF Manual of practice No. 29 (ASCE/EWRI Manuals and reports on engineering Practice No.109),"Dewey Class no. :628.3B615-----Call no. :628.3223; ----- Mô tả: xliv, 597 p.: ill. ; 25cm",New York : McGraw-Hill,2005,2,1,2,3,,,NULL
3678,"Environmental biotechnology: principles and applications/ Bruce E. Rittmann, Perry L. McCarty","Dewey Class no. :613.101579R615-----Call no. :613.101579223; ----- Mô tả: xvii, 633 pages: illustrations; 25 cm",New York : McGraw-Hill,2020,2,1,2,3,,,NULL
3679,Environmetal Chemistry/Staney  E. Manahan,,,2000,2,0,2,3,,http://172.30.11.76:4000/handle/123456789/620,NULL
3680,Quản lý chất lượng sản phẩm/ PGS. TS. Đặng Đức Dũng,,Thống kê,2003,2,0,2,3,,,NULL
3681,Bài tập thực hành quản lý chất lượng thực phẩm/ TS. Nguyễn Văn Hiệu,,,2002,2,0,2,3,,,NULL
3682,Cơ sở tiêu chuẩn hóa và đo lường/ PGS. TS. Trần Thị Dung,,Giáo dục,1999,2,0,2,3,,,NULL
3683,Các văn bản pháp quy  về quản lý an toàn vệ sinh thực  phẩm,Dewey Class no. :344.597042C118-----Call no. :221344.597042; ----- Mô tả: 502tr.;27cm..,Hà Nội:Y học,2004,2,2,2,3,,,NULL
3684,Tiêu chuẩn Việt Nam. TCVN 4513–88. Cấp nước bên trong- Tiêu chuẩn thiết kế,,,,1,0,2,3,,,NULL
3685,Áp dụng ISO 9000-HACCP-GMP trong ngành thủy sản - thực phẩm thức uống/ STS – VINATEST,,,2002,2,0,2,3,,,NULL
3686,Cấp thoát nước :Giáo trình dùng cho sinh viên đại học chuyên ngành: Kiến trúc xây dựng /Hoàng Huệ,Dewey Class no. :628.1H678-H887-----Call no. :221628.1; ----- Mô tả: 174tr ;27cm,H :Xây dựng,2011,2,8,2,3,,,NULL
3687,"Công nghệ bảo quản lạnh thực phẩm/ Nguyễn Tiến Lực, Đặng Thị Ngọc Dung",Dewey Class no. :664.028 N573-L931-----Call no. :664.028 223; ----- Mô tả: 355tr.; 24cm,Tp. Hồ Chí Minh: Đại học Quốc gia Tp. Hồ Chí Minh,2022,1,200,2,3,,,NULL
3688,Bài giảng Sản xuất sạch hơn/ Nguyễn Tiến Lực,,,,1,0,2,3,,,NULL
3689,Hệ thống ống nước :Lắp đặt - sữa chữa - bảo trì /Phạm Cao Hoàn dịch,Dewey Class no. :628.15H432-----Call no. :221628.15; ----- Mô tả: 194tr :21cm,Đà Nẵng :Nxb. Đà Nẵng,2004,2,3,2,3,,,NULL
3690,"Technilogical Freezing Food (Book), Vol. 1/ Dzung N.T, Ba T.D",,Đại học Quốc gia Tp. Hồ Chí Minh,2007,2,0,2,3,,,NULL
3691,"Heat Transfer from Hams During Freezing by Low-Temperature Air/ Clary, B.L., G.L. Nelson, and R.E. Smith.",,Transactions of the ASAE,1968,2,0,2,3,,,NULL
3692,"A New Method for Prediction of Surface Heat Transfer Coefficients in Freezing/ Cleland, A.C., and R.L. Earle.",,Bulletin De L'Institut International Du Froid Annex ,1976,2,0,2,3,,,NULL
3693,"A Comparison of Analytical and Numerical Methods of Predicting the Freezing Times of Foods/ Cleland, A.C., and R.L. Earle.",,Journal of Food Science ,1977,2,0,2,3,,http://172.30.11.76:4000/handle/123456789/614,NULL
3694,"Cấp thoát nước/ Trần Hiếu Nhuệ (Ch.b) ; Trần Đức Hạ, Đỗ Hải, Ứng Quốc Dũng, Nguyễn Văn Tín",Dewey Class no. :628.1 T772-N576-----Call no. :628.1 223; ----- Mô tả: 435tr. ; 27 cm,H.:Khoa học và Kỹ thuật,2016,1,2,2,3,,,NULL
3695,"Heat transfer process and heat transfer equipment (Book)/ Bon PV, Tho ND",,Đại học Quốc gia Tp. Hồ Chí Minh,2002,2,0,2,3,,,NULL
3696,Bài giảng Thông Gió và xử lý tiếng ồn/,,,,1,0,2,3,,,NULL
3697,Kỹ thuật thông gió /Trần Ngọc Chấn,Dewey Class no. :697.9T772 - C454-----Call no. :222697.9; ----- Mô tả: 432tr.;27cm,Hà Nội.:Xây Dựng,2011,2,10,2,3,,,NULL
3698,"Advanced air and noise pollution control : Volume 2: Handbook of Environmental Engineering / Lawrence K. Wang, Norman C. Pereira, Yung-Tse Hung (edited); Kathleen Hung Li (consulting editor)","Dewey Class no. :628.5W246-----Call no. :628.5223; ----- Mô tả: xviii, 526p. ; 26 cm",Totowa New Jersey: Human Press Inc,2010,2,1,2,3,,,NULL
3699,"MHW’s Water Treatment, Principals and Design/John C. Crittenden, R. Rhodes Trussell",,Jonh Wiley and Sons,2012,1,0,2,3,,http://172.30.11.76:4000/handle/123456789/641,NULL
3700,Tính toán thiết kế các công trình trong hệ thống cấp nước sạch /Trịnh Xuân Lai ,, Khoa học và Kỹ thuật,2003,2,0,2,3,,,NULL
3701,"Cấp nước - Mạng lưới đường ống và công trình, Tiêu chuẩn thiết kế ",,,,2,0,2,3,,,NULL
3702,"Solid Waste engineering : A global Perspective - Third edition / William A. Worrell, P. Aarne Vesilind, Christian Ludwig","Dewey Class no. :628.4W929-----Call no. :628.4223; ----- Mô tả: xxii, 499p. ; 23cm",United States of America : Cengage learning,2016,1,1,2,3,,,NULL
3703,Handbook of Solid waste management - 2ndedition/Frank Kreith ,,,2002,2,0,2,3,,,NULL
3704,"Waste management practices - Municipal, Hazardous, and Industrial/John Pichtel ",,Taylor & Francis Group,2005,2,0,2,3,,http://172.30.11.76:4000/handle/123456789/662,NULL
3705,"Soil pollution : Origin, monitoring & remediation / Ibrahim A. Mirsal","Dewey Class no. :628.55 M676-----Call no. :628.55 223; ----- Mô tả: xv, 312p. ; 21 cm",Berlin : Springer,2010,1,1,2,3,,,NULL
3706,"Principles and Practice of Soil Science, The soil as a natural resource. 4th Ed./R.E. White",,Blackwell Publishing,2006,2,0,2,3,,,NULL
3707,"Đất và môi trường/Lê Văn Khoa, Nguyễn Xuân cự, Lê Đức, Trần khắc Hiệp, Trần Cẩm Vân",,Giáo dục,2003,2,0,2,3,,,NULL
3708,Practical Design Calculations for Groundwater and Soil Remediation/Kuo. Jeff,,CRC Press LLC,1999,2,0,2,3,,,NULL
3709,Bài giảng Thí nghiệm xử lý nước thải,,ĐHSPKT TPHCM,,1,0,2,3,,,NULL
3710,Vi sinh vật và nước thải/Lâm Minh Triết,,Xây Dựng,2006,2,0,2,3,,,NULL
3711,Advances in water and wastewater treatment technology/Tomonori Matsuo,,Elsevier Science B.V,2001,2,0,2,3,,,NULL
3712,"Xử lý nước thải công nghiệp/Trịnh Xuân Lai, Nguyễn Trọng Dương",Dewey Class no. :628.4T833-L185-----Call no. :628.4222; ----- Mô tả: 145tr.;27cm,H.:Xây dựng,2011,2,8,2,3,,,NULL
3713,Fundamentals of Biological Wastewater Treatment/Udo Wiesmann,,WILEY-VCH,2007,2,0,2,3,,http://172.30.11.76:4000/handle/123456789/666,NULL
3714,Quá trình và thiết bị công nghệ hóa học và thực phẩm - Tập 2 : Các quá trình và thiết bị truyền nhiệt  - Phần 1 : Cơ sở lý thuyết về truyền nhiệt/Nguyễn Tấn Dũng,Dewey Class no. :660.28427N573-D916-----Call no. :660.28427222; ----- Mô tả: 395tr.;24cm,Tp.Hồ Chí Minh:Đại học Quốc gia Tp. Hồ Chí Minh,2013,1,586,2,3,,,NULL
3715,Quá trình và thiết bị công nghệ hóa học và thực phẩm - Tập 2 : Các quá trình và thiết bị truyền nhiệt  - Phần 2: Các quá trình và thiết bị truyền nhiệt trong thực phẩm/Nguyễn Tấn Dũng,Dewey Class no. :660.28427N573-D916-----Call no. :660.28427222; ----- Mô tả: 474tr.;24cm,Tp.Hồ Chí Minh:Đại học Quốc gia Tp. Hồ Chí Minh,2015,1,315,2,3,,,NULL
3716,"Environmental engineering / Ruth F. Weiner, Robin A. Matthews","Dewey Class no. :628 W423-----Call no. :628 223; ----- Mô tả: xiii, 484 p. ; 24 cm",Oxford : Butterworth-Heinemann,2003,2,1,2,3,,,NULL
3717,Biotechnology for waste and wastewater treatment/Nicholas P. Cheremisinoff,,Noyes Publications,1996,2,0,2,3,,,NULL
3718,Quá trình và thiết bị công nghệ hóa học và thực phẩm - Tập 2 : Quá trình và thiết bị truyền nhiệt  - Phần 3 : Các quá trình và thiết bị làm lạnh và làm lạnh đông/Nguyễn Tấn Dũng,Dewey Class no. :660.28427N573-D916-----Call no. :660.28427222; ----- Mô tả: 406tr.;24cm,Tp.Hồ Chí Minh:Đại học Quốc gia Tp. Hồ Chí Minh,2013,1,642,2,3,,,NULL
3719,Quá trình và thiết bị công nghệ hóa học và thực phẩm : Công nghệ lạnh ứng dụng trong thực phẩm (Sách chuyên khảo) / Nguyễn Tấn Dũng,Dewey Class no. :660.28 N573-D916-----Call no. :660.28 223; ----- Mô tả: 547tr. ; 24cm,Tp.Hồ Chí Minh : Đại học Quốc gia Tp. Hồ Chí Minh,2016,1,226,2,3,,,NULL
3720,"Bài giảng, Thiết kế hệ thống cấp nước bằng Epanet",,ĐH Bách khoa TPHCM.,,1,0,2,3,,,NULL
3721,"Introduction to Food Engineering, 5rd/ R. Paul Singh, Dennis R Heldman.",,"Amsterdam : Elsevier, Academic Press",2014,1,1,2,3,,,NULL
3722,Hướng dẫn sử dụng Epanet/Lê Đình Hồng,,ĐH Bách khoa TPHCM.,,2,0,2,3,,,NULL
3723,Hướng dẫn đồ án mạng lưới cấp thoát nước/Hoàng Huệ,,Xây Dựng,,2,0,2,3,,,NULL
3724,"Unit Operation in Food Engineering/ Albert Ibarz, Gustavo V. Barbosa- Canovas",,CRC Press,2003,2,0,2,3,,http://172.30.11.76:4000/handle/123456789/598,NULL
3725,"Génie des procédés alimantaires, des bases aux applications/ Jean-Jacques Bimbenet, Albert Duquenoy, Gilles Trystram, Dunod",,Paris,2002,2,0,2,3,,,NULL
3726,"Thực tập xử lý nước cấp: Dùng cho môn học: Thực tập xử lý nước cấp. Giáo trình dùng cho sinh viên ngành CNKT Môi trường/ Trần Thị Kim Anh, Hoàng Thị Tuyết Nhung",Dewey Class no. :628.162T772-A596-----Call no. :628.162223; ----- Mô tả: 81tr.: minh họa; 24 cm.,Tp. Hồ Chí Minh: Đại học Quốc gia Tp.Hồ Chí Minh,2020,1,346,2,3,,,NULL
3727,Quá trình và thiết bị công nghệ hóa học và thực phẩm:Bài tập truyền nhiệt/Phạm Văn Bôn,Dewey Class no. :660.28P534-B697-----Call no. :222660.28; ----- Mô tả: 149tr.;27cm.,Tp.HCM:Đại học Quốc gia Tp. Hồ Chí Minh,2008,2,22,2,3,,,NULL
3728,"""Nhập môn ngành Công nghệ thực phẩm """,,Lưu hành nội bộ,,2,0,2,3,,,NULL
3729,Xử lý nước cấp cho sinh hoạt và công nghiệp/ Trịnh Xuân Lai,Dewey Class no. :628.162T833-L185-----Call no. :223628.162; ----- Mô tả: 521tr.; 27cm,H.: Xây dựng,2021,2,3,2,3,,,NULL
3730,Công nghệ môi trường - Tập 1 :Xử lý nước /Hoàng Văn Huệ,Dewey Class no. :628.162H678-H887-----Call no. :221628.162; ----- Mô tả: 319tr.;27cm,H :Xây dựng,2010,2,5,2,3,,,NULL
3731,Xử lý nước cấp:Giáo trình dùng cho chuyên ngành cấp và thoát nước/Nguyễn Ngọc Dũng,Dewey Class no. :628.162N573-D916-----Call no. :628.162222; ----- Mô tả: 231tr.;27cm,H:Xây dựng,2011,2,8,2,3,,,NULL
3732,Xử lý cấp nước sinh hoạt và công nghiệp/Nguyễn Thị Thu Thủy,Dewey Class no. :628.162N573-T547-----Call no. :221628.162; ----- Mô tả: 256tr.;24cm,Hà Nội:Khoa học và kỹ thuật,2008,2,1,2,3,,,NULL
3733,Advances in water and wastewater treatment technology/Tomonori Matsuo,,Elsevier Science B.V,2001,2,0,2,3,,,NULL
3734,Handbook of Water and Wastewater Treatment Technologies/Nicholas P. Cheremisinoff,,Butterworth-Heinemann,2002,2,0,2,3,,,NULL
3735,"Environmental engineering / Ruth F. Weiner, Robin A. Matthews","Dewey Class no. :628 W423-----Call no. :628 223; ----- Mô tả: xiii, 484 p. ; 24 cm",Oxford : Butterworth-Heinemann,2003,2,1,2,3,,,NULL
3736,Lawrie’s meat science:7th ed/  Lawrie R. A.,,Woodhead Publishing limited,2006,2,1,2,3,,http://172.30.11.76:4000/handle/123456789/612,NULL
3737,"Meat science, milk science and technology/ Cross H. R.",,Elsevier science publishers B. V,1988,2,0,2,3,,,NULL
3738,"Sổ tay quá trình và thiết bị công nghệ hóa chất - Tập 1 :Cơ sờ lý thuyết, phương pháp tính toán, tra cứu số liệu và thiết bị /Trần Xoa, Nguyễn Trọng Khuông, Hồ Lê Viên",Dewey Class no. :660.28T772-X7-----Call no. :222660.28; ----- Mô tả: 632tr ;27cm,H :Khoa học và kỹ thuật,2006,1,18,2,3,,,NULL
3739,"Công nghệ chế biến thực phẩm thủy sản - Tập II:Ướp muối, chế biến nước mắm, chế biến khô và thức ăn liền/Nguyễn Trọng Cẩn, Đỗ Minh Phụng, Nguyễn Việt Dũng,...",Dewey Class no. :664.94N573-C212-----Call no. :222664.94; ----- Mô tả: 379tr.;24cm,H.:Khoa học và Kỹ thuật,2011,2,6,2,3,,,NULL
3740,Nguyên lý sản xuất đồ hộp thực phẩm/  Nguyễn Trọng Cẩn,,"""Khoa học kỹ thuật  """,2006,2,0,2,3,,,NULL
3741,"Các quá trình và thiết bị truyền khối, Tập 3/ Nguyễn Tấn Dũng",,ĐHQG TP.HCM,2016,1,0,2,3,,,NULL
3742,"Quá trình và thiết bị công nghệ hóa học và thực phẩm: Kỹ thuật và công nghệ sấy thăng hoa (Sách chuyên khảo) - Dùng cho môn học: Quá trình và thiết bị truyền nhiệt, Quá trình thiết bị truyền khối, Quá trình thiết bị trong công nghệ môi trường,.../ Nguyễn Tấn Dũng",Dewey Class no. :660.28 N573-D916-----Call no. :660.28 223; ----- Mô tả: 447tr.: minh họa; 24cm,Tp.Hồ Chí Minh: Trường Đại học Quốc gia Tp. Hồ Chí Minh,2020,1,268,2,3,,,NULL
3743,"Các quá trình và thiết bị công nghệ hóa chất và thực phẩm - Tập 1 : Các quá trình và thiết bị cơ học / Trần Hùng Dũng, Nguyễn Hữu Hiếu, Nguyễn Văn Lục… . $nQuyển 2 : $pPhần riêng bằng: màng, lực ly tâm, không khí, thủy lực; vận chuyển lưu chất : bơm quạt, máy nén tính hệ thống đường ống",Dewey Class no. :660.28 C118-----Call no. :660.28 223; ----- Mô tả: 281tr. ; 24cm,Tp. Hồ Chí Minh : Đại học Quốc gia Tp. Hồ Chí Minh,2015,1,2,2,3,,,NULL
3744,Quá trình và thiết bị công nghệ hóa học và thực phẩm:Kỹ thuật và công nghệ sấy thăng hoa (Sách chuyên khảo)/Nguyễn Tấn Dũng,Dewey Class no. :660.28 N573-D916-----Call no. :660.28 223; ----- Mô tả: 431tr. ; 24cm,Tp.Hồ Chí Minh : Đại học Quốc gia Tp. Hồ Chí Minh,2016,1,217,2,3,,,NULL
3745,"Unit Operations of Chemical Engineering/McCabe, Smith, and Harriott",,McGraw-Hill,2001,2,0,2,3,,,NULL
3746,"Thu hồi và hoàn thiện sản phẩm lên men: Dùng cho môn học: Đồ án QT&TB, đồ án tốt nghiệp/ Nguyễn Tấn Dũng, Mai Thị Hải Anh, Đỗ Thùy Khánh Linh, Nguyễn Đặng Mỹ Duyên, Đặng Thị Ngọc Dung",Dewey Class no. :664.024T532-----Call no. :664.024223; ----- Mô tả: 359tr.: minh họa; 24 cm,Tp. Hồ Chí Minh: Đại học Quốc gia Tp.Hồ Chí Minh,2020,1,222,2,3,,,NULL
3747,The method to determine the rate of freezing water inside product: The method to determine the rate of freezing water inside product of the freezing process/ Nguyen Tan Dzung,"Dewey Class no. :660.28N573-----Call no. :223660.28; ----- Mô tả: 61 p., 23 cm",Deutschland,Germany: $Lap Lambert Academic Publishing,1,1,2,3,,,NULL
3748,"Introduction to food engineering / R. Paul Singh, Dennis R. Heldman","Dewey Class no. :664.02 S617-----Call no. :664.02 223; ----- Mô tả: xxiii, 867p. ; 24cm",Amsterdam : Elsevier,Academic Press,1,4,2,3,,,NULL
3749,"Unit Operation in Food Engineering/ Albert Ibarz, Gustavo V. Barbosa- Canovas",,CRC Press,2003,2,0,2,3,,http://172.30.11.76:4000/handle/123456789/598,NULL
3750,"Génie des procédés alimantaires, des bases aux applications/ Jean-Jacques Bimbenet, Albert Duquenoy, Gilles Trystram, Dunod",,Paris,2002,2,0,2,3,,,NULL
3751,"Các quá trình và thiết bị công nghệ hóa chất và thực phẩm - Tập 1 : Các quá trình và thiết bị cơ học / Trần Hùng Dũng, Nguyễn Hữu Hiếu, Nguyễn Văn Lục… . $nQuyển 2 : $pPhần riêng bằng: màng, lực ly tâm, không khí, thủy lực; vận chuyển lưu chất : bơm quạt, máy nén tính hệ thống đường ống",Dewey Class no. :660.28 C118-----Call no. :660.28 223; ----- Mô tả: 281tr. ; 24cm,Tp. Hồ Chí Minh : Đại học Quốc gia Tp. Hồ Chí Minh,2015,1,2,2,3,,,NULL
3752,Quá trình và Thiết bị Công nghệ Hóa học và Thực phẩm/ Nguyễn Bin,,Giáo dục,2004,2,0,2,3,,,NULL
3753,"Sổ tay quá trình và thiết bị công nghệ hóa chất - Tập 1 :Cơ sờ lý thuyết, phương pháp tính toán, tra cứu số liệu và thiết bị /Trần Xoa, Nguyễn Trọng Khuông, Hồ Lê Viên",Dewey Class no. :660.28T772-X7-----Call no. :222660.28; ----- Mô tả: 632tr ;27cm,H :Khoa học và kỹ thuật,2006,2,18,2,3,,,NULL
3754,"An Introduction to Nutrition./ Beth Snow, Maureen Zimmerman",,,2012,1,0,2,3,,http://172.30.11.76:4000/handle/123456789/607,NULL
3755,"Sổ tay quá trình và thiết bị công nghệ hóa chất -Tập 2 /Trần Xoa, Nguyễn Trọng Khuông, Phạm Xuân Toản",Dewey Class no. :660.28T772-X7-----Call no. :221660.28; ----- Mô tả: 447tr ;27cm,H :Khoa học và kỹ thuật,2005,2,12,2,3,,,NULL
3756,"Dinh dưỡng và vệ sinh an toàn thực phẩm/ Hà Huy Khôi, Phạm Duy Tường, Nguyễn Công Khẩn chủ biên...và những người khác",Dewey Class no. :613.2D584-----Call no. :221613.2; ----- Mô tả: 479tr.: bảng; 27cm.,H.: Nxb. Y học,2004,1,3,2,3,,,NULL
3757,"Unit Operations of Chemical Engineering/McCabe, Smith, and Harriott",,McGraw-Hill,2001,2,0,2,3,,,NULL
3758,Dinh dưỡng và thực phẩm/Nguyễn Ý Đức,Dewey Class no. :613.2N573-Đ822-----Call no. :613.2222; ----- Mô tả: 319tr.;21cm,H.:Y học,2005,1,1,2,3,,,NULL
3759,"Dinh dưỡng hợp lý và sức khỏe/ Hà Huy Khôi, Từ Giấy",,Y học,1995,1,0,2,3,,,NULL
3760,"""Ăn điều trị trong một số bệnh thường gặp.   ""/ Phan Thị Kim, Nguyễn Văn Xang",,Bộ Y tế- Viện dinh dưỡng ,1995,1,0,2,3,,,NULL
3761,"Xây dựng Cơ Cấu Bữa Ăn/ Từ Giấy, Bùi Thị Nhu Thuận, Hà Huy Khôi.",,Y học,1984,1,0,2,3,,,NULL
3762,"Thực tập vi sinh kỹ thuật môi trường: Dùng cho môn học: Thực tập vi sinh kỹ thuật môi trường/ Nguyễn Mỹ Linh, Nguyễn Thị Tịnh Ấu",Dewey Class no. :628.536N573-L755-----Call no. :628.536223; ----- Mô tả: 83tr.: minh họa; 24 cm.,Tp. Hồ Chí Minh: Trường Đại học Quốc gia Tp.Hồ Chí Minh,2020,1,344,2,3,,,NULL
3763,"Dinh dưỡng cận đại, độc hại an toàn thực phẩm và sức khỏe bền vững = Advanced nutrition, nutritional toxicology food safety and sustainable health/ Bùi Minh Đức, Nguyễn Công Khẩn, Bùi Minh Thu....và những người khác",Dewey Class no. :613.2D584-----Call no. :613.2221; ----- Mô tả: 491tr.: ảng; 27cm,H.: nxb Y học,2004,1,3,2,3,,,NULL
3764,Vi sinh vật và nước thải/Lâm Minh Triết,,Xây Dựng,2006,2,0,2,3,,,NULL
3765,Vệ sinh an toàn thực phẩm/ Viện vệ sinh y tế công cộng TP. Hồ Chí Minh,,,2007,1,3,2,3,,,NULL
3766,Ô nhiễm không khí và xử lý khí thảiTrần Ngọc Chấn/$nT2: $pCơ học về bụi và phương pháp xử lý bụi /,Dewey Class no. :628.5T772 - C454-----Call no. :628.5221; ----- Mô tả: 275 tr. ;27 cm,Hà Nội:Khoa học và Kỹ thuật,2004,2,10,2,3,,,NULL
3767,Vi sinh vật học và an toàn vệ sinh thực phẩm/Lương Đức Phẩm,Dewey Class no. :571.2L964-P534-----Call no. :221571.2; ----- Mô tả: 423tr.;21cm,Hà Nội:Nông Nghiệp,2005,1,1,2,3,,,NULL
3768,Ô nhiễm không khí và xử lý khí thảiTrần Ngọc Chấn/$nT3:$pLý thuyết tính toán và công nghệ xử lý khí độc hại /,Dewey Class no. :628.5T772 - C454-----Call no. :628.5221; ----- Mô tả: 181 tr. ;27 cm,Hà Nội:Khoa học và Kỹ thuật,2004,2,10,2,3,,,NULL
3769,"Vệ sinh và an toàn thực phẩm/Nguyễn Đức Lượng, Phạm Minh Tâm",Dewey Class no. :664.00289N573-L964-----Call no. :222664.002 89; ----- Mô tả: 327tr.;21cm.,Tp.Hồ Chí Minh:Đại học Quốc gia,2005,1,142,2,3,,,NULL
3770,Tài Liệu Tập Huấn: Vệ Sinh Và An Toàn Thực Phẩm/ Hội Khoa Học Kỹ Thuật Việt Nam,,,,1,0,2,3,,,NULL
3771,"Mối nguy vệ sinh an toàn thực phẩm  – Chương trình kiểm soát GMP, GHP và hệ thống quản lý chất lượng vệ sinh an toàn thực phẩm HACCP/ Trần Đáng",,Y học,2004,1,0,2,3,,,NULL
3772,Lý thuyết dinh dưỡng:Giáo trình Cao đẳng Sư phạm/Lương Thị Kim Tuyến,Dewey Class no. :613.2L964-T968-----Call no. :613.2222; ----- Mô tả: 160tr.;24cm,H.:Đại học Sư phạm,2007,1,3,2,3,,,NULL
3773,Occupational safety and industrial environments/Hoàng Trí ,,ĐHQG TP.HCM,2015,1,0,2,3,,,NULL
3774,"Student study guide & solutions manual Organic Chemistry, 2nd edition/ David Klein",,John Willey & Sons Inc,2012,2,1,2,3,,,NULL
3775,Introduction to Health and Safety at Work/Nebosh ,,Elsevier,2009,1,0,2,3,,http://172.30.11.76:4000/handle/123456789/663,NULL
3776,"Sugar confectionery and chocolate manufacture / R. Lees, E. B. Jackson","Dewey Class no. :664.153 L487-----Call no. :664.153 223; ----- Mô tả: xix, 379p. ; 23 cm",Glasgow,UK : Blackie Academic & Professional,1,2,2,3,,,NULL
3777,Wheat and Flour Testing Methods – A guide to Understanding Wheat and Flour Quality/ Wheat Marketing Center,,Wheat Marketing Center,2004,2,0,2,3,,,NULL
3778,General guidance for the Environment/International Finance Corporation ,,,2010,2,0,2,3,,,NULL
3779,nvestigating occupational accidents and occupational diseases/International Labour Organization ,,,2014,2,0,2,3,,,NULL
3780,"Hands-on machine learning with Scikit-Learn & TensorFlow: Concepts, tools, and techniques to buid intelligent systems/  Aurélien Géron","Dewey Class no. :006.31G876-----Call no. :006.31223; ----- Mô tả: xix, 551p.;24cm",Beijing: O'Reilly,2017,1,1,2,3,,,NULL
3781,Giáo trình công nghệ sản xuất các sản phẩm từ sữa và thức uống pha chế - Tập 2:Công nghệ sản xuất thức uống pha chế/Lê Văn Việt Mẫn,Dewey Class no. :663L433-M266-----Call no. :222663; ----- Mô tả: 285tr.;24cm,Tp. Hồ Chí Minh:Đại học Quốc gia Tp. Hồ Chí Minh,2016,1,1,2,3,,,NULL
3782,Giáo trình công nghệ chế biến sữa và các sản phẩm từ sữa/ Lâm Xuân Thanh,,Khoa học và Kỹ thuật Hà Nội,2006,1,1,2,3,,,NULL
3783,"Các quá trình công nghệ cơ bản trong sản xuất thực phẩm/ Lê Bạch Tuyết, Lưu Duẩn, Hà Văn Thuyết....",Dewey Class no. :664C118-----Call no. :221664; ----- Mô tả: 360tr.;29cm,H.:Giáo Dục,1996,1,74,2,3,,,NULL
3784,Giáo trình thực tập CNCB sữa/ TS. Hồ Thị Nguyệt Thu,,,2008,1,0,2,3,,,NULL
3785,"Thí nghiệm công nghệ thực phẩm/Nguyễn Thị Hiền (ch.b.), Lại Quốc Đạt, Lê Văn Việt Mẫn,...",Dewey Class no. :664.07N573-H633-----Call no. :664.07222; ----- Mô tả: 75tr.;27cm,Tp. Hồ Chí Minh:Đại học Quốc gia Tp. Hồ Chí Minh,2007,1,18,2,3,,,NULL
3786,"Nhập môn ngành CN Kỹ thuật Môi trường/Nguyễn Thị Tịnh Ấu, Hoàng Thị Tuyết Nhung",,,,1,0,2,3,,,NULL
3787,Công nghệ sản xuất các sản phẩm từ sữa và thức uống - Tập 1: Công nghệ sản xuất các sản phẩm từ sữa/ Lê Văn Việt Mẫn ,,Đại học quốc gia TP. Hồ Chí Minh,2010,1,8,2,3,,,http://172.16.2.21/libol50/search/detail.asp?ID=44183
3788,Giáo trình công nghệ các sản phẩm sữa/ Lâm Xuân Thanh,,Khoa Học và Kỹ thuật Hà Nội,2006,1,28,2,3,,,http://172.16.2.21/libol50/search/detail.asp?ID=27286
3789,Nghề môi trường,Dewey Class no. :333.7N576-----Call no. :333.7222; ----- Mô tả: 63tr.;19cm,H.:Kim Đồng,2006,2,2,2,3,,,NULL
3790,"Dairy science and technology / Pieter Walstra, Jan T. M. Wouters, Tom J. Geurts",Dewey Class no. :637.1 W229-----Call no. :637.1; ----- Mô tả: 806p. ; 24 cm,Boca Raton : CRC/Taylor & Francis,2006,2,1,2,3,,http://172.30.11.76:4000/handle/123456789/609,NULL
3791,Dairy processing handbook,"Dewey Class no. :637D134-----Call no. :223637; ----- Mô tả: 482 p.: ill, 30 cm",Lund,Sweden: Tetra Park Processing Systems AB,2,1,2,3,,,NULL
3792,"Handbook of Dairy Foods and Nutrition, Second Edition/ Miller G.D., Jarvis J.K., McBean L.D.",, CRC Press,2000,2,0,2,3,,,NULL
3793,Ứng dụng GIS trong quản lý tài nguyên thiên nhiên/TS. Nguyễn Kim Lợi,,Nông nghiệp,,1,0,2,3,,,NULL
3794,GIS và viễn thám trong quản lý tài nguyên rừng và môi trường/PGS. TS. Bảo Huy,,Tổng hợp TP.HCM ,,1,0,2,3,,,NULL
3795,"ESRI, ArcGIS user guide",,,,2,0,2,3,,,NULL
3796,"Introduction to environmental engineering / P. Aarne Vesilind, Susan M. Morgan, Lauren G. Heine","Dewey Class no. :628 V577-----Call no. :628 223; ----- Mô tả: xviii, 600p. ; 25 cm",Stamford CT : Cengage Learning,2010,1,1,2,3,,,NULL
3797,Hóa keo:Hóa lý các hệ vi dị thể và hiện tượng bề mặt/Mai Hữu Khiêm,Dewey Class no. :541.345M217-K45-----Call no. :222541.345; ----- Mô tả: 173tr.;24cm.,Tp.Hồ Chí Minh:Đại học Quốc gia,2008,1,10,2,3,,,NULL
3798,Hóa lý in/Nguyễn Ngọc Thích,Dewey Class no. :541N573-T428-----Call no. :541222; ----- Mô tả: 187tr.;27cm,Tp.HCM:Đại học Sư phạm Kỹ thuật Tp.Hồ Chí Minh,2011,2,89,2,3,,,NULL
3799,Hydrocolloids in Food Processing/ Thomas R. Laaman,,"A John Wiley & Sons, Ltd., Publication.",,2,0,2,3,,http://172.30.11.76:4000/handle/123456789/600,NULL
3800,Thí nghiệm thực tập Công nghệ chế biến thịt và Thủy sản / Nguyễn Tiến Lực,,,,1,0,2,3,,,NULL
3801,"Lawrie’s meat science, Woodhead Publishing limited, 336 p/ Lawrie R. A",,,1998,2,1,2,3,,http://172.30.11.76:4000/handle/123456789/612,NULL
3802,"Meat science, milk science and technology/ Cross H. R. ",,Elsevier science publishers B,1988,2,0,2,3,,,NULL
3803,Giáo trình Con người và môi trường / Bộ Giáo dục và Đào tạo,,Giáo dục Việt Nam,2011,2,0,2,3,,,NULL
3804,Công nghệ chế biến thủy sản/ Nguyễn Trọng Cẩn,,Khoa học kỹ thuật ,2008,2,0,2,3,,,NULL
3805,Nguyên lý sản xuất đồ hộp thực phẩm/ Nguyễn Trọng Cẩn,,Khoa học kỹ thuật ,2006,2,0,2,3,,,NULL
3806,"Chemistry for engineering students / Lawrence Stephen Brown, Thomar A. Holme",Dewey Class no. :540.2462 B877-----Call no. :540.2462 223; ----- Mô tả: 510p. ; 28 cm,Stamford,CT. : Cengage Learning,1,1,2,3,,http://172.16.2.21/libol50/search/detail.asp?ID=43645,
3807,Quá trình và thiết bị công nghệ hóa học và thực phẩm - Tập 2 : Các quá trình và thiết bị truyền nhiệt  - Phần 1 : Cơ sở lý thuyết về truyền nhiệt/Nguyễn Tấn Dũng,Dewey Class no. :660.28427N573-D916-----Call no. :660.28427222; ----- Mô tả: 395tr.;24cm,Tp.Hồ Chí Minh:Đại học Quốc gia Tp. Hồ Chí Minh,2013,1,586,2,3,,,NULL
3808,"Các quá trình và thiết bị truyền nhiệt, Tập 2 (Phần 1, 2, 3)/ Nguyễn Tấn Dũng",, ĐHQG TP.HCM,2015,1,0,2,3,,,NULL
3809,Quá trình và thiết bị công nghệ hóa học và thực phẩm - Tập 2 : Quá trình và thiết bị truyền nhiệt  - Phần 3 : Các quá trình và thiết bị làm lạnh và làm lạnh đông/Nguyễn Tấn Dũng,Dewey Class no. :660.28427N573-D916-----Call no. :660.28427222; ----- Mô tả: 406tr.;24cm,Tp.Hồ Chí Minh:Đại học Quốc gia Tp. Hồ Chí Minh,2013,1,642,2,3,,,NULL
3810,Hóa đại cương / Nguyễn Đình Soa,,Đại học Bách Khoa TP.HCM,2011,2,0,2,3,,https://thuvienso.hcmute.edu.vn/tailieuvn/doc/hoa-dai-cuong-phan-1-nguyen-dinh-soa-2626062.html,NULL
3811,"Introduction to Food Engineering, 3rd/ R. Paul Singh, Dennis R Heldman.",,Publishing,2012,1,3,2,3,,,http://172.16.2.21/libol50/search/detail.asp?ID=45996
3812,Chemistry: A molecular approach/ Nivaldo J. Tro,Dewey Class no. :540T843-----Call no. :540223; ----- Mô tả: 1195p.;28cm,Boston: Pearson,2017,2,1,2,3,,,NULL
3813,"Unit Operation in Food Engineering/ Albert Ibarz, Gustavo V. Barbosa- Canovas",,CRC Press,2003,2,0,2,3,,,NULL
3814,Giáo trình cơ lưu chất,,,,1,0,2,3,,,NULL
3815,Hướng dẫn giải các bài tập cơ bản trong cơ học thuỷ khí/ Nguyễn Quốc Ý,,ĐH Quốc Gia Tp HCM,2013,1,0,2,3,,,NULL
3816,"Génie des procédés alimantaires, des bases aux applications/ Jean-Jacques Bimbenet, Albert Duquenoy, Gilles Trystram, Dunod",,Paris,2002,2,0,2,3,,,NULL
3817,"Fundamentals of Fluid Mechanics/ Munson, Young, Okiishi, Huensch",,Wiley,2009,2,0,2,3,,,NULL
3818,Quá trình và Thiết bị Công nghệ Hóa học và Thực phẩm – Bài tập Truyền Nhiệt/ Phạm Văn Bôn,,Đại học Quốc gia Tp. Hồ Chí Minh,2004,2,7,2,3,,,http://172.16.2.21/libol50/search/detail.asp?ID=28604
3819,"Manley's technology of biscuits, crackers and cookies / Edited by Duncan Manley","Dewey Class no. :641.8654 M279-----Call no. :641.8654 223; ----- Mô tả: xxv, 588p. ; 25 cm",Cambridge,UK : Woodhead Publishing,1,1,2,3,,,NULL
3820,"Bakery products science and technology / Weibiao Zhou (editors), Y. H. Hui (Administrative editor)","Dewey Class no. :641.815 B168-----Call no. :641.815 223; ----- Mô tả: xii,761p. ; 25 cm",Chichester,West Sussex,1,1,2,3,,,NULL
3821,Tối ưu hóa thực nghiệm trong hóa học và kỹ thuật hóa học/Nguyễn Đình Soa,,Trường Đại học kỹ thuật TP.HCM,1994,1,0,2,3,,,NULL
3822,"Sugar confectionery and chocolate manufacture / R. Lees, E. B. Jackson","Dewey Class no. :664.153 L487-----Call no. :664.153 223; ----- Mô tả: xix, 379p. ; 23 cm",Glasgow,UK : Blackie Academic & Professional,1,2,2,3,,,NULL
3823,Các bài toán cơ bản của tối ưu hóa và điều khiển tối ưu/PGS. TS. Nguyễn Nhật Lệ,,Khoa học và Kỹ thuật,2009,2,0,2,3,,,NULL
3824,Tối ưu hóa ứng dụng/PGS. TS. Nguyễn Nhật Lệ ,,Khoa học và Kỹ thuật,2001,2,0,2,3,,,NULL
3825,Tối ưu hóa hệ thống cấp thoát nước và môi trường / Phan Vĩnh Cẩn,Dewey Class no. :628.1 P535-C212-----Call no. :628.1 223; ----- Mô tả: 211tr.; 27 cm,H. : Xây dựng,2017,2,3,2,3,,,NULL
3826,"Optimization of Solid Waste Conversion Process and Risk Control of Groundwater Pollution / Beidou Xi, Yonghai Jiang ",,Springer,2016,2,0,2,3,,,NULL
3827,"Giáo trình công nghệ chế biến chè, cà phê, cacao/ Nguyễn Tiến Lực",Dewey Class no. :663.9N573-L931-----Call no. :663.9 223; ----- Mô tả: 285tr.; 24cm,Tp. Hồ Chí Minh: Đại học Quốc gia Tp. Hồ Chí Minh,2022,1,200,2,3,,,NULL
3828,"Thí nghiệm thực tập Công nghệ chế biến trà, cà phê, ca cao/ Nguyễn Tiến Lực",,,,1,0,2,3,,,NULL
3829,"""Hướng dẫn thực tập ""/ Nguyễn Tiến Lực",,,,1,0,2,3,,,NULL
3830,Enineering Optimization – Theory and Practice / Singeresu S. Rao,,Wiley,2009,2,0,2,3,,,NULL
3831,"Coffee – Recent Developments/ Clarke, R. J. and Vitzthum",,Blackwell Science,2001,2,1,2,3,,http://172.30.11.76:4000/handle/123456789/613,NULL
3832,The science of chocolate / Stephen T Beckett,"Dewey Class no. :664.5 B396-----Call no. :664.5 223; ----- Mô tả: xii, 240p. ; 24cm",Cambridge,UK : RSC Publishing,2,1,2,3,,,NULL
3833,"Industrial Chocolate Manufacture and Use, 4th Edition/ Beckett, S., T.",,Blackwell Publishing,2009,2,0,2,3,,,http://172.16.2.21/libol50/search/detail.asp?ID=45902
3834,"Food Chemistry, 4th Revised and Extended Edition/ Belitz, H. D., Grosch, W., Schieberle",,Springer,,2,1,2,3,,http://172.30.11.76:4000/handle/123456789/611,NULL
3835,"Giáo trình công nghệ chế biến chè, cà phê, cacao/ Nguyễn Tiến Lực",Dewey Class no. :663.9N573-L931-----Call no. :663.9 223; ----- Mô tả: 285tr.; 24cm,Tp. Hồ Chí Minh: Đại học Quốc gia Tp. Hồ Chí Minh,2022,1,200,2,3,,,NULL
3836,"""Bài giảng  Công nghệ chế biến trà, cà phê, ca cao ""/ Nguyễn Tiến Lực",,,,1,0,2,3,,,NULL
3837,Environmental System Optimization / Douglas A. H.,,John Wiley and Sons,1981,2,0,2,3,,,NULL
3838,"Coffee – Recent Developments/ Clarke, R. J. and Vitzthum",,Blackwell Science,2001,2,1,2,3,,http://172.30.11.76:4000/handle/123456789/613,NULL
3839,The science of chocolate / Stephen T Beckett,"Dewey Class no. :664.5 B396-----Call no. :664.5 223; ----- Mô tả: xii, 240p. ; 24cm",Cambridge,UK : RSC Publishing,2,1,2,3,,,NULL
3840,"Industrial Chocolate Manufacture and Use, 4th Edition/ Beckett, S., T.",,Blackwell Publishing,2009,2,0,2,3,,http://172.30.11.76:4000/handle/123456789/610,http://172.16.2.21/libol50/search/detail.asp?ID=45902
3841,"Food Chemistry, 4th Revised and Extended Edition/ Belitz, H. D., Grosch, W., Schieberle",,Springer,,2,1,2,3,,http://172.30.11.76:4000/handle/123456789/611,NULL
3842,Bài giảng thực hành CNSX Nước giải khát & Rau quả/ Đặng Thị Ngọc Dung,,ĐH SPKT ,2015,1,0,2,3,,,NULL
3843,Công nghệ chế biến đồ uống/ Lê Văn Việt Mẫn,,Đại học Quốc gia Tp. Hồ Chí Minh,2003,1,0,2,3,,,NULL
3844,"Công nghệ sau thu hoạch và chế biến rau quả/ Nguyễn Vân Tiếp, Quách Đĩnh, Nguyễn Văn Thoa",,Khoa học & Kỹ thuật,2000,1,0,2,3,,,NULL
3845,Nước giải khát/ Nguyễn Đình Thường,,Khoa học & Kỹ thuật,1986,2,0,2,3,,,NULL
3846,"Kỹ thuật sản xuất đồ hộp rau quả/ Nguyễn Vân Tiếp, Quách Đĩnh, Ngô Mỹ Văn",,Thanh niên,2000,2,0,2,3,,,NULL
3847,Công nghệ bảo quản & chế biến rau quả / Tôn Nữ Minh Nguyệt,,ĐH Quốc gia TP.HCM,2007,2,0,2,3,,,NULL
3848,"Fruit juice processing technology/ Steven Nagy Chin Shi Chen, Philip E. Shaw",,Ag. Science Inc,1999,2,0,2,3,,,NULL
3849,"""Bài giảng thực hành Công nghệ chế biến lương thực ""/ Nguyễn Đặng Mỹ Duyên",,,,1,0,2,3,,,NULL
3850,Bảo quản và chế biến nông sản sau thu hoạch/ Trần Minh Tâm,"Dewey Class no. :664.024T772-T153-----Call no. :221664.024; ----- Mô tả: 403tr.;20,5cm",Tp.HCM.:Nông Nghiệp,1997,1,3,2,3,,,NULL
3851,"Kỹ thuật chế biến lương thực - T. 2/Bùi Đức Hợi (ch.b.), Lê Hồng Khanh, Mai Văn Lề,...",Dewey Class no. :664B932-H719-----Call no. :222664; ----- Mô tả: 284tr.;27cm,H.:Khoa học và Kỹ thuật,2007,1,5,2,3,,,NULL
3852,"Bảo quản lương thực/ Mai Lê, Bùi Đức Hợi, Lương Hồng Nga","Dewey Class no. :664.028M217-L433-----Call no. :223664.028; ----- Mô tả: 231tr., 27cm",Hà Nội: Bách khoa Hà Nội,2013,1,10,2,3,,,NULL
3853,"Practical Research Methods: How to books/Dawson, Catherine",,Oxford,2002,1,0,2,3,,,NULL
3854,"Protein stability, flexibility and function. Biochimica et Biophysica Acta (BBA) - Proteins & Proteomics/ Kaare Teilum, Johan G. Olsen, Birthe B. Kragelund",,,2011,2,0,2,3,,,NULL
3855,Tập bài giảng: Nhập môn ngành CN Kỹ thuật Hóa học,,,,1,0,2,3,,,NULL
3856,Bài giảng Kỹ thuật phòng thí nghiệm và an toàn hóa chất,,,,1,0,2,3,,,NULL
3857,"An toàn trong phòng thí nghiệm hóa học/ Huỳnh Kỳ Phương Hạ, Ngô Văn Cờ, Nguyễn Lệ Trúc",,ĐH Quốc gia TP.HCM,2011,2,0,2,3,,,NULL
3858,Kỹ thuật an toàn trong phòng thí nghiệm hóa học /Trần Kim Tiến,Dewey Class no. :542.1T772 - T562-----Call no. :221542.1; ----- Mô tả: 339tr.;19cm..,Hà Nội:Khoa Học và Kỹ Thuật,2001,2,3,2,3,,,NULL
3859,"Microsoft Office Professional 2013 Step By Step/ Beth Melton, Mark Dodge, Echo Swinford, Andrew Couch, Eric Legault, Ben M. Schorr, Ciprian Adrian Rusen",,O‘Reilly,2013,1,0,2,3,,,NULL
3860,How to Write & Publish a Scientific Paper/ Robert. A. Day,,Oryx Press,1998,1,1,2,3,,,NULL
3861,"Bài tập hóa học đại cương : Câu hỏi giáo khoa, bài tập tự luận, bài tập trắc nghiệm có lời giải / Nguyễn Đức Chung",Dewey Class no. :541.076N573-C559-----Call no. :223541.076; ----- Mô tả: 544tr. ; 24cm,Tp. Hồ Chí Minh : Đại học Quốc gia Tp. Hồ Chí Minh,2015,1,2,2,3,,,NULL
3862,"Bài tập hoá học đại cương - Tập 1:Các khái niệm và định luật căn bản, Cấu tạo nguyên tử - Định luật tuần hoàn, liên kết hoá học, trạng thái tập hợp vật chất, các nguyên lý nhiệt động lực học/Nguyễn Đức Chung",Dewey Class no. :541.076N573-C559-----Call no. :222541.076; ----- Mô tả: 275tr.;24cm,Tp.Hồ Chí Minh:Đại học Quốc gia Tp.Hồ Chí Minh,2010,2,1216,2,3,,https://thuvienso.hcmute.edu.vn/doc/bai-tap-hoa-hoc-dai-cuong-tap-1-cac-khai-niem-va-dinh-luat-can-ban-cau-tao-nguyen-tu-dinh-luat-126803.html,
3863,"Bài tập hóa học đại cương - Tập 2:Câu hỏi giáo khoa, bài tập tự luận, bài tập trắc nghiệm có lời giải/Nguyễn Đức Chung",Dewey Class no. :541.076N573-C559-----Call no. :222541.076; ----- Mô tả: 264tr.;24cm,Tp.HCM:Đại học Quốc gia Tp. Hồ Chí Minh,2010,2,5,2,3,,,NULL
3864,Hóa học đại cương/Nguyễn Đình Soa,Dewey Class no. :541.07N573 - S676-----Call no. :221541.07; ----- Mô tả: 514tr.;24cm.,TP.Hồ Chí Minh:Đại học Quốc gia TP.Hồ Chí Minh,2007,2,10,2,3,,,NULL
3865,Bài giảng hướng dẫn thực hành hóa đại cương ,,,,1,0,2,3,,,NULL
3866,Phương pháp luận nghiên cứu/ Vũ Cao Đàm ,,Giáo dục,2012,2,5,2,3,,,NULL
3867,"Bài tập hóa học đại cương : Câu hỏi giáo khoa, bài tập tự luận, bài tập trắc nghiệm có lời giải / Nguyễn Đức Chung",Dewey Class no. :541.076N573-C559-----Call no. :223541.076; ----- Mô tả: 544tr. ; 24cm,Tp. Hồ Chí Minh : Đại học Quốc gia Tp. Hồ Chí Minh,2015,1,2,2,3,,,NULL
3868,"Hóa vô cơ, tập 3/ Hoàng Nhâm ",,Giáo Dục.,,2,11,2,3,,,NULL
3869,"Quản trị học căn bản/ Trần Đăng Thịnh, Nguyễn Thị Hồng, Phan Thị Thanh Hiền",,Đại học Quốc gia TP.HCM,2015,1,389,2,3,,http://172.16.2.21/libol50/search/detail.asp?ID=41443,
3870,"Fundamental of Management. Pearson Publisher. / Robbins, S.P., Coulter, M., Decenzo, D.A.",,,2018,2,0,2,3,,https://thuvienso.hcmute.edu.vn/doc/fundamentals-of-management-792088.html,http://172.16.2.21/LIBOL50/search/detail.asp?ID=58776
3871,Skills of workplace communication: A handbook for t and d specialists and their organizations/ Richard P. Picardi,"Dewey Class no. :808.06665P586-----Call no. :808.06665223; ----- Mô tả: x, 307p.;24cm",Westport: Greenwood Publishing Group,Incorporated,1,1,2,3,,,NULL
3872,"Business and technical communication: An annotated guide to sources, skills, and samples/ Sandra E. Belanger, Susan Lee Kendall, Toby Leigh Matoush, Yuhfen Diana Wu",Dewey Class no. :016.65845B979-----Call no. :016.65845223; ----- Mô tả: 321p.;24cm,Westport,Conn.: Praeger Publishers,2,1,2,3,,http://172.16.2.21/libol50/search/detail.asp?ID=48627,
3873,"""Problem solving and Decision making, Solf skills for a digital place""/ Jeff Butterfield",,,2010,2,0,2,3,,http://172.30.11.76:4000/handle/123456789/476,http://172.16.2.21/libol50/search/detail.asp?ID=48638
3874,"""Critical Thinking Skills Developing Effective Analysis and Argument""/ Stella Cottrell",,,2005,2,0,2,3,,https://thuvienso.hcmute.edu.vn/doc/palgrave-study-skills-critical-thinking-skills-542748.html,
3875,Cơ học lưu chất ứng dụng/ Phạm Văn Vĩnh,,Trường ĐH Giao thông,1994,2,0,2,3,,,NULL
3876,Cơ sở công nghệ vi điện tử và vi hệ thống/Nguyễn Nam Trung,Dewey Class no. :621.3815N573 - T872-----Call no. :221621.381 5; ----- Mô tả: 156tr.;24cm..,H.:khoa học và kỹ thuật,1999,1,15,2,3,,,fsdfds
3877,"Quantitative chemical analysis/ Daniel C. Harris, Charles A. Lucy","Dewey Class no. :543H313-----Call no. :223543; ----- Mô tả: xxiii, 822p.; 29cm",New York: Macmillan Learning,2020,1,1,2,3,,,NULL
3878,"Solutions manual for quantitative chemical analysis/ Daniel C. Harris, Charles A. Lucy",Dewey Class no. :543 H313-----Call no. :543 223; ----- Mô tả: 441p.; 26cm,New York: W.H. Freeman and Company,2020,1,1,2,3,,,NULL
3879,Modern analytical chemistry/ D.  Harvey,,Mc Graw Hill,2004,2,0,2,3,,,NULL
3880,Fundamentals of analytical chemistry/ Douglas A. Skoog,Dewey Class no. :543S629-----Call no. :221543; ----- Mô tả: 786p.;24cm..,New York: Holt,Rinehart and Winston,2,1,2,3,,,NULL
3881,Hóa lý. Tập 3 (Dùng cho SV Hóa các trường Đại học Tổng hợp và Sư phạm)/ Trần Văn Nhân,,Giáo dục,2011,1,2,2,3,,,NULL
3882,Hóa keo/Trần Văn Nhân,Dewey Class no. :541.345T772-N578-----Call no. :222541.345; ----- Mô tả: 106tr.;21cm,H.:Đại học Quốc gia Hà Nội,2007,1,3,2,3,,,NULL
3883,"Atkins' Physical chemistry/ Peter Atkins, Julio de Paula, James Keeler","Dewey Class no. :541.3A873-----Call no. :541.3223; ----- Mô tả: xxvii, 908 pages: color illustrations; 28cm",Oxford,United Kingdom; New York,1,1,2,3,,,NULL
3884,"The Practice of English Language Teaching (5th edition) / Harmer, J",,Pearson Education,2015,1,0,2,3,,,NULL
3885,"Hóa lý và hóa keo:Giáo trình dùng cho sinh viên, học viên cao học, nghiên cứu sinh các trường đại học cao đẳng thuộc các hệ đào tạo /Nguyễn Hữu Phú",Dewey Class no. :541.3N573-P577-----Call no. :222a541.3; ----- Mô tả: 555tr.;27cm.,Hà Nội:Khoa học và kỹ thuật,2006,1,6,2,3,,,NULL
3886,"Applied Mechanics, Third Edition/ J.  HANNAH. M. J. Hillier",,Longman,2001,1,0,2,3,,,NULL
3887,"Foundations of mechanical engineering/ Anthony Johnson, Keith Sherwin","Dewey Class no. :620.1 J661-----Call no. :223620.1; ----- Mô tả: xii, 368p.; 24cm",Boca Raton: CRC Press,2019,1,1,2,3,,,NULL
3888,"Hướng dẫn thực hành Lập sổ sách kế toán, Lập BCTC, Lập báo cáo thuế GTGT / Ths. Đặng Văn Sáng",, Lao động,2013,2,2,2,3,,,NULL
3889,"Principles of Language Learning and Teaching / Brown, H. D. ",,Longman,2000,1,0,2,3,,,NULL
3890,Cơ ứng dụng/ Vũ Quí Đạc,,Khoa học và Kỹ thuật,2007,2,0,2,3,,,NULL
3891,Hướng dẫn thí nghiệm Hóa vô cơ/ TS. Nguyễn Vinh Tiến,,,,1,0,2,3,,,NULL
3892,"Teaching by Principles: An Interactive Approach to Language Pedagogy / Brown, H. D",,Longman,2001,2,0,2,3,,,NULL
3893,"Hóa học vô cơ tập 1, 2, 3/ hoàng nhâm",,Giáo dục,,2,33,2,3,,,NULL
3894,Giáo trình Nguyên lý kế toán / Võ Văn Nhị (chủ biên) ,,Tài Chính,2016,1,150,2,3,,,NULL
3895,"Hands-On Machine Learning with Scikit-Learn and Tensorflow: Concepts, Tools, and Techniques to Build Intelligent SystemsQuá trình và thiết bị trong CNHH & Thực phẩm-Quyển 1: Khuấy-Lắng-Lọc/ Nguyễn Văn Lụa",,Đại học Quốc gia TP. HCM,2013,1,17,2,3,,,NULL
3896,A guide to the project management body of knowledge (PMBOK® guide) / Project Management Institute,"Dewey Class no. :658.404G946-----Call no. :658.404223; ----- Mô tả: xxix, 756p. ; 28cm",Newtown Square Pennsylvania : Project Management Institute,2017,1,1,2,3,,,NULL
3897,"Quá trình và thiết bị trong CNHH & Thực phẩm-Quyển 2-Tập 1: Phân riêng bằng khí động, lực ly tâm, bơm, quạt, máy nén, tính hệ thống đường ống/ Trần Hùng Dũng",,Đại học Quốc gia TP. HCM,2013,1,2,2,3,,,NULL
3898,"Techniques and Principles in Language Teaching / Larsen-Freeman, D",,Oxford University Press.,,2,0,2,3,,,NULL
3899,"Quá trình và thiết bị trong CNHH & Thực phẩm-Quyển 2-Tập 2: Cơ học vật liệu rời/ Vũ Bá Minh, Hoàng Minh Nam",,Đại học Quốc gia TP. HCM,2013,1,12,2,3,,,NULL
3900,Quản trị dự án hiệu quả,,Đại học Kinh tế Quốc dân,2016,1,0,2,3,,,NULL
3901,"Unit Operations of Chemical Engineering, 8th edition/ Warren McCabe, Julian Smith, Peter Harriott",, McGraw Hill,2012,2,0,2,3,,,NULL
3902,"Unit Operations I: Fluid Flows and Mechanical Operations, 17th Edition/ K. A. Gavhane",,Narali Prakashan,2013,2,0,2,3,,,NULL
3903,"Environmental project management : Principles, methodology, and processes / Ebenezer A. Sholarin, Joseph L. Awange","Dewey Class no. :658.404 S559-----Call no. :658.404 223; ----- Mô tả: xix, 406p. ; 21 cm",Switzerland : Springer,2016,2,1,2,3,,,NULL
3904,"Approaches and Methods in Language Teaching / Richards, J.C.& Rodgers",,Cambridge University Press,2001,2,0,2,3,,,NULL
3905,"Mechanical Operations, 1st Ed/ Swain",,McGraw-Hill,2013,2,0,2,3,,,NULL
3906,"Introduction to Particle Technology, 2nd Ed./ Martin Rhodes",,John Wiley & Sons,2013,2,0,2,3,,,NULL
3907,"A Course in Language Teaching. Cambridge / Ur, P",,Cambridge University Press.,1999,2,0,2,3,,,NULL
3908,"A Project management: A managerial approach, 11th Edition / Meredith, JR & Mantel, S ",,Wiley,2021,2,0,2,3,,,NULL
3909,"An introductory English grammar / Stageberg, N.C.",,Cengage Learning.,1999,2,0,2,3,,,NULL
3910,Kỹ thuật nhiệt/Lê Xuân Hòa,Dewey Class no. :621.4L433-H678-----Call no. :221621.4; ----- Mô tả: 213tr;19cm.,TP.HCM:Đại học sư phạm kỹ thuật,2008,1,370,2,3,,,NULL
3911,"A project management: A systems approach to planning, scheduling and contracting, 13th Edition / Kerzner",,Wiley,,2,0,2,3,,,NULL
3912,"Analysing sentences: An introduction to English syntax / Burton-Roberts, N",,Routledge,2013,1,0,2,3,,,NULL
3913,Saigon times weekly,,,,2,0,2,3,,,NULL
3914,"Cơ sở kỹ thuật nhiệt/Phạm Lê Dần, Đặng Quốc Phú",Dewey Class no. :F312P534-D167-----Call no. :621.4007221; ----- Mô tả: 192tr;20.5cm,H:Giáo dục,1997,1,1,2,3,,,NULL
3915,Financial times online,,,,2,0,2,3,,,NULL
3916,"Nhiệt động lực học kỹ thuật/Hoàng Đình Tín, Lê Chí Hiệp",Dewey Class no. :621.4021H678-T587-----Call no. :621.4021221; ----- Mô tả: 478tr.;27cm,Tp.HCM :Đại học Quốc gia Tp.Hồ Chí Minh,2007,1,12,2,3,,,NULL
3917,Truyền nhiệt và tính toán thiết bị trao đổi nhiệt /Hoàng Đình Tín,Dewey Class no. :621.4022H678-T587-----Call no. :621.4022221; ----- Mô tả: 582tr.;24cm,H:Khoa học và Kỹ thuật,2001,2,34,2,3,,,NULL
3918,"Heat transfer, Ninth Edition/ J. P. Holman",, McGraw-Hill,2002,2,2,2,3,,,http://172.16.2.21/LIBOL50/search/detail.asp?ID=43856
3919,"Environmental Monitoring Handbook/ Frank R Burden, Ian McKelvie, Ulrich Forstner, Alex Guenther",,McGraw-Hill,2002,1,0,2,3,,http://172.30.11.76:4000/handle/123456789/664,NULL
3920,Bài giảng môn Thuế của giảng viên ,,,,2,0,2,3,,,NULL
3921,Giáo trình Phân tích Định lượng- Các phương pháp hóa học/ TS. Hồ Thị Yêu Ly,,Đại học Quốc gia TP. HCM,2018,1,0,2,3,,,NULL
3922,"Bài giảng thí nghiệm phân tích công cụ, Lưu hành nội bộ",,,,1,0,2,3,,,NULL
3923,Hệ thống văn bản pháp luật về thuế và các văn bản liên quan,,,,2,0,2,3,,,
3924," Thí nghiệm hóa phân tích/ Nguyễn Bạch Tuyết, Lê Xuân Mai",,Đại học Quốc gia TP. HCM,2003,2,0,2,3,,,NULL
3925,Quản lý môi trường đô thị và khu công nghiệp/Phạm Ngọc Đăng ,Dewey Class no. :354.3P573-Đ182-----Call no. :354.3222; ----- Mô tả: 282tr.;24cm,H.:Xây dựng,2011,2,8,2,3,,,NULL
3926,Tài liệu hướng dẫn thí nghiệm hóa lý,,ĐH Sư phạm Kỹ thuật TPHCM,,1,0,2,3,,,NULL
3927, Hóa lý 1/ Lê Thị Thanh Hương,,ĐH Công nghiệp TPHCM,2008,2,0,2,3,,,NULL
3928,"An introductory English grammar / Stageberg, N.C.",,Cengage Learning.,1999,1,0,2,3,,,NULL
3929,"Quan trắc nước thải công nghiệp/Nguyễn Văn Kiết, Huỳnh Trung Hải",Dewey Class no. :628.16N573-K47-----Call no. :222628.16; ----- Mô tả: 166tr.;27cm,H.:Khoa học và kỹ thuật,2006,2,22,2,3,,,NULL
3930,"Analysing sentences: An introduction to English syntax / Burton-Roberts, N",,Routledge,2013,1,0,2,3,,,NULL
3931,"Hướng dẫn các phương pháp luận quan trắc nước, không khí, chất thải nguy hại/ ESCAP",,,1994,1,0,2,3,,,NULL
3932,English syntax and argumentation / ,,Palgrave Publishers,2008,1,0,2,3,,,NULL
3933,"Polymers: Chemistry and Physics of Mordern Materials/ J. M. G. Cowie, Valeria Arrighi",,CRC Press,2007,2,0,2,3,,http://172.30.11.76:4000/handle/123456789/619,NULL
3934,Giáo trình giao dịch và đàm phán kinh doanh/Hoàng Đức Thân,Dewey Class no. :302.2H678-T367-----Call no. :222302.2; ----- Mô tả: 344tr.;21cm.,H.:Thống kê,2006,1,6,2,3,,,NULL
3935,Hệ thống thông tin quản lý/Nguyễn Thanh Hùng,Dewey Class no. :003.3N573-H936-----Call no. :222003.3; ----- Mô tả: 476tr.;24cm.,Tp.Hồ Chí Minh:Đại học Quốc Gia Tp.Hồ Chí Minh,2006,1,30,2,3,,,NULL
3936,"Environmental economics : An elementary introduction / R. Kerry Turner, David Pearce, Ian Bateman",Dewey Class no. :333.7 T944-----Call no. :333.7 223; ----- Mô tả: 328p. ; 23 cm,New York : Harvester Wheatsheaf,1994,1,1,2,3,,,NULL
3937,"Environmental & Natural Resource Economics / Tom Tietenberg, Lynne Lewis",,Pearson Education,2012,2,0,2,3,,,NULL
3938,Economics for Environmental Professionals / Frank R. Spellman ,,CRC Press,2015,2,0,2,3,,,NULL
3939,Topics in Environmental Economics / Mattias Boman,,Springer ,1999,2,0,2,3,,,NULL
3940,"The Practice of English Language Teaching (5th eed.) / Harmer, J. ",,Harlow: Pearson Education Limited,2015,1,0,2,3,,,NULL
3941,"Learning Teaching: The Essential  for English Language Teaching (3rd ed) / Scrivener, J. ",,London : Macmillan Education,2011,1,0,2,3,,,NULL
3942,"Các quá trình và thiết bị truyền nhiệt, Tập 2 (Phần 3)/ Nguyễn Tấn Dũng",,Đại học Quốc gia TP. HCM,2013,1,630,2,3,,,NULL
3943,"Classroom Management Techniques (1st ed.) Scrivener, J. ",,Cambridge: CUP ,2012,1,0,2,3,,,NULL
3944,"Introduction to Food Engineering, 3rd/ R. Paul Singh, Dennis R Heldman",,Publishing,2012,1,3,2,3,,,NULL
3945,Giáo trình hóa kỹ thuật môi trường/Nguyễn Văn Sức,Dewey Class no. :628N573-S942-----Call no. :628223; ----- Mô tả: 296tr.;24cm,Tp. Hồ Chí Minh:Đại học Quốc gia Tp. Hồ Chí Minh,2014,1,340,2,3,,,NULL
3946,"Unit Operation in Food Engineering/ Albert Ibarz, Gustavo V. Barbosa- Canovas",,CRC Press,2003,2,0,2,3,,,NULL
3947,"Teacher’s Handbook: Contextualized Language Instruction (5th ed.) / Shrum, J. & Glisan, E. ",,"Boston, MA : Cengage Learning",2016,1,0,2,3,,,NULL
3948,"Génie des procédés alimantaires, des bases aux applications/ Jean-Jacques Bimbenet, Albert Duquenoy, Gilles Trystram, Dunod",,,2002,2,0,2,3,,,NULL
3949,Purchasing and supply chain management / Arjan J. van Weele,"Dewey Class no. :658.72 W396-----Call no. :658.72 223; ----- Mô tả: xiii, 386p. ; 26cm",Andover,Hampshire : Cengage Learning,1,1,2,3,,,NULL
3950,"Chemical Engineers Handbook Seventh ed / Perry, Robert H., Don W. Green, and James O. Maloney",,McGraw-Hill,1997,2,0,2,3,,http://172.30.11.76:4000/handle/123456789/621,NULL
3951,"How to Teach English / Harmer, J.",,Harlow: Pearson Longman,2007,2,0,2,3,,,NULL
3952, Quá trình và Thiết bị Công nghệ Hóa học và Sản phẩm – Bài tập Truyền Nhiệt/ Phạm Văn Bôn,,Đại học Quốc gia TP. HCM,2004,2,7,2,3,,,NULL
3953,Environmetal Chemistry/Staney  E. Manahan,,Lewis ,2000,2,0,2,3,,http://172.30.11.76:4000/handle/123456789/620,NULL
3954," Contracts, relationships and integration: Towards a model of the procurement of complex performance / Lewis, M.A., Roehrich, J.K. ",,"International Journal of Procurement Management, 2(2):125–142.",2009,2,0,2,3,,,NULL
3955,"Techniques and Principles in Language Teaching (3rd ed) / Larsen-Freeman, D. & Anderson, M. ",,Oxford: OUP,2011,2,1,2,3,,,NULL
3956,Source Book of Alternative Technologies for Freshwater Augmentation in Latin America and the Caribbean/UNEP International Environmental Technology Centre,,,1997,2,0,2,3,,,NULL
3957,"Giáo trình kỹ thuật điện/Nguyễn Trọng Thắng, Lê Thị Thanh Hoàng",Dewey Class no. :621.31N573-T367-----Call no. :621.31222; ----- Mô tả: 228tr.;24cm,Tp.HCM :Đại học Quốc gia Tp.Hồ Chí Minh,2008,1,116,2,3,,,NULL
3958,Fundamentals of Electrical engineering/ Giorgio Rizzoni,, Mc Graw Hill,2009,2,0,2,3,,,NULL
3959,US Department of commerce / A basic guide to exporting,,,,2,0,2,3,,,NULL
3960,Lịch sử thế giới cổ trung đại / Lương Ninh (cb),,Giáo dục,2003,2,0,2,3,,,NULL
3961,Introduction to Environmental Analysis/Roger N. Reeve,,John Wiley & Son,2002,1,0,2,3,,http://172.30.11.76:4000/handle/123456789/622,NULL
3962,Thông tư 200/2014/TT-BTC ngày 22/12/2014,,,,2,0,2,3,,,NULL
3963,Phân tích định lượng /Nguyễn Thị Thu Vân,Dewey Class no. :545N573 - V217-----Call no. :545221; ----- Mô tả: 541tr ;24cm,TP. HCM :Đại học quốc gia,2004,1,59,2,3,,,NULL
3964,Bài tâp và Sổ tay Phân tích Định lượng/ Nguyễn Thị Thu Vân,,Đại học Quốc gia TP. HCM,2012,1,0,2,3,,,NULL
3965,Bài giảng Nhập môn ngành Logistics và Quản trị chuỗi cung ứng / Tài liệu lưu hành nội bộ,,,,1,0,2,3,,,NULL
3966,Analytical chemistry for technicians / John Kenkel,"Dewey Class no. :543 K33-----Call no. :543 223; ----- Mô tả: xxix, 507p.; 26cm",Boca Raton : CRC Press,2014,1,1,2,3,,,NULL
3967,Các phương pháp phân tích công cụ trong hóa học hiện đại/Hồ Viết Quý,Dewey Class no. :543H678-Q166-----Call no. :222543; ----- Mô tả: 594tr;21cm.,H.:Đại học Sư phạm,2005,1,8,2,3,,,NULL
3968,Giáo trình hóa phân tích môi trường/Nguyễn Văn Sức,Dewey Class no. :628.50154N573-S942-----Call no. :628.50154223; ----- Mô tả: 259tr.;24cm,Tp. Hồ Chí Minh:Đại học Quốc gia Tp. Hồ Chí Minh,2014,1,316,2,3,,,NULL
3969,"Những nền văn minh thế giới / Nguyễn Gia Phu, Nguyễn Văn Ánh, Đỗ Đình Hãng, Trần Văn La",,Giáo dục,2009,2,0,2,3,,,NULL
3970,Phương pháp nghiên cứu kinh tế kiến thức cơ bản / Trần Tiến Khai,Dewey Class no. :330.072 T772-K45-----Call no. :223 330.072; ----- Mô tả: 345tr. ; 24cm,H. : Lao động Xã hội,2015,1,1,2,3,,,NULL
3971,Modern analytical chemistry/David Harvey,,Mc Graw Hill ,2004,2,0,2,3,,http://172.30.11.76:4000/handle/123456789/624,NULL
3972,"Đại cương lịch sử thế giới cổ đại / Trịnh Nhu, Nguyễn Gia Phu",,Đại học và Giáo dục công nghiệp,1990,2,0,2,3,,,NULL
3973,"Hình học họa hình - Tập 1:Phương pháp hai hình chiếu thẳng góc, Phương pháp hình chiếu trục đo/Nguyễn Đình Điện (Chủ biên), Đỗ Mạnh Môn",Dewey Class no. :516.2307N573-Đ562-----Call no. :221516.2307; ----- Mô tả: 187tr.;27cm,H.:Giáo Dục,2012,1,5,2,3,,,NULL
3974,"Vẽ kỹ thuật cơ khí - Tập 1:Sách dùng cho các trường đại học kỹ thuật/Trần Hữu Quế, Đặng Văn Cứ, Nguyễn Văn Tuấn",Dewey Class no. :604.24T772-Q156-----Call no. :222604.24; ----- Mô tả: 272tr. ;27cm.,Hà Nội:Giáo dục,2006,1,26,2,3,,,http://172.16.2.21/LIBOL50/search/detail.asp?ID=54945
3975,"Text book of engineering drawing, 2nd ed/ L. V. Reddy",,BS Publications,2008,2,1,2,3,,,NULL
3976,"Skillful Listening & Speaking Student Book 1 / Baker, L., & Gershon, S",,London: Macmillan.,2012,1,0,2,3,,,NULL
3977,"Machine drawing 3rd ed./ K.L. Narayana, P. Kannaiah, K. V. Reddy",, New Age International ,2006,2,1,2,3,,http://172.30.11.76:4000/handle/123456789/487,NULL
3978,Schaum’s Outline of Theory and Problems of Descriptive Geometry/ M. C. Hawk,,McGraw-Hill,1962,2,0,2,3,,http://172.30.11.76:4000/handle/123456789/595,NULL
3979,PET Practice tests/ Jenny Quintana,Dewey Class no. :428.24Q77-----Call no. :428.24222; ----- Mô tả: 126p.;28cm,New York:Oxford University Press,2003,2,0,2,3,,,NULL
3980,"Giáo trình kỹ thuật điện:Dùng cho các trường đại học và cao đẳng khối công nghệ/Đặng Văn Thành, Lê Thị Thanh Hoàng, Phạm Thị Nga,...",Dewey Class no. :621.31G434-----Call no. :621.31221; ----- Mô tả: 243tr.;24cm,Tp.HCM:Đại học Quốc gia Tp.HCM,2010,1,95,2,3,,,NULL
3981,"Bài tập vẽ kỹ thuật cơ khí - Tập 1/Trần Hữu Quế, Nguyễn Văn Tuấn",,H. :Giáo dục,2012,2,0,2,3,,,NULL
3982,"Skillfull Listening & Speaking Student Book 4 / Clandfield, L., & McKinnon, M",,London: Macmillan.,2006,1,0,2,3,,,NULL
3983,"Giáo trình hình họa - vẽ kỹ thuật:Giáo trình dùng cho sinh viên các ngành kỹ thuật/Hồ Ngọc Bốn, Nguyễn Văn Đoàn",Dewey Class no. :604.24H678-B697-----Call no. :604.24222; ----- Mô tả: 152tr.;24cm,Tp. Hồ Chí Minh:Đại học Quốc gia Tp. Hồ Chí Minh,2014,2,518,2,3,,,NULL
3984,"Bộ luật Hàng hải Việt Nam, 2015 (có hiệu lực từ 01/07/2017)",,,,2,0,2,3,,,NULL
3985,"Contemporary Topics 3 / Beglar, D., Murray, N., & Rost, M","
",New York: Pearson Education ESL.,2016,2,0,2,3,,,NULL
3986,"Kỹ thuật điện: Lý thuyết, bài tập giải sẵn. Bài tập cho đáp số và bài tập trắc nghiệm. Sách giáo trình cho các trường Đại học/ Đặng Văn Đào, Lê Văn Doanh",Dewey Class no. :621.31076 Đ182-Đ211-----Call no. :621.31076 223; ----- Mô tả: 332tr. ; 24 cm,H. : Khoa học tự nhiên và Công nghệ,2014,1,2,2,3,,,NULL
3987,Luật hàng không dân dụng Việt Nam:có hiệu lực 01/01/2007,Dewey Class no. :343.597097L926-----Call no. :343.597097222; ----- Mô tả: 169tr.;19cm,H.:Lao động Xã hội,2006,2,3,2,3,,,NULL
3988,"Vocabulary for IELTS Advanced / Cullen, P",,Cambridge: Cambridge English,2012,2,0,2,3,,,NULL
3989,Electricity and Electronics Basis/Wiliam F.Steienberg,,Americain technical society Chicogo,1974,2,0,2,3,,,NULL
3990,"The Official Cambridge Guide to IELTS for  Academic and General Training / Cullen, P., French, A., & Jakeman, V",,Cambridge: Cambridge English,2014,2,0,2,3,,,NULL
3991,"Công nghệ hoá học vô cơ/ Trần Hồng Côn, Nguyễn Trọng Uyển",,Khoa học và Kỹ thuật,2005,1,2,2,3,,,NULL
3992,"Hoá kĩ thuật đại cương/ Phùng Tiến Đạt, Trần Thị Bính",,Đại học Sư phạm,2004,1,2,2,3,,,NULL
3993,"IELTS Practice Test Plus 1 / Jakeman, V., & McDowell, C",,New York: Pearson English Language Teaching,2001,2,0,2,3,,,NULL
3994,Electronics Circuits and Applications/Bernard Grob ,,Mc Graw Hill ,1982,2,0,2,3,,,NULL
3995,"Speaking for IELTS / Kovacs, K","
",United Kingdom: HarperCollins,2011,2,0,2,3,,,NULL
3996,Giáo trình đánh giá tác động môi trường / Nguyễn Thị Thu Thảo,Dewey Class no. :333.72 N573-T367-----Call no. :333.72 222; ----- Mô tả: 263tr. ; 24cm,Tp.Hồ Chí Minh : Đại học Quốc gia Tp. Hồ Chí Minh,2017,1,221,2,3,,,NULL
3997,Giáo trình đánh giá tác động môi trường /Hoàng Hưng,Dewey Class no. :333.72H678-H936-----Call no. :222333.72; ----- Mô tả: 207tr.;21cm.,Tp.HCM:Đại học Quốc gia Tp.HCM,2007,1,42,2,3,,,NULL
3998,"Lecture Ready 3 / Sarosy, P., & Sherak, K",,Oxford: Oxford University Press,2013,2,0,2,3,,,NULL
3999,"Listening for IELTS / Tomlinson, J., & Aish",,United Kingdom: Collins,2011,2,0,2,3,,,NULL
4000,Environmental Impact Assessment - A practical guide/Betty Bowers Marriott,,McGraw-Hill,1997,1,0,2,3,,,NULL
4001,Đánh giá tác động môi trường phương pháp và ứng dụng/Lê Trình,,KHKT,2015,2,0,2,3,,,NULL
4002,Total Quality Management / James R.Evans and William M.Lindsay ,,Cengage Learning,2016,2,0,2,3,,,NULL
4003,"Đánh giá tác động môi trường/Phạm Ngọc Hồ, Hoàng Xuân Cơ",Dewey Class no. :333.72P534-H678-----Call no. :221333.72; ----- Mô tả: 288tr.;21cm..,Hà Nội: Đại học Quốc gia Hà Nội,2004,2,8,2,3,,,NULL
4004,"Skilful Listening & Speaking Student Book 3 / Boyle, M., & Kisslinger, E",,London: Macmillan.,2013,1,0,2,3,,,NULL
4005,"Assessment Of Sources of Air, Water, and Land Pollution/Alexander P. Economopoulos",,World Health Organization,1993,2,0,2,3,,,NULL
4006,"North Star: Listening and Speaking 4  / Solorzano, H. S., Jenifer, P. L., & Schmidt, J. P. L",,New York: Pearson Longman,2008,1,0,2,3,,,NULL
4007,"Q: Skills for Success 4 Listening & Speaking / Freire, R., & Jones, T",,Oxford: Oxford University Press.,2011,1,0,2,3,,,NULL
4008,"Skillful Listening & Speaking Student Book 2 / David, B., & Robyn, B. L",,London: Macmillan,2013,1,0,2,3,,,NULL
4009,Introduction to engineering and the environment/Edward S. Rubin ,Dewey Class no. :628R896-----Call no. :221628; ----- Mô tả: 696p.;24cm..,New York:McGraw-Hill,2001,2,1,2,3,,,NULL
4010,"Listening for IELTS / Fiona, A., & Jo, T",,United Kingdom: Collins,2011,2,0,2,3,,,NULL
4011,"Complete IELTS Bands 4-5 / Guy, B. H., & Vanessa, J",,Cambridge: Cambridge University Press,2012,2,0,2,3,,,NULL
4012,Intensive Ielts Listening / New Oriental Education & Technology Group,,Ho Chi Minh City: Ho Chi Minh City General Publishing House,2013,2,0,2,3,,,NULL
4013,"Britain for Learners of English / Driscoll, J",,The United Kingdom: Oxford University Press,2009,1,0,2,3,,,NULL
4014,"Oxford Guide to British and American Culture / Crowther, J",,London: Oxford University Press,2000,2,0,2,3,,,NULL
4015,"Check Your English Vocabulary for Living in the UK / Wyatt, D",,A & C Black Publishers ,2006,2,0,2,3,,,NULL
4016,Fertilizer manual/ UNIDO and IFDC (Editor),,1988,,2,-1,2,3,,,NULL
4017,"Công nghệ muối khoáng ( phân bón, thuốc trừ sâu, các muối công nghiệp, các axit-bazo). Phần 2",,Pozin,1974,2,0,2,3,,,NULL
4018,Bài giảng Kế toán quản trị 1,,Lưu hành nội bộ,,1,0,2,3,,,NULL
4019,"American Ways: An Introduction to American Culture (4th Edition) / Datesman, M. K., Crandall, J., Kearny, E. N",,"The United States: Pearson Education, Inc",2014,1,0,2,3,,,NULL
4020,The United States of America (Modern World Nations Series) / Gritzner. F. C,,The United States: Dakota State University,2008,1,0,2,3,,,NULL
4021,Giáo trình phân tích hóa kỹ thuật môi trường,,ĐHBK TPHCM,2005,2,0,2,3,,,NULL
4022,"Giáo trình Kế toán quản trị / TS. Đoàn Ngọc Quế, ThS Đào Tất Thắng, TS. Lê Đình Trực",,Kinh tế TP.HCM,2011,2,6,2,3,,,NULL
4023,Chemistry for environmental Engineering/Clair N. Sawyer,,McGraw – Hill,1994,2,0,2,3,,,NULL
4024,"Managerial Accounting / Ronald W. Hilton, David E. Platt",,"Mc Graw Hill, tenth edition, Global ",2014,2,0,2,3,,,NULL
4025,"English Phonetics and Phonology A Practical Course  / Roach, P.",,Cambridge: Cambridge University Press,2009,1,0,2,3,,,NULL
4026,"Bài giảng Thực hành Hóa Phân tích Môi Trường/Nguyễn Thị Minh Nguyệt, Hoàng Thị Tuyết Nhung",,,2009,1,0,2,3,,,NULL
4027,"Understanding Phonology / Gussenhoven, C., & Jacobs, H",,Great Britain: Hodder Arnold,1998,2,0,2,3,,,NULL
4028,"Thí nghiệm hóa phân tích/Nguyễn Bạch Tuyết, Lê Xuân Mai",,Đại học Quốc gia TPHCM,,2,0,2,3,,,NULL
4029,"Pragmatics / Yule, G",,Oxford: OUP Oxford: OUP ,1996,1,0,2,3,,,NULL
4030,"Thiết lập và thẩm định dự án đầu tư : Lý thuyết và bài tập/Nguyễn Quốc Ấn, Phạm Thị Hà, Phan Thị Thu Hương, Nguyễn Quang Thu",Dewey Class no. :658.404T439-----Call no. :658.404222; ----- Mô tả: 254tr.;24cm,H. :Thống kê,2007,1,15,2,3,,,NULL
4031,Domestic and industrial wastewater treatment/Lam Minh Triet,,HCMC National University,,1,0,2,3,,,NULL
4032,"Pragmatics / Peccei, J. S",,New York: Routledge.,1999,1,0,2,3,,,NULL
4033,"Cost-Benefit Analysis / Boardman, A.E., Greenberg, D.H., Vining, A.R., and Weimer, D.L",,"Pearson Education, Prentice Hall",2009,2,0,2,3,,,NULL
4034,Industrial wastewater treatment/Trinh Xuan Lai,,Construction,,2,0,2,3,,,NULL
4035,"Pragmatics / Levinson, S. C",,Cambridge: Cambridge University Press,1983,1,0,2,3,,,NULL
4036,Design of Municipal Wastewater Treatment Plants/WEF & ASCE ,,,,2,0,2,3,,,NULL
4037,"Semantics – A Course Book / Hurford, J. R., & Heasley, B",,Cambridge University Press,1984,1,0,2,3,,,NULL
4038,"Semantics Coursebook / To, T. M",,Ho Chi Minh City: Ho Chi Minh City National University Publishing House,2007,1,0,2,3,,,NULL
4039,"Water quality and Treatment, Americal water work associatation/Raymond D. Letterman ",,McGraw-Hill,1999,2,0,2,3,,,NULL
4040,"Bài giảng Nhập môn ngành Quản lý công nghiệp – Khoa Kinh tế, ĐH Sư phạm Kỹ thuật TPHCM ",,(tài liệu lưu hành nội bộ),,1,0,2,3,,,NULL
4041,Theory and practice of water and wastewater treatment / Ronald L. Droste,"Dewey Class no. :628.162D787-----Call no. :628.162223; ----- Mô tả: xiv, 800p. ; 26 cm",Hoboken,NJ. : John Wiley & Sons,2,1,2,3,,,NULL
4042,"Semantics: a course book / Hurford, J. R., & Heasley, B",,Cambridge: Cambridge University Press,1984,1,0,2,3,,,NULL
4043,Materials Science and Engineering: An Introduction 7th /;' William D. Casllister Jr,, John Wiley & Sons,2007,1,0,2,3,,,NULL
4044,"Semantics Coursebook / To, M. T",,Ho Chi Minh City: National University Press,2007,2,0,2,3,,,NULL
4045,Vật liệu học cơ sở:Giáo trình cho các ngành cơ khí của các trường Đại học/Nghiêm Hùng,Dewey Class no. :620.112N576-H936-----Call no. :222620.112; ----- Mô tả: 483tr.;24cm,H.:Khoa học và Kỹ thuật,2010,1,6,2,3,,,NULL
4046,"Vật liệu kỹ thuật / Đặng Vũ Ngoạn (ch.b); Nguyễn Văn Dán, Nguyễn Ngọc Hà, Trương Văn Trường",Dewey Class no. :620.112Đ182-N576-----Call no. :620.112222; ----- Mô tả: 337tr.;24cm,Tp. Hồ Chí Minh : Đại học Quốc gia Tp. Hồ Chí Minh,2011,1,1,2,3,,,NULL
4047,Advances in water and wastewater treatment technology/Tomonori Matsuo,,Elsevier Science ,2001,2,0,2,3,,,NULL
4048,Phương pháp nghiên cứu kinh tế kiến thức cơ bản/Trần Tiến Khai,Dewey Class no. :330.072T772-K45-----Call no. :222330.072; ----- Mô tả: 345tr.;24cm,H.:Lao động - Xã hội,2012,1,5,2,3,,,NULL
4049," Tính toán ,  Thiết kế các chi tiết , thiết bị hóa chất và dầu khí/ Hồ Lê Viên",,KHKT,2006,1,0,2,3,,,NULL
4050,Fundamentals of Biological Wastewater Treatment/Udo Wiesmann,,Wiley,2,2,0,2,3,,http://172.30.11.76:4000/handle/123456789/666,NULL
4051,Giaó trình các thiết bị trong công nghệ thực phẩm – công nghệ sinh học/ Tôn Thất Minh,,BKHN,2007,1,10,2,3,,,NULL
4052,"The Study Skills Handbook (5th ed) / Cottrell, S. ",,Oxford: Macmillan Education.,2019,2,0,2,3,,,NULL
4053,Tính toán thiết kế máy và thiết bị thực phẩm/ Tôn Thất Minh,,BKHN,2012,1,10,2,3,,,NULL
4054,"Environmental engineering / Ruth F. Weiner, Robin A. Matthews","Dewey Class no. :628 W423-----Call no. :628 223; ----- Mô tả: xiii, 484 p. ; 24 cm",Oxford : Butterworth-Heinemann,2003,2,1,2,3,,http://172.30.11.76:4000/handle/123456789/665,NULL
4055,Chemical_Process_Equipment_Selection_and_Design/ Stanley M. Walas,,ELSEVIER,2004,2,0,2,3,,,NULL
4056,"The Buzan Study Skills Handbook / Buzan, T. & Harrison, J. ",,Harlow : BBC Active.,2010,2,0,2,3,,,NULL
4057,Chemical_Process_Engineering _Design and _Economics/ Harry Silla,,Marsel Dekker,,2,0,2,3,,,NULL
4058,Biotechnology for waste and wastewater treatment/Nicholas P. Cheremisinoff,,Noyes Publications,1996,2,0,2,3,,,NULL
4059," How to Study (8th ed.) / Fry, R. (2016)",,"Wayne, NJ : The Career Press, Inc.",2016,2,0,2,3,,,NULL
4060,Industrial Electrochemistry / D. Pletcher and F. C. Walsh,,,1990,2,0,2,3,,,NULL
4061,Membranes for Industrial Wastewater Recovery and Re-use/Simon Judd and Bruce Jefferson,,Elsevier ,2003,2,0,2,3,,,NULL
4062,"On course: Strategies for Creating Success in College and in Life,  Study Skills Plus Edition / Downing, S",,"Boston, Mass: Wadsworth, Cengage Learning. ",2011,2,0,2,3,,,NULL
4063,Quản trị Marketing / Lê Thế Giới ,,Tài chính,2010,1,13,2,3,,,NULL
4064," Corrosion Engineering/  M. G. Fontana, N. D. Green",,McGraw Hill,1989,2,0,2,3,,,NULL
4065,Domestic and industrial wastewater treatment/Lam Minh Triet,,HCMC National University,,2,0,2,3,,,NULL
4066,Quản trị Marketing / Philip Kotler ,,,2007,2,1,2,3,,,NULL
4067,Electrochemical Processes and Electrochemical Engineering/ F. Hine,,Plenum Press,1985,2,0,2,3,,,NULL
4068,Thấu hiểu tiếp thị từ A đến Z / Philip Kotler ,,Trẻ,2020,2,1,2,3,,,NULL
4069,Japanese Language and Culture Starter A1 / Katsudou,,Marugoto,,1,0,2,3,,,NULL
4070,Japanese Language and Culture Starter A1 / Rikai,,Marugoto,,1,0,2,3,,,NULL
4071,Domestic and industrial wastewater treatment/Lam Minh Triet,,HCMC National University,,1,0,2,3,,,NULL
4072,Armstrong’s Handbook of Human Resources Management Practice / Michael Armstrong,,Kogan Page,2009,2,0,2,3,,,NULL
4073,Industrial wastewater treatment/Trinh Xuan Lai,,Construction,,2,0,2,3,,,NULL
4074,Marugoto : Japanese Language and Culture Starter A1 / Katsudou,,Marugoto,,1,0,2,3,,,NULL
4075,"Hóa kỹ thuật đại cương /Phùng Tiến Đạt, Trần Thị Bính",Dewey Class no. :660P577-Đ232-----Call no. :221660; ----- Mô tả: 495tr. :21cm..,Hà Nội :Đại học Sư phạm Hà Nội 1,2004..,1,2,2,3,,,NULL
4076,Design of Municipal Wastewater Treatment Plants/WEF & ASCE,,,,2,0,2,3,,,NULL
4077,Marugoto : Japanese Language and Culture Starter A1 / Rikai,,Marugoto,,1,0,2,3,,,NULL
4078,"Handbook of Industrial Chemistry (Organic chemicals)/ Mohammad Farhat Ali, Bassam M. EI Ali, James G. Speight",,MacGraw Hill,2015,2,0,2,3,,,NULL
4079,"Water quality and Treatment, Americal water work associatation/Raymond D. Letterman ",,McGraw-Hill,1999,2,0,2,3,,,NULL
4080,Mô hình hóa – tối ưu hóa trong CNHH&TP/ Nguyễn Tấn Dũng & Cộng sự,,Đại học Quốc gia TP. HCM,2007,1,321,2,3,,,NULL
4081,Marugoto: Japanese Language and Culture Starter A1 / Katsudou,,Marugoto,,1,0,2,3,,,NULL
4082,Mô hình hóa – tối ưu hóa/; Nguyễn Cảnh,,Đại học Quốc gia TP. HCM,2002,1,0,2,3,,,NULL
4083,Marugoto: Japanese Language and Culture Starter A1 / Rikai,,Marugoto,,1,0,2,3,,,NULL
4084,Theory and practice of water and wastewater treatment / Ronald L. Droste,"Dewey Class no. :628.162D787-----Call no. :628.162223; ----- Mô tả: xiv, 800p. ; 26 cm","Hoboken, NJ. : John Wiley & Sons",1997,2,1,2,3,,,NULL
4085,Ứng dụng tin học trong công nghệ hóa học - thực phẩm/Trịnh Văn Dũng,Dewey Class no. :660.0285T833-D916-----Call no. :660.028 5222; ----- Mô tả: 226tr.;27cm,Tp.HCM:Đại học Quốc gia Tp.Hồ Chí Minh,2009,1,3,2,3,,,NULL
4086,Advances in water and wastewater treatment technology/Tomonori Matsuo,,Elsevier Science ,2001,2,0,2,3,,,NULL
4087,"Unit Operation in Chemical Engineering/ Albert Ibarz, Gustavo V. Barbosa- Canovas",,CRC Press,2003,2,0,2,3,,,NULL
4088,Fundamentals of Biological Wastewater Treatment/Udo Wiesmann,,Wiley,2,2,0,2,3,,http://172.30.11.76:4000/handle/123456789/666,NULL
4089,"Génie des procédés alimantaires, des bases aux applications/ Jean-Jacques Bimbenet, Albert Duquenoy, Gilles Trystram, Dunod",,,2002,2,0,2,3,,,NULL
4090,"Materials and methods in ELT: A teacher's guide (3rd ed.) / McDonough, J., Shaw, C., & Masuhara, H",,Oxford: Blackwell,2013,1,0,2,3,,,NULL
4091,"Issues in Materials Development / Azarnoosh, M., Zeraatpishe, M., Faravani, A., & Kargozari, H. R.",,Sense Publisher,2016,1,0,2,3,,,NULL
4092,"Environmental engineering / Ruth F. Weiner, Robin A. Matthews","Dewey Class no. :628 W423-----Call no. :628 223; ----- Mô tả: xiii, 484 p. ; 24 cm",Oxford : Butterworth-Heinemann,2003,2,1,2,3,,,NULL
4093,"Developing materials for language teaching (2nd ed.) / Tomlinson, B",,London: Bloomsbury,2014,1,0,2,3,,,NULL
4094,"English language learning materials: A critical review/ Tomlinson, B",,London: Continuum International Publishing Group,2008,1,0,2,3,,,NULL
4095,Biotechnology for waste and wastewater treatment/Nicholas P. Cheremisinoff,,Noyes Publications,1996,2,0,2,3,,,NULL
4096,Quá trình và thiết bị trong CNHH & Thực phẩm-Quyển 1: Khuấy-Lắng-Lọc/ Nguyễn Văn Lụa,,Đại học Quốc gia TP. HCM,2013,1,0,2,3,,,NULL
4097,Membranes for Industrial Wastewater Recovery and Re-use/Simon Judd and Bruce Jefferson,,Elsevier ,2003,2,0,2,3,,,NULL
4098,"Quá trình và thiết bị trong CNHH & Thực phẩm-Quyển 2-Tập 1: Phân riêng bằng khí động, lực ly tâm, bơm, quạt, máy nén, tính hệ thống đường ống/ Trần Hùng Dũng, Nguyễn Văn  Lục, Hoàng Minh Nam, Vũ Bá Minh",,Đại học Quốc gia TP. HCM,2013,1,2,2,3,,,NULL
4099,"Quá trình và thiết bị trong CNHH & Thực phẩm-Quyển 2-Tập 2: Cơ học vật liệu rời/ Vũ Bá Minh, Hoàng Minh Nam",,Đại học Quốc gia TP. HCM,2013,1,0,2,3,,,NULL
4100,"The Routledge handbook of teaching English to young learners /  Garton, S. & Copland, F",,Routledge,2018,1,0,2,3,,,NULL
4101,"Unit Operations of Chemical Engineering, 8th edition/ Warren McCabe, Julian Smith, Peter Harriott",,McGraw Hill,2012,2,0,2,3,,,NULL
4102,"Teaching young learners English : from theory to practice / Shin, J.K. & Crandall, J",,Heinle ELT,2013,1,0,2,3,,,NULL
4103,Unit Operations I: Fluid Flows and Mechanical Operations/ K. A. Gavhane,,Narali Prakashan,2013,2,0,2,3,,,NULL
4104,"Teaching English to young learners: Critical issues in language teaching with 3-12 year olds / Bland, J.",,Bloomsburry,2015,2,0,2,3,,,NULL
4105,"Mechanical Operations, 1st Ed./ Swain",,McGraw-Hill,2013,2,0,2,3,,,NULL
4106,"Teaching Languages to Young Learners / Cameron, L.",,Cambridge University Press,2011,2,0,2,3,,,NULL
4107,Introduction to Particle Technology/ Martin Rhodes,,John Wiley & Sons,2013,2,0,2,3,,,NULL
4108,Ô nhiễm không khí và xử lý khí thảiTrần Ngọc Chấn/$nT3:$pLý thuyết tính toán và công nghệ xử lý khí độc hại /,Dewey Class no. :628.5T772 - C454-----Call no. :628.5221; ----- Mô tả: 181 tr. ;27 cm,Hà Nội:Khoa học và Kỹ thuật,2004,2,10,2,3,,,NULL
4109,"English for Primary Teachers: A Handbook of Activities and Classroom Language / Slattery, M.",,Oxford University Press,2001,2,0,2,3,,,NULL
4110,"Storytelling with Children Second Edition / Wright, A.",,Oxford University Press,2009,2,0,2,3,,,NULL
4111,Giáo trình ô nhiễm không khí/Đinh Xuân Thắng,Dewey Class no. :363.7392Đ584-T367-----Call no. :363.739 2222; ----- Mô tả: 359tr.;24cm,Tp.HCM:Đại học Quốc gia Tp.Hồ Chí Minh,2007,2,12,2,3,,,NULL
4112,"Second Language Acquisition: An Introductory Course (4th ed.) / Gass, S. M., Behney, J., & Plonsky, L.",,Routledge,2013,1,0,2,3,,,NULL
4113,"Understanding Second Language Acquisition (2nd ed.) / Ellis, R.",,Oxford University Press,2015,1,0,2,3,,,NULL
4114,"Kiểm soát ô nhiễm không khí/Nguyễn Đinh Tuấn, Nguyễn Thanh Hùng",Dewey Class no. :628.53N573-T883-----Call no. :628.53222; ----- Mô tả: 335tr.;24cm,Tp.HCM:Đại học Quốc gia Tp. Hồ Chí Minh,2009,2,19,2,3,,,NULL
4115,"The Psychology of Second Language Acquisition / Dornyei, Z.",,Oxford University Press,2009,1,0,2,3,,,NULL
4116,"The Routledge Handbook of Second Language Acquisition / Gass, S. M., & Mackey, A.",,Routledge,2012,1,0,2,3,,,NULL
4117,"Understanding Child Language Acquisition / Rowland, C.",,Routledge,2014,1,0,2,3,,,NULL
4118,Kỹ thuật thông gió /Trần Ngọc Chấn,Dewey Class no. :697.9T772 - C454-----Call no. :221697.9; ----- Mô tả: 432tr.;27cm,Hà Nội:Xây Dựng,1998,2,5,2,3,,,NULL
4119,"Theories in Second Language Acquisition: An Introduction (2nd ed.) / VanPatten, B., & Williams, J.",,Routledge,2015,1,0,2,3,,,NULL
4120,"Universal Grammar and the Second Language Classroom / Whong, M., Gil, K.-H., & Marsden, H.",,Springer,2013,1,0,2,3,,,NULL
4121,"Sổ tay thủy khí động lực học ứng dụng /Hoàng Bá Chư, Trương Ngọc Tuấn",Dewey Class no. :620.107H678-C559-----Call no. :532.5; ----- Mô tả: 485tr;24cm,Hà Nội:Khoa học và kỹ thuật,2006,2,22,2,3,,,NULL
4122,Kỹ thuật lọc bụi và làm sạch khí/Hoàng Kim Cơ,,Giáo dục,1999,2,3,2,3,,,NULL
4123,"The Practice of Language Teaching. 5th / Harmer, J.",,London: Pearson Education,2015,1,0,2,3,,,NULL
4124,"The TKT Course / Spratt, M., Pulveness, A. & Williams, M.",,Cambridge: CUP,2011,2,0,2,3,,,NULL
4125,Quality planning and analysis: From product development through use/ Frank M. Gryna ; Earlier ed. by J. M. Juran,"Dewey Class no. :658.562G894-----Call no. :658.562223; ----- Mô tả: xxii, 729p.; 24cm",New York: McGraw-Hill,2001,2,1,2,3,,,NULL
4126,"Sổ tay quá trình và thiết bị công nghệ hóa chất - Tập 1 :Cơ sờ lý thuyết, phương pháp tính toán, tra cứu số liệu và thiết bị /Trần Xoa, Nguyễn Trọng Khuông, Hồ Lê Viên",Dewey Class no. :660.28T772-X7-----Call no. :222660.28; ----- Mô tả: 632tr ;27cm,H :Khoa học và kỹ thuật,2006,2,18,2,3,,,NULL
4127,Phổ khối: Lý thuyết - Bài tập - Bài giảng/ Nguyễn Kim Phi Phụng,,Đại học Quốc gia Tp.HCM,2004,1,100,2,3,,,NULL
4128,"English for Specific Purposes / Hutchinson, T. & Waters, A.",,Cambridge: CUP,1997,2,0,2,3,,,NULL
4129,Six Sigma Case Studies with Minitab / Kishore K. Pochampally & Surendra M.Gupta,,Taylor & Francis Group,2014,2,0,2,3,,,NULL
4130,"Sổ tay quá trình và thiết bị công nghệ hóa chất -Tập 2 /Trần Xoa, Nguyễn Trọng Khuông, Phạm Xuân Toản",Dewey Class no. :660.28T772-X7-----Call no. :222660.28; ----- Mô tả: 447tr ;27cm,H :Khoa học và kỹ thuật,2006,2,18,2,3,,,NULL
4131,"Teaching English as a Second or Foreign Language. 3rd / Celcia-Murcia, M.",,USA: Heinle & Heinle Publishers,2001,2,0,2,3,,,NULL
4132, Phổ NMR sử dụng trong phân tích hữu cơ/ Nguyễn Kim Phi Phụng,,Đại học Quốc gia Tp.HCM,2005,1,100,2,3,,,NULL
4133,"Spectrometric identification of organic compounds, 7th ed/ Robert. M. Silverstein, Francis. X. Webster",, John Wiley & Sons,2005,1,0,2,3,,,NULL
4134,"Sổ tay quá trình và thiết bị công nghệ hóa chất, tập 3",,,,2,0,2,3,,,NULL
4135,"Learning Teaching / Scrivener, J.",,Macmillan Education,2005,2,0,2,3,,,NULL
4136,"Sổ tay quá trình và thiết bị công nghệ hóa chất, tập 4",,,,2,0,2,3,,,NULL
4137,"Sổ tay quá trình và thiết bị công nghệ hóa chất, tập 10",,,,2,0,2,3,,,NULL
4138,"At the Chalkface / Matthews, A., Spratt, M. & Dangerfield, L.",,London: Edward Arnold,1991,2,0,2,3,,,NULL
4139,Organic chemistry / David Klein,"Dewey Class no. :547 K64-----Call no. :547 223; ----- Mô tả: xxii,1315p.; 29cm",Hoboken,NJ : Wiley,1,1,2,3,,,NULL
4140,"A Course in Language Teaching / Ur, P.",,Cambridge: CUP,1999,2,0,2,3,,,NULL
4141,Basic 1H and 13C-NMR spectroscopy/ Metin Balci,,Elservier,2005,2,0,2,3,,,NULL
4142,"Air pollution control technology handbook / Karl B. Schnelle, Russell F. Dunn, Mary Ellen Ternes","Dewey Class no. :628.53 S359-----Call no. :628.53 222; ----- Mô tả: xix, 429p. ; 25 cm",Boca Raton,FL : CRC Press,2,1,2,3,,,NULL
4143,"The Practice of English Language Teaching (5th eed.) / Harmer, J. ",,Harlow: Pearson Education Limited,2015,1,0,2,3,,,NULL
4144,Fundamentals of Air pollution Engineering/Richard C. Flagan và John H. Seinfeld,,Prentice-Hall,1998,2,0,2,3,,,NULL
4145,"Learning Teaching: The Essential  for English Language Teaching (3rd ed) / Scrivener, J. ",,London : Macmillan Education,2011,1,0,2,3,,,NULL
4146,"Classroom Management Techniques (1st ed.) / Scrivener, J. ",,Cambridge: CUP,2012,1,0,2,3,,,NULL
4147,"Environmental engineering / Ruth F. Weiner, Robin A. Matthews","Dewey Class no. :628 W423-----Call no. :628 223; ----- Mô tả: xiii, 484 p. ; 24 cm",Oxford : Butterworth-Heinemann,2003,2,1,2,3,,,NULL
4148,"Teacher’s Handbook: Contextualized Language Instruction (5th ed.) / Shrum, J. & Glisan, E. ",,"Boston, MA : Cengage Learning",2016,1,0,2,3,,,NULL
4149,Environmental Engineer’s Mathematics Handbook/Frank R. Spellman,,CRC Press,2005,2,0,2,3,,,NULL
4150,"How to Teach English / Harmer, J.",,Harlow: Pearson Longman,2007,2,0,2,3,,,NULL
4151,"Techniques and Principles in Language Teaching (3rd ed.) / Larsen-Freeman, D. & Anderson, M. ",,Oxford: OUP,2011,2,1,2,3,,,NULL
4152,"Advanced air and noise pollution control : Volume 2: Handbook of Environmental Engineering / Lawrence K. Wang, Norman C. Pereira, Yung-Tse Hung (edited); Kathleen Hung Li (consulting editor)","Dewey Class no. :628.5W246-----Call no. :628.5223; ----- Mô tả: xviii, 526p. ; 26 cm","Totowa, New Jersey: Human Press Inc",2010,2,1,2,3,,,NULL
4153,Business Psychology and Organizational Behaviour / Eugene McKenna,,Routledge,2020,2,0,2,3,,,NULL
4154,Tiêu chuẩn môi trường Việt Nam,,,,2,0,2,3,,,NULL
4155,"Technical English 3 / Bonamy, D.",,Longman. Pearson Education Limited,2008,1,0,2,3,,,NULL
4156,"Technical English 4 / Bonamy, D.",,Longman. Pearson Education Limited,2008,1,0,2,3,,,NULL
4157,"Oxford English for Electrical and Mechanical Engineering / Glendinning, Eric H. & Glendinning, N.",,Oxford. OUP,2002,1,0,2,3,,,NULL
4158,Bài giảng Sản xuất sạch hơn/Nguyễn Thị Tịnh Ấu,,,,1,0,2,3,,,NULL
4159,Cambridge  English  for Engineering / Mark  Ibbotson,,Cambridge  University Press,2008,1,0,2,3,,,NULL
4160,Engineering fundamentals / Timings R.,,Newnes Publishing,2002,1,0,2,3,,,NULL
4161,Sản xuất sạch hơn/Vũ Đình huấn,,ĐH Bách Khoa Đà Nẵng,2005,2,0,2,3,,,NULL
4162,Phân tích và thiết kế hướng đối tượng bằng UML / Đặng Văn Đức,,,,1,0,2,3,,,NULL
4163,Tập huấn về sản xuất sạch hơn và tiết kiệm năng lượng/Chi cục bảo vệ môi trừơng,,,2007,2,0,2,3,,,NULL
4164,Phân tích và thiết kế hướng đối tượng bằng UML / Đặng Văn Đức,,,,1,0,2,3,,,NULL
4165,Sổ tay đánh giá và cải thiện hiệu quả lò hơi công nghiệp/Chi cục bảo vệ môi trường,,,2008,2,0,2,3,,,NULL
4166,"Phân tích và thiết kế HTTT theo UML / Dương Kiều Hoa, Tôn Thất Hoà An",,ĐH CNTT,,1,0,2,3,,,NULL
4167,,,,,1,0,2,3,,,NULL
4168,"English for Environmental Technology / Dang, T.V.A & Phan, V.B.M.",,Ho Chi Minh City publishing house,2016,1,238,2,3,,,NULL
4169,Tập huấn về Áp dụng sản xuất sạch hơn trong các ngành công nghiệp/Chi cục bảo vệ môi trường,,,2008,2,0,2,3,,,NULL
4170,"Learning UML 2.0 / Kim Hamilton, Russell Miles, O'Reilly",,O'Reilly,2006,2,1,2,3,,,NULL
4171,Cẩm nang ThP/Chi cục bảo vệ môi trường,,,,2,0,2,3,,,NULL
4172,"Environment and Natural Resources / Gritzner, C. F.",,Chelsea House Publishers,2010,1,0,2,3,,,NULL
4173,"Understanding Environmental Pollution: A Primer (2nd ed) / Hill, M. K.",,Cambridge University Press,2004,1,0,2,3,,,NULL
4174,Dictionary of Environmental Technology / McGraw-Hill.,,The McGraw-Hill Companies Inc.,2003,1,0,2,3,,,NULL
4175,Giáo trình nông hóa học/ Nguyễn Ngọc Nông,,Nông nghiệp,1999,1,0,2,3,,,NULL
4176,"Pesticide Chemistry/ Hideo Ohkawa, Hisashi Miyagawa, and Philip W. Lee",,Wiley-VCH,2007,1,0,2,3,,,NULL
4177,"Air pollution control: a design approach/ C. David Cooper, F.C. Alley","Dewey Class no. :628.53C776-----Call no. :628.53223; ----- Mô tả: xvi, 839 p.: ill.; 23 cm.","Long Grove, Ill.: Waveland Press",2011,1,1,2,3,,,NULL
4178,Ô nhiễm không khí và xử lý khí thảiTrần Ngọc Chấn/$nT2: $pCơ học về bụi và phương pháp xử lý bụi /,Dewey Class no. :628.5T772 - C454-----Call no. :628.5221; ----- Mô tả: 275 tr. ;27 cm,Hà Nội:Khoa học và Kỹ thuật,2004,2,10,2,3,,,NULL
4179,InfoTech. English for Computer Users. 4th edition / Esteras. R.,,Cambridge University Press,2008,1,0,2,3,,,NULL
4180,Ô nhiễm không khí và xử lý khí thảiTrần Ngọc Chấn/$nT3:$pLý thuyết tính toán và công nghệ xử lý khí độc hại /,Dewey Class no. :628.5T772 - C454-----Call no. :628.5221; ----- Mô tả: 181 tr. ;27 cm,Hà Nội:Khoa học và Kỹ thuật,2004,2,10,2,3,,,NULL
4181,"IGCSE ICT 2nd edition / Graham Brown, Brian Sargent, David Watson",,Cambridge,2011,1,0,2,3,,,NULL
4182,Fundamentals of Air pollution Engineering/Richard C. Flagan và John H. Seinfeld,,"Prentice-Hall, Inc",1998,2,0,2,3,,http://172.30.11.76:4000/handle/123456789/632,NULL
4183,"Oxford English for Computing / Boeckner, K. & Charles Brown, P.",,Oxford. OUP,1997,1,0,2,3,,,NULL
4184,"Computing Essentials 2012: Complete Edition / O'Leary,T. J & O'Leary, L.I.",,McGraw-Hill/Irwin,2011,1,0,2,3,,,NULL
4185,"Oxford English for Information Technology / Glendinning, Eric H. & McEwan, J.",,Oxford. OUP,2002,1,0,2,3,,,NULL
4186,"Advanced air and noise pollution control : Volume 2: Handbook of Environmental Engineering / Lawrence K. Wang, Norman C. Pereira, Yung-Tse Hung (edited); Kathleen Hung Li (consulting editor)","Dewey Class no. :628.5W246-----Call no. :628.5223; ----- Mô tả: xviii, 526p. ; 26 cm","Totowa, New Jersey: Human Press Inc",2010,2,1,2,3,,,NULL
4187,INCOTERMS 2010:Các quy tắc của ICC về sử dụng các điều kiện thương mại quốc tế và nội địa.ICC rulers for the of domestic and International trade terms,Dewey Class no. :343.087I378-----Call no. :222343.087; ----- Mô tả: 231tr.;24cm,H.:Thông tin và truyền thông,2010,2,1,2,3,,,NULL
4188,Công nghệ nhuộm và hoàn tất/Nguyễn Công Toàn,Dewey Class no. :667.2N573-T627-----Call no. :222667.2; ----- Mô tả: 422tr.;24cm,Tp.HCM.:Đại học Quốc gia Tp.HCM,2005,1,100,2,3,,,NULL
4189," Hóa học thuốc nhuộm/ PGS.TS. Cao Hữu Trượng, PGS.TS. Hoàng Thị Lĩnh",,Khoa học Kỹ thuật Hà Nội,2002,1,8,2,3,,,NULL
4190,"Electricity and electronics fundamentals / Fardo, S. W. & Patrick, D. R.",,,2008,1,0,2,3,,,NULL
4191,Bài giảng môn Kỹ thuật Nhuộm và hoàn tất/ Đỗ Tường Hạ,,,,1,0,2,3,,,NULL
4192,"Oxford English for electrical and mechanical engineering / Glendinning, E. H., & Glendnning, N.",,Oxford: Oxford University Press,1997,1,0,2,3,,,NULL
4193,"Air pollution control technology handbook / Karl B. Schnelle, Russell F. Dunn, Mary Ellen Ternes","Dewey Class no. :628.53 S359-----Call no. :628.53 222; ----- Mô tả: xix, 429p. ; 25 cm","Boca Raton, FL : CRC Press",2016,2,1,2,3,,,NULL
4194,Cẩm nang Kỹ thuật Nhuộm/ Đặng Trấn Phòng,,Công Thương,2011,2,0,2,3,,,NULL
4195,"Oxford English for electronics / Glendinning, E. H., & John, M.",,Oxford: Oxford University Press,2001,1,0,2,3,,,NULL
4196,Vật liệu dệt:Môn học: 1151010 - Vật liệu dệt may/Nguyễn Văn Lân,Dewey Class no. :677.028N573-L243-----Call no. :221677.028; ----- Mô tả: 421tr ;24cm,TP. HCM :Đại học Quốc gia,2011,2,3,2,3,,,NULL
4197,Teach yourself electricity and electronics/Stan Gibilisco,Dewey Class no. :537G446-----Call no. :621.3; ----- Mô tả: 726p.;22cm,New York:McGraw - Hill,2002,1,1,2,3,,,NULL
4198, Dyeing and Chemical Technology of Textile Fibres/ E. R. Trotman.,,,1984,2,0,2,3,,,NULL
4199,Teach yourself electricity and electronics/Stan Gibilisco,Dewey Class no. :537G446-----Call no. :621.3; ----- Mô tả: 726p.;22cm,New York:McGraw - Hill,2002,1,1,2,3,,,NULL
4200,Basic Principles of Textile Coloration. Society of Dyers and Colourists/ Arthur D. Broadbent,,,2001,2,0,2,3,,,NULL
4201,Membrane Technology and Application/Richard W. Baker,,Jonh Wiley and Sons,2012,1,0,2,3,,,NULL
4202,"Advance oxidation processes for water and wastewater treatment, Theory and Practice of Water and Wastewater Treatment/ Simon Parsons, Ronald L.Droste",,", IWA Publishing",,1,0,2,3,,,NULL
4203,An introduction to medicinal chemistry/ Graham Patrick,Dewey Class no. :615.1 P314-----Call no. :615.1223; ----- Mô tả: 877p. ; 27cm,New York,NY: Oxford University Press,1,1,2,3,,,NULL
4204,"Pharmaceutics: The science of dosage form design, 2nd/ M. E. Aulton",,,2002,2,0,2,3,,,NULL
4205,"Understanding the basics of QSAR for applications in pharmaceutical sciences and risk assessment/ Kunal Roy, Supratik Kar, Rudra Narayan Das","Dewey Class no. :615.1 R888-----Call no. :615.1; ----- Mô tả: xiv, 479p.: ill; 24cm.",Amsterdam: Elsevier Academic Press,2015,2,1,2,3,,,NULL
4206, Phân bón Hóa học/ Nguyễn Hoa Toàn,,Khoa học và Kỹ thuật,2011,1,0,2,3,,,NULL
4207,Manual on Ferteilizer Manufacture./ Vincent Saucelli,,Industry Publications,1963,2,0,2,3,,,NULL
4208,Kỹ thuật sản xuất vật liệu gốm sứ/Đỗ Quang Minh,Dewey Class no. :666Đ631-M664-----Call no. :666222; ----- Mô tả: 269tr.;24cm,Tp.Hồ Chí Minh.:Đại học Quốc gia,2006,1,20,2,3,,,NULL
4209,Xử lý nước cấp sinh hoạt và công nghiệp/Trịnh Xuân Lai ,,KHKT,2003,2,0,2,3,,,http://172.16.2.21/libol50/search/detail.asp?ID=57245
4210,kỹ thuật sản xuất thủy tinh/  PGS.TS. Đỗ Quang Minh,,Bách Khoa TP. HCM,2006,1,0,2,3,,,NULL
4211,"Great Writing 4: Great Essays. Fourth edition / Folse, S. K., Solomon,V. E., & Clabeaux, D.",,Boston: Heinle/Cengage Learning,2014,1,0,2,3,,,NULL
4212,Bài giảng AutoCad trong công trình xử lý môi trường,,,,1,0,2,3,,,NULL
4213,Introductions to ceramics/ W.D. Kingery,, John Wiley&Son,1992,1,0,2,3,,,NULL
4214,"Critical Thinking, Reading, and Writing. Seven edition / Barnet, S., & Bedau, H.",,USA: Bedford/St. Martin's,2011,2,0,2,3,,,NULL
4215,"Ceramic processing, 2nd/ Mohamed N. Rahaman",,CRC Press,2017,1,0,2,3,,,NULL
4216,"Connections: Writing, Reading and Critical Thinking. Third edition / Montgomery T. & Rainey. M. C.",,Pearson,2009,2,0,2,3,,,NULL
4217,Kỹ thuật sản xuất xi măng/ PGS.TS Đỗ Quang Minh,,ĐH Quốc Gia TP. HCM,2006,1,0,2,3,,,NULL
4218,"Extended Writing & Research Skills. First edition /McCormack, J., & Slaght, J.",,University of Reading: Garnet Publishing Ltd,2009,2,0,2,3,,,NULL
4219,H. F. W The chemistry of cements/ Taylor,,Academic Press,1964,1,0,2,3,,,NULL
4220,"Great Writing 5: Greater Essays. Third edition / Folse, S. K., Solomon,V. E., & Clabeaux, D.",,Boston: Heinle/Cengage Learning,2014,2,0,2,3,,,NULL
4221,Lea’s chemistry of cement and concrete/ Hewllet,,Elsevier Science & Technology Book,2004,1,0,2,3,,,NULL
4222,"Writing Academic English (4th ed.) / Oshima, A., & Hogue, A.",,USA: Longman,2006,2,0,2,3,,,NULL
4223,"Kỹ Thuật sản xuất xi măng Pooc lăng và các chất kết dính/ PGS, PTS. Bùi Văn Chén",,ĐH Bách Khoa Hà Nội,1992,2,0,2,3,,,NULL
4224,"The Essentials of Academic Writing / Soles, D.",,USA: Longman,2007,2,0,2,3,,,NULL
4225,"College Writing Skills. Seventh ed / John, L.",,New York: McGraw.Hill,2008,2,0,2,3,,,NULL
4226,"Writing up Your University Assignments and Research Projects / Murray, N., & Hughes, G.",,"Berkshire, England: Open University Press",2008,2,0,2,3,,,NULL
4227," Bài giảng Nhập môn ngành QLCN – Khoa Kinh tế, ĐH Sư phạm Kỹ thuật TPHCM (tài liệu lưu hành nội bộ)",,,,1,0,2,3,,,NULL
4228,"Giáo trình Hóa lý Silicát, Trường Đại Học Bách Khoa/ Đỗ Quang Minh",, Đại Học Quốc Gia TP Hồ Chí Minh,2014,1,0,2,3,,,NULL
4229,"Great Writing 2: Great Paragraphs. Fourth edition / Folse, K. S., Muchmore-Vokoun, A., & Solomon, E. V.",,Heinle/Cengage Learning,2014,1,0,2,3,,,NULL
4230,"Solid State Chemistry: an Introduction, 3rd ed/ Elaine A.Moore Lesley E.Smart",,CRC Press,2005,1,0,2,3,,,NULL
4231,"Writing First with Readings: Practice in Context. Fourth edition / Kirszner, L. G. & Mandell, S. R.",, New York: Bedford/Saint Martin's,2009,2,0,2,3,,,NULL
4232," Interactions 1 - Writing, Silver edition / Cheryl, P. & Margaret, K. S.",,NY: McGraw Hill.,2009,2,4,2,3,,,NULL
4233,"Handbook of Clay Science, Volume 1 (Developments in Clay Science)/ B.K.G. Theng, G. Lagaly F. Bergaya ",,Elsevier Science,2006,2,0,2,3,,,NULL
4234,"First Steps in Academic Writing. Second edition / Hogue, A.",,London: Pearson Longman,2008,2,0,2,3,,,NULL
4235," Ceramic Processing and Sintering, 2nd ed/ M.N. Rahaman",,Dekker,2009,2,0,2,3,,,NULL
4236,"Introduction to Academic Writing. Third edition / Oshima, A., & Hogue, A.",,v,2007,2,0,2,3,,,NULL
4237,"Encyclopedia of materials characterization/ Bundle, Evans and Wilson",,,1992,1,0,2,3,,,NULL
4238,"X-Ray Diffraction A Practical Approach/ Suryanarayana, C., Norton, M. Grant",,,,1,0,2,3,,,NULL
4239,"College Writing Skills. Seventh edition / John, L.",,New York: McGraw.Hill,2008,2,0,2,3,,,NULL
4240,Các phương pháp phân tích vật lý và hóa lý – tập 1/ GS.TSKH. Nguyễn Đình Triệu,,KH&KT,2001,1,0,2,3,,,NULL
4241, Các phương pháp phân tích Hóa Lý vật liệu/ Trần Đại Lâm và các tác giả,, Tự Nhiên và Khoa học công Nghệ,,1,0,2,3,,,NULL
4242,"Inside Writing: a writer’s workbook. Seven ed / Salomone, W. & Mc. Donald, S.",,"Boston: Wadsworth, Cengage Learning",2011,2,0,2,3,,,NULL
4243,Materials Science - Advanced Topics/ Yitzhak Mastai,,,,2,0,2,3,,,NULL
4244,"Academic Writing from Paragraph to Essay / Zmach, E. D. & Rumisek, A. L.",,MacMillan,2005,2,0,2,3,,,NULL
4245,The Transmission Electron Microscope/ Khan Maaz,,,,2,0,2,3,,,NULL
4246,"Giáo trình kinh tế học đại cương :Dành cho sinh viên không chuyên ngành kinh tế/Trần Đăng Thịnh, Võ Hữu Phước, Huỳnh Thị Cẩm Tú",Dewey Class no. :330.07T772-T444-----Call no. :222330.07; ----- Mô tả: 168tr.;21cm,Tp.HCM:Đại học Quốc gia,2009,1,755,2,3,,http://libute.hcmute.edu.vn/search/detail.asp?ID=31710,
4247,"Effective Academic Writing 1: The Paragraph / Savage, A., & Mayer, P.",,OUP,2007,2,1,2,3,,,NULL
4248,"Industry inorganic pigments, 3rd ed/ G. Buxbaum and G. Pfaff (Ed)",,Wiley ,2005,1,0,2,3,,,NULL
4249," High Performance Pigments, 2nd ed./ H. M. Smith (Ed.)",,Wiley ,2002,1,0,2,3,,,NULL
4250,"Refining Composition Skills / Smalley, L. R., & Ruetten, K. M.",,Heinle & Heinle,1995,2,0,2,3,,,NULL
4251,Giáo trình Kỹ thuật gốm sứ/ PGS. TS Đỗ Quang Minh,,Đại Học Quốc Gia TP Hồ Chí Minh,2012,1,0,2,3,,,NULL
4252,"Bài tập kinh tế học đại cương/ Trần Đăng Thịnh (chủ biên), Nguyễn Thị Thanh Vân, Trương Thị Hòa, Nguyễn Thị Thanh Thúy, Phan Thị Kim Phương",Dewey Class no. :330.076 T772-T443-----Call no. :330.076 222; ----- Mô tả: 142tr. ; 24cm,Tp.HCM : Đại học Quốc gia Tp. Hồ Chí Minh,2016,1,228,2,3,,http://libute.hcmute.edu.vn/search/detail.asp?ID=42618,
4253,"Introduction to Ceramics, 2nd ed/ H. K. Bowen, D. R. Huhlmann W. D. Kingery",,John Wiley & Sons,1991,2,0,2,3,,,NULL
4254,"Nanomaterials: An introduction to synthesis, properties and applications/ Dieter Vollath",,Wiley,2008,1,0,2,3,,,NULL
4255,"Kinh tế vi mô:Câu hỏi - bài tập - trắc nghiệm/Nguyễn Như Ý, Trần Thị Bích Dung, Nguyễn Hoàng Bảo, Trần Bá Thọ",Dewey Class no. :338.5076K55-----Call no. :338.5076222; ----- Mô tả: 325tr.;24cm,Tp.HCM:Kinh tế Tp. Hồ Chí Minh,2013,2,5,2,3,,,http://libute.hcmute.edu.vn/search/detail.asp?ID=30922
4256,"Great Writing 3: From Great Paragraphs to Great Essays. Third edition / Folse, S. K., Solomon,V. E., & Clabeaux, D.",,Boston: Heinle/Cengage Learning,2015,1,0,2,3,,,NULL
4257,"Introduction to nanoscience/ Cabor L. Hornyak, H. F Tibbais, Joydeep Dutta, và Anil Rao",,CRC Press,2008,1,0,2,3,,,NULL
4258,The physics and chemistry of nanosolids/ Frank J. Owens và Charles P. Poole JR,,Wiley,2007,2,0,2,3,,,NULL
4259,"Writing Academic English (4th ed.) / Oshima, A., & Hogue, A.",,USA: Longman,2006,2,0,2,3,,,NULL
4260,Optical properties and spectroscopy of nanomaterials/ Jin Zhong Zhang,,,2009,2,0,2,3,,,NULL
4261,Kinh tế vĩ mô:Phần nhập môn /Dương Tấn Diệp,Dewey Class no. :339.07D929-D562-----Call no. :222339.07; ----- Mô tả: 529tr.;21cm,H.:Thống kê,2007,2,5,2,3,,http://172.16.2.21/libol50/search/detail.asp?ID=23071,
4262,"The Essentials of Academic Writing / Soles, D.",,USA: Longman,2017,2,0,2,3,,,NULL
4263,Compostie sợi thủy tinh và ứng dụng/ Nguyễn Đăng Cường,,Khoa học và Kỹ thuật,2011,1,0,2,3,,,NULL
4264,"College Writing Skills. Seventh ed / John, L. ",,New York: McGraw. Hill.,2008,2,0,2,3,,,NULL
4265,Bài giảng môn học Hóa học và vật liệu Polymer Composite/ Huỳnh Nguyễn Anh Tuấn,,Trường ĐH Sư phạm Kỹ thuật Tp. Hồ Chí Minh,,1,0,2,3,,,NULL
4266,"Kinh tế vi mô/Lê Bảo Lâm, Nguyễn Như Ý, Trần Thị Bích Dung, Trần Bá Thọ",Dewey Class no. :338.507K55-----Call no. :338.507222; ----- Mô tả: 221tr.;20cm.,Hà Nội:Lao động - Xã hội,2007,2,9,2,3,,,NULL
4267,"Academic Writing from Paragraph to Essay / Zmach, E. D. & Rumisek, A. L.",,MacMillan,2005,2,0,2,3,,,NULL
4268," Kinh tế học vi mô: Câu hỏi  Bài tập trắc nghiệm / Nguyễn Như Ý, Trần Thị Bích Dung, Nguyễn Hoàng Bảo, Trần Bá Thọ",,Kinh tế Tp. Hồ Chí Minh,2007,2,5,2,3,,,http://172.16.2.21/LIBOL50/search/detail.asp?ID=37223
4269, Processing of Polymer Matrix Composites/ P. K. Mallick,,CRC Press,2018,2,0,2,3,,,NULL
4270,Bài tập Kinh tế học vĩ mô / Dương Tấn Diệp,,Thống kê,2007,2,0,2,3,,,NULL
4271,"Reinforced Polymer Composites: Processing, Characterization and Post Life Cycle Assessment/ P. K. Bajpai and I. Singh",,Wiley,2020,2,0,2,3,,,NULL
4272,"Skillfull Reading & Writing Student Book 3 / Bixby, J., & Scanlon, J.",,London: Macmillan,2013,1,0,2,3,,,NULL
4273,"Kỹ thuật sản xuất chất dẻo, Bộ môn cao phân tử/  Đại học Bách khoa Hà Nội",,,,1,0,2,3,,,NULL
4274,"Making Connections Student Book 3 / Pakenham, K. J., Jo, M., & Williams, J.",,Cambridge: Cambridge University Press,2017,2,0,2,3,,,NULL
4275,Plastics: Materials and processing/  A. Brent Strong,,,1996,1,0,2,3,,,NULL
4276,"In Focus Student Book 3 / Brown, C., Culligan, B., & Phillips, J.",,Cambridge: Cambridge University Press.,2014,2,0,2,3,,,NULL
4277,"Plastics materials, Butterworths/ J. A. Brydson",,,1989,2,0,2,3,,,NULL
4278,"English for Environmental Technology / Đặng Thị Vân Anh, Phan Vũ Bình Minh",Dewey Class no. :428 Đ182-A596-----Call no. :248223; ----- Mô tả: 131p.;24cm.., Đại học Quốc gia Tp. Hồ Chí Minh,2016,1,239,1,3,,,NULL
4279,Khoa học kỹ thuật công nghệ cao su thiên nhiên/ Nguyễn Hữu Trí,Dewey Class no. :678.2N573 - T819-----Call no. :221678.2; ----- Mô tả: 481tr. ;23cm..,Tp.HCM.:Trẻ,2001,1,4,2,3,,,NULL
4280,Quản trị học / Nguyễn Thị Liên Diệp,,Lao Động -  Xã Hội,2015,1,0,2,3,,,NULL
4281,"The Science and Technology of Rubber/ J. E. Mark, B. Erman, C. M. Roland",,Academic Press,2013,1,0,2,3,,,NULL
4282,"Chemistry, Manufacture and Applications of Natural Rubber/ Shinzo Kohjiya, Yuko Ikeda",,Woodhead Publishing,2013,2,0,2,3,,,NULL
4283,"Quản trị chiến lược/Lê Thế Giới, Nguyễn Thanh Liêm, Trần Hữu Hải",Dewey Class no. :658.4012L433-G495-----Call no. :222658.4012; ----- Mô tả: 581tr.;27cm,H.:Thống kê,2007,1,13,2,3,,,NULL
4284,"Engineered Rubber Products - Introduction to Design, Manufacture and Testing/ J. G. Sommer",,Hanser Gardner Pubns,2009,2,0,2,3,,,NULL
4285,Rubber Basics/ Richard B. Simpson,,,2002,2,0,2,3,,,NULL
4286,"Exploring Discourse in Context and Action / Candlin, C., Crichton, J., & Moore, S. ",,London: Palgrave MacMillan,2017,1,0,2,3,,,NULL
4287,Các phương pháp phân tích vật lý và hóa lý – tập 1/ GS.TSKH. Nguyễn Đình Triệu,,KH&KT,2001,1,0,2,3,,,NULL
4288,"Quản trị chiến lược/Lê Thế Giới, Nguyễn Thanh Liêm, Trần Hữu Hải",Dewey Class no. :658.4012L433-G495-----Call no. :222658.4012; ----- Mô tả: 581tr.;27cm,H.:Thống kê,2007,1,15,2,3,,,NULL
4289,"Research Methods in Education (8th ed.) / Cohen, L., Manion, L., & Morrison, K. ",,New York: Routledge.,2012,1,0,2,3,,,NULL
4290,"Encyclopedia of materials characterization/ Bundle, Evans and Wilson",,,1992,1,0,2,3,,,NULL
4291,"Planning, Conducting and Evaluating Quantitative and Qualitative Research (4th ed.) / Creswell, J. W.",,Boston: Pearson,2012,1,0,2,3,,,NULL
4292," Fourier Transform Infraed Spectrometry/ P. R. Griffiths, J. A. Haseth",,Wiley,2007,1,0,2,3,,,NULL
4293,"Stimulated Recall Methodology in Applied Linguistics and L2 Research (2nd ed.) /Gass, S. M., & Mackey, A. ",,New York: Routledge.,2017,1,0,2,3,,,NULL
4294,Quản trị học=Management/Nguyễn Thị Liên Diệp,Dewey Class no. :658N573-D562-----Call no. :222658; ----- Mô tả: 372tr.;21cm,H.:Lao Động - Xã Hội,2010,1,2,2,3,,http://172.16.2.21/libol50/search/detail.asp?ID=34979,
4295," NMR Spectroscopy of Polymers/ K. Hatada, T. Kitayama",,,2004,1,0,2,3,,,NULL
4296,"Giáo trình quản lý chất lượng môi trường:Phục vụ đào tạo kỹ sư chuyên ngành Quản lý môi trường và các ngành khác thuộc đề án "" Đưa các nội dung BVMT vào hệ thống Giáo dục quốc dân của Bộ Giáo dục và Đào tạo/Nguyễn Văn Phước, Nguyễn Thị Vân Hà",Dewey Class no. :354.3N573-P577-----Call no. :354.3222; ----- Mô tả: 374tr.;27cm,H.:Xây dựng,2010,1,5,2,3,,,NULL
4297,"Grounded Theory in Applied Linguistics Research: A Practical Guide / Hadley, G. ",,New York: Routledge.,2017,1,0,2,3,,,NULL
4298,"Dynamic Lighting Scaterring/ B. J. Berne, R. Pecora",,John Wiley and Sons,2000,1,0,2,3,,,NULL
4299,Introduction to Thermal Analysis/ M. E. Brown,,Kluwer Academic Publishers,2001,1,0,2,3,,,NULL
4300,"The Palgrave Handbook of Applied Linguistics Research Methodology / Phakiti, A., De Costa, P., Plonsky, L., & Starfield, S. (Eds.)",,London: Palgrave Macmillan.,2018,1,0,2,3,,,NULL
4301,"Thermal Analysis of Polymers/ J. D. Menczel, R. B. Prime",,Wiley,2009,1,0,2,3,,,NULL
4302,Materials Science - Advanced Topics/ Yitzhak Mastai,,,,2,0,2,3,,,NULL
4303,"The Routledge Encyclopedia of Research Methods in Applied Linguistics: Quantitative, Qualitative, and Mixed-Methods Research (1st ed.) / Riazi, A. M.",,New York: Routledge.,2016,1,0,2,3,,,NULL
4304,Nhựa Tổng Hợp Composite/ Nguyễn Phước Hậu,,Khoa học,1998,2,0,2,3,,,NULL
4305,Kỹ Thuật Sản Xuất Chất Dẻo/ Mai Thanh Sơn,,ĐHBK HN,1978,2,0,2,3,,,NULL
4306,Kỹ Thuật Gia Công Polymer/  Đỗ Thành Thanh Sơn,,ĐHBK TpHCM,1989,2,0,2,3,,,NULL
4307,Luật bảo vệ môi trường xử phạt vi phạm hành chính và văn bản hướng dẫn thi hành,Dewey Class no. :344.597046L926-----Call no. :222344.597 046; ----- Mô tả: 159tr. ;21cm.,Tp.HCM :Tổng hợp Tp.HCM,2007,2,1,2,3,,,NULL
4308,Sơ Chế Cao Su Thiên Nhiên/ Viện nghiên cứu cao su,,,,2,0,2,3,,,NULL
4309,An introduction to sociolinguistics / ,,Wiley-Blackwell,2010,1,0,2,3,,,NULL
4310, Công Nghệ Học Cao Su/ Nguyễn Xuân Hiền,,Khoa học,1987,2,0,2,3,,,NULL
4311,Plastics engineering handbook of the society of the plastics industry/ Michael L.Berins.,,,1991,2,0,2,3,,,NULL
4312,"Hệ thống quản lý môi trường-Hướng dẫn nguyên tắc, hệ thống và công nghệ hỗ trợ",,,,2,0,2,3,,,NULL
4313,Polymer process engineering/ Eric A. Grulke,,PTR prentice Hall,1994,2,0,2,3,,,NULL
4314,Quản trị xuất nhập khẩu / Đoàn Thị Hồng Vân,,,2013,1,0,2,3,,,NULL
4315,"The origins and development of the English language / Algeo, J., & Pyles, T.",,Wadsworth  Cengage Learning,2010,1,0,2,3,,,NULL
4316,Polymer science and technology/ Joel R. Fried.,,PTR Prentice Hall,1995,2,0,2,3,,,NULL
4317,"The Routledge handbook of sociolinguistics around the world / Ball, M. J.",,Routledge,2010,1,0,2,3,,,NULL
4318,undamental principles of polymeric materials/ Stephen L. Rosen,,,1993,2,0,2,3,,,NULL
4319,"Sociolinguistics and language education / Hornberger, N. H., & McKay, S. L.",,Multilingual Matters,2010,1,0,2,3,,,NULL
4320,"Introducing sociolinguistics / Mesthrie, R., Swann, J., Deumert, A., & Leap, W. L.",,Edinburgh University Press,2010,1,0,2,3,,,NULL
4321,"Wastewater Microbiology, Third Edition / Gabriel Bilton",,Wiley,2013,1,0,2,3,,,http://172.16.2.21/libol50/search/detail.asp?ID=44074
4322,"The SAGE handbook of sociolinguistics / Wodak, R., Johnstone, B., & Kerswill, P. E.",,SAGE,2010,1,0,2,3,,,NULL
4323,Bài giảng vi sinh môi trường/Lê Quốc Tuấn,,Đại học Nông lâm Tp.HCM,2009,2,0,2,3,,,NULL
4324,"New concept in polymer Science, Polymer composites/ Raymond B. Seymur",,,1990,2,0,2,3,,,NULL
4325,Advanced composite materials/ Louis A. Pilato,,,,2,0,2,3,,,NULL
4326,Carbon reinforcedrents and carbon,,,1998,2,0,2,3,,,NULL
4327,Vi sinh vật học môi trường/Ngô Tự Thành,,Thư viện học liệu mở Việt Nam,2012,2,0,2,3,,,NULL
4328,"Exploring discourse in context and in action/ Christopher N. Candlin, Jonathan Crichton, Stephen H. Moore","Dewey Class no. :401.41C218-----Call no. :223401.41; ----- Mô tả: xix, 311 p.: ill; 21 cm.",London: Palgrave MacMillan,2017,1,1,2,3,,,NULL
4329,"Research methods in education/ Louis Cohen, Lawrence Manion and Keith Morrison.","Dewey Class no. :370.72C678-----Call no. :223370.72; ----- Mô tả: xxvii, 916 p., 24cm",London; New York,NY: Routledge,1,1,2,3,,,NULL
4330,"Vi sinh vật môi trường/Đỗ Hồng Lan Chi, Lâm Minh Triết",Dewey Class no. :628.536Đ631-C532-----Call no. :628.536222; ----- Mô tả: 267tr.;25cm,Tp.HCM:Đại học Quốc gia Tp. Hồ Chí Minh,2005,2,6,2,3,,,NULL
4331,"Educational Research: Planning, Conducting, and Evaluating Quantitative and Qualitative Research (4th ed.) / Creswell, J. W. ",,Boston: Pearson.,2012,1,0,2,3,,http://172.30.11.76:4000/handle/123456789/615,NULL
4332,Stimulated recall methodology in applied linguistics and L2 research/ Susan M. Gass and Alison Mackey.,"Dewey Class no. :418.0019G251-----Call no. :223418.0019; ----- Mô tả: x, 150 p.: ill; 24 cm.",New York; London: Routledge,Taylor & Francis Group,1,1,2,3,,http://172.30.11.76:4000/handle/123456789/616,NULL
4333,Grounded theory in applied linguistics research/ Gregory Hadley,"Dewey Class no. :418.0071H131-----Call no. :223418.0071; ----- Mô tả: x, 183 p.: ill; 23 cm.",Abingdon,Oxfordshire; New York,1,1,2,3,,,NULL
4334,"The Palgrave Handbook of Applied Linguistics Research Methodology /Phakiti, A., De Costa, P., Plonsky, L., & Starfield, S. (Eds.)",,London: Palgrave Macmillan.,2018,1,0,2,3,,,NULL
4335,Keo dán: Hóa học và công nghệ/ Nguyễn Văn Khôi,,,2006,1,0,2,3,,,NULL
4336,"Keo dán gỗ: giáo trình Đại học Lâm nghiệp/ Phạm Văn Chương (chủ biên), Nguyễn Trọng Kiên",Dewey Class no. :674P534-C559-----Call no. :674223; ----- Mô tả: 176tr.: minh họa; 27cm,H.: Nông nghiệp,2013,1,11,2,3,,,NULL
4337,Bài giảng Công nghệ sơn – vecni/ Dương Thế Hy,,Trường Đại học Bách khoa Đà Nẵng,2006,2,0,2,3,,,NULL
4338,"The Routledge Encyclopedia of Research Methods in Applied Linguistics: Quantitative, Qualitative, and Mixed-Methods Research (1st ed.) / Riazi, A. M.",,New York: Routledge.,2016,1,0,2,3,,,NULL
4339,Kỹ thuật sơn/Nguyễn Văn Lộc,Dewey Class no. :667.6N573 - L811-----Call no. :221667.6; ----- Mô tả: 334tr.;21cm,H.:Giáo Dục,2006,2,7,2,3,,,NULL
4340,TẠP CHÍ:  Annual Review of Applied Linguistics Annual Review of Language Acquisition English Language Teaching Journal (ELT Journal) Language Learning Language Learning and Development Language Teaching Research Research in the Teaching of English Studies in Second Language Acquisition TESOL Quarterly / ,,,,2,0,2,3,,,NULL
4341,Kỹ thuật sơn/ Đinh Văn Kiên,Dewey Class no. :667.6Đ584 - K47-----Call no. :221667.6; ----- Mô tả: 159tr.;19cm,Tp.HCM.:Thanh Niên,1998,2,3,2,3,,,NULL
4342," Kỹ thuật keo dán/ Nguyễn Quốc Tín, Phạm Lê Dũng",,Thanh niên,1999,2,6,2,3,,,NULL
4343,"Adhesion and adhesives technology: An introduction/ Alphonsus V. Pocius, Mark Smith",Dewey Class no. :668P739-----Call no. :668223; ----- Mô tả: 377p. ; 24cm,Cincinnati: Hanser Publications,2021,2,1,2,3,,,NULL
4344,"The Practice of Language Teaching. 5th / Harmer, J.",,London: Pearson Education,2015,1,0,2,3,,,NULL
4345, Paint technology handbook/ Rodger Talbert,,,2008,2,0,2,3,,,NULL
4346,Coatings Materials and Surface Coatings/ Arthur A. Tracton,,,2007,2,0,2,3,,,NULL
4347,"The TKT Course / Spratt, M., Pulveness, A. & Williams, M.",,Cambridge: CUP,2011,2,0,2,3,,,NULL
4348,Surface Coatings/ Oil and Colours Chemists’ Association,,The New South Wales University,1993,2,0,2,3,,,NULL
4349,Các phương pháp phân tích vật lý và hóa lý – tập 1/GS.TSKH. Nguyễn Đình Triệu,,KH&KT,2001,1,0,2,3,,,NULL
4350,"English for Specific Purposes / Hutchinson, T. & Waters, A.",,Cambridge: CUP,1987,2,0,2,3,,,NULL
4351,"Fourier Transform Infraed Spectrometry/ P. R. Griffiths, J. A. Haseth",,Wiley,2007,1,0,2,3,,,NULL
4352,"Fourier Transform Infraed Spectrometry/P. R. Griffiths, J. A. Haseth",,Wiley ,2007,1,0,2,3,,,NULL
4353,"NMR Spectroscopy of Polymers/ K. Hatada, T. Kitayama",,Springer,2004,1,0,2,3,,,NULL
4354,"Teaching English as a Second or Foreign Language. 3rd / Celcia-Murcia, M.",,USA: Heinle & Heinle Publishers,2001,2,0,2,3,,,NULL
4355,"Scanning Electron Microscopy, X-Ray Microanalysis, and Analytical Electron Microscopy/ C. E. Lyman et. al",, Plenium Press,1990,1,0,2,3,,,NULL
4356,"Learning Teaching / Scrivener, J.",,Macmillan Education,2005,2,0,2,3,,,NULL
4357," Dynamic Lighting Scaterring/ B. J. Berne, R. Pecor",,John Wiley and Sons,2000,1,0,2,3,,,NULL
4358, Introduction to Thermal Analysis/ M. E. Brown,,Kluwer Academic,2001,1,0,2,3,,,NULL
4359,"At the Chalkface / Matthews, A., Spratt, M. & Dangerfield, L.",,London: Edward Arnold,1991,2,0,2,3,,,NULL
4360," Thermal Analysis of Polymers/ J. D. Menczel, R. B. Prime",,Wiley,2009,1,0,2,3,,,NULL
4361,"A Course in Language Teaching / Ur, P.",,Cambridge: CUP,1999,2,0,2,3,,,NULL
4362,Công nghệ hương liệu mỹ phẩm/ Nguyễn Hữu Anh Tuấn,,Đại học Nông Lâm Tp. Hồ Chí Minh,2009,1,0,2,3,,,NULL
4363,"Preparation and color of azo-dyes/ Melvyn W. Mosher, and Jay M. Ansell",,,,1,0,2,3,,,NULL
4364,"A microscale approach to organic laboratory techniques, 6th ed/ Donald L. Pavia, Gary M. Lampman, George S. Kriz",,,2018,1,0,2,3,,,NULL
4365,"Skillful Reading & Writing 2. / Roger, L., & Wilkin, J.",, London: Macmillan,2013,1,0,2,3,,,NULL
4366,"Making Connections 2 / McEntire, J., & Williams, J.",,Cambridge: Cambridge University Press,2013,1,0,2,3,,,NULL
4367,"Complete IELTS / Brook-Hart, G., & Jakeman, V.",,Cambridge: Cambridge University Press,2012,2,4,2,3,,,NULL
4368,"Asian and Pacific cities: development patterns / Shirley, I., & Neill, C.",, New York: Routledge,2013,2,0,2,3,,,NULL
4369,"Misunderstanding Asia: International Relations Theory and Asian Studies Over Half a Century / Rozman, G.",,New York: Palgrave Macmillan,2016,2,0,2,3,,,NULL
4370,"Bài tập kinh tế học đại cương/ Trần Đăng Thịnh (chủ biên), Nguyễn Thị Thanh Vân, Trương Thị Hòa, Nguyễn Thị Thanh Thúy, Phan Thị Kim Phương",Dewey Class no. :330.076 T772-T443-----Call no. :330.076 222; ----- Mô tả: 142tr. ; 24cm,Tp.HCM : Đại học Quốc gia Tp. Hồ Chí Minh,2016,1,228,1,3,,NULL,NULL
4371,"Bài giảng chi tiết Vật lý 1 - Phần cơ nhiệt:Môn học: 1002011 - Vật lý đại cương A1/Huỳnh Quang Chiến, Trần Thị Thiên Hương",Dewey Class no. :531.071H987-C533-----Call no. :221531.071; ----- Mô tả: 198tr.;19cm,Tp. Hồ Chí Minh:Đại Học Sư Phạm Kỹ Thuật,2005,1,1489,1,3,,NULL,NULL
4372,"Artificial intelligence:Structures and strategies for complex problem solving/ George F. Luger, William A Stubblefield.",Dewey Class no. :006.3L951-----Call no. :222006.3; ----- Mô tả: 754p.;24cm,Harlow,England ; Reading,1,1,1,3,,NULL,NULL
4373,"Artificial intelligence:Structures and strategies for complex problem solving/ George F. Luger, William A Stubblefield.",Dewey Class no. :006.3L951-----Call no. :222006.3; ----- Mô tả: 754p.;24cm,Harlow,England ; Reading,1,1,1,3,,NULL,NULL
4374,"Kinh tế vi mô/Lê Bảo Lâm, Nguyễn Như Ý, Trần Thị Bích Dung, Trần Bá Thọ",Dewey Class no. :338.507K55-----Call no. :338.507222; ----- Mô tả: 221tr.;24cm,H.:Thống kê,2009,1,4,1,3,,NULL,NULL
4375,"Kinh tế vi mô/Lê Bảo Lâm, Nguyễn Như Ý, Trần Thị Bích Dung, Trần Bá Thọ",Dewey Class no. :338.507K55-----Call no. :338.507222; ----- Mô tả: 221tr.;20cm.,Hà Nội:Lao động - Xã hội,2007,1,9,1,3,,NULL,NULL
4376,"Kinh tế vi mô:Câu hỏi - bài tập - trắc nghiệm/Nguyễn Như Ý, Trần Thị Bích Dung, Nguyễn Hoàng Bảo, Trần Bá Thọ",Dewey Class no. :338.5076K55-----Call no. :338.5076222; ----- Mô tả: 325tr.;24cm,Tp.HCM:Kinh tế Tp. Hồ Chí Minh,2013,1,5,1,3,,http://172.16.2.21/libol50/search/detail.asp?ID=37223,
4377,"Kinh tế vi mô:Câu hỏi - bài tập - trắc nghiệm/Nguyễn Như Ý, Trần Thị Bích Dung, Nguyễn Hoàng Bảo, Trần Bá Thọ",Dewey Class no. :338.5076K55-----Call no. :338.5076222; ----- Mô tả: 325tr.;24cm,Tp.HCM:Kinh tế Tp. Hồ Chí Minh,2013,1,5,1,3,,NULL,NULL
4378,Problem solving and decision making/ Jeff Butterfield,"Dewey Class no. :658.403B988-----Call no. :658.403223; ----- Mô tả: viii, 120p.: ill; 28cm",Boston,Massachusetts: Cengage Learning,1,2,1,3,,NULL,NULL
4379,"Critical thinking skills: Effective anaysis, argument and reflection/Stella Cottrell","Dewey Class no. :153.42C851-----Call no. :153.42223; ----- Mô tả: xv, 309p.; 25cm",London: Palgrave,2017,1,1,1,3,,NULL,NULL
4380,Cơ học kỹ thuật =Engineering mechanics : Giáo trình dùng cho sinh viên đại học và cao đẳng kỹ thuật/Nguyễn Văn Khang,Dewey Class no. :620.1N573-K45-----Call no. :620.1222; ----- Mô tả: 427tr.;2009,H.:Giáo dục Việt Nam,2012,1,3,1,3,,NULL,NULL
4381,Hoá đại cương/Nguyễn Đình Soa,Dewey Class no. :541.07N573-S676-----Call no. :222541.07; ----- Mô tả: 514tr.;24cm,Tp.HCM.:Đại học quốc gia Tp.HCM,2010,1,2,1,3,,NULL,NULL
4382,"Áp dụng mô hình MFCA vào sản xuất sản phẩm bô nằm nữ tại Công ty TNHH kỹ thuật nhựa PH: Đồ án tốt nghiệp ngành Kỹ thuật công nghiệp/ Đặng Thị My, Nguyễn Trọng Tú; Tạ Nguyễn Minh Đức (Giảng viên hướng dẫn)","Dewey Class no. :658.5Đ182-M995-----Call no. :223 658.5; ----- Mô tả: xxx, 67tr.: bảng; 30cm + 1file",Tp. Hồ Chí Minh: Trường Đại học Sư phạm Kỹ thuật Tp. Hồ Chí Minh,2023,1,1,1,3,,http://libute.hcmute.edu.vn/search/detail.asp?ID=59772,http://libute.hcmute.edu.vn/search/detail.asp?ID=59772
4383,Giáo trình công nghệ chế biến gỗ:Mã môn học: 128020 - Phần I: Nguyên liệu gỗ/ Thái Thí,Dewey Class no. :694T364-T422-----Call no. :222694; ----- Mô tả: 100tr.;29cm,TP. HCM:ĐH Sư phạm Kỹ thuật,2006,1,229,1,3,,NULL,NULL
4384,Giáo trình triết học Mác-Lênin /Nguyễn Duy Quý,Dewey Class no. :335. G434-----Call no. :335.4 223; ----- Mô tả: 671tr. ;21cm,Tp.Hồ Chí Minh: Chính trị Quốc gia,2014,1,1,1,3,,http://libute.hcmute.edu.vn/search/detail.asp?ID=23600,http://libute.hcmute.edu.vn/search/detail.asp?ID=61549
4385,Cơ sở công nghệ vi điện tử và vi hệ thống/Nguyễn Nam Trung,Dewey Class no. :621.3815N573 - T872-----Call no. :221621.381 5; ----- Mô tả: 156tr.;24cm..,H.:khoa học và kỹ thuật,1999,1,15,1,3,,NULL,NULL
4386,Các bài giảng về Cơ nhiệt /Nguyễn Nhật Khanh,Dewey Class no. :530.07N573-K45-----Call no. :221530.07; ----- Mô tả: 200tr.;21cm,Tp.HCM:Khoa Học Tự Nhiên,1998,1,5,1,3,,NULL,NULL
4387,"Áp dụng mô hình MFCA vào sản xuất sản phẩm bô nằm nữ tại Công ty TNHH kỹ thuật nhựa PH: Đồ án tốt nghiệp ngành Kỹ thuật công nghiệp/ Đặng Thị My, Nguyễn Trọng Tú; Tạ Nguyễn Minh Đức (Giảng viên hướng dẫn)","Dewey Class no. :658.5Đ182-M995-----Call no. :223 658.5; ----- Mô tả: xxx, 67tr.: bảng; 30cm + 1file",Tp. Hồ Chí Minh: Trường Đại học Sư phạm Kỹ thuật Tp. Hồ Chí Minh,2023,1,1,1,3,,https://icons.getbootstrap.com/icons/box-seam/,https://thuvienso.hcmute.edu.vn/tailieuvn/doc/ebook-fundamentals-of-physics-10-e-part-3-2746313.html
4388,Giáo trình triết học Mác - Lênin: Dành cho bậc đại học hệ không chuyên lý luận chính trị,Dewey Class no. :335.411 G434-----Call no. :221 335.411; ----- Mô tả: 496tr.; 21cm,H. Chính Trị Quốc Gia Sự thật,2021,1,503,1,3,Còn sách,NULL,NULL
4389,"Điện tử công suất - Tập 1 :Lý thuyết - Thiết kế - Ứng dụng /Lê Văn Doanh, Nguyễn Thế Công, Trần Văn Thịnh",Dewey Class no. :621.317L433-D631-----Call no. :221621.381; ----- Mô tả: 701tr ;24cm,H :Khoa học và kỹ thuật,2007,1,9,1,3,Còn sách,NULL,NULL
4390,Giáo trình triết học Mác - Lênin: Dành cho bậc đại học hệ không chuyên lý luận chính trị,Dewey Class no. :335.411 G434-----Call no. :221 335.411; ----- Mô tả: 496tr.; 21cm,H. Chính Trị Quốc Gia Sự thật,2021,1,503,2,3,Còn sách,NULL,NULL
4391,Tâm lý học kỹ sư/ Bùi Thị Bích,Dewey Class no. :158.7B932-B583-----Call no. :158.7223; ----- Mô tả: 83tr.; 24cm,Tp. Hồ Chí Minh: Đại học Quốc gia Tp. Hồ Chí Minh,2022,1,200,2,3,Còn sách,NULL,NULL
4392,Kỹ năng xây dựng kế hoạch / Đặng Thị Diệu Hiền,Dewey Class no. :658.4012 Đ182-H633-----Call no. :658.4012 223; ----- Mô tả: 75tr. ; 24cm,Tp. Hồ Chí Minh : Đại học Quốc gia Tp. Hồ Chí Minh,2016,1,277,1,3,Còn sách,NULL,NULL
4393,Giáo trình Chủ nghĩa xã hội khoa học: Dành cho bậc đại học hệ không chuyên lý luận chính trị,Dewey Class no. :335.42307G434-----Call no. :221335.42307; ----- Mô tả: 276tr.; 21cm,H.: Chính Trị Quốc gia Sự thật,2024,1,3,1,3,Còn sách,NULL,NULL
4394,Giáo trình kinh tế chính trị Mác - Lênin: Dành cho bậc đại học hệ không chuyên lý luận chính trị,Dewey Class no. :335.412 G434-----Call no. :221 335.412; ----- Mô tả: 292tr.; 21cm,H.: Chính Trị Quốc Gia Sự thật,2021,1,508,1,3,Còn sách,NULL,NULL
4395,Giáo trình kinh tế chính trị Mác - Lênin: Dành cho bậc đại học hệ không chuyên lý luận chính trị,Dewey Class no. :335.412 G434-----Call no. :221 335.412; ----- Mô tả: 292tr.; 21cm,H.: Chính Trị Quốc Gia Sự thật,2021,1,508,1,3,NULL,NULL,NULL
4396,Giáo trình Kinh tế chính trị học Mác– Lênin,,Chính trị quốc gia,2008,2,0,1,3,NULL,NULL,NULL
4397,Giáo trình Kinh tế chính trị học Mác– Lênin,,Chính trị quốc gia,2008,2,0,1,3,NULL,NULL,NULL
4398,Lịch sử các học thuyết kinh tế,,Chính trị quốc gia,2016,2,0,1,3,NULL,NULL,NULL
4399,Lịch Sử Giao Thương,,Thế Giới,2018,2,0,1,3,NULL,NULL,NULL
4400,Lênin toàn tập. - T2 = Полное собрание сочинений/V.I. Lenin$p,Dewey Class no. :335.402L566-----Call no. :335.402221; ----- Mô tả: 840tr.; 20cm.,Mát-xcơ-va: Tiến bộ,1974,2,1,1,3,NULL,NULL,NULL
4401,Tư Bản,Các Mác ,Sự Thật; Tiến bộ Mát-xcơ-va ,1984,2,0,1,3,NULL,NULL,NULL
4402,Văn kiện Đại hội đại biểu toàn quốc lần thứ XIII,,Chính trị quốc gia sự thật,2021,2,0,1,3,NULL,NULL,NULL
4403,Cách mạng công nghiệp lần thứ tư,,Chính trị quốc gia sự thật,2018,2,0,1,3,NULL,NULL,NULL
4404,Giáo trình chủ nghĩa xã hội khoa học:$nDùng trong các trường đại học và cao đẳng,Dewey Class no. :335.42307G434 -----Call no. :222335.42307; ----- Mô tả: 312tr.;20cm..,Hà Nội:Chính Trị Quốc Gia,2006,1,10,1,3,NULL,NULL,NULL
4405,Giáo trình Chủ nghĩa xã hội khoa học,Dewey Class no. :335.42307G434-----Call no. :221335.42307; ----- Mô tả: 558tr.;21cm.,Hà Nội:Chính Trị Quốc Gia,2002,2,19,1,3,NULL,NULL,NULL
4406,Giáo trình tư tưởng Hồ Chí Minh: Dành cho bậc đại học không chuyên lý luận chính trị,Dewey Class no. :335.4346G434-----Call no. :335.4346223; ----- Mô tả: 272tr.; 21cm,Hà Nội: Chính trị Quốc gia - Sự thật,2021,1,19,1,3,NULL,NULL,NULL
4407,Giáo trình tư tưởng Hồ Chí Minh: Dành cho bậc đại học không chuyên lý luận chính trị,Dewey Class no. :335.4346G434-----Call no. :335.4346223; ----- Mô tả: 272tr.; 21cm,Hà Nội: Chính trị Quốc gia - Sự thật,2021,1,19,1,3,Còn sách,NULL,NULL
4408,Giáo trình Tư tưởng Hồ Chí Minh: Dành cho bậc đại học hệ không chuyên lý luận chính trị,Dewey Class no. :335.4346 G434-----Call no. :221 335.4346; ----- Mô tả: 272tr.; 21cm,H.: Chính Trị Quốc Gia Sự thật,2021,1,527,1,3,Còn sách,NULL,NULL
4409,"Ngân hàng câu hỏi thi, kiểm ra môn Tư tưởng Hồ Chí Minh",,Chính trị quốc gia sự thật,2020,2,0,1,3,NULL,NULL,NULL
4410,Tư tưởng Hồ Chí Minh Hỏi – Đáp,,Chính trị quốc gia sự thật,2020,1,0,1,3,NULL,NULL,NULL
4411,"Giáo trình tư tưởng Hồ Chí Minh: Dành cho sinh viên đại học, cao đẳng khối không chuyên ngành Mác - Lênin, tư tưởng Hồ Chí Minh",Dewey Class no. :335.4346G434-----Call no. :335.4346222; ----- Mô tả: 288tr.; 21cm,H.:Chính trị Quốc gia - Sự thật,2018,1,17,1,3,Còn sách,NULL,NULL
4412,"Tư tưởng Hồ Chí Minh về phòng, chống tham ô, lãng phí, quan liêu giá trị lý luận và thực tiễn",,Chính trị quốc gia sự thật,2020,2,0,1,3,NULL,NULL,NULL
4413,"Hỏi – đáp về tư tưởng, đạo đức phong cách Hồ Chí Minh",,Chính trị quốc gia sự thật,2019,1,0,1,3,NULL,NULL,NULL
4414,Hồ Chí Minh toàn tập ,,Chính trị quốc gia ,2011,1,0,1,3,NULL,NULL,NULL
4415,Giáo trình Chủ nghĩa xã hội khoa học: Dành cho bậc đại học hệ không chuyên lý luận chính trị,Dewey Class no. :335.42307 G434-----Call no. :221 335.42307; ----- Mô tả: 276tr.; 21cm,H.: Chính Trị Quốc Gia Sự thật,2021,1,510,1,3,Còn sách,NULL,NULL
4416,Giáo trình chủ nghĩa xã hội khoa học: Dùng trong các trường đại học và cao đẳng,Dewey Class no. :335.42307G434 -----Call no. :222335.42307; ----- Mô tả: 312tr.;20cm..,Hà Nội: Chính Trị Quốc Gia,2006,1,10,1,3,Còn sách,NULL,NULL
4417,Giáo trình Chủ nghĩa xã hội khoa học,Dewey Class no. :335.42307G434-----Call no. :221335.42307; ----- Mô tả: 558tr.;21cm.,Hà Nội: Chính Trị Quốc Gia,2002,1,19,1,3,Còn sách,NULL,NULL
4418,Giáo trình lịch sử Đảng Cộng sản Việt Nam: Dùng cho bậc đại học hệ không chuyên lý luận chính trị,Dewey Class no. :324.2597075G434-----Call no. :221324.2597075; ----- Mô tả: 440tr.; 21cm,H.: Chính Trị Quốc gia Sự thật,2021,1,510,1,3,Còn sách,NULL,NULL
4419,Giáo trình lịch sử Đảng Cộng Sản Việt Nam,Dewey Class no. :324.2597075G434-----Call no. :335.52; ----- Mô tả: 469tr.;21cm,Hà Nội:Chính Trị Quốc Gia,2003,1,19,1,3,Còn sách,NULL,NULL
4420,Một số chuyên đề về Đường lối cách mạng của Đảng Cộng sản Việt Nam,,Hà Nội: Chính trị quốc gia ,2008,2,0,1,3,NULL,NULL,NULL
4421,"Giáo trình nhập môn luật học: Những vấn đề cơ bản cho học tập, nghiên cứu ngành Luật/ Viên Thế Giang, Bùi Hữu Toàn",Dewey Class no. :340.0711V662-G433-----Call no. :340.0711 223; ----- Mô tả: 428tr.; 21cm,H.: Chính trị Quốc gia,2020,1,5,1,3,Còn sách,NULL,NULL
4422,Logic học,,Tổng hợp TPHCM,2011,1,0,1,3,NULL,NULL,NULL
4423,Giáo trình Nhập môn logic học,Phạm Đình Nghiệm,Đại học quốc gia TPHCM ,2007,1,0,1,3,NULL,NULL,NULL
4424,"Giáo trình nhập môn Lôgích học/Bùi Văn Mưa,  Nguyễn Ngọc Thu",Dewey Class no. :160B932-M941-----Call no. :160222; ----- Mô tả: 175tr.;21cm,Tp.HCM:Đại học Quốc gia Tp.Hồ Chí Minh,2003,1,8,1,3,Còn sách,NULL,NULL
4425,Giáo trình Logic học (dùng cho sinh viên ngành luật)/Trường Đại học Luật Hà Nội,,Công an nhân dân,2002,1,0,1,3,NULL,NULL,NULL
4426,Giáo trình Logic học đại cương/Nguyễn Như Hải,Dewey Class no. :160N573-H149-----Call no. :160222; ----- Mô tả: 227tr.;24cm.,Hà Nội:Giáo dục,2007,1,17,1,3,Còn sách,NULL,NULL
4427,A concise introduction to logic/Ian Hacking,,New York:Random House,2005,2,0,1,3,NULL,NULL,NULL
4428,Giáo trình xã hội học đại cương/Tạ Minh,Dewey Class no. :301T111-M664-----Call no. :221301; ----- Mô tả: 178tr;21cm.,Tp. Hồ Chí Minh:Đại học Quốc gia Tp.HCM,2007,1,27,1,3,Còn sách,NULL,NULL
4429,"Nhập môn xã hội học/Tạ Minh, Trần Tuấn Phát ",,Tp. Hồ Chí Minh,2001,1,0,1,3,NULL,NULL,NULL
4430,Giáo trình xã hội học pháp luật/Ngọ Văn Nhân ,,Hà Nội:Công an nhân dân ,2018,1,0,1,3,NULL,NULL,NULL
4431,Xã hội học,Lương Văn Úc,Hà Nội:Đại học Kinh tế quốc dân,2009,1,0,1,3,NULL,NULL,NULL
4432,Xã hội học/Ngọ Văn Nhân,,Hà Nội:Công an nhân dân ,2008,1,0,1,3,NULL,NULL,NULL
4433,Xã hội học nhập môn/Trần Thị Kim Xuyến ,,Thống Kê ,2000,1,0,1,3,NULL,NULL,NULL
4434,"Xã hội học/Phạm Tất Dong,Lê Ngọc Hùng ",,Giáo dục,1999,1,0,1,3,NULL,NULL,NULL
4435,Nhập môn lịch sử xã hội học/Hermann Korte (bản dịch) ,,Thế Giới,1997,2,0,1,3,NULL,NULL,NULL
4436,Xã hội học - Những vấn đề cơ bản/Nguyễn Minh Hòa ,,ĐH KHXH&NV Tp. HCM,1997,2,0,1,3,NULL,NULL,NULL
4437,Nhập môn xã hội học/Nguyễn Thị Như Thúy (chủ biên);Đặng Minh Thị Tuấn ,,Đại học Quốc gia Tp. HCM,2018,1,0,1,3,NULL,NULL,NULL
4438,Xã hội học tội phạm/Thanh Lê,Dewey Class no. :364T367-L433-----Call no. :222364; ----- Mô tả: 178tr.;19cm.,Hà Nội:Công an Nhân dân,2002,1,10,1,3,Còn sách,NULL,NULL
4439,Xã hội học pháp luật/Trần Đức Châm ,,Hà Nội:Chính trị Quốc gia,2018,1,0,1,3,NULL,NULL,NULL
4440,Giáo trình Tâm lý học đại cương/Nguyễn Xuân Thức (Chủ biên),,Đại học sư phạm,2007,1,0,1,3,NULL,NULL,NULL
4441,Tâm lý học nghề nghiệp/Dương Thị Kim Oanh ,,ĐH Quốc gia Tp.HCM,2013,1,0,1,3,NULL,NULL,NULL
4442,Giáo trình Tâm lý học Giáo dục/Nguyễn Đức Sơn (Chủ biên),,Đại học sư phạm,2015,1,0,1,3,NULL,NULL,NULL
4443,Tâm lý học giáo dục/Phạm Thành Nghị,,ĐH Quốc gia Hà Nội,2013,1,0,1,3,NULL,NULL,NULL
4444,"Tình huống Tâm lý học/Nguyễn Kim Quý, Nguyễn Xuân Thức ",,Lao động,2003,2,0,1,3,NULL,NULL,NULL
4445,"Cơ sở văn hóa Việt Nam/Trần Quốc Vượng, Tô Ngọc Thanh, Nguyễn Chí Bền...",Dewey Class no. :305.89597C652-----Call no. :222305.89597; ----- Mô tả: 303tr.;21cm,Hà Nội:Giáo dục Việt Nam,2011,1,2,1,3,Còn sách,NULL,NULL
4446,Cơ sở văn hóa Việt nam/Trần Ngọc Thêm,Dewey Class no. :305.89597T772-T383-----Call no. :221305.89597; ----- Mô tả: 334tr.;21cm.,Hà Nội:Giáo dục,1999,1,33,1,3,Còn sách,NULL,NULL
4447,Cơ sở văn hóa Việt Nam /Lê Văn Chưởng,Dewey Class no. :305.89597L433-C559-----Call no. :221305.89597; ----- Mô tả: 296tr :21cm,Tp.HCM :Trẻ,1999,1,3,1,3,Còn sách,NULL,NULL
4448,"Lịch sử văn hóa Đông Nam Á/Phạm Đức Dương, Phạm Nguyên Long (Chủ biên); Diệp Đình Hoa ",,Văn hóa thông tin,2013,2,0,1,3,NULL,NULL,NULL
4449,Cơ sở văn hóa Việt Nam/Chu Xuân Diên,Dewey Class no. :305.89597C559-D562-----Call no. :305.895 97222; ----- Mô tả: 335tr.;21cm,Tp.HCM:Đại học Quốc gia Tp.Hồ Chí Minh,2007,1,34,1,3,Còn sách,NULL,NULL
4450,Giáo trình Cơ sở văn hóa Việt Nam/Đặng Đức Siêu ,,Đại học Sư phạm,2009,1,0,1,3,NULL,NULL,NULL
4451,Văn hóa Việt Nam tìm tòi và suy ngẫm /Trần Quốc Vượng,Dewey Class no. :305.89597T772-V994-----Call no. :221305.89597; ----- Mô tả: 984tr.;21cm,Hà Nội:Văn Hóa Dân Tộc,2000,1,1,1,3,Còn sách,NULL,NULL
4452,Cơ sở văn hóa Việt Nam/Trần Diễm Thúy ,,Văn hóa thông tin,2005,2,0,1,3,NULL,NULL,NULL
4453,"Microsoft Office Professional 2013 Step By Step/Beth Melton, Mark Dodge, Echo Swinford, Andrew Couch, Eric Legault, Ben M. Schorr, Ciprian Adrian Rusen",,O‘Reilly,2013,1,0,1,3,NULL,NULL,NULL
4454,Giáo trình Lí luận chung về nhà nước và pháp luật/Trường Đại học Luật Hà Nội ,,Hà Nội:Tư Pháp ,2017,1,0,1,3,NULL,NULL,NULL
4455,Giáo trình Lý luận nhà nước và pháp luật (Tài liệu hướng dẫn môn học)/Nguyễn Minh Đoan ,,Hà Nội:Chính trị Quốc gia ,2017,1,0,1,3,NULL,NULL,NULL
4456,Giáo trình Lí luận chung về nhà nước và pháp luật,,Hà Nội:Tư Pháp ,2017,1,0,1,3,NULL,NULL,NULL
4457,Giáo trình Lý luận nhà nước và pháp luật/Đại học Luật Hà Nội,,Hà Nội: Chính Trị Quốc Gia,2010,1,0,1,3,NULL,NULL,NULL
4458,Giáo trình Lý luận chung về Nhà nước và Pháp luật/Trường Đại học Luật Hà Nội,,Hà Nội:Công an nhân dân ,2007,1,0,1,3,NULL,NULL,NULL
4459,Nhà nước và pháp luật đại cương/Nguyễn Đăng Dung,,Hà Nội:Đại học Quốc gia ,2004,1,0,1,3,NULL,NULL,NULL
4460,Những vấn đề chung về Nhà nước và pháp luật/Viện nghiên cứu Nhà nước và pháp luật ,,Hà Nội: ,2006,2,0,1,3,NULL,NULL,NULL
4461,Giáo trình Lý luận Nhà nước và pháp luật/Khoa luật - Đại học khoa học xã hội và nhân văn ,,Hà Nội:Chính trị Quốc gia ,2005,1,0,1,3,NULL,NULL,NULL
4462,Giáo trình Lí luận chung về nhà nước và pháp luật/Trường Đại học Luật Hà Nội ,,Hà Nội:Tư pháp,2017,1,0,1,3,NULL,NULL,NULL
4463,Giáo trình Lý luận nhà nước và pháp luật (Tài liệu hướng dẫn môn học)/Nguyễn Minh Đoan ,,Hà Nội:Chính trị Quốc gia ,2017,1,0,1,3,NULL,NULL,NULL
4464,Giáo trình Lý luận nhà nước và pháp luật/Đại học Luật Hà Nội,,Hà Nội:Chính trị Quốc gia ,2010,1,0,1,3,NULL,NULL,NULL
4465,Giáo trình Lý luận chung về Nhà nước và Pháp luật/Trường Đại học Luật Hà Nội,,Hà Nội:Công an nhân dân ,2007,1,0,1,3,NULL,NULL,NULL
4466,Nhà nước và pháp luật đại cương/Nguyễn Đăng Dung,,Hà Nội:Đại học Quốc gia ,2004,1,0,1,3,NULL,NULL,NULL
4467,Những vấn đề chung về Nhà nước và pháp luật/Viện nghiên cứu Nhà nước và pháp luật ,,Hà Nội:,2006,2,0,1,3,NULL,NULL,NULL
4468,Giáo trình Lý luận Nhà nước và pháp luật/Khoa luật - Đại học khoa học xã hội và nhân văn ,,Hà Nội:Chính trị Quốc gia ,2005,1,0,1,3,NULL,NULL,NULL
4469,“Lịch sử Nhà nước và Pháp luật Việt Nam” từ nguồn gốc đến trước Cách mạng tháng Tám 1945/Vũ Thị Phụng,,Hà Nội:Khoa học Xã hội ,1990,1,0,1,3,NULL,NULL,NULL
4470,Sơ thảo lịch sử nhà nước và pháp luật Việt Nam (từ Cách mạng tháng Tám đến nay)/Viện Luật học ,,Hà Nội:Khoa học Xã hội,1983,1,0,1,3,NULL,NULL,NULL
4471,Sơ thảo lịch sử nhà nước và pháp quyền Việt Nam (từ nguồn gốc đến thế kỷ XIX)/Đình Gia Trinh ,,Hà Nội:Khoa học Xã hội,1968,1,0,1,3,NULL,NULL,NULL
4472,Đất nước Việt Nam qua các đời/Đào Duy Anh,,Hà Nội: Sử học ,1964,1,0,1,3,NULL,NULL,NULL
4473,Đại Việt sử ký toàn thư:4 tập/Ngô Sĩ Liên ,,Khoa học Xã hội ,1967-1968,2,0,1,3,NULL,NULL,NULL
4474,Lịch sử Việt Nam,Phan Huy Lê – Trần Quốc Vượng – Hà Văn Tấn  - Lương Ninh ,Hà Nội:ĐH và GDCN ,1991,2,0,1,3,NULL,NULL,NULL
4475,"Advanced engineering mathematics/ Erwin Kreyszig; in collaboration with Herbert Kreyszig, Adward J. Norminton",Dewey Class no. :510K92-----Call no. :510223; ----- Mô tả: 1 v. (various pagings) : ill. (some col.) ; 27 cm.,New York : Wiley,2011,1,1,1,3,Còn sách,NULL,NULL
4476,Giáo Trình Kỹ Thuật Số,"Nguyễn Trường Duy, Võ Đức Dũng, Nguyễn Thanh Hải, Nguyễn Duy Thảo",TP.HCM: ĐH Quốc Gia,2019,1,0,1,3,NULL,NULL,NULL
4477,"Algebra, Topology, Differential Calculus, and Optimization Theory for Computer Science and Machine learning",Jean Gallier,USA:,2022,2,0,1,3,NULL,NULL,NULL
4478,"Giáo trình ngôn ngữ lập trình C: Dùng cho môn học: Ngôn ngữ lập trình C/ Trương Ngọc Sơn, Lê Minh, Trương Ngọc Hà, Lê Minh Thành",Dewey Class no. :005.133G434-----Call no. :005.133223; ----- Mô tả: 207tr.; 24 cm,Tp. Hồ Chí Minh: Đại học Quốc gia Tp.Hồ Chí Minh,2020,1,285,1,3,Còn sách,NULL,NULL
4479,"Giáo trình ngôn ngữ lập trình C: Dùng cho môn học: Ngôn ngữ lập trình C/ Trương Ngọc Sơn, Lê Minh, Trương Ngọc Hà, Lê Minh Thành",Dewey Class no. :005.133G434-----Call no. :005.133223; ----- Mô tả: 207tr.; 24 cm,Tp. Hồ Chí Minh: Đại học Quốc gia Tp.Hồ Chí Minh,2020,1,285,1,3,Còn sách,NULL,NULL
4480,"Digital systems : Principles and applications / Neal S. Widmer, Gregory L. Moss, Ronald J. Tocci","Dewey Class no. :621.381 W641-----Call no. :621.381 223; ----- Mô tả: xx, 1004p. ; 29cm",Boston : Pearson,2017,2,2,1,3,Còn sách,NULL,NULL
4481,C:How to program,Paul Deitel and Harvey Deitel,Pearson,2010,1,0,1,3,NULL,NULL,NULL
4482,Giáo trình Vi xử lý,Nguyễn Đình Phú,Đại học Quốc gia,2012,1,0,1,3,NULL,NULL,NULL
4483,Thinking like an Engineer: An Active Learning Approach,"Elizabeth A. Stephan, David R. Bowman, William J. Park, William David Martin, Matthew W. Ohland",Prentice Hall,2011,2,0,1,3,NULL,NULL,NULL
4484,Embedded C Programming and the Microchip PIC: 1 edition November 3,"Richard H. Barnett, Sarah Cox, Larry O'Cull",Delmar Publishers Inc,2003,2,0,1,3,NULL,NULL,NULL
4485," Exploring engineering:An introduction to engineering and design/Philip Kosky, Robert Balmer, William Keat, George Wise",Second Edition,Amsterdam:Elsevier,2016,2,0,1,3,NULL,NULL,NULL
4486,Giáo trình Mạch điện,"Nguyễn Minh Tâm, Trần Tùng Giang, Lê Thị Thanh Hoàng, Lê Mỹ Hà",Đại học Quốc gia ,2017,1,0,1,3,NULL,NULL,NULL
4487,Giáo trính xử lý ảnh,Nguyễn Thanh Hải,TP.HCM: ĐH Quốc Gia,2014,1,0,1,3,NULL,NULL,NULL
4488,"Giáo trình Mạch điện/Trần Tùng Giang, Lê Thị Thanh Hoàng",,Đại học Quốc gia ,2013,1,0,1,3,NULL,NULL,NULL
4489,"Bài tập mạch điện phần II / Phạm Thị Cư (chủ biên) ; Lê Minh Cường, Trương Trọng Tuấn Mỹ",Dewey Class no. :621.31076 P534-C961-----Call no. :621.31076 223; ----- Mô tả: 112tr. ; 21cm,Tp. Hồ Chí Minh : Đại học Quốc gia Tp. Hồ Chí Minh,2014,1,2,1,3,Còn sách,NULL,NULL
4490,Digital Image Processing,"Rafael C. Gonzalez, Richard E. Woods",Prentice Hall,2008,2,0,1,3,NULL,NULL,NULL
4491,"Digital Image processing using MATLAB /Rafael C. Gonzalez, Richard E. Woods, Steven L. Eddins.","Dewey Class no. :006.6G589-----Call no. :006.6222; ----- Mô tả: xiv,609 p.:ill., harts;25cm.",Upper Saddle River,NJ:Pearson/Prentice Hall,1,1,1,3,Còn sách,NULL,NULL
4492,"Sadiku Fundamentals of electric circuits/Charles K. Alexander, Matthew N. O. Sadiku",2nd ed.,Boston:McGraw-Hill,2004,1,0,1,3,NULL,NULL,NULL
4493,"Amazon S3 Essentials,",Sunil Gulabani,,2015,2,0,1,3,NULL,NULL,NULL
4494,Lập trình Android,Trương Thị Ngọc Phượng,Đại học quốc gia,2013,1,0,1,3,NULL,NULL,NULL
4495,Signals & Systems/Richard Baraniuk,,Richard Baraniuk,2008,1,0,1,3,NULL,NULL,NULL
4496,Android Cookbook,Ian F. Darwin,O’Reilly Media,2012,2,0,1,3,NULL,NULL,NULL
4497,Lý thuyết tín Hiệu,Phạm Thị Cư,Giáo Dục,2000,1,0,1,3,NULL,NULL,NULL
4498,Continuous-Time Signals and Systems,Michael D. Adams,the University of Victoria,2013,2,0,1,3,NULL,NULL,NULL
4499,Design Patterns- Elements of Reusable Object-Oriented Software,"E. Gamma, R. Helm, R. Johnson, J. Vlissides ",Addison-Wesley,2005,1,0,1,3,NULL,NULL,NULL
4500,Computer Organization and Architecture/William Stallings,,Pearson Education ,2012,1,0,1,3,NULL,NULL,NULL
4501,Nhập môn UML,Huỳnh Văn Đức ,Lao động xã hội,2004,2,0,1,3,NULL,NULL,NULL
4502,Principles of Computer Hardware/Alan Clements,,Oxford University Press,2006,2,0,1,3,NULL,NULL,NULL
4503,The Design Patterns Java Companion,James W. Cooper ,Addison-Wesley,1998,2,0,1,3,NULL,NULL,NULL
4504,Kiến trúc máy tính tiên tiến/Trần Công Hùng,Dewey Class no. :004.22T772-H936-----Call no. :222004.22; ----- Mô tả: 259tr.;27cm,H.:Thông tin và truyền thông,2011,2,25,1,3,Còn sách,NULL,NULL
4505,Giáo trình Thực hành vi điều khiển,Nguyễn Đình Phú,Đại học Quốc gia ,2018,1,0,1,3,NULL,NULL,NULL
4506,"Computer networking:A top-down approach/James F. Kurose, Keith W. Ross",Dewey Class no. :004.6K96-----Call no. :23004.6; ----- Mô tả: 888p.;24cm,Boston:Pearson,2013,1,1,1,3,Còn sách,NULL,NULL
4507,"Giáo trình Vi xử lý,",Nguyễn Đình Phú,Đại học Quốc gia ,2018,2,0,1,3,NULL,NULL,NULL
4508,Object-Oriented Design & Patterns,"Horstmann, Cay ","Second Edition, John Wiley & Sons",2006,2,0,1,3,NULL,NULL,NULL
4509,"Learning UML 2.0 / Russ Miles, Kim Hamilton","Dewey Class no. :005.117 M643-----Call no. :005.117 223; ----- Mô tả: xiii, 269p., 24cm",Sebastopol,CA : O'Reilly,1,1,1,3,Còn sách,NULL,NULL
4510,Introduction to Embedded Systems A Cyber-Physical Systems Approach,"Edward Lee, Sanjit Seshia",,2011,2,0,1,3,NULL,NULL,NULL
4511,Design Patterns- Elements of Reusable Object-Oriented Software,"E. Gamma, R. Helm, R. Johnson, J. Vlissides ",Addison-Wesley,2005,1,0,1,3,NULL,NULL,NULL
4512,Nhập môn UML,Huỳnh Văn Đức ,Lao động xã hội,2004,2,0,1,3,NULL,NULL,NULL
4513,Giáo trình thực hành kỹ thuật số,Nguyễn Đình Phú,ĐH SPKT,2018,1,0,1,3,NULL,NULL,NULL
4514,The Design Patterns Java Companion,James W. Cooper ,Addison-Wesley,1998,2,0,1,3,NULL,NULL,NULL
4515,Giáo trình thực hành kỹ thuật số,Nguyễn Đình Phú,ĐH SPKT,2018,1,0,1,3,NULL,NULL,NULL
4516,Building the internetof things with IPv6 and MIPv6,Daniel Minoli,Wiley,2013,1,0,1,3,NULL,NULL,NULL
4517,Mạch số,Nguyễn Hữu Phương,Thống kê,2004,2,0,1,3,NULL,NULL,NULL
4518,Object-Oriented Design & Patterns,"Horstmann, Cay ","Second Edition, John Wiley & Sons",2006,2,0,1,3,NULL,NULL,NULL
4519,"Artificial intelligence, structure and strategies for complex problem solving",George F Luger,Peason Education,2009,1,0,1,3,NULL,NULL,NULL
4520,Deep learning,"Ian Goodfellow, Yoshua Bengio, Aaron Courville",England:The MIT Press,2016,1,0,1,3,NULL,NULL,NULL
4521,Machine learning,Tom M Mitchell,McGraw-Hill Science,1997,2,0,1,3,NULL,NULL,NULL
4522,Giáo trình vi xử lý nâng cao,Phan Vân Hoàn ,TP.HCM: SPKT TP.HCM ,2015,1,0,1,3,NULL,NULL,NULL
4523,The definitive guide to the ARM CORTEX – M3,"1.	Joseph Uiu",Newnes,2009,2,0,1,3,NULL,NULL,NULL
4524,Nhập môn cấu trúc dữ liệu và giải thuật,Trần Hạnh Nhi,Đại học Khoa học Tự nhiên TP. HCM,2000,1,0,1,3,NULL,NULL,NULL
4525,Beginning Object-Oriented Programming with C sharp,Jack Purdum,Wrox,2012,1,0,1,3,NULL,NULL,NULL
4526,Mạch số,Nguyễn Hữu Phương,thống kê,2004,2,0,1,3,NULL,NULL,NULL
4527,"Programming C# 4.0/ Ian Griffiths, Matthew Adams, Jesse Liberty","Dewey Class no. :005.133G855-----Call no. :005.133223; ----- Mô tả: xxi, 830p.; 24cm",Beijing: O'Reilly,2010,1,1,1,3,Còn sách,NULL,NULL
4528,The UX Book: Process and guidelines for ensuring a quality user experience,"Hartson, Rex, and Pardha S. Pyla",Elsevier,2012,1,0,1,3,NULL,NULL,NULL
4529,Learning Python: powerful object-oriented programming,Mark Lutz,O'Reilly Media,2013,2,0,1,3,NULL,NULL,NULL
4530,Multimedia Learning,"Mayer, R. E",Cambridge University Press,2009,1,0,1,3,NULL,NULL,NULL
4531,New Venture Creation: Entrepreneurship for the 21st Century – A Pacific Rim Perspective:1st Edition,"Timmons, Jeffry A., Gillin, L. M., Burshtein, S., and Spinelli, Stephen Jr. ",McGraw-Hill Irwin,2011,1,0,1,3,NULL,NULL,NULL
4532,Computer Science and Educational Software Design: A Resource for Multidisciplinary Work in Technology Enhanced Learning,Pierre Tchounikine,Springer,2012,2,0,1,3,NULL,NULL,NULL
4533,Magdalena D. Toda: CALCULUS: 6th Edition,"Karl J. Smith, Monty J. Strauss",,,1,0,1,3,NULL,NULL,NULL
4534,Bài giảng tóm tắt: Toán 3 – Bộ môn Toán – Khoa KHƯD,,,,2,0,1,3,NULL,NULL,NULL
4535,High Involvement Innovation: Building and Sustaining Competitive Advantage Through Continuous Change,"Bessant, J. ",Chicester: John Wiley & Sons,2003,2,0,1,3,NULL,NULL,NULL
4536,A Entrepreneurship,"Bygrave, W and Zackarakis",John Wiley and Co.,2013,2,0,1,3,NULL,NULL,NULL
4537,Design for Electrical and Computer Engineers,J. Eric Salt and Robert Rothery,John Wiley &Sons,2002,1,0,1,3,NULL,NULL,NULL
4538,"Struts 2 in action/ Donald Brown, Chad Michael Davis, Scott Stanlick","Dewey Class no. :006.78B877-----Call no. :006.78223; ----- Mô tả: xxviii, 404p.; 24cm",Greenwich: Manning Publications,2008,1,1,1,3,Còn sách,NULL,NULL
4539,Design for Electrical and Computer Engineers,J. Eric Salt and Robert Rothery,John Wiley &Sons,2002,1,0,1,3,NULL,NULL,NULL
4540,Murach‘s Java Servlet and JSP,"Joe Murach, Andrea Steelman",Murach,2008,1,0,1,3,NULL,NULL,NULL
4541,Bài giảng tóm tắt: Toán 1 – Bộ môn Toán – Khoa KHƯD.,,,,2,0,1,3,NULL,NULL,NULL
4542,Computer Organization Laboratory – Assembly Language Programming,Ryan Izard,Clemson University,2014,1,0,1,3,NULL,NULL,NULL
4543,Giáo trình hướng dẫn thực hành hệ thống nhúng,Đậu Trọng Hiển,,2016,1,0,1,3,NULL,NULL,NULL
4544,Thực tập Điện tử cơ bản,Trương Thị Bích Ngà,TP. HCM: ĐH SPKT ,2012,1,0,1,3,NULL,NULL,NULL
4545,Điện tử cơ bản,Trần Thu Hà,TP. HCM: ĐH SPKT ,2012,2,0,1,3,NULL,NULL,NULL
4546,Search Engines: Information Retrieval in Practice,"Bruce Croft, Donald Metzler and Trevor Strohman",Addison – Wesley,2009,1,0,1,3,NULL,NULL,NULL
4547,Tài liệu thực hành điện tử công suất,Hoàng Ngọc Văn,TP. HCM: ĐH SPKT ,2016,1,0,1,3,NULL,NULL,NULL
4548,Ứng dụng PSIM trong điện tử công suất,Đỗ Đức Trí,TP. HCM: ĐH SPKT ,2014,1,0,1,3,NULL,NULL,NULL
4549,CCNA IOS Commands Survival Guide,Todd Lammle,Wiley Publishing,2008,1,0,1,3,NULL,NULL,NULL
4550,Điện tử thực hành/ Đỗ Đức Trí,Dewey Class no. :621.381 Đ631-T819-----Call no. :221 621.381; ----- Mô tả: 175tr.; 24cm,H.: Bách khoa Hà Nội,2015,1,3,1,3,Còn sách,NULL,NULL
4551,Giáo trình Công nghệ Phần mềm,Nguyễn Minh Đạo,"Khoa CNTT, Trường ĐHSPKT",2004,1,0,1,3,NULL,NULL,NULL
4552,Software Engineering,Ian Sommerville,"9th Edition, Addison-Wesley ",2011,2,0,1,3,NULL,NULL,NULL
4553,"Learning UML 2.0 / Russ Miles, Kim Hamilton","Dewey Class no. :005.117 M643-----Call no. :005.117 223; ----- Mô tả: xiii, 269p., 24cm",Sebastopol,CA : O'Reilly,1,1,1,3,Còn sách,NULL,NULL
4554,Design Patterns- Elements of Reusable Object-Oriented Software,"E. Gamma, R. Helm, R. Johnson, J. Vlissides ",Addison-Wesley,2005,1,0,1,3,NULL,NULL,NULL
4555,MapReduce:Simplified Data Processing on Large Clusters,Jeffrey Dean and Sanjay Ghemawat,OSDI,2004,2,0,1,3,NULL,NULL,NULL
4556,Nhập môn UML,Huỳnh Văn Đức ,Lao động xã hội,2004,2,0,1,3,NULL,NULL,NULL
4557,Điện tử công suất,Hoàng Ngọc Văn,TP. HCM: ĐH SPKT ,2010,2,0,1,3,NULL,NULL,NULL
4558,The Design Patterns Java Companion,James W. Cooper ,Addison-Wesley,1998,2,0,1,3,NULL,NULL,NULL
4559,Spark: Cluster Computing with Working Sets,"Matei Zaharia, Mosharaf Chowdhury, Micheal J.Franklin, Scott Shenker and Stoica",Berkeley:University of California,2015,2,0,1,3,NULL,NULL,NULL
4560,Điện Tử Công Suất: Tính Toán - Mô Phỏng - Thực Hành,Quách Thanh Hải,TP. HCM: ĐH SPKT ,2017,2,0,1,3,NULL,NULL,NULL
4561,Object-Oriented Design & Patterns,"Horstmann, Cay","Second Edition, John Wiley & Sons",2006,1,0,1,3,NULL,NULL,NULL
4562,Bitcoin and cryptocurrency technologies: A comprehensive introduction,"Arvind Narayanan, Joseph Bonneau, Edward Felten, Andrew Miller, and Steven Goldfeder",Princeton University Press,2016,1,0,1,3,NULL,NULL,NULL
4563,Thí nghiệm các nguyên lý vật lý 2,,TP. HCM: ĐH SPKT ,,1,0,1,3,NULL,NULL,NULL
4564,"Blockchain: Ultimate guide to understanding blockchain, bitcoin, cryptocurrencies, smart contracts and the future of money",Mark Gates ,Wise Fox ,2017,2,0,1,3,NULL,NULL,NULL
4565,SQL injection attacks and defense / Justin Clarke,"Dewey Class no. :005.8 C597-----Call no. :005.8 223; ----- Mô tả: xxviii, 547p.:ill ; 23cm",Waltham,MA : Elsevier,1,2,1,3,Còn sách,NULL,NULL
4566,Vật lý đại cương - Tập 2: Điện từ,Lương Duyên Bình,Giáo dục ,1995,2,0,1,3,NULL,NULL,NULL
4567,Vật lý đại cương - Tập 2: Điện từ,Lương Duyên Bình,Giáo dục ,1995,2,0,1,3,NULL,NULL,NULL
4568,Control System Engineering,Norman S. Nise,Wiley,2019,1,0,1,3,NULL,NULL,NULL
4569,Physics for Scientists and Engineers with Modern Physics: 9th Edition,R.A. Serway & J.W. Jewett,,,1,0,1,3,NULL,NULL,NULL
4570,"Giáo trình Điện tử cơ bản/Trần Thu Hà, Trương Thị Bích Ngà, Nguyễn Thị Lưỡng,...",Dewey Class no. :621.381G434-----Call no. :222621.381; ----- Mô tả: 642tr.;24cm.,Tp. Hồ Chí Minh:Đại học Quốc gia Tp. HCM,2013,1,1144,1,3,Còn sách,NULL,NULL
4571,Electronic devices & circuit theory,"Robert Boylestad, Louis Nashelsky",Prentice Hall,2015,1,0,1,3,NULL,NULL,NULL
4572,Electronic Devices,Thomas L. Floyd,Prentice Hall,2012,2,0,1,3,NULL,NULL,NULL
4573,Electronic Devices,Thomas L. Floyd,Prentice Hall,2012,2,0,1,3,NULL,NULL,NULL
4574,Electronic Principle,Albert Malvino,Mc Graw Hill,2015,1,0,1,3,NULL,NULL,NULL
4575,"E-Commerce , 15th ed","Laudon, K. C.,  & Traver, C. G",Pearson,2019,1,0,1,3,NULL,NULL,NULL
4576,Electronic Principle,Albert Malvino,Mc Graw Hill,2015,1,0,1,3,NULL,NULL,NULL
4577,Mạch điện tử 1/ Lê Tiến Thường,,Tp.HCM : Đại học Quốc gia Tp.Hồ Chí Minh,2018,2,0,1,3,NULL,NULL,NULL
4578,Giáo trình Điện tử cơ bản/ Trần Thu Hà ,,"Nhà xuất bản ĐH Quốc Gia TP.HCM, SPKT TP.HCM ",2012,1,0,1,3,NULL,NULL,NULL
4579,Electronic devices & circuit theory,"Robert Boylestad, Louis Nashelsky",Prentice Hall,2015,2,0,1,3,NULL,NULL,NULL
4580,Electronic Commerce 2018: A Managerial and Social Networks Perspective,Turban E. ,,2018,1,0,1,3,NULL,NULL,NULL
4581,Electronic devices/Thomas L. Floyd ,Dewey Class no. :627.3815F645-----Call no. :222627.3815; ----- Mô tả: 993p.;27cm + $e 1CD,Upper Saddle River,New Jersey :Prentiace Hall,1,1,1,3,Còn sách,NULL,NULL
4582,Nhập môn thương mại điện tử,PGS.TS. Trần Văn TùngThS. Lê Quyết TâmThS. Lê Bá Hải,,,1,0,1,3,NULL,NULL,NULL
4583,Electronic Principle,Albert Malvino,Mc Graw Hill,2015,2,0,1,3,NULL,NULL,NULL
4584,Mạch điện tử 2/ Lê Tiến Thường ,Dewey Class no. :621.3815L433 - T535-----Call no. :621.3815; ----- Mô tả: 357tr.;24cm,Tp.HCM:Đại học Quốc gia Tp.Hồ Chí Minh,2011,2,1,1,3,Còn sách,NULL,NULL
4585,Discrete Mathematics with Applications/Susanna S. Epp,4th Ed.,Brooks & Cole,,2,0,1,3,NULL,NULL,NULL
4586,Discrete Mathematical Structures ,"Kolman, 6th Edition, ISBN: 0-13-229751-5",Busby and Ross,,2,0,1,3,NULL,NULL,NULL
4587,Data Warehouse Systems: Design and Implementation,Alejandro Vaisman and Esteban Zimányi,,2022,1,0,1,3,NULL,NULL,NULL
4588,Fundamentals of Digital logic with Verilog Design,Stephen Brown and Zvonko Vranesic,McGraw-Hill,2014,1,0,1,3,NULL,NULL,NULL
4589,Data Warehousing and Analytics: Fueling the Data Engine,David Taniar and Wenny Rahayu,,2021,2,0,1,3,NULL,NULL,NULL
4590,"CMOS VLSI design:A circuits and systems perspective/Neil H.E. Weste, David Money Harris",Dewey Class no. :621.395W525-----Call no. :222621.395; ----- Mô tả: 838p.;26cm,Boston.:Addison Wesley,2011,1,1,1,3,Còn sách,NULL,NULL
4591,"CMOS: Circuit Design, Layout, and Simulation/ R. Jacob Baker",,John Wiley & Sons ,2008,2,0,1,3,NULL,NULL,NULL
4592,Securing Oracle Database 12c,Michelle Malcher ,,2014,1,0,1,3,NULL,NULL,NULL
4593,CMOS Transistor Layout Kungfu,"Lee Eng Han, Valerio B. Perez, Mark Lambert Cayanes, Mary Grace Salaber",EDA Utilities,2005,2,0,1,3,NULL,NULL,NULL
4594,SQL injection attacks and defense / Justin Clarke,"Dewey Class no. :005.8 C597-----Call no. :005.8 223; ----- Mô tả: xxviii, 547p.:ill ; 23cm",Waltham,MA : Elsevier,1,2,1,3,Còn sách,NULL,NULL
4595,Introduction to Embedded Systems,"Manuel Jiménez, Rogelio Palomera, Isidoro Couvertier",Springer,2014,1,0,1,3,NULL,NULL,NULL
4596,"Designing embedded systems with Arduino : A fundamental technology for makers / Tianhong Pan, Yi Zhu","Dewey Class no. :006.22 P187-----Call no. :006.22 223; ----- Mô tả: xvi, 228p. ; 24cm",Singapore : Springer Nature Singapore,2018,1,1,1,3,Còn sách,NULL,NULL
4597,"Text data management and analysis : A practical introduction to information retrieval and text mining / ChengXiang Zhai, Sean Massung","Dewey Class no. :006.35 Z632-----Call no. :006.35 223; ----- Mô tả: xx, 510p. ; 24cm",[New York] : ACM Books,2016,1,1,1,3,Còn sách,NULL,NULL
4598,Verilog HDL: A Guide to Digital Design and Synthesis,"1.	Samir Palnitkar",,,1,0,1,3,NULL,NULL,NULL
4599,RTL Hardware Design Using VHDL,Pong P. Chu,A John Wilay & Sons Inc. Publication,2006,1,0,1,3,NULL,NULL,NULL
4600,Bài giảng thiết kế vi mạch số với VHDL,Nguyễn Đình Phú,TP. HCM: ĐH SPKT ,,2,0,1,3,NULL,NULL,NULL
4601,Design of Analog CMOS Intergrated Circuits,Behzad Razavi,McGraw-Hill,2001,2,0,1,3,NULL,NULL,NULL
4602,CMOS VLSI design,Neil H. E. Weste and David Money Harris,Addison-Wesly,2011,2,0,1,3,NULL,NULL,NULL
4603,Handbook of Modern Sensors: fifth edition,Jacob Fraden,Springer,2015,1,0,1,3,NULL,NULL,NULL
4604,Verilog HDL: A Guide to Digital Design and Synthesis,"Samir Palnitkar
",,,1,0,1,3,NULL,NULL,NULL
4605,Piezoelectric Sensors and Actuators,Stefan Johann Rupitsch,Springer,2018,2,0,1,3,NULL,NULL,NULL
4606,Verilog HDL: A Guide to Digital Design and Synthesis,Samir Palnitkar,,,2,0,1,3,NULL,NULL,NULL
4607,Sensor and Signal Conditioning: second edition,"Ramon Pallaàs-Areny, John G. Webster",John Wiley & Sons,2001,2,0,1,3,NULL,NULL,NULL
4608,Fundamentals of Digital logic with Verilog Design,Stephen Brown and Zvonko Vranesic,McGraw-Hill,2014,2,0,1,3,NULL,NULL,NULL
4609,Lập trình Android cơ bản,Nguyễn Văn Hiệp,Đại học Quốc gia ,2014,1,0,1,3,NULL,NULL,NULL
4610,Lập trình Android trong ứng dụng điều khiển,Nguyễn Văn Hiệp,Đại học Quốc gia ,2016,1,0,1,3,NULL,NULL,NULL
4611,Design for Electrical and Computer Engineers,"J. Eric Salt and Robert Rothery, ISBN: 978-0471391463",John Wiley &Sons,2002,2,0,1,3,NULL,NULL,NULL
4612,"Lập trình Android và ứng dụng trong các hệ thống Iots (Android trong điều khiển, Iots, Wearos)/ Nguyễn Văn Hiệp, Trần Đức Thiện, Trần Mạnh Sơn",Dewey Class no. :005.1 N573-H633-----Call no. :005.1 223; ----- Mô tả: 243tr.; 24cm,TP. Hồ Chí Minh: Đại học Quốc gia TP. Hồ Chí Minh,2022,1,210,1,3,NULL,NULL,NULL
4613,Toán rời rạc,Nguyễn Hữu Anh,ĐHKHTN TPHCM,2003,1,0,1,3,NULL,NULL,NULL
4614,Beginning Android™ Application Development,Wei-Meng Lee,Wiley Publishing,2011,2,0,1,3,NULL,NULL,NULL
4615,Giáo trình Lý thuyết đồ thị,Nguyễn Thành Sơn - Đặng Trường Sơn – Lê Văn Vinh – Trần Công Tú – Nguyễn Quang Ngọc – Nguyễn Phương,ĐH SPKT TPHCM,2012,1,0,1,3,NULL,NULL,NULL
4616,Fundamentals of Software Architecture: An Engineering Approach Paperback ,"Mark Richards, Neal Ford ",,2020,1,0,1,3,NULL,NULL,NULL
4617,Nvidia Transfer Learning Toolkit For Intelligent Video Analytics,,,2020,2,0,1,3,NULL,NULL,NULL
4618,Deep Learning for Coders with Fastai and PyTorch,"Jeremy Howard, Sylvain Gugger",O'Reilly Media,2020,1,0,1,3,NULL,NULL,NULL
4619,"Toán rời rạc/Nguyễn Đức Nghĩa, Nguyễn Tô Thành ",Dewey Class no. :511.1N573 - N568 -----Call no. :511.1221; ----- Mô tả: 266tr.;24cm,Hà Nội: Giáo dục,1999,1,9,1,3,Còn sách,NULL,NULL
4620,Toán học rời rạc ứng dụng trong tin học,Kenneth H. Rosen,Khoa học và Kỹ thuật,1997,2,0,1,3,NULL,NULL,NULL
4621,Excel VBA Programming for Dummies: 5th edition,"Michael Alexander, John Walkenbach",John Wiley & Sons,2019,2,0,1,3,NULL,NULL,NULL
4622,An Introduction to Excel for Civil Engineers,"Gunthar Pangaribuan, Third Edition",Prentice Hall,2019,1,0,1,3,NULL,NULL,NULL
4623,"Cẩm nang thuật toán - $nT.1:Các thuật toán thông dụng /Robert Sedgewick; Trần Đan Thư, Vũ Mạnh tường, Dương Vũ Diệu Trà, Nguyễn Tiến Huy (dịch), Hoàng kiếm (hiệu đính)",Dewey Class no. :005.1S448-----Call no. :221005.1; ----- Mô tả: 409tr.;21cm,H.:Khoa học và Kỹ thuật,2004,2,3,1,3,Còn sách,NULL,NULL
4624,Laboratory Manual for Digital Image Processing with  Matlab & Python,Sreelal R. K,SET lab work,2019,2,0,1,3,NULL,NULL,NULL
4625,"Cẩm nang thuật toán - $nT.2::Các thuật toán thông dụng/Robert Sedgewick; Trần Đan Thư (dịch),...; Hoàng kiếm (hiệu đính)",Dewey Class no. :005.1S448-----Call no. :221005.1; ----- Mô tả: 336tr.;21cm,H.:Khoa học Kỹ thuật,2004,2,3,1,3,Còn sách,NULL,NULL
4626,Image Processing Tutorial with Python,Yann Gavet – Johan Debayle,Mines Saint Étienne,2019,2,0,1,3,NULL,NULL,NULL
4627,100 Excel VBA Simulations,Gerard M. V erschuuren,Wiley Publishers,,2,0,1,3,NULL,NULL,NULL
4628,Raspberry Pi Image Processing Programming,Ashwin Pajankar,Apress,2017,2,0,1,3,NULL,NULL,NULL
4629,Excel For Scientists and Engineers,E. Joseph Billo,John Wiley & Sons,2017,2,0,1,3,NULL,NULL,NULL
4630,"Deep Learning with PyTorch: Build, train, and tune neural networks using Python tools","Eli Stevens, Luca Antiga, Thomas Viehmann",Soumith Chintala,2020,1,0,1,3,NULL,NULL,NULL
4631,"Deep Learning with PyTorch: Build, train, and tune neural networks using Python tools","Eli Stevens, Luca Antiga, Thomas Viehmann",Soumith Chintala,2020,1,0,1,3,NULL,NULL,NULL
4632,Digital Image Processing (4th ed.),"Gonzalez , R. C.,  & Woods , R. E",,2018,1,0,1,3,NULL,NULL,NULL
4633,Introduction to Machine Learning with Python,"Andreas C. Müller, Sarah Guido",O'Reilly Media,2018,1,0,1,3,NULL,NULL,NULL
4634,Pattern Reconition and Machine Learning,Christopher M. Bishop,Springer,2007,2,0,1,3,NULL,NULL,NULL
4635,Truyền hình số có nén và Multimedia,Nguyễn Kim Sách,H: Khoa học và Kỹ thuật,2000,1,0,1,3,NULL,NULL,NULL
4636,Truyền hình số,Đỗ Hoàng Tiến - Vũ Đức Lý,H: Khoa học và Kỹ thuật,2001,2,0,1,3,NULL,NULL,NULL
4637,Giáo trình kỹ thuật lập trình C căn bản và nâng cao,Phạm Văn Ất,Bách Khoa Hà Nội,2018,2,0,1,3,NULL,NULL,NULL
4638,Dự toán xây dựng: Sách chuyên khảo/ Huỳnh Hàn Phong,"Dewey Class no. :338.43624H987-P574-----Call no. :338.43624221; ----- Mô tả: 208tr.: hình vẽ, bảng; 27cm",H.: Xây dựng,2022,1,3,1,3,Còn sách,NULL,NULL
4639,C programming : A modern approach / K. N. King,"Dewey Class no. :005.133 K52-----Call no. :005.133 223; ----- Mô tả: xxviii, 832p. ; 24cm",New York : W.W. Norton & Company,2008,2,1,1,3,Còn sách,NULL,NULL
4640,"Định giá trong xây dựng: theo cơ chế mới (Nghị định 68/2019/NĐ-CP)/ Bùi Mạnh Hùng, Nguyễn Thị Tuyết Dung",Dewey Class no. :657.869B932-H936 -----Call no. :223657.869; ----- Mô tả: 346tr.: bảng; 27cm,Hà Nội: Xây dựng,2020,1,3,1,3,Còn sách,NULL,NULL
4641,"Giáo trình quản lý dự án đầu tư xây dựng/ Phan Nhựt Duy, Đoàn Ngọc Hiệp",Dewey Class no. :690.068 P535-D988-----Call no. :690.068 223; ----- Mô tả: 136tr.; 24cm,H.: Xây Dựng,2020,1,7,1,3,Còn sách,NULL,NULL
4642,Probability and Statistics for Engineering and Science: 8th edition with Enhanced WebAssign,Devore,Cengage Learning,,1,0,1,3,NULL,NULL,NULL
4643,"Giáo trình tổ chức thi công xây dựng/ Lê Anh Dũng (chủ biên), Nguyễn Hoài Nam, Cù Huy Tình, Tường Minh Hồng, Lê Bá Sơn",Dewey Class no. :624L433-D916-----Call no. :624223; ----- Mô tả: 211tr.: minh họa; 24cm,H.:Xây dựng,2022,1,4,1,3,Còn sách,NULL,NULL
4644,Guide to Competitive Programming,Antti Laaksonen,,2017,2,0,1,3,NULL,NULL,NULL
4645,"Introduction to algorithms / Thomas H. Cormen, Charles E. Leiserson, Ronald L. Rivest, Clifford Stein","Dewey Class no. :005.1 I619-----Call no. :005.1 223; ----- Mô tả: xix, 1292p. ; 23cm",Cambridge,Mass. : MIT Press,1,1,1,3,Còn sách,NULL,NULL
4646,"Programming challenges : the programming contest training manual / Steven S. Skiena, Miguel A. Revilla","Dewey Class no. :005.1 S628-----Call no. :005.1 223; ----- Mô tả: xix, 359 p. : ill. ; 24cm",New York : Spinger,2003,2,1,1,3,Còn sách,NULL,NULL
4647,"Hình học họa hình: Phương pháp hình chiếu thẳng góc/ Đào Tiệp, Bùi Xuân Thìn, Tô Ngọc Hải...",Dewey Class no. :516.23Đ211-T563-----Call no. :222516.23 ; ----- Mô tả: 104tr.; 24cm,H.: Xây Dựng,2019,1,3,1,3,Còn sách,NULL,NULL
4648,"The Art of Computer Programming – Vol. 2, 3rd Edition",Donald E. Knuth,Addison Wesley,1997,2,0,1,3,NULL,NULL,NULL
4649,Advanced Engineering Mathematics 5th Revised Edition with online access ,Dennis G. Zill and Warren S. Wright,Jones & Bartlett ,2013,2,0,1,3,NULL,NULL,NULL
4650,giáo trình Điện tử cơ bản,Trần Thu Hà,"ĐH Quốc Gia TP.HCM, SPKT TP.HCM ",2012,1,0,1,3,NULL,NULL,NULL
4651,Electronic devices & circuit theory,"Robert Boylestad, Louis Nashelsky",Prentice Hall,2015,2,0,1,3,NULL,NULL,NULL
4652,Electronic Devices,"[2]	Thomas L. Floyd",Prentice Hall,2012,2,0,1,3,NULL,NULL,NULL
4653,Đồ họa kiến trúc tập1: Vẽ kỹ thuật kiến trúc,"Nguyễn Hữu Trí, Nguyễn Thị Kim Tú",Xây dựng ,2009,1,0,1,3,NULL,NULL,NULL
4654,Electronic Principle,Albert Malvino,Prentice Hall,2015,2,0,1,3,NULL,NULL,NULL
4655,Electronic Devices,Thomas L. Floyd,Prentice Hall,2012,2,0,1,3,NULL,NULL,NULL
4656,Introductory Statistics: 9th edition,Neil A.Weiss,,,1,0,1,3,NULL,NULL,NULL
4657,Xác suất Thống kê và ứng dụng,Lê Sĩ Đồng,Giáo dục,2011,2,0,1,3,NULL,NULL,NULL
4658,Bản vẽ kỹ thuật – Tiêu chuẩn quốc tế,"Trần Hữu Quế, Nguyễn Văn Tuấn",Giáo dục ,1998,2,0,1,3,NULL,NULL,NULL
4659,Giáo trình lý thuyết xác suất và thống kê  toán học :Lý thuyết cơ bản và ứng dụng/Trần Gia Tùng,Dewey Class no. :519.207T772-T926-----Call no. :519.207221; ----- Mô tả: 280tr.;24cm,Tp.HCM:Đại học Quốc gia Tp. Hồ Chí Minh,2009,2,18,1,3,Còn sách,NULL,NULL
4660,"Thống kê ứng dụng trong quản trị, kinh doanh và nghiên cứu kinh tế =Statistics for business and economics/Trần Bá Nhẫn, Đinh Thái Hoàng",Dewey Class no. :330.015195T772-N576-----Call no. :222330.015195; ----- Mô tả: 336tr.;24cm,H.:Thống kê,2006,2,33,1,3,Còn sách,NULL,NULL
4661,Kỹ năng giao tiếp và thương lượng trong kinh doanh,TS.Thái Trí Dũng,Thống Kê,2003,1,0,1,3,NULL,NULL,NULL
4662,"Cơ học công trình/ Trần Minh Tú, Nguyễn Thị Bích Phượng, Trần Thùy Dương",Dewey Class no. :624T772-T883-----Call no. :223624; ----- Mô tả: 202tr.; 27cm,H.: Xây Dựng,2019,1,3,1,3,Còn sách,NULL,NULL
4663,Kỹ năng giao tiếp trong kinh doanh,TS. Nguyễn Văn Hùng,Kinh tế TP.HCM,2022,1,0,1,3,NULL,NULL,NULL
4664,Kỹ thuật điện,"Đặng Văn Đào, Lê Văn Doanh",Khoa học Xã hội ,2014,1,0,1,3,NULL,NULL,NULL
4665,Organizational Culture and Leadership 3rd edition,Edgar H. S.,Jossey-Bass,2004,2,0,1,3,NULL,NULL,NULL
4666,Disciplined entrepreneurship,Bill Aulet ,Wiley,2013,1,0,1,3,NULL,NULL,NULL
4667,The lean startup,Eric Ries ,The Crown Publishng Group,2016,1,0,1,3,NULL,NULL,NULL
4668,"Cung cấp điện/Nguyễn Xuân Phú, Nguyễn Công Hiền, Nguyễn Bội Khuê, ",,Khoa học và Kỹ thuật,1998,2,0,1,3,NULL,NULL,NULL
4669,Essentials of Entrepreneurship and Small Business Management,"Norman M.Scarborough, Jeffrey R.Cornwall ",,2016,2,0,1,3,NULL,NULL,NULL
4670,Giáo trình kỹ thuật chiếu sáng/Dương Lan Hương,,Tp.HCM : Đại học Quốc gia Tp.Hồ Chí Minh,2018,2,0,1,3,NULL,NULL,NULL
4671,Design of Electrical Services for Buildings/Barrie Rigby,,Spon Press,2005,2,0,1,3,NULL,NULL,NULL
4672,Harvard Business Review entrepreneur's handbook: everything you need to launch and grow your new business.,"Dewey Class no. :658.11 H339-----Call no. :658.11 223 ; ----- Mô tả: vi, 292p.: ill ; 24cm.",Boston,Massachusetts: Harvard Business Review Press,1,1,1,3,Còn sách,NULL,NULL
4673,How to Write a Business Plan,Mike McKeever,Delta Printing Solutions,2011,2,0,1,3,NULL,NULL,NULL
4674,Thống kê trong kinh tế và kinh doanh: Cengage Learning,Hoàng Trọng  chủ biên dịch,Hồng Đức,2017,1,0,1,3,NULL,NULL,NULL
4675,"Thủy lực cơ sở/Phùng Văn Khương, Trần Đình Nghiên, Phạm Văn Vĩnh",Dewey Class no. :532P577-K45-----Call no. :532222; ----- Mô tả: 291tr.;27cm,H.:Xây dựng,2007,2,2,1,3,Còn sách,NULL,NULL
4676, Modern business statistics with Microsoft Excel. 7th edition,Hoàng Trọng và Chu Nguyễn Mộng Ngọc ,lao động – xã hội,2008,2,0,1,3,NULL,NULL,NULL
4677,Introduction to Robotics: Mechanics and Control,John J. Craig,,2018,1,0,1,3,NULL,NULL,NULL
4678,"Phân tích dữ liệu nghiên cứu với SPSS :Dùng với SPSS các phiên bản 11.5, 13, 14, 15, 16 - Tập 2/Hoàng Trọng, Chu Nguyễn Mộng Ngọc",Dewey Class no. :005.36H678-T853-----Call no. :005.36222; ----- Mô tả: 179tr.;24cm,Tp.HCM:Hồng Đức,2008,1,70,1,3,Còn sách,NULL,NULL
4679,"Thủy lực-T1: (Sách dùng trong các trường đại học kỹ thuật, soạn theo chương trình đã được hội đồng môn học thủy lực của Bộ Giáo dục và Đào tạo duyệt)/  Nguyễn Tài ",DDC no. :621.2N573-T129-----Call no. :221621.2; ----- Mô tả: 180tr.; 27cm,H.: Xây dựng,1998,1,7,1,3,Còn sách,NULL,NULL
4680,"Thủy lực - T.2:Sách dùng trong các trường đại học kỹ thuật, soạn theo chương trình đã được hội đồng môn học thủy lực của Bộ Giáo dục và Đào tạo duyệt/Nguyễn Tài, Lê Bá Sơn",DDC no. :621.2N573-T129-----Call no. :221621.2; ----- Mô tả: 243tr.;27cm,H.:Xây dựng,1999,1,7,1,3,Còn sách,NULL,NULL
4681,"Robotics: Control, Sensing, Vision, and Intelligence","K. S. Fu, R. C. Gonzalez and C. S. G. Lee",,1987,2,0,1,3,NULL,NULL,NULL
4682,"Robotics: Modelling, Planning and Control","Bruno Siciliano, Lorenzo Sciavicco, Luigi Villani and Giuseppe Oriolo",,2009,2,0,1,3,NULL,NULL,NULL
4683,Process Control: theory and applications/ Jean-Pierre Corriou.,"Dewey Class no. :629.8C825-----Call no. :629.8223; ----- Mô tả: xxiii, 860p.: ill; 24cm",Cham: Springer International Publishing,2018,1,1,1,3,Còn sách,NULL,NULL
4684,"Bài tập thủy lực - Tập 1 /Hoàng Văn Quý, Nguyễn Cảnh Cầm",DDC no. :620.106H678-Q166-----Call no. :221620.106; ----- Mô tả: 290tr ;27cm,H :Xây dựng,2005,1,12,1,3,Còn sách,NULL,NULL
4685,"Bài tập thủy lực - Tập 2 /Nguyễn Cảnh Cầm, Lưu Công Đào, Nguyễn Như Khuê, Hoàng Văn Quý","DDC no. :620.106B152, Call no. :221621.2076; Mô tả: 232tr ;27cm",H :Xây dựng,2005,1,12,1,3,Còn sách,NULL,NULL
4686,Cơ sở hệ thống điều khiển quá trình/Hoàng Minh Sơn,"DDC no. :629.8H678-S698, Call no. :222629.8; Mô tả: 489tr.;24cm.",H.:Bách Khoa,2006,1,18,1,3,Còn sách,NULL,NULL
4687,Process Industrial Instruments and Control Handbook,Gregory K. McMillan,McGraw Hill Professional,2004,2,0,1,3,NULL,NULL,NULL
4688,Handbook of Hydraulic Engineering Problems,Mohammad Valipour,OMICS Group eBooks,2014,2,0,1,3,NULL,NULL,NULL
4689,Process dynamics and control,D.A. Seborg,John Willey & Sons,1997,2,0,1,3,NULL,NULL,NULL
4690,Basic hydraulic systems and components,US Army Aviation Logistics School Fort Eustis,,1994,2,0,1,3,NULL,NULL,NULL
4691,Practical process control “Fundamentals of Instrumentation and Process control”,Control Station,John Willey & Sons,2005,2,0,1,3,NULL,NULL,NULL
4692,Tài chính dành cho nhà quản lý,Gene Sicilia,Alpha Book,2020,2,0,1,3,NULL,NULL,NULL
4693,Kỹ thuật nhiệt ,Lê Xuân Hoà ,Trường Đại học Sư phạm Kỹ thuật Tp.HCM,2009,1,0,1,3,NULL,NULL,NULL
4694,Giáo trình Quản trị xuất nhập khẩu,GS. TS Đoàn Thị Hồng Vân (chủ biên),Kinh tế TP.HCM,2021,1,0,1,3,NULL,NULL,NULL
4695,Giáo trình quản trị ngoại thương,GS. TS Đoàn Thị Hồng Vân (chủ biên),,2021,2,0,1,3,NULL,NULL,NULL
4696,Cài đặt và vận hành biến tần công nghiệp,Nguyễn Tấn Đời,,2022,2,0,1,3,NULL,NULL,NULL
4697,Giáo trình Kỹ thuật lạnh ,Lê Xuân Hòa, Tp.HCM:Trường Đại học Sư phạm Kỹ thuật,2007,1,0,1,3,NULL,NULL,NULL
4698,Kỹ thuật kinh doanh xuất nhập khẩu,GS. TS. Võ Thanh Thu,,2021,2,0,1,3,NULL,NULL,NULL
4699,Công nghệ Thủy lực và Khí nén (phần Khí nén),Lê Hiếu Giang,,2015,2,0,1,3,NULL,NULL,NULL
4700,Nghiệp vụ ngoại thương,Đỗ Quốc Dũng,,2021,2,0,1,3,NULL,NULL,NULL
4701,Nhiệt động lực học kỹ thuật ,"Hoàng Đình Tín, Lê Chí Hiệp ",TP.HCM:Đại học Bách Khoa ,2008,2,0,1,3,NULL,NULL,NULL
4702,Incoterms 2010,Nguyễn Văn Dung,,2011,2,0,1,3,NULL,NULL,NULL
4703, Introduction to Robotics: Mechanics and Control: 4 th edition,John J. Craig,,2018,1,0,1,3,NULL,NULL,NULL
4704,Incoterms 2020,Vũ Thu Phương,,2020,2,0,1,3,NULL,NULL,NULL
4705,Truyền nhiệt ,"Hoàng Đình Tín, Lê Chí Hiệp",TP.HCM:Đại học Bách Khoa ,2012,2,0,1,3,NULL,NULL,NULL
4706,"Robotics: Modelling, Planning and Control","Bruno Siciliano, Lorenzo Sciavicco, Luigi Villani and Giuseppe Oriolo",,2009,1,0,1,3,NULL,NULL,NULL
4707,Thermodynamics:Fundamentals for Applications,J. P. O’Connell and J. M. Haile,Cambridge University Press,2020,1,0,1,3,NULL,NULL,NULL
4708,Nguyên lý thiết kế kiến trúc,Tạ Trường Xuân ,Xây dựng ,1999,2,0,1,3,NULL,NULL,NULL
4709,Giáo trình kỹ thuật Robot/Nguyễn Trường Thịnh,"DDC no. :629.892N573-T443, Call no. :629.892222; Mô tả: 498tr.;24cm",Tp. Hồ Chí Minh:Đại học Quốc gia Tp. Hồ Chí Minh,2014,2,417,1,3,Còn sách,NULL,NULL
4710,Quản trị học,Nguyễn Thị Liên Diệp,Lao Động Xã Hội,2009,1,0,1,3,NULL,NULL,NULL
4711,Fundamentals of Management,"Stephen P. Robbins, David A. DeCenzo, Mary K. Coulter",Pearson Higher Education,2015,2,0,1,3,NULL,NULL,NULL
4712,Kỹ thuật robot/Đào Văn Hiệp,"DDC no. :629.892Đ221-H633, Call no. :221629.892; Mô tả: 206tr.;24cm",Hà Nội:Khoa học và Kỹ thuật,2003,2,2,1,3,Còn sách,NULL,NULL
4713,"Nguyên lý thiết kế cấu tạo các công trình kiến trúc/Phan Tấn Hài, Võ Đình Diệp, Cao Xuân Lương","DDC no. :721P535-H149, Call no. :221721; Mô tả: 320tr;27cm",H.:Xây dựng,2004,1,12,1,3,Còn sách,NULL,NULL
4714,Doing Academic Research,,Cambridges University,2017,2,0,1,3,NULL,NULL,NULL
4715,Thiết kế kiến trúc công nghiệp,Nguyễn Minh Thái ,Xây dựng ,1996,2,0,1,3,NULL,NULL,NULL
4717,Kiến trúc nhà ở,Đặng Thái Hoàng ,Xây dựng ,1996,2,0,1,3,NULL,NULL,NULL
4718,Khởi hành-Lời khuyên sinh viên Việt Nam,John Vu ,Tổng Hợp TPHCM,2015,2,0,1,3,NULL,NULL,NULL
4719,Kiến trúc nhà ở: Giáo trình đào tạo kiến trúc sư/ Nguyễn Đức Thiềm,"DDC no. :690.21N573-T433, Call no. :221690.21; Mô tả: 304tr; 27cm",H.: Xây dựng,2022,1,7,1,3,Còn sách,NULL,NULL
4720,Lý thuyết điều khiển hiện đại,Nguyễn Thị Phương Hà,TP.HCM: ĐH Quốc Gia,2008,2,0,1,3,NULL,NULL,NULL
4721,"Automatic control systems / Farid Golnaraghi, Benjamin C. Kuo","DDC no. :629.8 G626, Call no. :629.8 223; Mô tả: xvii, 846p.; 26cm",New York: McGraw Hill Education,2017,2,3,1,3,Còn sách,NULL,NULL
4722,Kiến trúc nhà công cộng:Giáo trình đào tạo kiến trúc sư/Nguyễn Đức Thiềm ,"DDC no. :725N573-T433, Call no. :222725; Mô tả: 353tr.;27cm",H.:Xây dựng,2013,1,3,1,3,Còn sách,NULL,NULL
4723,Control systems engineering,"NISE, Norman S",John Wiley & Sons,2020,2,0,1,3,NULL,NULL,NULL
4724,Global Marketing,"Keegan, W., and Green M. 10th edition",,2020,2,0,1,3,NULL,NULL,NULL
4725,"Cấu tạo kiến trúc nhà dân dụng :Giáo trình dùng cho sinh viên ngành kiến trúc, xây dựng /Nguyễn Đức Thiềm, Nguyễn Mạnh Thu, Trần Bút","DDC no. :728.3N573-T433, Call no. :222728.3; Mô tả: 291tr.;27cm.",H. :Khoa học và kỹ thuật,2007,1,5,1,3,NULL,NULL,NULL
4726,Marketing for Entrepreneurs: Concepts And Applications for New Ventures,Frederick G. Crane,,2012,2,0,1,3,NULL,NULL,NULL
4727,Architect Data=Dữ liệu kiến trúc sư,Ernst Neufert,Blackwel,,2,0,1,3,NULL,NULL,NULL
4728,Principles of marketing 18th Edition,"Kotler, G. & Armstrong, G.",,2020,1,0,1,3,NULL,NULL,NULL
4729,Quy chuẩn xây dựng Việt Nam - Tập 1:Ban hành kèm theo quyết định số 682/BXD - CSXD ngày 14-12-1996 của bộ trưởng Bộ Xây Dựng/Bộ Xây Dựng,"DDC no. :690.0212Q165, Call no. :222690.0212; Mô tả: 161tr.;27cm",H.:Xây dựng,2011,1,2,1,3,Còn sách,NULL,NULL
4730,Quy chuẩn xây dựng Việt Nam - Tập 3:Phụ lục: Số liệu tự nhiên Việt Nam (Ban hành theo quyết định số 439/BXD - CSXD ngày 25-9-1997 của Bộ trưởng Bộ Xây dựng/Bộ Xây Dựng,"DDC no. :690.0212Q165, Call no. :222690.0212; Mô tả: 123tr.;27cm",H.:Xây dựng,2011,1,2,1,3,Còn sách,NULL,NULL
4731,Quy chuẩn xây dựng Việt Nam:Ban hành kèm theo quyết định số 439/BXD - CSXD ngày 25-09-1997 của Bộ trưởng  Bộ Xây Dựng/Bộ Xây Dựng$nTập II,"DDC no. :690.0212Q165, Call no. :690.021 2222; Mô tả: 185tr.;27cm",Hà Nội:Xây dựng,2011,1,10,1,3,Còn sách,NULL,NULL
4732,Industrial Data Communications: 4th edition,Lawrence M. Thompson,"The Instrumentation, Systems, and Automation Society (ISA)",2008,1,0,1,3,NULL,NULL,NULL
4733,Measurement and Control Basics: 5th edition,Thomas A. Hughes,"The Instrumentation, Systems, and Automation Society (ISA)",2015,1,0,1,3,NULL,NULL,NULL
4734,Kết cấu Bê tông cốt thép: Phần cấu kiện cơ bản,"Phan Quang Minh, Ngô Thế Phong, Nguyễn Đình Cống",Khoa học và Kỹ thuật,2021,1,0,1,3,NULL,NULL,NULL
4735,Kết cấu thép: Phần cấu kiện cơ bản,"Phạm Văn Hội, Nguyễn Quang Viên, Phạm Văn Tư, Lưu Văn Tường",Kh,2020,1,0,1,3,NULL,NULL,NULL
4736,"Kết cấu thép - Tiêu chuẩn thiết kế = Steel structures - Design standard: Tiêu chuẩn Quốc gia TCVN 5575 : 2012,","DDC no. :693.7K43, Call no. :222693.7; Mô tả: 124tr.;31cm",H.:Xây dựng,2013,1,3,1,3,Còn sách,NULL,NULL
4737,Thiết kế kết cấu bêtông cốt thép theo TCVN 5574:2018 = Design of reinforced concrete structures following TCVN 5574:2018/ Bùi Quốc Bảo,"DDC no. :624.18341B932-B221, Call no. :624.18341221; Mô tả: 338tr.; 27cm",H.: Xây dựng,2022,1,3,1,3,Còn sách,NULL,NULL
4738,Tải trọng và tác động:Tiêu chuẩn thiết kế - TCXD 2737: 1995 (soát xét lần 2),"DDC no. :624.028T129, Call no. :222624.028; Mô tả: 66tr.;31cm.",H.:Xây dựng,2013,1,3,1,3,Còn sách,NULL,NULL
4739,"Automation, Production Systems, and Computer-Integrated Manufacturing: 5th edition",Mikell P. Groover,Pearson,2021,1,0,1,3,NULL,NULL,NULL
4740,"Giáo trình hệ thống sản xuất tích hợp =Computer integrated manufacturing/Đặng Thiện Ngôn, Lê Chí Cương","DDC no. :670.285Đ182-N576, Call no. :670.285222; Mô tả: 338tr.;24cm",Tp. Hồ Chí Minh:Đại học Quốc gia Tp. Hồ Chí Minh,2013,1,555,1,3,Còn sách,NULL,NULL
4741,Bài tập thiết kế Kết cấu thép,Trần Thị Thôn ,TP.HCM:Đại học Bách Khoa ,2012,2,0,1,3,NULL,NULL,NULL
4742,"Giáo trình tổ chức thi công xây dựng/ Lê Anh Dũng (chủ biên), Nguyễn Hoài Nam, Cù Huy Tình, Tường Minh Hồng, Lê Bá Sơn","DDC no. :624L433-D916, Call no. :624223; Mô tả: 211tr.: minh họa; 24cm",H.: Xây Dựng,2019,1,3,1,3,Còn sách,NULL,NULL
4743,"Máy và hệ thống điều khiển số: Dùng cho môn học: Máy và hệ thống điều khiển số/ Lê Hiếu Giang, Đặng Minh Phụng, Thái Văn Phước, Quách Thanh Hải","DDC no. :621.9023M466, Call no. :621.9023223; Mô tả: 511tr.; 24 cm",Tp. Hồ Chí Minh: Đại học Quốc gia Tp.Hồ Chí Minh,2020,1,270,1,3,Còn sách,NULL,NULL
4744,Thiết kế tổng mặt bằng xây dựng/ Trịnh Quốc Thắng,"DDC no. :624T833-T367, Call no. :221624; Mô tả: 221 tr.: minh họa; 27 cm",H.: Xây dựng,2011,1,10,1,3,Còn sách,NULL,NULL
4745,Quản lý bảo trì công nghiệp,Phạm Ngọc Tuấn,Đại học Quốc gia Tp.HCM,2005,1,0,1,3,NULL,NULL,NULL
4746,Computer Integrated Manufacturing,"A. Alavudeen, N. Venkateshwaran",Printice Hall,2008,2,0,1,3,NULL,NULL,NULL
4747,Lý thuyết hỏi và đáp về tổ chức và lập tiến độ thi công/Ngô Quang Tường,"DDC no. :690.028N569-T927, Call no. :222690.028; Mô tả: 334tr.;27cm",H:Xây dựng,2008,1,2,1,3,Còn sách,NULL,NULL
4748,Introduction to Multisim for Electric Circuits: 10th Edition,James W. Nilsson,‎Pearson,2019,1,0,1,3,NULL,NULL,NULL
4749,Ứng dụng MS Project trong lập tiến độ và quản lý dự án xây dựng,Lương Đức Long (chủ biên),Xây dựng ,2011,2,0,1,3,NULL,NULL,NULL
4750,Computer-Aided Circuit Analysis with Multisim: 1st Edition,William D. Stanley,CreateSpace Independent Publishing Platform,2018,2,0,1,3,NULL,NULL,NULL
4751,Construction planning for Engineers,"Griffis F. H., Farr J.V., Morris M. D.",McGraw-Hill,2000,2,0,1,3,NULL,NULL,NULL
4752,"Giáo trình tối ưu hóa: Dành cho sinh viên khối ngành Kinh tế/ Nguyễn Khắc Hiếu, Nguyễn Thị Anh Vân, Nguyễn Thị Mai Trâm","DDC no. :519.3N573-H633, Call no. :519.3 223; Mô tả: 211tr.: bảng; 24cm",TP. Hồ Chí Minh: Đại học Quốc gia TP. Hồ Chí Minh,2021,1,306,1,3,Còn sách,NULL,NULL
4753,Woods - Digital Image Processing,"Rafael C. Gonzalez, Richard E",Prentice Hall,2008,1,0,1,3,NULL,NULL,NULL
4754,"Organizational Behavior, 18th Edition","Robbins, S., & Judge, T. ",,2018,1,0,1,3,NULL,NULL,NULL
4755,"Giáo trình Cung cấp điện: Dành cho hệ Đại Học, Khối Ngành Công Nghệ",Quyền Huy Ánh,TP.HCM: Đại học Sư phạm Kỹ thuật Thành phố Hồ Chí Minh ,2023,1,0,1,3,NULL,NULL,NULL
4756,Hướng dẫn thiết kế lắp đặt điện theo tiêu chuẩn quốc tế IEC,Phan Thị Thanh Bình và các tác giả khác,Hà Nội: Khoa Học Kỹ Thuật,2018,1,0,1,3,NULL,NULL,NULL
4757,"Organizational Behavior: A Practical, Problem-Solving Approach, 3rd Ed","Kinicki, A","New York, NY: McGraw-Hill Education",2020,2,0,1,3,NULL,NULL,NULL
4758,Giáo trình CAD trong kỹ thuật điện,Quyền Huy Ánh,Tp.HCM : Đại học Quốc gia Tp.Hồ Chí Minh,2008,1,0,1,3,NULL,NULL,NULL
4759,Sổ tay thiết kế điện hợp chuẩn,Quyền Huy Ánh,TP.HCM: Đại học Sư phạm Kỹ thuật Thành phố Hồ Chí Minh ,2021,2,0,1,3,NULL,NULL,NULL
4760,Giáo trình An toàn điện,Quyền Huy Ánh,Tp.HCM : Đại học Quốc gia Tp.Hồ Chí Minh,2010,1,0,1,3,NULL,NULL,NULL
4761,"Nguyên lý kế toán/ Võ Văn Nhị (ch.b), Phạm Ngọc Toàn, Trần Thị Thanh Hải,...","DDC no. :657V872-N576, Call no. :657223 ; Mô tả: 324tr.; 24cm",Tp. Hồ Chí Minh: Tài chính,2018,1,1,1,3,Còn sách,NULL,NULL
4762,Hệ thống bài tập và câu hỏi trắc nghiệm môn Nguyên lý kế toán ,"Võ Văn Nhị, Phạm Ngọc Toàn, Trần Thị Thanh Hải, Lê Quang Mẫn, Hồ Xuân Hữu, Nguyễn Thị Huyền Trâm, Nguyễn Vương Thành Long, Lê Anh Tuấn and Vũ Thanh Long",,2018,1,0,1,3,NULL,NULL,NULL
4763,Cung cấp điện,"Nguyễn Xuân Phú, Nguyễn Công Hiền, Nguyễn Bội Khuê",Khoa học và Kỹ thuật,1998,2,0,1,3,NULL,NULL,NULL
4764,"Accounting Principles, 10th Edition","Weygant, Kimmel, Kieso ",,2012,2,0,1,3,NULL,NULL,NULL
4765,Cẩm nang thiết bị đóng cắt ABB,Lê Văn Doanh ,Khoa học và Kỹ thuật,1998,2,0,1,3,NULL,NULL,NULL
4766,"Thiết kế điện, dự toán và tính giá thành /K.B. Raina, S.K. bhattacharya; Phạm Văn Niên (dịch)","DDC no. :621.319R154, Call no. :221621.319; Mô tả: 379tr.;24cm",Hà Nội:Khoa Học và Kỹ Thuật,1996,1,7,1,3,Còn sách,NULL,NULL
4767,Giáo trình  “Nhập môn ngành Công nghệ May”,"Tạ Vũ Thục Oanh, Mai Quỳnh Trang ",Đại học Sư phạm Kỹ thuật TP.HCM,2023,1,0,1,3,NULL,NULL,NULL
4768,Design of Electrical Services for Buildings/Barrie Rigby,4th Edition ,Spon Press ,2005,2,0,1,3,NULL,NULL,NULL
4769,Hệ thống sản xuất,"Nguyễn Thị Thu Hằng, Đường Võ Hùng",Đại học Quốc gia,2017,1,0,1,3,NULL,NULL,NULL
4770,Bảy thói quen cho người thành đạt (The 7 Habits of Highly Effective People),"Stephen R. Covey, Vũ Tiến Phúc (dịch)",Trẻ,,2,0,1,3,NULL,NULL,NULL
4771,"Automation, Production Systems, and Computer-Integrated Manufacturing ",Mikell Groover,Pearson Higher Education,2018,2,0,1,3,NULL,NULL,NULL
4772,Advanced Energy Design Guide for Small Retail Buildings,Merle McBride,American Society ,2006,2,0,1,3,NULL,NULL,NULL
4773,Use your memory,Tony Buzan,First published in Great Britain,1986,2,0,1,3,NULL,NULL,NULL
4774,Analysis and Design of Low-Voltage Power Systems,Ismail Kasikci,Wiley ,2004,2,0,1,3,NULL,NULL,NULL
4775,Phương pháp nâng cao hiệu quả học tập,Nguyễn Kim Phước,H.: Bách khoa Hà Nội,2012,2,0,1,3,NULL,NULL,NULL
4776,Quản trị sản xuất & dịch vụ,Đồng Thị Thanh Phương,Lao động- Xã hội,2011,1,0,1,3,NULL,NULL,NULL
4777,Bộ sách “Đời thay đổi khi chúng ta thay đổi”,ANDREW MATTHEWS ,Trẻ ,2011,2,0,1,3,NULL,NULL,NULL
4778,Nghệ thuật giao tiếp để thành công:92 thủ thuật giúp bạn trở thành bậc thầy trong giao tiếp/Leil Lowndes,"DDC no. :302.2L919, Call no. :302.2222; Mô tả: 397tr.;21cm",H.:Lao động - Xã hội,2012,2,4,1,3,Còn sách,NULL,NULL
4779,Medium Voltage Design Guide: Merlin Gerin ,,,2000,2,0,1,3,NULL,NULL,NULL
4780,Operation management (14th edition),William J Stevenson ,,2021,2,0,1,3,NULL,NULL,NULL
4781,Electrical Distribution Engineering,Anthony J. Pansini,CRC,2007,2,0,1,3,NULL,NULL,NULL
4782,Electric power distribution equipment and systems / T. A. Short,"DDC no. :621.319 S559, Call no. :621.319 223; Mô tả: 320p. ; 24cm",Boca Raton,FL : Taylor & Francis,1,1,1,3,Còn sách,NULL,NULL
4783,Electrical Installation Caculations,A.J. Watkins,Newes,2006,2,0,1,3,NULL,NULL,NULL
4784,Hệ thống sản xuất,"Nguyễn Thị Thu Hằng, Đường Võ Hùng ",Đại học Quốc gia,2017,1,0,1,3,NULL,NULL,NULL
4785,Electrical Installation Guide,,Schneider Electric ,2010,2,0,1,3,NULL,NULL,NULL
4786,Phương pháp học tập khoa học ,Trương Huệ ,H.: Bách khoa Hà Nội,2012,2,0,1,3,NULL,NULL,NULL
4787,Electrical Installation Hanbook,,ABB,2006,2,0,1,3,NULL,NULL,NULL
4788,Đo lường lao động và thiết kế công việc cho sản xuất công nghiệp/Nguyễn Văn Chung,"DDC no. :658.542N573-C559, Call no. :658.542222; Mô tả: 195tr.;24cm",Tp.HCM :Đại học Quốc gia Tp.Hồ Chí Minh,2009,1,12,1,3,Còn sách,NULL,NULL
4789,Lighting by Design/Christopher Cuttle,2Ed,BH,2008,2,0,1,3,NULL,NULL,NULL
4790,Lighting Design Basics,Mark Karlen,Wiley,2004,2,0,1,3,NULL,NULL,NULL
4791,"Kỹ thuật soạn thảo văn bản:Dùng cho sinh viên các trường đại học - cao đẳng/Lê Xuân Soan, Nguyễn Hồng Kiên, Hoàng Thị Tâm","DDC no. :342.597066L433-S676, Call no. :342.597066222; Mô tả: 191tr.;24cm",Tp.HCM.:Tổng hợp Tp.Hồ Chí Minh,2006,2,17,1,3,Còn sách,NULL,NULL
4792,Uninterruptible Power Supplies,,McGrawHill,2004,2,0,1,3,NULL,NULL,NULL
4793,Electric Power Substations Engineering,John D. McDonald,CRC,2006,2,0,1,3,NULL,NULL,NULL
4794,Operation management ,William J Stevenson,,2021,2,0,1,3,NULL,NULL,NULL
4795,Phương pháp học tập thoải mái ,Nguyễn Duy Chiến ,H.: Bách khoa Hà Nội,2012,2,0,1,3,NULL,NULL,NULL
4796,Electrician’s Exam Study Guide,B. D. Coffin,McGraw Hill ,2007,2,0,1,3,NULL,NULL,NULL
4797,"Giáo trình hệ thống sản xuất tích hợp =Computer integrated manufacturing/Đặng Thiện Ngôn, Lê Chí Cương","DDC no. :670.285Đ182-N576, Call no. :670.285222; Mô tả: 338tr.;24cm",Tp. Hồ Chí Minh:Đại học Quốc gia Tp. Hồ Chí Minh,2013,2,555,1,3,Còn sách,NULL,NULL
4798,"Project Management – Achieving competitive advantage, 5th edition: Pearson",Pinto J.K ,,2020,1,0,1,3,NULL,NULL,NULL
4799,Computers in the Garment Industry,"R Sheela John, S Amsamani",Shanga Verlag ,2013,2,0,1,3,NULL,NULL,NULL
4800,"Transforming Clothing Production into a Demand-driven, Knowledge-based, High-tech Industry - The Leapfrog Paradigm","Lutz Walter, George-Alexander Kartsounis, Stefano Carosio",Springer-Verlag London,2009,2,0,1,3,NULL,NULL,NULL
4801,Điều khiển lập trình,"Bộ môn Tự Động Điều Khiển, khoa Điện – Điện Tử",TP.HCM: Đại học Sư phạm Kỹ thuật Thành phố Hồ Chí Minh ,,1,0,1,3,NULL,NULL,NULL
4802,Management of Technology Systems in Garment Industry,Gordana Colovic,Woodhead Publishing India Pvt. Ltd,2011,2,0,1,3,NULL,NULL,NULL
4803,Computer technology for textiles and apparel,Jinlian Hu,Woodhead Publishing ,2011,2,0,1,3,NULL,NULL,NULL
4804,A guide to the project management body of knowledge (PMBOK® guide) / Project Management Institute,"DDC no. :658.404G946, Call no. :658.404223; Mô tả: xxix, 756p. ; 28cm",Newtown Square,2017,1,1,1,3,Còn sách,NULL,NULL
4805,"Tự động hóa trong xây dựng /Đỗ Xuân Tùng (chủ biên), Trương Tri Ngộ, Lê Nho Bội","DDC no. :690.0285Đ631-T926, Call no. :221690.028 5; Mô tả: 290tr.;27cm.",Hà Nội:Xây Dựng,2001,1,4,1,3,NULL,NULL,NULL
4806,Lý thuyết điều khiển tự động,Nguyễn Thị Phương Hà – Huỳnh Thái Hoàng,Khoa học và Kỹ thuật,2007,1,0,1,3,NULL,NULL,NULL
4807,Textile and Fashion Materials,Rose Sinclair,"Woodhead Publishing Ltd, the Textile Institute",2015,2,0,1,3,NULL,NULL,NULL
4808,Giáo trình hệ thống cỡ số trang phục : Giáo trình dùng cho sinh viên ngành Công nghệ may / Phùng Thị Bích Dung (ch.b.); Nguyễn Thị Thúy,"DDC no. :646.4 P577-D916, Call no. :646.4 223; Mô tả: 116tr. ; 24cm",Tp. Hồ Chí Minh : Đại học Quốc gia Tp. Hồ Chí Minh,2018,2,250,1,3,Còn sách,NULL,NULL
4809,Bài tập Điều khiển tự động,Nguyễn Thị Phương Hà,Khoa học và Kỹ thuật,1996,1,0,1,3,NULL,NULL,NULL
4810,Giáo trình Quản lý chất lượng trong các tổ chức  ,"Tạ Thi Kiều An, Ngô Thị Ánh, Nguyễn Văn Hoá, Nguyễn Hoàng Kiệt, Đinh Phượng Vương ",Thống kê,2010,1,0,1,3,NULL,NULL,NULL
4811,Excel Nâng Cao - Phân Tích Dữ Liệu Và Lập Mô Hình Kinh Doanh Trong Excel,"Phạm Quang Hiển, Văn Thị Tư",Thanh Niên,2022,2,0,1,3,NULL,NULL,NULL
4812,Giáo Trình Thống Kê Thực Hành,Ngô Văn Thứ,ĐH Kinh tế Quốc dân,2019,2,0,1,3,NULL,NULL,NULL
4813,Phương pháp nghiên cứu kinh tế kiến thức cơ bản/Trần Tiến Khai,"DDC no. :330.072T772-K45, Call no. :222330.072; Mô tả: 345tr.;24cm",H.:Lao động - Xã hội,2012,1,5,1,3,Còn sách,NULL,NULL
4814,Xử lý thống kê số liệu thực nghiệm và những ví dụ ứng dụng trong ngành dệt may,Nguyễn Văn Lân ,H: Đại học quốc gia ,2003,2,0,1,3,NULL,NULL,NULL
4815,Research Methods for Business Students – Fourth Edition,Philip Lewis and Adrian Thornhill,,2007,2,0,1,3,NULL,NULL,NULL
4816,Giáo trình kỹ thuật may cơ bản/Trần Thị Cẩm Tú,"DDC no. :646.204T772-T883, Call no. :646.204222; Mô tả: 136tr.;24cm",Tp. Hồ Chí Minh:Đại học Quốc gia Tp. Hồ Chí Minh,2014,1,526,1,3,Còn sách,NULL,NULL
4817,Business Research Methods,Donald R. Cooper and Pamela S. Schindler,,2012,1,0,1,3,NULL,NULL,NULL
4818,Fashion Source Book,Kathry McKelvey,Blackwell ,2010,2,0,1,3,NULL,NULL,NULL
4819,Kỹ thuật phòng chống cháy - nổ nhà cao tầng,Bùi Mạnh Hùng,Xây dựng ,2003,1,0,1,3,NULL,NULL,NULL
4820,"Basics Fashion Design 3: Construction, ",Anette Fischer,AVA,2009,2,0,1,3,NULL,NULL,NULL
4821,Professional sewing techniques for designers,"Julie Cole, Sharon Czachor",Fairchild Books,2009,2,0,1,3,NULL,NULL,NULL
4824,Quản trị logistics và chuỗi cung ứng,Quản trị logistics và chuỗi cung ứng,Tài chính,2022,1,0,1,3,NULL,NULL,NULL
4825,"Gopalakrishnan, Apparel Manufacturing Technology","T. Karthik, P. Ganesan","CRC Press, Taylor and Francis  Group",2017,1,0,1,3,NULL,NULL,NULL
4826,"TCVN 3890 – 2009: Phương tiện phòng cháy và chữa cháy cho nhà và công trình – trang bị, bố trí, kiểm tra, bảo dưỡng",,,2009,2,0,1,3,NULL,NULL,NULL
4827,Essentials of supply chain management/ Michael Hugos,"DDC no. :658.7H896, Call no. :223658.7; Mô tả: xii, 355 p.: ill.; 23cm",Hoboken: Wiley,2018,2,1,1,3,Còn sách,NULL,NULL
4828,TCVN 7336 – 2003: Hệ thống Sprinkler tự động – yêu cầu thiết kế và lắp đặt,,,2003,2,0,1,3,NULL,NULL,NULL
4829,Giáo trình Anh văn chuyên ngành Công nghệ may ,"Trần Quang Trí, Nguyễn Tuấn Anh, Nguyễn Thị Thanh Bạch",H: Đại học quốc gia ,2023,1,0,1,3,NULL,NULL,NULL
4830,"Supply chain management Strategic, Planning, and Operation  7th edition","Sunil Chopra, Peter Meindl",,2019,2,0,1,3,NULL,NULL,NULL
4831,"TCVN 2622 – 1995: Phòng cháy, chống cháy cho nhà và công trình – Yêu cầu thiết kế",,,1995,2,0,1,3,NULL,NULL,NULL
4832,"Tiêu chuẩn NFPA.72 (National fire protection association) . Hiệp hội quốc tế PCCC: Hệ thống chữa cháy, hệ thống báo cháy",,,,2,0,1,3,NULL,NULL,NULL
4833,Quản trị vận hành và chuỗi cung ứng,F.Robert Jacobs & Richard B.Chase,Kinh tế TP.HCM,2017,2,0,1,3,NULL,NULL,NULL
4834,"Anh văn chuyên ngành Công nghệ May (Tài liệu lưu hành nội bộ - Khoa Thời trang và Du lịch, Trường Đại học Sư phạm Kỹ thuật TP.HCM)",Nguyễn Tuấn Anh,Trường Đại học Sư phạm Kỹ thuật TP.HCM,2021,1,0,1,3,NULL,NULL,NULL
4835,"Tiêu chuẩn kỹ thuật thiết bị, vật tư ngành nước",Phòng kỹ thuật công nghệ,Tổng công ty cấp nước Sài Gòn,2007,1,0,1,3,NULL,NULL,NULL
4836,Chiến lược cạnh tranh = Competitive strategy / Michael E. Porter ; Nguyễn Ngọc Toàn (dịch),"DDC no. :658.4012 P844, Call no. :658.4012 223; Mô tả: 471tr. ; 24 cm",Tp. Hồ Chí Minh :  Trẻ,2016,1,3,1,3,Còn sách,NULL,NULL
4837,"Giáo trình thiết kế trang phục 2/Trần Thị Thêu, Nguyễn Tuấn Anh","DDC no. :646T772-T145, Call no. :221646; Mô tả: 68tr.;24cm.",Tp. Hồ Chí Minh:Đại học quốc gia Tp. Hồ Chí Minh,2008,1,81,1,3,Còn sách,NULL,NULL
4838,FUNDAMENTALS of STRATEGIC MANAGEMENT 2nd edition,Luis Ángel Guerras-Martín ,,2018,2,0,1,3,NULL,NULL,NULL
4839,Water supply and sewerage,E. W. Steel and Terence J. McGhee,McGraw-Hill,2007,2,0,1,3,NULL,NULL,NULL
4840,"Giáo trình an toàn lao động và môi trường công nghiệp:Môn học: 1251250 - An toàn công nghiệp và môi trường, Lưu hành nội bộ/Hoàng Trí","DDC no. :363.1H678-T819, Call no. :363.1221; Mô tả: 305tr.;24cm",Tp.HCM:Đại học Quốc gia Tp.Hồ Chí Minh,2013,2,880,1,3,Còn sách,NULL,NULL
4841,Introduction to Health and Safety at Work: for the NEBOSH National General Certificate in Occupational Health and Safety  ,"Hughes MBE, P., & Ferrett, E. ",,2020,1,0,1,3,NULL,NULL,NULL
4842,Giáo trình tạo mẫu trang phục nữ ,Phùng Thị Bích Dung ,ĐH SPKT TP.HCM,2014,1,0,1,3,NULL,NULL,NULL
4843,"Occupational Health and Safety Management: A Practical Approach, Third Edition (3rd ed.)","Reese, C.D. ",,2015,1,0,1,3,NULL,NULL,NULL
4844,Giáo trình thiết kế trang phục 4 ,Huỳnh Thị Kim Phiến ,ĐH SPKT TP.HCM,2014,1,0,1,3,NULL,NULL,NULL
4845,Sổ tay máy bơm,Lê Dung,Xây dựng ,2001,1,0,1,3,NULL,NULL,NULL
4846,"Risk Assessment, 2nd edn","Popov, G., Lyon, B. and Hollcroft, B",,2021,1,0,1,3,NULL,NULL,NULL
4847,Giáo trình thiết kế trang phục nữ nâng cao,Trần Thị Cẩm Tú,H: Đại học quốc gia ,2024,1,0,1,3,NULL,NULL,NULL
4848,Máy bơm và trạm bơm,Lê Thị Dung,Đại học Xây dựng,1985,2,0,1,3,NULL,NULL,NULL
4849,"Giáo trình công nghệ may:Sách dùng cho các trường đào tạo hệ trung học chuyên nghiệp/Trần Thủy Bình (ch.b.), Nguyễn Tiến Dũng, Lê Thị Mai Hoa,...","DDC no. :687.042T772-B613, Call no. :221687.042; Mô tả: 171tr.;24cm",H.:Giáo dục,2005,1,3,1,3,NULL,NULL,NULL
4850,Giáo trình thiết kế trang phục nữ cơ bản:Giáo trình dùng cho sinh viên ngành Công nghệ may/Phùng Thị Bích Dung,"DDC no. :687.042P577-D916, Call no. :687.042222; Mô tả: 163tr.;24cm",Tp.Hồ Chí Minh:Đại học Quốc gia Tp. Hồ Chí Minh,2014,1,507,1,3,Còn sách,NULL,NULL
4851,Giáo trình tạo mẫu trang phục nữ/Phùng Thị Bích Dung,"DDC no. :687.042P577-D916, Call no. :687.042222; Mô tả: 92tr.;24cm",Tp.Hồ Chí Minh:Đại học Quốc gia Tp. Hồ Chí Minh,2013,1,504,1,3,Còn sách,NULL,NULL
4852,Giáo trình Thiết kế trang phục 1,Nguyễn Phi Phụng,,2004,1,504,1,3,NULL,NULL,NULL
4853,Hình họa-vẽ kỹ thuật ,"Đào Tiệp, Bùi Xuân Thìn, Tô Ngọc Hải, Đào Đức Thiện, Lê Hương Giang",Xây dựng ,2019,1,0,1,3,NULL,NULL,NULL
4854,"Giáo trình thiết kế trang phục 2/Trần Thị Thêu, Nguyễn Tuấn Anh","DDC no. :646T772-T145, Call no. :221646; Mô tả: 68tr.;24cm.",Tp. Hồ Chí Minh:Đại học quốc gia Tp. Hồ Chí Minh,2008,1,81,1,3,Còn sách,NULL,NULL
4855,"Xử lý nước thải đô thị và công nghiệp - Tính toán thiết kế công trình =Domestic and Inductrial Wastewater treatment - Calculation and Engineering design /Lâm Minh Triết, Nguyễn Thanh Hùng, Nguyễn Phước Dân","DDC no. :628.4L213-T827, Call no. :222628.4; Mô tả: 519tr.;23cm.",Tp.HCM:Đại học Quốc gia,2008,1,15,1,3,Còn sách,NULL,NULL
4856,Giáo trình Thiết kế trang phục nam nâng cao ,Nguyễn Thành Hậu ,Đại học Sư phạm Kỹ thuật Thành phố Hồ Chí Minh ,2023,1,0,1,3,NULL,NULL,NULL
4857,Metric Pattern Cutting For Menswear,Winifred Aldrich ,Blackwell Science Ltd,1994,2,0,1,3,NULL,NULL,NULL
4858,Tính toán thiết kế các công trình xử lý nước thải,Trịnh Xuân Lai,Xây dựng ,2000,1,0,1,3,NULL,NULL,NULL
4859,Giáo trình Triết học Mác – Lênin,Bộ Giáo dục và Đào tạo,Chính trị quốc gia,2019,1,0,1,3,NULL,NULL,NULL
4860,Giáo trình Những nguyên lý cơ bản của chủ nghĩa Mác– Lênin,Bộ Giáo dục và Đào tạo,Chính trị quốc gia,,2,0,1,3,NULL,NULL,NULL
4861,Wastewater treatment,Melcaft & Eddy,USA:,2000,2,0,1,3,NULL,NULL,NULL
4862,Giáo trình Công nghệ sản xuất may,Trần Thanh Hương ,Đại học Sư phạm Kỹ thuật Thành phố Hồ Chí Minh ,2017,1,0,1,3,NULL,NULL,NULL
4863,Công nghệ môi trường - Tập 1 :Xử lý nước /Hoàng Văn Huệ,"DDC no. :628.162H678-H887, Call no. :221628.162; Mô tả: 319tr ;27cm",H :Xây dựng,2004,1,1,1,3,Còn sách,NULL,NULL
4864,Advances in Apparel Manufacturing,Catherine Fairhurst ,,2020,2,0,1,3,NULL,NULL,NULL
4865,Hóa nước vi sinh,Lê Thị Thanh,Xây dựng ,1998,2,0,1,3,NULL,NULL,NULL
4866,Cơ sở hóa học quá trình xử lý nước cấp và nước thải,Trần Đức Hạ - Đỗ Văn Hải,Khoa học và Kỹ thuật,2002,2,0,1,3,NULL,NULL,NULL
4867,"Cơ sở kỹ thuật điều hòa không khi /Hà Đăng Trung, Nguyễn Quân","DDC no. :621.56H111-T871, Call no. :222621.56; Mô tả: 408tr;24cm",H.:Khoa học và Kỹ thuật,2005,1,4,1,3,NULL,NULL,NULL
4868,Giáo trình điều hòa không khí/Lê Chí Hiệp,"DDC no. :697.93L433-H633, Call no. :221697.93; Mô tả: 680tr.;24cm",Tp.HCM:Đại học Quốc gia Tp.Hồ Chí Minh,2011,1,1,1,3,Còn sách,NULL,NULL
4869,Giáo trình cơ sở sản xuất may công nghiệp/Trần Thanh Hương,"DDC no. :687.04T772-H957, Call no. :687.04222; Mô tả: 107tr.;24cm.",Tp.HCM:Đại học Quốc gia Tp. Hồ Chí Minh,2008,1,2,1,3,Còn sách,NULL,NULL
4870,Organizational Culture and Leadership 3rd edition,Edgar H. S,,2004,2,0,1,3,NULL,NULL,NULL
4871,Kỹ thuật lạnh đại cương ,Trần Đức Ba ,Đại học và trung học chuyên nghiệp,1986,2,0,1,3,NULL,NULL,NULL
4872,Giáo trình Công nghệ may trang phục 2,Trần Thanh Hương ,H: Đại học quốc gia ,2007,2,2,1,3,NULL,NULL,NULL
4873,Handbook of air conditioning and refrigeration/ Shan K. Wang.,"DDC no. :697.93W246, Call no. :697.93223; Mô tả: 1 v. (various pagings): ill.; 25 cm.",New York : McGraw-Hill,2001,1,1,1,3,Còn sách,NULL,NULL
4874,Refrigeration systems and applications/ Ibrahim Dancer,"DDC no. :621.56D583, Call no. :621.56223; Mô tả: xix, 727 p. : ill. ; 25 cm",Chichester,West Sussex,1,1,1,3,Còn sách,NULL,NULL
4875,Giáo trình quản lý chất lượng trang phục/Trần Thanh Hương,"DDC no. :687.0685T772-H957, Call no. :646.25; Mô tả: 118tr.;27cm..",Tp.HCM:Đại học Sư phạm Kỹ thuật,2007,1,113,1,3,Còn sách,NULL,NULL
4876,Luật Hải quan,,Chính Trị Quốc Gia,,1,0,1,3,NULL,NULL,NULL
4877,Giáo trình Chuẩn bị sản xuất may,Trần Thanh Hương ,Tp.HCM:Đại học Sư phạm Kỹ thuật,2017,1,0,1,3,NULL,NULL,NULL
4878,Giáo trình Công nghệ may trang phục 2,Trần Thanh Hương ,H: Đại học quốc gia ,2007,2,0,1,3,NULL,NULL,NULL
4879,Autodesk Revit 2018 MEP Fundamentals: Student guide imperial,"DDC no. :006.6A939, Call no. :006.6 223; Mô tả: xvi, 624 pages: illustrations; 24 cm.",VA,American: Ascent - Center for Technical Knowledge,1,1,1,3,Còn sách,NULL,NULL
4880,"Phân tích dữ liệu nghiên cứu với SPSS :Dùng với SPSS các phiên bản 11.5, 13, 14, 15, 16 - Tập 2/Hoàng Trọng, Chu Nguyễn Mộng Ngọc","DDC no. :005.36H678-T853, Call no. :005.36222; Mô tả: 179tr.;24cm",Tp.HCM:Hồng Đức,2008,1,70,1,3,Còn sách,NULL,NULL
4881,Giáo trình thiết kế trang phục 5/Trần Thanh Hương,"DDC no. :646T772-H957, Call no. :221646; Mô tả: 98tr.;29cm.",Tp. Hồ Chí Minh:Đại học Sư phạm kỹ thuật Tp. HCM,2007,2,100,1,3,Còn sách,NULL,NULL
4882,Giáo trình công nghệ may trang phục 3: Môn học - Công nghệ may trang phục 3 (MMH: 1251343)/Trần Thị Thanh Hương,"DDC no. :687.042T772-H957, Call no. :221687.042; Mô tả: 109tr ;27cm",Tp.HCM :ĐH Sư phạm Kỹ thuật,2007,1,120,1,3,Còn sách,NULL,NULL
4883,The business value of BIM for Construction in Major Global Markets: How contractoRevit MEP around the World are driving innovation with Building Information Modelling,,McGraw Hill Construction,2014,2,0,1,3,NULL,NULL,NULL
4884,Research Methods for Business Students,Mark Saunders,Pearson Education Limited,2007,2,0,1,3,NULL,NULL,NULL
4885,Quản lý chất lượng trong doanh nghiệp may công nghiệp,Hoàng Xuân Hiệp,giáo dục Việt Nam,2021,2,0,1,3,NULL,NULL,NULL
4886,BIM Handbook,"Chuck Eastman, Paul Teicholz, Rafael Sacks, Kathleen Liston",Wiley,2013,2,0,1,3,NULL,NULL,NULL
4887,Quality Management Handbook for the Apparel Industry,Pradip V. Mehta,New Age International Private Limited,2012,2,0,1,3,NULL,NULL,NULL
4888,BIM lecture notes,,Graphisoft,2006,2,0,1,3,NULL,NULL,NULL
4889,Work Quality Management in the Textile Industry,B. Purushothama,Woodhead,2013,2,0,1,3,NULL,NULL,NULL
4890,Handbook of Managing Apparel Production and Quality,B. Purushothama,Woodhead,2021,2,0,1,3,NULL,NULL,NULL
4891,Apparel Quality - A Guide to Evaluating Sewn Products, Janace E. Bubonia,Bloomsbury ,2021,2,0,1,3,NULL,NULL,NULL
4892,The business value of BIM for Construction in Major Global Markets: How contractoRevit MEP around the World are driving innovation with Building Information Modelling,,McGraw Hill Construction ,2014,2,0,1,3,NULL,NULL,NULL
4893,The Fundamentals of Quality Assurance in the Textile Industry,Stanley Bernard Brahams,Productivity Press,2016,2,0,1,3,NULL,NULL,NULL
4894,"Giáo trình lịch sử các học thuyết kinh tế/Phạm Quang Phan, An Như Hải","DDC no. :330.01P534-P535, Call no. :222330.01; Mô tả: 295tr.;24cm",H.:Giáo Dục Việt Nam,2011,1,3,1,3,Còn sách,NULL,NULL
4895,Giáo trình Quản lý sản xuất May Công nghiệp,Nguyễn Thị Thúy,Trường Đại học Sư phạm Kỹ thuật,2023,1,0,1,3,NULL,NULL,NULL
4896,Lean Tools in Apparel Manufacturing (The Textile Institute Book Series),"Prabir Jana, Manoj Tiwari",Woodhead,2021,1,0,1,3,NULL,NULL,NULL
4897,Industrial Engineering in Apparel Manufacturing,Prabir Jana - Manoj Tiwari,Apparel Resources Pvt. Ltd,2018,2,0,1,3,NULL,NULL,NULL
4898,Engineering Mechanics – Statics,R. C. Hibbeler,Prentice Hall,2010,2,0,1,3,NULL,NULL,NULL
4899,Apparel Manufacturing,"T. Karthik, P. Ganesan, D. Gopalakrishnan",Taylor & Francis Group,2017,2,0,1,3,NULL,NULL,NULL
4900,"Introduction to clothing manufacture/Gerry Cooklin, Steven G. Hayes, John McLoughlin","DDC no. :687.04C773, Call no. :222687.04; Mô tả: 196tr.;25cm",Oxford.:Blckwell Publishing,2006,2,2,1,3,Còn sách,NULL,NULL
4901,Quản trị tài chính công ty,Nguyễn Quốc Khánh – Đàng Quang Vắng,"Đại học Quốc gia, TP.HCM",2018,1,0,1,3,NULL,NULL,NULL
4902,Giáo trình quản lý sản xuất trên vi tính/Nguyễn Thị Thúy,"DDC no. :687.0285N573-T547, Call no. :222687.0285; Mô tả: 108tr.;24cm",Tp.Hồ Chí Minh:Đại học Quốc gia Tp. Hồ Chí Minh,2013,1,579,1,3,Còn sách,NULL,NULL
4903,Mechanics of materials/R. C. Hibbeler,9th Edition,McFraw-Hill,2013,2,0,1,3,NULL,NULL,NULL
4904,Giáo trình Xếp dỡ và vận chuyển Hàng hoá trên tàu ,Đại học Nha Trang,,,1,0,1,3,NULL,NULL,NULL
4905,Engineering Mechanics,"J. L. Meriam, L. G. Kraige",John Wiley & Sons,2006,2,0,1,3,NULL,NULL,NULL
4906,Chuẩn bị sản xuất may,Trần Thanh Hương ,H: Đại học quốc gia ,2014,1,0,1,3,NULL,NULL,NULL
4907,Giáo trình công nghệ sản xuất may:Giáo trình dùng cho sinh viên ngành Công nghệ may/Trần Thanh Hương,"DDC no. :687.04T772-H957, Call no. :223687.04; Mô tả: 205tr.;24cm",Tp. Hồ Chí Minh:Đại học Quốc gia,2014,1,508,1,3,Còn sách,NULL,NULL
4908,Operations Management Creating Value Along the Supply Chain.,"S Russell, R., & W Taylor, B. ",,2011,1,0,1,3,NULL,NULL,NULL
4909,"Operations and supply chain management, Mc Graw Hill",F. Robert Jacobs and Richard Chase ,,2018,1,0,1,3,NULL,NULL,NULL
4910,Operations management,"Slack, N., Brandon-Jones, A., & Johnston, R. ",,2013,2,0,1,3,NULL,NULL,NULL
4911,"Organizational Behavior, 18th Edition","Robbins, S., & Judge, T. ",,2018,1,0,1,3,NULL,NULL,NULL
4912,"Organizational Behavior: A Practical, Problem-Solving Approach, 3rd Ed","Kinicki, A",,2020,2,0,1,3,NULL,NULL,NULL
4913,Thiết kế hệ thống cấp nước bằng Epanet: Bài giảng ,,TP.HCM: Trường Đại Học Bách Khoa Tp. HCM,,1,0,1,3,NULL,NULL,NULL
4914,Giáo trình Lập Kế hoạch sản xuất ngành may,Trần Thanh Hương ,Đại học Sư phạm Kỹ thuật Thành phố Hồ Chí Minh,2023,1,0,1,3,NULL,NULL,NULL
4915,Hướng dẫn sử dụng Epanet,Lê Đình Hồng ,TP.HCM: Trường Đại Học Bách Khoa Tp. HCM,,2,0,1,3,NULL,NULL,NULL
4916,Giáo trình công nghệ may trang phục 2: Tài liệu lưu hành nội bộ/Trần Thị Thanh Hương,"DDC no. :687.042T772-H957, Call no. :221687.042; Mô tả: 97tr ;27cm",Tp.HCM :ĐH Sư phạm Kỹ thuật,2007,1,118,1,3,Còn sách,NULL,NULL
4917,Hướng dẫn đồ án mạng lưới cấp thoát nước,Hoàng Huệ ,Xây dựng ,1996,1,0,1,3,NULL,NULL,NULL
4918,Giáo trình thiết kế trang phục 5/Trần Thanh Hương,"DDC no. :646T772-H957, Call no. :221646; Mô tả: 98tr.;29cm.",Tp. Hồ Chí Minh:Đại học Sư phạm kỹ thuật Tp. HCM,2007,1,100,1,3,Còn sách,NULL,NULL
4919,Giáo trình công nghệ may trang phục 3: Môn học - Công nghệ may trang phục 3 (MMH: 1251343)/Trần Thị Thanh Hương,"DDC no. :687.042T772-H957, Call no. :221687.042; Mô tả: 109tr ;27cm",Tp.HCM :ĐH Sư phạm Kỹ thuật,2007,1,120,1,3,Còn sách,NULL,NULL
4920,Research Methods for Business Students – Fourth Edition,"Mark Saunders, Philip Lewis and Adrian Thornhill",Pearson Education,2007,2,0,1,3,NULL,NULL,NULL
4921,Giáo trình: Tổ chức quản lý sản xuất may,Nguyễn Thị Thúy,H: Đại học quốc gia ,2014,2,0,1,3,NULL,NULL,NULL
4922,Giáo trình thực tập cung cấp điện ,"Trương Việt Anh, Nguyễn Ngọc Âu, Lê Trọng Nghĩa",Tp.HCM:Đại học Quốc gia Tp.Hồ Chí Minh,2013,1,0,1,3,NULL,NULL,NULL
4923,Giáo trình: Lập kế hoạch sản xuất may,Trần Thanh Hương ,Tp. Hồ Chí Minh:Đại học Sư phạm kỹ thuật Tp. HCM,2007,2,0,1,3,NULL,NULL,NULL
4924,Business Research Methods,Donald R. Cooper and Pamela S. Schindler,,2012,1,0,1,3,NULL,NULL,NULL
4925,Electrical Installation Guide,,Schneider Electric,2018,2,0,1,3,NULL,NULL,NULL
4926,Quản trị logistics và chuỗi cung ứng,Hà Minh Hiếu,Tài Chính,2022,1,0,1,3,NULL,NULL,NULL
4927,Giáo trình: Quản lý đơn hàng ngành may ,"Trần Thanh Hương, Tạ Thị Ngọc Nhung, Phạm Thị Hà",Đại học Quốc gia Thành phố Hồ Chí Minh ,2014,2,0,1,3,NULL,NULL,NULL
4928,"Giáo trình “Cung cấp điện”: dành cho hệ Đại Học, Khối Ngành Công Nghệ",Quyền Huy Ánh,TP.HCM: Đại học Sư phạm Kỹ thuật Thành phố Hồ Chí Minh ,2023,1,0,1,3,NULL,NULL,NULL
4929,Essentials of supply chain management/ Michael Hugos,"DDC no. :658.7H896, Call no. :223658.7; Mô tả: xii, 355 p.: ill.; 23cm",Hoboken: Wiley,2018,2,1,1,3,Còn sách,NULL,NULL
4930,Hướng dẫn thiết kế lắp đặt điện theo tiêu chuẩn quốc tế IEC,Phan Thị Thanh Bình và các tác giả khác,Hà Nội: Khoa học Kỹ thuật ,2018,2,0,1,3,NULL,NULL,NULL
4931,Sổ tay thiết kế điện hợp chuẩn,Quyền Huy Ánh ,TP.HCM: Đại học Sư phạm Kỹ thuật Thành phố Hồ Chí Minh ,2021,2,0,1,3,NULL,NULL,NULL
4932,Giáo trình Luật thương mại (Tập 1+2),Đại học Luật Hà Nội,Tư Pháp,2021,1,0,1,3,NULL,NULL,NULL
4933,Giáo trình Thiết kế trang phục nam cơ bản ,"Nguyễn Ngọc Châu, Nguyễn Thị Tuyết Trinh ",Đại học Sư phạm Kỹ thuật Thành phố Hồ Chí Minh,2023,1,0,1,3,NULL,NULL,NULL
4934,Pháp luật kinh tế,Nguyễn Thị Dung,Lao động,2020,2,0,1,3,NULL,NULL,NULL
4935,Giáo trình chủ thể kinh doanh,Đại học Luật Thành phố Hồ Chí Minh,Hồng Đức,2021,2,0,1,3,NULL,NULL,NULL
4936,"Giáo trình pháp luật thương mại, hàng hóa và dịch vụ",Đại học Luật Thành phố Hồ Chí Minh,Hồng Đức,2021,2,0,1,3,NULL,NULL,NULL
4937,"Giáo trình “Thiết kế trang phục nam cơ bản""",Nguyễn Ngọc Châu – Nguyễn Thị Tuyết Trinh,Đại học Sư phạm Kỹ thuật TP.HCM ,2023,1,0,1,3,NULL,NULL,NULL
4938,Thiết kế trang phục 2,Trần Thị Thêu ,Đại học Sư phạm Kỹ thuật TP.HCM ,2010,2,0,1,3,NULL,NULL,NULL
4939,Textile Science ,Kathryn L. Hatch ,USA,1993,2,0,1,3,NULL,NULL,NULL
4940,Tự động hóa trong hệ thống lạnh,Nguyễn Đức Lợi,Giáo dục,2000,1,0,1,3,NULL,NULL,NULL
4941,Bài giảng môn chuyên đề nhiệt,Đặng Thành Trung ,,,1,0,1,3,NULL,NULL,NULL
4942,Thiết kế trang phục nam nâng cao ,Nguyễn Thành Hậu ,Đại học Quốc gia Thành phố Hồ Chí Minh ,2015,1,0,1,3,NULL,NULL,NULL
4943,Boilers for power and process/ Kumar Rayaprolu.,"DDC no. :621.194R264, Call no. :621.194223; Mô tả: lxv, 745 p. : ill. ; 27 cm",Boca Raton: CRC Press,2009,1,1,1,3,Còn sách,NULL,NULL
4944,Giáo trình Pháp luật đại cương,Đại học Luật Thành phố Hồ Chí Minh,Sư phạm,2015,1,0,1,3,NULL,NULL,NULL
4945,Thiết kế trang phục nữ nâng cao,Phùng Thị Bích Dung ,Đại học Quốc gia Thành phố Hồ Chí Minh ,2015,1,0,1,3,NULL,NULL,NULL
4946,"Industrial boilers and heat recovery steam generators: Design, applications and calculations",V. Ganapathy,Mrcel Dekker,2003,2,0,1,3,NULL,NULL,NULL
4947,Pháp luật đại cương:Dùng trong các trường đại học và trung học chuyên nghiệp; Môn học: 1005020 - Pháp luật đại cương/Lê Minh Toàn,"DDC no. :340.1L433-T627, Call no. :221340.1; Mô tả: 435tr ;21cm",Hà Nội :Chính trị Quốc gia,2010,1,1,1,3,NULL,NULL,NULL
4948,Pháp luật đại cương:Dùng trong các trường đại học và trung học chuyên nghiệp; Môn học: 1005020 - Pháp luật đại cương/Lê Minh Toàn,"DDC no. :340.1L433-T627, Call no. :221340.1; Mô tả: 435tr ;21cm",Hà Nội :Chính trị Quốc gia,2010,1,1,1,3,Còn sách,NULL,NULL
4949,Giáo trình công nghệ sản xuất may:Giáo trình dùng cho sinh viên ngành Công nghệ may/Trần Thanh Hương,"DDC no. :687.04T772-H957, Call no. :223687.04; Mô tả: 205tr.;24cm",Tp. Hồ Chí Minh:Đại học Quốc gia,2014,1,508,1,3,Còn sách,NULL,NULL
4950,Chuẩn bị sản xuất may,Trần Thanh Hương ,Đại học Quốc gia Thành phố Hồ Chí Minh,2014,1,0,1,3,NULL,NULL,NULL
4951,Tổ chức quản lý sản xuất may ,Nguyễn Thị Thúy ,Đại học Quốc gia Thành phố Hồ Chí Minh ,2014,1,0,1,3,NULL,NULL,NULL
4952,"Những vấn đề cơ bản của pháp luật đại cương/ Nguyễn Thị Tuyết Nga, Lê Văn Hợp","DDC no. :340.1N573-N576, Call no. :340.1223; Mô tả: 274tr.; 24 cm",Tp. Hồ Chí Minh: Đại học Quốc gia Tp.Hồ Chí Minh,2020,2,430,1,3,Còn sách,NULL,NULL
4953,Năng lượng mặt trời và các ứng dụng ,Hoàng Dương Hùng,Khoa học và Kỹ thuật,2010,2,0,1,3,NULL,NULL,NULL
4954,Hệ thống cỡ số trang phục ,Phùng Thị Bích Dung ,Đại học Quốc gia Thành phố  Hồ Chí Minh ,2015,1,0,1,3,NULL,NULL,NULL
4955,Renewable energy resources,T. John and W. Tony,Taylor&Francis,2006,2,0,1,3,NULL,NULL,NULL
4956,Công nghệ CAD ngành may ,Nguyễn Thành Hậu ,Đại học Quốc gia Thành phố Hồ Chí Minh ,2017,1,0,1,3,NULL,NULL,NULL
4957,Giáo trình nguyên phụ liệu may =Garment materials and accessories/Nguyễn Tuấn Anh,"DDC no. :677.0286N573-A596, Call no. :677.0286222; Mô tả: 130tr.;24cm",Tp.Hồ Chí Minh:Đại học Quốc gia Tp. Hồ Chí Minh,2013,1,520,1,3,Còn sách,NULL,NULL
4958,"Công nghệ in, thêu",Trần Thị Cẩm Tú,Đại học quốc gia TPHCM,2022,1,0,1,3,NULL,NULL,NULL
4959,Printed textile design,Amanda Briggs,Goode-Laurence King Publishing Ltd,2013,2,0,1,3,NULL,NULL,NULL
4960,Giáo trình thiết kế trang phục nữ cơ bản:Giáo trình dùng cho sinh viên ngành Công nghệ may/Phùng Thị Bích Dung,"DDC no. :687.042P577-D916, Call no. :687.042222; Mô tả: 163tr.;24cm",Tp.Hồ Chí Minh:Đại học Quốc gia Tp. Hồ Chí Minh,2014,1,507,1,3,Còn sách,NULL,NULL
4961,Giáo trình Thực hành Chuẩn bị sản xuất may,"Tạ Vũ Thục Oanh, Lê Quang Lâm Thúy ",Trường Đại học Sư phạm Kỹ thuật Thành phố Hồ Chí Minh ,2023,1,0,1,3,NULL,NULL,NULL
4962,Carr and Latham's technology of clothing manufacture/ David J. Tyler (revised),"DDC no. :338.47T981, Call no. :338.47223; Mô tả: x, 330 p., [4] p. of plates : ill.; 25 cm",Oxford ; Malden,MA : Blackwell Pub.,1,1,1,3,Còn sách,NULL,NULL
4963,Thiết kế nón và túi xách,Mai Quỳnh Trang,Đại học Sư phạm Kỹ Thuật TP.HCM,2023,1,0,1,3,NULL,NULL,NULL
4964,Giáo trình thiết kế trang phục nữ cơ bản:Giáo trình dùng cho sinh viên ngành Công nghệ may/Phùng Thị Bích Dung,"DDC no. :687.042P577-D916, Call no. :687.042222; Mô tả: 163tr.;24cm",Tp.Hồ Chí Minh:Đại học Quốc gia Tp. Hồ Chí Minh,2014,1,507,1,3,Còn sách,NULL,NULL
4965,Thiết kế trang phục 2,Trần Thị Thêu ,Trường Đại học Sư phạm Kỹ thuật TP.HCM,2010,2,0,1,3,NULL,NULL,NULL
4966,"The art of fashion draping, Fairchild Books & Visuals",Connie Amaden-Crawford,,1996,1,0,1,3,NULL,NULL,NULL
4967,Flat pattern cutting and modelling for fashion/Helen Stanley,"DDC no. :646.4072S787, Call no. :222646.4072; Mô tả: viii, 231p.;27cm",Cheltenham:Stanley Thornes,1991,1,1,1,3,Còn sách,NULL,NULL
4970,Phương Pháp Đo Bóc Khối Lượng Và Tính Dự Toán Công Trình Xây Dựng,Bùi Mạnh Hùng ,Xây dựng,2020,1,0,1,3,NULL,NULL,NULL
4971,Công trình trên đất yếu/ Trần Quang Hộ,,Tp.HCM : Đại học Quốc gia Tp.Hồ Chí Minh,2013,2,0,1,3,NULL,NULL,NULL
4972,Đàm Phán Trong Kinh Doanh Quốc Tế,Đoàn Thị Hồng Vân,Lao động Xã hội,2009,1,0,1,3,NULL,NULL,NULL
4973,Kỹ Năng Giao Tiếp Và Thương Lượng Trong Kinh Doanh,Thái Trí Dũng,Thống kê,2009,2,0,1,3,NULL,NULL,NULL
4974,Foundation Analysis and Design: 5th ed,Joseph E. Bowles,Graw- Hill,1997,2,0,1,3,NULL,NULL,NULL
4975,Kỹ năng thương lượng =Negotiation:Cẩm nang kinh doanh,"DDC no. :658.4052K99, Call no. :222658.4052; Mô tả: 183tr.;24cm",Tp.HCM:Tổng hợp,2006,1,2,1,3,Còn sách,NULL,NULL
4976,Hình họa - Vẽ kỹ thuật xây dựng,"Đào Tiệp, Bùi Xuân Thìn, Tô Ngọc Hải, Đào Đức Thiện, Lê Hương Giang",Xây dựng,2019,1,0,1,3,NULL,NULL,NULL
4977,Getting to Yes ,"Roger Fisher & William Ury, Dịch giả: Đặng Xuân Dũng ",TPHCM,2000,2,0,1,3,NULL,NULL,NULL
4978,Geometric and Engineering Drawing,K. Morling,Elsevier Insights,2010,2,0,1,3,NULL,NULL,NULL
4979,Giáo trình mỹ thuật trang phục / Nguyễn Thị Trúc Đào,"DDC no. :687.042 N573-Đ211, Call no. :687.042 223; Mô tả: 108tr. ; 24cm",Tp. Hồ Chí Minh : Đại học Quốc gia Tp. Hồ Chí Minh,2018,1,250,1,3,NULL,NULL,NULL
4980,Cơ học đất I và II,R. Withlow,H: Giáo dục ,1997,2,0,1,3,NULL,NULL,NULL
4981,Principles of foundation Engineering,Braja M.Das,,,2,0,1,3,NULL,NULL,NULL
4982,Tâm lý học quản trị kinh doanh,Nguyễn Hữu Thụ,Đại học Quốc gia Hà Nội,2005,1,0,1,3,NULL,NULL,NULL
4983,Tâm lý học quản trị kinh doanh/Thái Trí Dũng,"DDC no. :658T364-D916, Call no. :658222; Mô tả: 243tr.;21cm.",Hà Nội:Thống kê,2007,1,13,1,3,Còn sách,NULL,NULL
4984,Đắc nhân tâm,Dale Carnegie (Nguyễn Hiến Lê dịch),Trẻ,2008,2,0,1,3,NULL,NULL,NULL
4985,"Cơ học công trình: Dành cho các ngành kiến trúc, vật liệu xây dựng, kỹ thuật môi trường/ Lều Thọ Trình, Đỗ Văn Bình","DDC no. :620.1L652-T833, Call no. :222620.1; Mô tả: 381tr.; 24cm",H.: Xây dựng,2010,2,5,1,3,NULL,NULL,NULL
4986,Giáo trình Cải tiến sản xuất ngành may,Trần Thanh Hương ,Đại học Sư phạm Kỹ thuật Thành phố Hồ Chí Minh,2023,1,0,1,3,NULL,NULL,NULL
4987,Microsoft Office Professional 2013 Step By Step,"Beth Melton, Mark Dodge, Echo Swinford, Andrew Couch, Eric Legault, Ben M. Schorr, Ciprian Adrian Rusen",O‘Reilly,2013,1,0,1,3,NULL,NULL,NULL
4988,Bài tập thiết kế kết cấu thép/Trần Thị Thôn,"DDC no. :624.1821T772-T486, Call no. :624.182 1222; Mô tả: 514tr.;24cm",Tp.HCM :Đại học Quốc gia Tp.Hồ Chí Minh,2010,1,1,1,3,Còn sách,NULL,NULL
4989,"TCVN 5575:2011, Kết cấu thép – tiêu chuẩn thiết kế",Bộ Xây dựng ,Xây dựng ,2012,2,0,1,3,NULL,NULL,NULL
4990,Giáo trình mỹ thuật trang phục ,Trần Thủy  Bình ,H: Giáo dục ,2005,2,0,1,3,NULL,NULL,NULL
4991,Metric Pattern Cutting  for men’s wear: 5th edition ,Winifred Aldrich ,,2015,2,0,1,3,NULL,NULL,NULL
4992,"Giáo trình vật liệu xây dựng/ Phan Thế Vinh, Trần Hữu Bằng","DDC no. :620.11P535-V784 , Call no. :222620.11; Mô tả: 269tr.; 27cm",H.: Xây Dựng,2022,2,3,1,3,Còn sách,NULL,NULL
4993,", Metric Pattern Cutting for Women's Wear: 6th edition ",Winifred Aldrich,,2015,1,0,1,3,NULL,NULL,NULL
4994,Giáo trình Thiết kế trang phục nam cơ bản,"Nguyễn Ngọc Châu, Nguyễn Thị Tuyết Trinh",Đại học Sư phạm Kỹ Thuật TP.HCM,2023,1,0,1,3,NULL,NULL,NULL
4995,Bài tập Vật liệu xây dựng,Phùng Văn Lự và các tác giả,Giáo dục ,2000,2,0,1,3,NULL,NULL,NULL
4996,Giáo trình thiết kế trang phục nữ cơ bản:Giáo trình dùng cho sinh viên ngành Công nghệ may/Phùng Thị Bích Dung,"DDC no. :687.042P577-D916, Call no. :687.042222; Mô tả: 163tr.;24cm",Tp.Hồ Chí Minh:Đại học Quốc gia Tp. Hồ Chí Minh,2014,1,507,1,3,Còn sách,NULL,NULL
4997,Giáo trình vật liệu xây dựng,Phùng Văn Lự và các tác giả,Giáo dục ,2000,1,0,1,3,NULL,NULL,NULL
4998,Lịch sử thời trang,"Helen Reynolds, Nguyễn Như Mai dịch",Kim Đồng,2007,2,0,1,3,NULL,NULL,NULL
4999,Tuyển tập tiêu chuẩn xây dựng: Tập 8,,Xây dựng ,2004,2,0,1,3,NULL,NULL,NULL
5000,Tuyển tập tiêu chuẩn xây dựng: Tập 10,,Xây dựng ,2004,2,0,1,3,NULL,NULL,NULL
5001,Metric Pattern Cutting  for men’s wear: 5th edition ,Winifred Aldrich ,,2015,2,0,1,3,NULL,NULL,NULL
5002,Metric Pattern Cutting for Women's Wear: 6th edition ,Winifred Aldrich,,2015,2,0,1,3,NULL,NULL,NULL
5003,Construction materials: Their nature and behavior,"Peter Domone, John Illston",Spon Press,2010,2,0,1,3,NULL,NULL,NULL
5004,Giáo trình Công nghệ Cad ngành May,Nguyễn Thành Hậu ,Đại học Sư phạm Kỹ thuật Thành phố Hồ Chí Minh,2022,1,0,1,3,NULL,NULL,NULL
5005,Data Management ,Gerber Garment Technology ,USA,2020,2,0,1,3,NULL,NULL,NULL
5006,Pattern Design ,Gerber Garment Technology ,USA,2020,2,0,1,3,NULL,NULL,NULL
5007,Marker Making ,Gerber Garment Technology ,USA,2020,2,0,1,3,NULL,NULL,NULL
5008,Giáo trình Kỹ thuật điện,"Nguyễn Trọng Thắng, Lê Thị Thanh Hoàng",TP.HCM: Đại học Quốc gia TP.HCM,2010,2,0,1,3,NULL,NULL,NULL
5009,Sustainable Issues in Infrastructure Engineering: The official 2020 publication of the Soil-Structure Interaction Group in Egypt (SSIGE) - 1st Ed.,"Hany Shehata, Sherif El-Badawy",Springer,2021,2,0,1,3,NULL,NULL,NULL
5010,The art of fashion draping,Connie Amaden-Crawford,Fairchild Books & Visuals,1996,2,0,1,3,NULL,NULL,NULL
5011,Flat pattern cutting and modelling for fashion/Helen Stanley,"DDC no. :646.4072S787, Call no. :222646.4072; Mô tả: viii, 231p.;27cm",Cheltenham:Stanley Thornes,1991,1,1,1,3,Còn sách,NULL,NULL
5012,The art of fashion draping/Connie Amaden-Crawford,"DDC no. :746.92A481, Call no. :222746.92; Mô tả: xvi, 494p.;32cm",New York,NY:Fairchild Publications,2,1,1,3,NULL,NULL,NULL
5013,Advanced Introduction to Urban Transport Planning,"Kevin J. Krizek, David A. King",Edward Elgar,2021,1,0,1,3,NULL,NULL,NULL
5014,Flat pattern cutting and modelling for fashion/Helen Stanley,"DDC no. :646.4072S787, Call no. :222646.4072; Mô tả: viii, 231p.;27cm",Cheltenham:Stanley Thornes,1991,1,1,1,3,Còn sách,NULL,NULL
5015,Architectural Inspiration in Fashion Design,Halime Paksoy,Turkey,2005,2,0,1,3,NULL,NULL,NULL
5016,"Transport Planning (Transport, Development and Sustainability Series",David Banister,Edward Elgar,,2,0,1,3,NULL,NULL,NULL
5017,Metric pattern cutting for children’s wear and babywear,Winifred Aldrich ,United Kingdom,2009,2,0,1,3,NULL,NULL,NULL
5018,Pattern Making for Fashion Design: 4th ed,"Armstrong, H. J",Pearson Education ,,2,0,1,3,NULL,NULL,NULL
5019,Thiết kế trang phục nam ,Nguyễn Ngọc Châu ,Trường ĐH Sư phạm Kỹ thuật ,2005,2,0,1,3,NULL,NULL,NULL
5020,Pattern Making for Fashion Design: 4th ed,"Armstrong, H. J",Pearson Education ,2006,2,0,1,3,NULL,NULL,NULL
5021,"Quản Lý Dự Án Xây Dựng: Thiết Kế, Đấu Thầu Và Các Thủ Tục Trước Xây Dựng ",Bùi Ngọc Toàn ,Xây dựng ,2011,1,0,1,3,NULL,NULL,NULL
5022,Giáo trình thiết kế trang phục 1 ,Nguyễn Phi Phụng ,Trường ĐH Sư phạm Kỹ thuật,2005,2,0,1,3,NULL,NULL,NULL
5023,The art of manipulating fabric/Colette Wolff,"DDC no. :646.2W855, Call no. :222646.2; Mô tả: viii, 310p.;28cm",Radnor,Pa.:Chilton Book Co.,1,1,1,3,NULL,NULL,NULL
5024,Lập và thẩm định dự án đầu tư,Đỗ Phú Trần Tình ,Giao thông vận tải ,2009,2,0,1,3,NULL,NULL,NULL
5025,Nghệ thuật dessin,Nguyễn Đình Đăng,Dân Trí,2022,1,0,1,3,NULL,NULL,NULL
5026,Hình họa cơ bản,Nguyễn Văn Tỵ,Văn hóa Thông tin,2004,1,0,1,3,NULL,NULL,NULL
5027,Hình họa 1,Triệu Khắc Lễ,Đại học Sư phạm,2011,1,0,1,3,NULL,NULL,NULL
5028,Thiết kế tổ chức thi công ,Lê Văn Kiểm ,Xây dựng ,2011,2,0,1,3,NULL,NULL,NULL
5029,Những điều cơ bản dành cho người học vẽ,Đỗ Duy Ngọc,Đồng Nai,1996,2,0,1,3,NULL,NULL,NULL
5030,Luật xa gần,Phạm Công Thành,Văn hóa Thông tin,2002,2,0,1,3,NULL,NULL,NULL
5031,Mỹ thuật cơ bản và nâng cao: Tĩnh vật ngũ quan thạch cao,Gia Bảo,Mỹ thuật,2004,2,0,1,3,NULL,NULL,NULL
5032,Giải phẫu học: Hình họa căn bản tập 12 ,Lê Thanh Lộc ,Văn hóa Thông tin,2003,2,0,1,3,NULL,NULL,NULL
5033,"Quản Lý Dự Án Xây Dựng:Thiết Kế, Đấu Thầu Và Các Thủ Tục Trước Xây Dựng ",Bùi Ngọc Toàn,Xây dựng ,2011,2,0,1,3,NULL,NULL,NULL
5034,Giáo Trình Quản Lý Dự Án Đầu Tư Xây Dựng,"Phan Nhựt Duy, Đoàn Ngọc Hiệp ",Xây dựng ,2018,2,0,1,3,NULL,NULL,NULL
5035,Màu sắc & phương pháp sử dụng,Uyên Huy,Đại học Mỹ Thuật Thành Phố HCM.,,1,0,1,3,NULL,NULL,NULL
5036,Lập và thẩm định dự án đầu tư/Đỗ Phú Trần Tình,"DDC no. :332.6Đ631-T588, Call no. :332.6222; Mô tả: 151tr.;24cm",H.:Giao thông Vận tải,2009,1,2,1,3,NULL,NULL,NULL
5037,Từ điển thuật ngữ mỹ thuật phổ thông,Đặng Thị Bích Ngân,Giáo dục ,,1,0,1,3,NULL,NULL,NULL
5038,Kinh doanh và tiếp thị thời trang ,Phạm Hồ Mai Anh ,Đại học Quốc gia TP.HCM ,2019,1,0,1,3,NULL,NULL,NULL
5039,Project Management: The Managerial Process,"Erik W.Larson, Clifford F.Gray.-International Edition ",McGraw-Hill,2011,2,0,1,3,NULL,NULL,NULL
5040,Giáo trình Khởi sự kinh doanh,"Nguyễn Ngọc Huyền, Ngô Thị Việt Nga ",Đại học Kinh tế Quốc dân ,2020,1,0,1,3,NULL,NULL,NULL
5041,Project Management for Engineering and Construction,"Garold D. Oberlender, International Edition ",McGraw-Hill,2000,1,0,1,3,NULL,NULL,NULL
5042,Thập đại tùng thư 10 nhà hội họa lớn thế giới,Âu Dương Anh,H: văn hóa thông tin,2003,2,0,1,3,NULL,NULL,NULL
5043,"Từ điển mỹ thuật hội họa thế giới /Tiệp Nhân, Vệ Hải; người dịch: Trần Kiết Hùng, Nguyễn Hồng Trang","DDC no. :741.03T563-N578, Call no. :221741.03; Mô tả: 599tr.;19cm.",H.:Mỹ thuật,2004,1,3,1,3,Còn sách,NULL,NULL
5044,Thiết kế  tổ chức thi công/ Lê Văn Kiểm,"DDC no. :624L433-K47, Call no. :222624; Mô tả: 200tr.: minh họa; 27cm",H: Xây dựng,2011,1,31,1,3,Còn sách,NULL,NULL
5045,Mỹ thuật của người Việt,Nguyễn Quân – Phan Cẩm Thượng,Mỹ Thuật,1989,2,0,1,3,NULL,NULL,NULL
5046,Các dân tộc ở Việt Nam:(Dẫn liệu nhân học- tộc người) /Nguyễn Đình Khoa,"DDC no. :305.89597N573-K45, Call no. :221305.89597; Mô tả: 183tr.;26cm",Hà Nội:Khoa Học Xã Hội,1983,1,1,1,3,Còn sách,NULL,NULL
5047,Lý thuyết hỏi và đáp về tổ chức và lập tiến độ thi công/Ngô Quang Tường,"DDC no. :690.028N569-T927, Call no. :222690.028; Mô tả: 334tr.;27cm",H:Xây dựng,2008,1,2,1,3,Còn sách,NULL,NULL
5048,Hình tượng con người trong nghệ thuật tạo hình truyền thống,Trần Lâm Biền,H: Mỹ Thuật,1993,1,0,1,3,NULL,NULL,NULL
5049,Mỹ thuật thời Lý,Nguyễn Đức Nùng,H: Văn Hóa,1973,2,0,1,3,NULL,NULL,NULL
5050,Lịch sử mỹ thuật thế giới: Giáo trình dùng cho các trường mỹ thuật; Môn học: 1052010 - Lịch sử mỹ thuật thế giới/Nguyễn Trân biên soạn,"DDC no. :709N573-T772, Call no. :221709; Mô tả: 189tr.;27cm",Hà Nội :Mỹ Thuật,1993,1,77,1,3,Còn sách,NULL,NULL
5051,Lịch sử mỹ thuật Việt Nam,Nguyễn Phi Hoanh,Thành Phố Hồ Chí Minh,1984,2,0,1,3,NULL,NULL,NULL
5052,Quy Hoạch Và Thiết Kế Công Trình Giao Thông Đô Thị,Nguyễn Xuân Trục ,Giáo dục Việt Nam,,1,0,1,3,NULL,NULL,NULL
5053,"TCXDVN 104:2007, Đường đô thị - Yêu cầu thiết kế",,,,1,0,1,3,NULL,NULL,NULL
5054,TCVN 7957:2008 về thoát nước - Mạng lưới và công trình bên ngoài - Tiêu chuẩn thiết kế,,,,1,0,1,3,NULL,NULL,NULL
5055,Tài liệu học tập Lịch sử trang phục 1,Nguyễn Thị Hạ Nguyên ,Đại học Sư phạm Kỹ thuật Thành phố Hồ Chí Minh ,2012,1,0,1,3,NULL,NULL,NULL
5056,QCVN 07-2:2016/BXD. QUY CHUẨN KỸ THUẬT QUỐC GIA. CÁC CÔNG TRÌNH HẠ TẦNG KỸ THUẬT. CÔNG TRÌNH THOÁT NƯỚC,,,,2,0,1,3,NULL,NULL,NULL
5057,Fashion – The definitive History of costume and style ,Smithsonian,"Dorling Kindersley Limited, New York.",2012,1,0,1,3,NULL,NULL,NULL
5058,"Tổ chức thi công đường ô tô/Nguyễn Quang Chiêu, Dương Học Hải","DDC no. :625.7N573-C533, Call no. :625.7222; Mô tả: 316tr.;27cm",H.:GGiao thông vận tải,2007,2,2,1,3,Còn sách,NULL,NULL
5059,Giáo trình mỹ thuật trang phục:Sách dùng cho các trường đào tạo hệ Trung học chuyên nghiệp - Cao đẳng - Đại học/Trần Thủy Bình,"DDC no. :687.042T772-B613, Call no. :221687.042; Mô tả: 180tr;24cm",H.:Giáo dục,2005,1,37,1,3,Còn sách,NULL,NULL
5060,"Xây dựng mặt đường ô tô/Nguyễn Quang Chiêu, Phạm Huy Khang","DDC no. :625.8N573-C533, Call no. :222625.8; Mô tả: 207tr.;27cm",H.:Giao thông Vận tải,2006,1,8,1,3,Còn sách,NULL,NULL
5061,Giáo trình xây dựng mặt đường ô tô - T.1/Dương Học Hải,"DDC no. :625.8D928-H149, Call no. :625.8222; Mô tả: 148tr.;27cm",H.:Giáo dục,2007,1,2,1,3,Còn sách,NULL,NULL
5062,"Giáo trình xây dựng mặt đường ô tô - T.2/Trần Đình Bửu, Dương Ngọc Hải","DDC no. :625.8T772-B986, Call no. :222625.8; Mô tả: 211tr.;27cm",H.:Giáo dục,2007,1,5,1,3,Còn sách,NULL,NULL
5063,"Tổ chức thi công đường ô tô/Nguyễn Quang Chiêu, Dương Học Hải","DDC no. :625.7N573-C533, Call no. :625.7222; Mô tả: 316tr.;27cm",H.:GGiao thông vận tải,2007,1,2,1,3,Còn sách,NULL,NULL
5064,Nguyên lý Marketing ,Philip Kotler và Gary Armstrong - Nhóm dịch Khoa Marketing ,"Trường Đại học Kinh tế Quốc dân, Alphabooks",2021,1,0,1,3,NULL,NULL,NULL
5065,Kinh doanh và tiếp thị thời trang ,Phạm Hồ Mai Anh ,Đại học Quốc gia TP.HCM ,2019,1,0,1,3,NULL,NULL,NULL
5066,Tiêu chuẩn kỹ thuật thi công và nghiệm thu nền mặt đường ô tô,,Giao thông Vận tải,,1,0,1,3,NULL,NULL,NULL
5067,Xây dựng nền đường,"Nguyễn Quang Chiêu, Dương Học Hải, Nguyễn Khải",H: Giao thông Vận tải,1996,2,0,1,3,NULL,NULL,NULL
5068,Giáo trình mỹ học,Lê Quốc Bảo ,Trường Đại học Mỹ Thuật Hà Nội,,1,0,1,3,NULL,NULL,NULL
5069,Tổ chức thi công và các xí nghiệp phục vụ xây dựng đường ô tô,"Nguyễn Ngọc Bích, Bùi Xuân Cậy, Nguyễn Huy Thập",Trường Đại học Giao thông Vận tải ,1999,2,0,1,3,NULL,NULL,NULL
5070,Khơi nguồn mỹ học dân tộc,Mịch Quang,"Chính trị quốc gia, Hà Nội",2004,2,0,1,3,NULL,NULL,NULL
5071,Thi công đường ô tô/ Doãn Hoa,"DDC no. :625.7D631-H678, Call no. :625.7222; Mô tả: 532tr.: hình, bảng; 27cm",H.: Xây dựng,2012,2,6,1,3,Còn sách,NULL,NULL
5072,Intelligent Transport System in Smart Cities - Aspects and Challenges of Vehicular Networks and Cloud,"Meneguette, R. I., De Grande, R. E., Loureiro, A.F.",Springer,2018,1,0,1,3,NULL,NULL,NULL
5073,Giáo trình mỹ thuật trang phục:Sách dùng cho các trường đào tạo hệ Trung học chuyên nghiệp - Cao đẳng - Đại học/Trần Thủy Bình,"DDC no. :687.042T772-B613, Call no. :221687.042; Mô tả: 180tr;24cm",H.:Giáo dục,2005,1,37,1,3,Còn sách,NULL,NULL
5074,Khai thác và Kiểm định cầu ,"Bùi Tiến Thành (Chủ biên), Trần Đức Nhiệm, Ngô Văn Minh, Nguyễn Hửu Thuấn ",Giao thông vận tải ,2017,2,0,1,3,NULL,NULL,NULL
5075,Giáo trình “Nhập môn ngành Thiết kế thời trang”,"Nguyễn Hoa Mai, Tạ Vũ Thục Oanh",Đại học Sư phạm Kỹ thuật TP.HCM,,1,0,1,3,NULL,NULL,NULL
5076,Giáo trình  “Nhập môn ngành Công nghệ May”,"Tạ Vũ Thục Oanh, Mai Quỳnh Trang ",Đại học Sư phạm Kỹ thuật TP.HCM,2023,1,0,1,3,NULL,NULL,NULL
5077,Bảy thói quen cho người thành đạt (The 7 Habits of Highly Effective People),"Stephen R. Covey, Vũ Tiến Phúc (dịch)",Trẻ,,1,0,1,3,NULL,NULL,NULL
5078,Use your memory,Tony Buzan,First published in Great Britain ,1986,2,0,1,3,NULL,NULL,NULL
5079,Phương pháp nâng cao hiệu quả học tập ,Nguyễn Kim Phước,H: Bách khoa,2012,2,0,1,3,NULL,NULL,NULL
5080,Nghệ thuật giao tiếp để thành công:92 thủ thuật giúp bạn trở thành bậc thầy trong giao tiếp/Leil Lowndes,"DDC no. :302.2L919, Call no. :302.2222; Mô tả: 397tr.;21cm",H.:Lao động - Xã hội,2012,1,4,1,3,Còn sách,NULL,NULL
5081,Bộ sách “Đời thay đổi khi chúng ta thay đổi” ,ANDREW MATTHEWS ,Trẻ,2011,2,0,1,3,NULL,NULL,NULL
5082,Nghệ thuật giao tiếp để thành công:92 thủ thuật giúp bạn trở thành bậc thầy trong giao tiếp/Leil Lowndes,"DDC no. :302.2L919, Call no. :302.2222; Mô tả: 397tr.;21cm",H.:Lao động - Xã hội,2012,1,4,1,3,Còn sách,NULL,NULL
5083,Thiết kế cấp điện,"Ngô Hồng Quang, Vũ Văn Tẩm",Khoa Học Kỹ Thuật,2001,2,0,1,3,NULL,NULL,NULL
5084,Phương pháp học tập khoa học ,Trương Huệ ,H.: Bách khoa Hà Nội,2012,2,0,1,3,NULL,NULL,NULL
5085,Tính toán thiết kế các công trình xử lý nước thải,Trịnh Xuân Lai,Xây dựng ,2018,1,0,1,3,NULL,NULL,NULL
5086,"Kỹ thuật soạn thảo văn bản:Dùng cho sinh viên các trường đại học - cao đẳng/Lê Xuân Soan, Nguyễn Hồng Kiên, Hoàng Thị Tâm","DDC no. :342.597066L433-S676, Call no. :342.597066222; Mô tả: 191tr.;24cm",Tp.HCM.:Tổng hợp Tp.Hồ Chí Minh,2006,1,17,1,3,Còn sách,NULL,NULL
5087,Giáo trình cấp thoát nước trong nhà (tái bản),"Trần Thị Mai, Trần Thị Sen, Nguyễn Đình Hải",Xây dựng ,2017,1,0,1,3,NULL,NULL,NULL
5088,Photography and Imagination (Routledge History of Photography),"Amos Morris-Reich, Margaret Olin",Routledge,2022,1,0,1,3,NULL,NULL,NULL
5089,Cấp thoát nước,Nguyễn Thống ,Xây dựng ,2009,2,0,1,3,NULL,NULL,NULL
5090,Căn bản KỸ THUẬT NHIẾP ẢNH,Bùi Minh Sơn,Tổng hợp TP.HCM,2012,2,0,1,3,NULL,NULL,NULL
5091,Nhiếp ảnh và cuộc sống,Trần Mạnh Thường,Văn Hoá,2003,2,0,1,3,NULL,NULL,NULL
5092,Water supply and sewerage,E. W. Steel and Terence J. McGhee,McGraw-Hill,2007,2,0,1,3,NULL,NULL,NULL
5093,Nhiếp ảnh phê bình và tiểu luận,Lê Phước,Thông Tấn,2002,1,0,1,3,NULL,NULL,NULL
5094,Bài giảng Điều khiển lập trình 2,Nguyễn Tấn Đời; Tạ Văn Phương,"Khoa Điện – Điện Tử, Trường ĐHSPKT TP HCM",,2,0,1,3,NULL,NULL,NULL
5095,Nghệ thuật dessin,Nguyễn Đình Đăng,Dân Trí,2022,1,0,1,3,NULL,NULL,NULL
5096,Nghệ thuật dessin,Nguyễn Đình Đăng,Dân Trí,2022,1,0,1,3,NULL,NULL,NULL
5097,Hình họa cơ bản,Nguyễn Văn Tỵ,Văn hóa Thông tin,2004,1,0,1,3,NULL,NULL,NULL
5098,Hình họa 1,Triệu Khắc Lễ,Đại học Sư phạm,2011,1,0,1,3,NULL,NULL,NULL
5099,"Giáo trình AutoCAD 2015 - Phần 2D/ Mai Hoàng Long (ch.b), Trần Thanh Hiếu","DDC no. :006.6M217-L848, Call no. :223006.6; Mô tả: 113tr.; 24cm",H.: Xây Dựng,2021,1,3,1,3,Còn sách,NULL,NULL
5100,Những điều cơ bản dành cho người học vẽ,Đỗ Duy Ngọc,Đồng Nai,1996,2,0,1,3,NULL,NULL,NULL
5101,Luật xa gần,Phạm Công Thành,Văn hóa Thông tin,2002,2,0,1,3,NULL,NULL,NULL
5102,Mỹ thuật cơ bản và nâng cao: Tĩnh vật ngũ quan thạch cao,Gia Bảo,Mỹ thuật,2004,2,0,1,3,NULL,NULL,NULL
5103,Giải phẫu học: Hình họa căn bản tập 12 ,Lê Thanh Lộc ,Văn hóa Thông tin,2003,2,0,1,3,NULL,NULL,NULL
5104,Giáo trình trắc địa/ Phạm Văn Chuyên,"DDC no. :526.907 P534-C564, Call no. :526.907 223; Mô tả: 198tr.;27cm",H.: Xây dựng,2019,1,4,1,3,Còn sách,NULL,NULL
5105,Hướng dẫn thực hành trắc địa đại cương/Phạm Văn Chuyên,"DDC no. :526.9P534-C564, Call no. :221526.9; Mô tả: 128tr;27cm",H.:Xây dựng,2005,1,12,1,3,Còn sách,NULL,NULL
5106,Sổ tay Trắc địa công trình,"Phạm Văn Chuyên, Lê Văn Hưng, Phan Khang",H.:Xây dựng,2008,2,0,1,3,NULL,NULL,NULL
5107,Ký họa nhân vật ,Tu Bình - Kim Quang,Mỹ Thuật MACHINCO,2007,1,0,1,3,NULL,NULL,NULL
5108,Giáo trình Trắc địa,Lê Văn Định,Đại học Bách Khoa Đà Nẵng ,2006,2,0,1,3,NULL,NULL,NULL
5109,"Mỹ thuật căn bản và nâng cao :Vẽ ký họa nét /Gia Bảo, Hàn Vĩ","DDC no. :741.01G428-B221, Call no. :221741.01; Mô tả: 64tr ;27cm",H :Mỹ thuật,2004,1,12,1,3,Còn sách,NULL,NULL
5110,Geodetic and Control Surverying,U.S. Army Corps of Engineers,University Press of the Pacific,2004,2,0,1,3,NULL,NULL,NULL
5111,Art-Phác họa cơ thể người ,Hồng Thúy,thông tin,,2,0,1,3,NULL,NULL,NULL
5112,Luật đấu thầu:Có hiệu lực thi hành từ ngày 01tháng 04 năm 2008,"DDC no. :346.59702L926, Call no. :346.59702222; Mô tả: 75tr.;19cm.",Hà Nội:Lao động - Xã hội,2006,2,2,1,3,Còn sách,NULL,NULL
5113,Giáo trình kỹ thuật may cơ bản/Trần Thị Cẩm Tú,"DDC no. :646.204T772-T883, Call no. :646.204222; Mô tả: 136tr.;24cm",Tp. Hồ Chí Minh:Đại học Quốc gia Tp. Hồ Chí Minh,2014,1,526,1,3,Còn sách,NULL,NULL
5114,"Luật xây dựng: Sửa đổi, bổ sung năm 2020/ Bộ Xây dựng","DDC no. :343.597078L926, Call no. :223343.597 078 ; Mô tả: 81tr.; 21cm",H. : Xây Dựng,2020,1,7,1,3,Còn sách,NULL,NULL
5115,Các tiêu chuẩn về chuyên ngành địa kỹ thuật : TCVN 9355:2012 Gia cố nền đất yếu bằng bấc thấm thoát nước. TCVN 9363:2012 Khảo sát cho xây dựng - khảo sát địa kỹ thuật cho nhà cao tầng. TCVN 9364:2012 Nhà cao tầng - Kĩ thuật đo đạc phục vụ công tác thi công....,,H. : Xây dựng,2017,1,0,1,3,Còn sách,NULL,NULL
5116,Giáo trình thiết kế trang phục 1 ,Nguyễn Phi Phụng,Trường ĐH Sư phạm Kỹ thuật ,2005,1,0,1,3,NULL,NULL,NULL
5117,TCVN 9437:2012 – Khoan thăm dò địa chất công trình.,,H. : Xây dựng,,2,0,1,3,NULL,NULL,NULL
5118,Thiết kế trang phục nữ căn bản,Phùng Thị Bích Dung ,Trường ĐH Sư Phạm Kỹ Thuật ,2012,1,0,1,3,NULL,NULL,NULL
5119,TCVN 9351:2012 – Đất xây dựng - phương pháp thí nghiệm hiện trường - thí nghiệm xuyên tiêu chuẩn (SPT).,,,,1,0,1,3,NULL,NULL,NULL
5120,TCVN 9352:2012 – Đất xây dựng - Phương pháp thí nghiệm xuyên tĩnh (CPT).,,,,1,0,1,3,NULL,NULL,NULL
5121,TCVN 9354:2012 – Đất xây dựng - phương pháp xác định môđun biến dạng tại hiện trường bằng tấm nén phẳng (PLT).,,,,1,0,1,3,NULL,NULL,NULL
5122,TCVN 9148:2012 – Công trình thủy lợi - Xác định hệ số thấm của đất chứa nước bằng phương pháp hút nước thí nghiệm từ hố khoan.,,,,1,0,1,3,NULL,NULL,NULL
5123,Pattern Making for Fashion Design: 4th ed,"Armstrong, H. J",Pearson Education ,2006,1,0,1,3,NULL,NULL,NULL
5124,TCVN 9149:2012 – Công trình thủy lợi - Xác định hệ số thấm của đá bằng phương pháp thí nghiệm ép nước vào lỗ khoan”.,,,,1,0,1,3,NULL,NULL,NULL
5125,,,,,2,0,1,3,NULL,NULL,NULL
5126,Giáo trình thiết kế trang phục 1 ,Nguyễn Phi Phụng ,Trường ĐH Sư phạm Kỹ thuật ,2005,1,0,1,3,NULL,NULL,NULL
5127,,,,,2,0,1,3,NULL,NULL,NULL
5128,TCVN 4197:2012 – Đất xây dựng - phương pháp xác định giới hạn dẻo và giới hạn chảy trong phòng thí nghiệm.,,,,2,0,1,3,NULL,NULL,NULL
5129,Thiết kế trang phục nữ nâng cao ,Phùng Thị Bích Dung ,Trường ĐH Sư Phạm Kỹ Thuật ,2012,1,0,1,3,NULL,NULL,NULL
5130,TCVN 4198:2014 – Đất xây dựng - phương pháp xác định thành phần hạt trong phòng thí nghiệm.,,,,2,0,1,3,NULL,NULL,NULL
5131,TCVN 4199:2012 – Đất xây dựng - phương pháp xác định sức chống cắt trong phòng thí nghiệm ở máy cắt phẳng.,,,,2,0,1,3,NULL,NULL,NULL
5132,TCVN 4200:2012 – Đất xây dựng - phương pháp xác định tính nén lún trong phòng thí nghiệm.,,,,2,0,1,3,NULL,NULL,NULL
5133,TCVN 4201:2012 – Đất xây dựng - phương pháp xác định độ chặt tiêu chuẩn trong thí nghiệm.,,,,2,0,1,3,NULL,NULL,NULL
5134,Thiết kế nón và túi xách,Vũ Minh Hạnh,Đại học Sư phạm Kỹ Thuật TP.HCM,2014,1,0,1,3,NULL,NULL,NULL
5135,Giáo trình thí nghiệm vật liệu xây dựng,Nguyễn Cao Đức-Nguyễn Mạnh Phát-Trịnh Hồng Tùng-Phạm Hữu Hanh,Giáo dục ,2000,1,0,1,3,NULL,NULL,NULL
5136,Tuyển tập tiêu chuẩn xây dựng : Tập 8 ,,Bộ Xây dựng ,2004,2,0,1,3,NULL,NULL,NULL
5137,Tuyển tập tiêu chuẩn xây dựng : Tập 10,,Bộ Xây dựng ,2004,2,0,1,3,NULL,NULL,NULL
5138,Giáo trình Thí nghiệm Vật liệu Xây dựng tập 1,Nguyễn Tấn Quí ,Xây dựng ,1983-1984,1,0,1,3,NULL,NULL,NULL
5139,Giáo trình Thí nghiệm Vật liệu Xây dựng tập 2,Nguyễn Tấn Quí ,Xây dựng ,1983-1984,1,0,1,3,NULL,NULL,NULL
5140,Autodesk Revit tổng hợp 3 trong 1,Lê Duy Phương,Xây dựng ,2020,1,0,1,3,NULL,NULL,NULL
5141,Applied numerical methods with MATLAB for engineers and scientists,Steven C. Chapra,Mc Graw Hill,2008,1,0,1,3,NULL,NULL,NULL
5142,Advanced Engineering Mathematics,Erwin Kreyszig. ,John Wiley & Sons,1992,2,0,1,3,NULL,NULL,NULL
5143,Giáo trình đo lường cảm biến/Lê Chí Kiên,"DDC no. :681.2L433-K47, Call no. :681.2222; Mô tả: 318tr.;24cm",Tp.HCM:Đại học Quốc gia Tp.Hồ Chí Minh,2013,1,808,1,3,Còn sách,NULL,NULL
5144,Applied Numerical Methods using MATLAB,Won Y. Yang. ,John Wiley & Sons,2005,2,0,1,3,NULL,NULL,NULL
5145,Measurement and Instrumentation - Theory And Application: Third Edition,"Alan S. Morris , Reza Langari",Academic Press - Elsevier,2021,2,0,1,3,NULL,NULL,NULL
5146,Phương pháp tính ứng dụng trong tính toán kỹ thuật/Nguyễn Hoài Sơn,"DDC no. :518.6N573-S698, Call no. :222518.6; Mô tả: 258tr.;21cm",Tp.HCM:Đại học Quốc gia Tp. Hồ Chí Minh,2008,2,13,1,3,NULL,NULL,NULL
5147,"Internet of things : principles and paradigms/ edited by Rajkumar Buyya, Amir Vahid Dastjerdi ","DDC no. :621.392I619, Call no. :621.392223; Mô tả: xiii, 354p.:ill ; 24cm",Cambridge,MA : Elsevier.,1,1,1,3,Còn sách,NULL,NULL
5148,Lý thuyết điều khiển tự động,"Nguyễn Thị Phương Hà, Huỳnh Thái Hoàng",Đại học Quốc gia,2013,1,0,1,3,NULL,NULL,NULL
5149,Điều khiển hệ thống đa biến/Dương Hoài Nghĩa,,Tp.HCM:Đại học Quốc gia Tp. Hồ Chí Minh,2007,1,0,1,3,Còn sách,NULL,NULL
5150,Bài tập điều khiển tự động/Nguyễn Thị Phương Hà,"DDC no. :629.8076N573-H111, Call no. :222629.8076; Mô tả: 268tr.;24cm",Tp.Hồ Chí Minh:Đại học Quốc Gia,2011,1,1,1,3,Còn sách,NULL,NULL
5151,"Giáo trình phương pháp tính:Môn học: 1001030 - Phương pháp tính/Trương Vĩnh An, Phạm Văn Hiển, Lê Xuân Trường","DDC no. :518.6T872-A532, Call no. :221518.6; Mô tả: 66tr.;24cm",Tp.Hồ Chí Minh.:Đại học Sư phạm Kỹ thuật,2011,1,474,1,3,NULL,NULL,NULL
5152,Fletcher Heisler: A Practical Introduction to Python 3,"David Amos, Dan Bader, Joanna Jablonski",Real Python,2020,2,0,1,3,NULL,NULL,NULL
5153,Thuỷ văn công trình,,Tp.HCM: Đại học Quốc gia Tp. Hồ Chí Minh,2015,2,0,1,3,NULL,NULL,NULL
5154,Handbook of Hydraulic Engineering Problems,Mohammad Valipour,OMICS Group eBooks,2014,2,0,1,3,NULL,NULL,NULL
5155,Introduction to Robotics: Mechanics and Control,John J. Craig,,2018,1,0,1,3,NULL,NULL,NULL
5156,Basic hydraulic systems and components,US Army Aviation Logistics School Fort Eustis,,1994,2,0,1,3,NULL,NULL,NULL
5157,"Introduction to autonomous robots: Mechanism, sensors, actuators and algorithm","N. Correll, B. Hayes, C. Heckman, and A. Roncone",,2022,1,0,1,3,NULL,NULL,NULL
5158,Concise hydrology,Dawei Han,eBook,,2,0,1,3,NULL,NULL,NULL
5159,"Autonomous Robots: modeling, path planning, and control",F. Fahimi,,2009,1,0,1,3,NULL,NULL,NULL
5160,Bài giảng lớp bồi khảo sát tính toán thủy lực – thủy văn công trình giao thông,Nguyễn Đăng Phóng,Trường ĐH Giao thông vận tả,,2,0,1,3,NULL,NULL,NULL
5161,"Robotics: Control, Sensing, Vision, and Intelligence","K. S. Fu, R. C. Gonzalez and C. S. G. Lee",,1987,1,0,1,3,NULL,NULL,NULL
5162,Giáo trình kỹ thuật Robot/Nguyễn Trường Thịnh,"DDC no. :629.892N573-T443, Call no. :629.892222; Mô tả: 498tr.;24cm",Tp. Hồ Chí Minh:Đại học Quốc gia Tp. Hồ Chí Minh,2014,1,417,1,3,Còn sách,NULL,NULL
5163,Giáo trình thực tập Robot công nghiệp/Tưởng Phước Thọ,"DDC no. :629.892T927-T449, Call no. :629.892222; Mô tả: 103tr.;24cm",Tp. Hồ Chí Minh:Đại học Quốc gia Tp. Hồ Chí Minh,2014,1,204,1,3,Còn sách,NULL,NULL
5164,Bài tập Thủy lực - Tập 1,"Hoàng Văn Quý, Nguyễn Cảnh Cầm",Xây dựng ,2005,2,0,1,3,NULL,NULL,http://192.168.150.6/Libol50/search/detail.asp?ID=57496&style=marc
5165,Kỹ thuật robot/Đào Văn Hiệp,"DDC no. :629.892Đ221-H633, Call no. :221629.892; Mô tả: 206tr.;24cm",Hà Nội:Khoa học và Kỹ thuật,2003,1,2,1,3,Còn sách,NULL,NULL
5166,Bài tập Thủy lực - Tập 2,"Nguyễn Cảnh Cầm, Lưu Công Đào, Nguyễn Như Khuê, Đào Công Quý ",Xây dựng ,2005,2,0,1,3,NULL,NULL,http://192.168.150.6/Libol50/search/detail.asp?ID=57499&style=marc
5167,Robot công nghiệp/Nguyễn Thiện Phúc,"DDC no. :629.892N573-P577, Call no. :221629.892; Mô tả: 326tr.;24cm",Hà Nội:Khoa học và Kỹ thuật,2002,1,3,1,3,Còn sách,NULL,NULL
5168,Thủy văn cầu đường,Trần Đình Nghiên,Trường Đại học Giao thông vận tải,1993,2,0,1,3,NULL,NULL,NULL
5169,Thuỷ văn đại cương,"Trần Đình Nghiên, Nguyễn Đình Vĩnh, Phạm Văn Vĩnh",Trường Đại học Giao thông vận tải,2003,2,0,1,3,NULL,NULL,NULL
5170,Bài giảng môn thủy lực đại cương,Nguyễn Thông ,Trường Đại học Giao thông vận tải,,2,0,1,3,NULL,NULL,NULL
5171,Giáo trình Tin học ứng dụng ngành may 1,"Nguyễn Tuấn Anh, Nguyễn Thành Hậu",trường ĐH SPKT Tp.HCM,2009,1,0,1,3,NULL,NULL,NULL
5172,1100 ý tưởng thay đổi Thiết kế đồ họa,"Steven Heller, Veronique Vienne",Dân trí,2018,2,0,1,3,NULL,NULL,NULL
5173,Sustainable Issues in Infrastructure Engineering: The official 2020 publication of the Soil-Structure Interaction Group in Egypt (SSIGE),"1st Ed., Hany Shehata, Sherif El-Badawy",Springer,2021,1,0,1,3,NULL,NULL,NULL
5174,"Giáo trình Corel Draw X7, X8, X9 & 2020","Phạm Quang Hiển, Phạm Quang Huy",Thanh Niên,2021,1,0,1,3,NULL,NULL,NULL
5175,Giáo trình xử lý ảnh Phososhop CC,"Phạm Quang Huấn, Phạm Quang Huy",Thanh Niên,2020,1,0,1,3,NULL,NULL,NULL
5176,Tiêu chuẩn thiết kế cầu 22TCN272-05 ,Bộ Giao Thông Vận Tải ,Giao thông vận tải ,2005,2,0,1,3,NULL,NULL,NULL
5177,25 bài thực hành Photoshop CC,"Phạm Quang Huy, Phạm Quang Hiển",Thanh Niên,2021,2,0,1,3,NULL,NULL,NULL
5178,Tiêu chuẩn thiết kế đường 4054-2005 ,Bộ Giao Thông Vận Tải ,,,2,0,1,3,NULL,NULL,NULL
5179,Kết cấu bê tông cốt thép theo tiêu chuẩn Hoa Kỳ,Nguyễn Trung Hoà ,Xây dựng ,2003,2,0,1,3,NULL,NULL,NULL
5180,Cầu bê tông cốt thép trên đường ôtô - Tập 1,Lê Đình Tâm ,Xây dựng ,2005,2,0,1,3,NULL,NULL,http://192.168.150.6/Libol50/search/detail.asp?ID=32943&style=marc
5181,Cầu bê tông cốt thép trên đường ôtô - Tập 2,Lê Đình Tâm ,Xây dựng ,2005,2,0,1,3,NULL,NULL,http://192.168.150.6/Libol50/search/detail.asp?ID=33287&style=marc
5182,Thiết kế công trình hầm giao thông,Nguyễn Quốc Hùng  ,Giao thông vận tải ,,2,0,1,3,NULL,NULL,NULL
5183,Giáo trình Tổng quan du lịch,"Lê Anh Tuấn, Nguyễn Thị Mai Sinh",Giáo dục Việt Nam,2015,1,0,1,3,NULL,NULL,NULL
5184,Infrastructure Engineering and Management,"Ashish H. Makwana, Yogesh K. Alwani, Kunal P. Shukla, Dr. Jayeshkumar R. Pitroda, ISBN: 978-613-9-93670-0",Đức: LAP LAMBERT Academic Publishing,,2,0,1,3,NULL,NULL,NULL
5185,Giáo trình Tổng quan du lịch,"Trần Thị Mai, Vũ Hoài Phương, La Anh Hương, Nguyễn Khắc Sơn ",Lao động-Xã hội,2013,1,0,1,3,NULL,NULL,NULL
5186,Quy hoạch GTVT và thiết kế đường đô thị ,Nguyễn Xuân Trục ,Giáo dục ,,2,0,1,3,NULL,NULL,NULL
5187,"Comprehensive design example for 	prestressed concrete girder superstructure bridge",Mojesky and Masters ,,2006,2,0,1,3,NULL,NULL,NULL
5188,Tourism management: an introduction,Clare Inkson and Lynn Minnaert ,SAGE,2018,1,0,1,3,NULL,NULL,NULL
5189,Giáo trình Tổng quan du lịch,"Ngô Thị Diệu An, Nguyễn Thị Oanh Kiều   ",Đà Nẵng,2014,2,0,1,3,NULL,NULL,NULL
5190,Tổng quan du lịch,Võ Văn Thành,Văn hóa-Văn nghệ,2015 ,1,0,1,3,NULL,NULL,NULL
5191,The Story Of Food - Câu Chuyện Thực Phẩm,,Thế Giới,2021,2,0,1,3,NULL,NULL,NULL
5192,Hệ thống an ninh an toàn,Quyền Huy Ánh,TP.HCM: Đại học Sư phạm Kỹ thuật TP.HCM ,2014,1,0,1,3,NULL,NULL,NULL
5193,Tiểu vùng văn hóa xứ Huế (thuộc Bộ sách Không gian Văn hóa Việt Nam),Hà Nguyễn,Thông tin và Truyền thông,2019,2,0,1,3,NULL,NULL,NULL
5194,Các Giá Trị Văn Hóa Việt Nam Chuyển Từ Truyền Thống Đến Hiện Đại,,Hồng Đức,2021,2,0,1,3,NULL,NULL,NULL
5195,Việt Nam - Campuchia _ Sự Tương Đồng Giữa Hai Nền Văn Hóa,,Thông tin và Truyền thông,2021,2,0,1,3,NULL,NULL,NULL
5196,Design of Electrical Services for Buildings,"4th Ed., Barrie Rigby",Spon Press ,2005,2,0,1,3,NULL,NULL,NULL
5197,Nghệ Thuật Ẩm Thực Truyền Thống Việt Nam,,Khoa Học Xã Hội,2022,2,0,1,3,NULL,NULL,NULL
5198,Closed Circuit Television,Joe Cieszynski,Newnes ,2004,2,0,1,3,NULL,NULL,NULL
5199,Electrical distribution engineering / Anthony J. Pansini,"DDC no. :621.319 P196, Call no. :621.319 223; Mô tả: xxii, 535p., 24cm",Lilburn,GA : Fairmont Press; Boca Raton,2,1,1,3,Còn sách,NULL,NULL
5200,Intelligent Distributed Video Surveillance Systems,S. A. Velastin,IET,2006,2,0,1,3,NULL,NULL,NULL
5201,Dinh dưỡng lý thuyết,Lương Thị Kim Tuyến,Sư phạm Kỹ thuật Tp.HCM,2004,2,0,1,3,NULL,NULL,NULL
5202,Dinh dưỡng người,Lê Doãn Diên & Vũ Thị Như,Giáo Dục,2006,2,0,1,3,NULL,NULL,NULL
5203,The Story Of Food - Câu Chuyện Thực Phẩm,Giles Coren,Thế giới,2019,2,0,1,3,NULL,NULL,NULL
5204,"Giáo trình Cung cấp điện: dành cho hệ Đại Học, Khối Ngành Công Nghệ",Quyền Huy Ánh,TP.HCM: Đại học Sư phạm Kỹ thuật TP.HCM ,2023,1,0,1,3,NULL,NULL,NULL
5205,Chất Phụ Gia Thực Phẩm - Cẩm Nang Cho Người Tiêu Dùng,Nguyễn Minh Kiều,Tổng hợp ,2010,2,0,1,3,NULL,NULL,NULL
5206,Dinh dưỡng – Chìa khóa vàng cho sức khỏe,"Lisa Hark, PhD, Dr Darwin Deen",Phụ nữ,2019,2,0,1,3,NULL,NULL,NULL
5207,Hướng dẫn thiết kế đồ án cung cấp điện,"Phan Thị Thanh Bình, Phan Thị Thu Vân, Dương Lan Hương",Tp.HCM:Đại học Quốc gia Tp. Hồ Chí Minh,,2,0,1,3,NULL,NULL,NULL
5208,Kỵ và hợp trong ăn uống,Thôi Hiểu Lệ,Tổng Hợp TPHCM,2019,2,0,1,3,NULL,NULL,NULL
5209, Giáo trình CAD trong kỹ thuật điện,Quyền Huy Ánh ,Tp.HCM:Đại học Quốc gia Tp. Hồ Chí Minh,2008,2,0,1,3,NULL,NULL,NULL
5210,Giáo trình môn học Nấu ăn Việt Nam,Phạm Thị Hưng,ĐHSPKT,,1,0,1,3,NULL,NULL,NULL
5211,Giáo trình an toàn điện,Quyền Huy Ánh ,Tp.HCM:Đại học Quốc gia Tp. Hồ Chí Minh,2010,2,0,1,3,NULL,NULL,http://192.168.150.6/Libol50/search/detail.asp?ID=32648&style=marc
5212,Hệ thống cung cấp điện,Nguyễn Xuân Phú ,Khoa học và Kỹ thuật ,,2,0,1,3,NULL,NULL,NULL
5213,Khoa học về nấu ăn,Dịch giả Hà Dũng Minh,PN VN,2022,2,0,1,3,NULL,NULL,NULL
5214,Khóa học nấu ăn tại gia của Gordon Ramsay,dịch giả Trần Phương Thảo,Thế giới,2021,1,0,1,3,NULL,NULL,NULL
5215,Hướng dẫn thiết kế lắp đặt điện theo tiêu chuẩn IEC,,Khoa học và Kỹ thuật ,2018,2,0,1,3,NULL,NULL,http://192.168.150.6/Libol50/search/detail.asp?ID=58667&style=marc
5216,Thức ăn Việt Nam,Triệu Thị Chơi,Tổng hợp Tp. Hồ Chí Minh,,2,0,1,3,NULL,NULL,NULL
5217,"Hệ thống cung cấp điện của xí nghiệp công nghiệp, đô thị và nhà cao tầng /Nguyễn Công Hiền, Nguyễn Mạnh Hoạch","DDC no. :621.319N573-H633, Call no. :221621.319; Mô tả: 430tr.;27cm.",Hà Nội:Khoa học và kỹ thuật,2012,1,5,1,3,Còn sách,NULL,NULL
5218,Phở và các món nước,Bùi Thị Sương,Phụ Nữ ,,2,0,1,3,NULL,NULL,NULL
5219,Tinh hoa món cuốn Việt,Bùi Thị Sương,Phụ nữ,,2,0,1,3,NULL,NULL,NULL
5220,"Vệ sinh và an toàn thực phẩm/Nguyễn Đức Lượng, Phạm Minh Tâm","DDC no. :664.00289N573-L964, Call no. :222664.002 89; Mô tả: 327tr.;21cm.",Tp.Hồ Chí Minh:Đại học Quốc gia,2005,1,142,1,3,Còn sách,NULL,NULL
5221,Giáo trình Thực hành Điều Khiển Lập Trình,Bộ môn Tự động điều khiển ,TP.HCM: Đại học Sư phạm Kỹ thuật TP.HCM ,2016,1,0,1,3,NULL,NULL,NULL
5222,An toàn và vệ sinh thực phẩm ,,Nhà xuất bản Đại học Quốc gia TPHCM,2018,1,0,1,3,NULL,NULL,NULL
5223,Giáo trình Điều Khiển Lập Trình,Bộ môn Tự động điều khiển ,TP.HCM: Đại học Sư phạm Kỹ thuật TP.HCM ,2015,1,0,1,3,NULL,NULL,NULL
5224,Giáo trình Điều Khiển Lập Trình,Bộ môn Tự động điều khiển ,TP.HCM: Đại học Sư phạm Kỹ thuật TP.HCM ,2015,1,0,1,3,NULL,NULL,NULL
5225,ON COOKING A TEXTBOOK OF CULINARY FUNDAMENTALS,Library of Congress,Data,2017,2,0,1,3,NULL,NULL,NULL
5226,Bài giảng Điều khiển lập trình 2,"Nguyễn Tấn Đời, Tạ Văn Phương, Khoa Điện - Điện tử",TP.HCM: Đại học Sư phạm Kỹ thuật TP.HCM ,,2,0,1,3,NULL,NULL,NULL
5227,Automating Manufacturing Systems with PLCs,Hugh Jack,,2005,2,0,1,3,NULL,NULL,NULL
5228,Nghệ Thuật Ẩm Thực Truyền Thống Việt Nam,,Khoa Học Xã Hội,2022,2,0,1,3,NULL,NULL,NULL
5229,Tự động hóa với SIMATIC S7 200,"Phan Minh Xuân, Nguyễn Doãn Phước",Nông nghiệp; Giáo dục,1999; 2000,2,0,1,3,NULL,NULL,NULL
5230,Món Ăn Việt Nam,,Hồng Đức,2020,2,0,1,3,NULL,NULL,NULL
5231,Ăn Cơm Với Cá - 30 Món Cá Ngon Của Người Việt: Bìa Mềm (Sách màu),,Thế Giới,2022,2,0,1,3,NULL,NULL,NULL
5232,"Ăn Chay, Sống Lành (40 Mâm Cơm Thuần Chay Dễ Nấu Giàu Dinh Dưỡng)",,Thế Giới,2021,2,0,1,3,NULL,NULL,NULL
5233,Nấu Ăn Ngon - Các Món Nấu,,Hồng Đức,2018,2,0,1,3,NULL,NULL,NULL
5234,Bài giảng ANDDesign Ver7.6,Hồ Việt Hải ,H: Công ty Công nghệ AND ,2015,1,0,1,3,NULL,NULL,NULL
5235,Thiết Kế Đường ô tô (Tập 2) ,"Nguyễn Xuân Trục, Dương Học Hải, Nguyễn Quang Chiêu ",Hà Nội: Giáo dục ,1993; 2003,2,0,1,3,NULL,NULL,NULL
5236,Giáo trình Hóa học thực phẩm ,"Ngô Xuân Mạnh, Lại Thị Ngọc Hà (ch.b), Vũ Thị Hằng ",Học viện Nông nghiệp,2020,1,0,1,3,NULL,NULL,NULL
5237,Thiết Kế Đường ô tô: Công trình vượt sông (Tập 3) ,Nguyễn Xuân Trục,Hà Nội: Giáo dục ,1998,2,0,1,3,NULL,NULL,NULL
5238,Thiết Kế Đường ô tô (Tập 4) ,Dương Học Hải ,Hà Nội: Giáo dục ,2002,2,0,1,3,NULL,NULL,NULL
5239,Giáo trình Hóa sinh học thực phẩm ,Nguyễn Thị Thu Sang,Đại học quốc gia TP HCM,2017,1,0,1,3,NULL,NULL,NULL
5240,Modifying Flavour in Food,Andrew Taylor and Joanne Hort,Woodhead,2017,2,0,1,3,NULL,NULL,NULL
5241,Nghệ thuật trang trí & cắt tỉa TRÁI CÂY,,Phụ nữ,,2,0,1,3,NULL,NULL,NULL
5242,Nghệ thuật trang trí và cắt tỉa rau củ/Quỳnh Hương ,"DDC no. :745.924Q178-H957, Call no. :745.924221; Mô tả: 118tr.;26cm",H.:Văn hoá Thông tin,2007,1,3,1,3,Còn sách,NULL,NULL
5243,Nghệ thuật trang trí cắt tỉa rau củ & trái cây,Nguyễn Thu Hương,Thời Đại,2014,2,0,1,3,NULL,NULL,NULL
5244,Nghệ thuật trang trí vành dĩa,Tiểu Quỳnh biên dịch,TH Tp.HCM,,1,0,1,3,NULL,NULL,NULL
5245,"Nghệ thuật điêu khắc trên củ, quả/Mai Phương; Tiểu Quỳnh (dịch)","DDC no. :745.924M217-P577, Call no. :745.924221; Mô tả: 64tr.;28cm",Tp. Hồ Chí Minh:Nxb. Tổng hợp Tp. Hồ Chí Minh,2004,1,11,1,3,Còn sách,NULL,NULL
5246,The complete Book of Fruit Carving,Rie Yamada,Nippan IPS,2018,2,0,1,3,NULL,NULL,NULL
5247,Food presentation secrests,Cara Hobday and Jo Denbury,Firefly Books,2010,2,0,1,3,NULL,NULL,NULL
5248,"Consumer Behaviour – Buying, having and being: 13th edition",Michael R. Solomon,Pearson International,2019,1,0,1,3,NULL,NULL,NULL
5249,Consumer Behavior and Marketing Decision Making: Eighth edition,Frank R.Kardes,Prentice Hall Internatinal,2000,1,0,1,3,NULL,NULL,NULL
5250,Kỹ năng Giao tiếp Kinh doanh,Nguyễn Văn Hùng và cộng sự,Kinh tế TP.HCM,2018,1,0,1,3,NULL,NULL,NULL
5251,Giao tiếp trong kinh doanh và cuộc sống,Đoàn Thị Hồng Vân & Kim Ngọc Đạt,Thống kê,2011,1,0,1,3,NULL,NULL,NULL
5252,Giáo trình giao tiếp kinh doanh,Hà Nam Khánh Giao và cộng sự,LĐ – XH,2010,1,0,1,3,NULL,NULL,NULL
5253,DK Essential Managers: Negotiating,"Benoliel, M., & Hua, W",Dorling Kindersley Ltd Publisher,2015,1,0,1,3,NULL,NULL,NULL
5254,Ứng Dụng Autodesk Revit Trong Thiết Kế Công Trình 3D Theo Công Nghệ Bim - Revit Structure Trong Thiết Kế Kết Cấu,Nguyễn Quốc Tới ,Xây dựng ,2018,1,0,1,3,NULL,NULL,NULL
5255,giáo trình môn học Bánh truyền thống Việt Nam,Trần Thị Bích Vân,ĐHSPKT,2005,1,0,1,3,NULL,NULL,NULL
5256,Sustainable Urban Mobility Pathways,HighOliver Lah,Elsevier,2018,1,0,1,3,NULL,NULL,NULL
5257,Giáo trình Bánh Âu-Á,Nguyễn Thị Hồng,trường ĐH SPKT Tp.HCM,2000,1,0,1,3,NULL,NULL,NULL
5258,Bánh Việt truyền thống mùa lể hội,"Hồ Đắc Thiếu Anh, Nguyễn Hồ Tiếu Anh",PN Việt Nam,2021,1,0,1,3,NULL,NULL,NULL
5259,"Thiết kế - thi công giám sát công trình hầm giao thông/Nguyễn Viết Trung, Trần Thu Hằng","DDC no. :624.193N573-T871, Call no. :624.193222; Mô tả: 222tr.;27cm",H.:Xây dựng,2010,1,2,1,3,Còn sách,NULL,NULL
5260,Khoa học về nấu ăn,"Stuart Farrimond, dịch thuật Hà Dũng Minh",Thế Giới,2021,2,0,1,3,NULL,NULL,NULL
5261,Professional Baking,Wayne Gisslen,2022,,2,0,1,3,NULL,NULL,NULL
5262,Bánh cho tiệc trà & Bánh điểm tâm,Đỗ Kim Trung,VH Thông tin,2015,2,0,1,3,NULL,NULL,NULL
5263,Bài giảng thiết kế hầm và Metro ,Chu Viết Bình,TP.HCM: Đại học Giao thông Vận tải ,,2,0,1,3,NULL,NULL,NULL
5264,Nghệ thuật làm Bánh-Mứt-Xôi-Chè,"Kim Hương, Huyền Trâm",TH Đồng Nai,2014,2,0,1,3,NULL,NULL,NULL
5265,Sourdough Bread – Bánh mì men tự nhiên,Quỳn Sourdough,Thế Giới,,2,0,1,3,NULL,NULL,NULL
5266,4 mùa cookies,"Sarah Kieffer, DNA dịch",Thế Giới,2021,2,0,1,3,NULL,NULL,NULL
5267,Tiêu chuẩn 22TCN 262- 2000 - Quy trình khảo sát thiết kế nền đường ô tô đắp trên đất yếu,,,,1,0,1,3,NULL,NULL,NULL
5268,Chè bành dân dã,Lâm Anh Đào,Phụ Nữ,2017,2,0,1,3,NULL,NULL,NULL
5269,Thiết kế và thi công nền đắp trên đất yếu/Nguyễn Quang Chiêu,"DDC no. :624.15N573-C533, Call no. :221624.15; Mô tả: 192tr;27cm",H.:Xây dựng,2004,1,3,1,3,Còn sách,NULL,NULL
5270,Qùa quê giữa phố,"Minh Thanh, Thanh Nguyên",Phụ Nữ,2018,2,0,1,3,NULL,NULL,NULL
5271,The art of Modern CAKE,Heidi Holmon,Yellow Pear Press,2022,2,0,1,3,NULL,NULL,NULL
5272,Công trình trên đất yếu,Trần Quang Hộ,Tp.HCM: Đại học Quốc gia Tp. Hồ Chí Minh,2013,2,0,1,3,NULL,NULL,NULL
5273,ON COOKING A TEXTBOOK OF CULINARY FUNDAMENTALS,Library of Congress ,Data,2017,1,0,1,3,NULL,NULL,NULL
5274,Foundation Analysis and Design,"5th Ed., Joseph E. Bowles",Graw- Hill,1997,2,0,1,3,NULL,NULL,NULL
5275,Phương Pháp Chế Biến 999 Món Ăn Á – Âu,,Công ty sách Panda,2017,2,0,1,3,NULL,NULL,NULL
5276,Cook Korean! Nấu Như Người Hàn,,Thế Giới,2020,2,0,1,3,NULL,NULL,NULL
5277,Những Món Ăn Nhật Dễ Chế Biến,,MỸ THUẬT,2021,2,0,1,3,NULL,NULL,NULL
5278,Nấu Ngon Chuẩn Thái - 90 Công Thức Món Thái Đặc Sắc Chuẩn Vị,,thế giới,2020,2,0,1,3,NULL,NULL,NULL
5279,Giáo trình Tổ chức lao động và kỹ thuật chế biến của bộ phận bếp ,,Trường TH Thương mại Du lịch Hà Nội ,2006,1,0,1,3,NULL,NULL,NULL
5280,bài giảng Quản trị suất ăn Công nghiệp,Hoàng Kim Thạnh,trường ĐH SPKT Tp.HCM,2022,1,0,1,3,NULL,NULL,NULL
5281,Bảng thành phần thực phẩm Việt Nam,Bộ Y tế-Viện Dinh Dưỡng,Y học,2007,2,0,1,3,NULL,NULL,NULL
5282,Catering can be the only saviour to next-gen restaurants,EVENTFAQS Bureau,,2020,1,0,1,3,NULL,NULL,NULL
5283,Quản trị nguồn nhân lực,Trần Kim Dung,Kinh tế TP. HCM.,2015,1,0,1,3,NULL,NULL,NULL
5284,Cooking,Virginia Evans,Express ,2016,1,0,1,3,NULL,NULL,NULL
5285,Hotel and Catering ,Virginia Evans,Express ,2018,1,0,1,3,NULL,NULL,NULL
5286,Năng lượng tái tạo và sự phát triển bền vững ,Nguyễn Thế Bảo,,,1,0,1,3,NULL,NULL,NULL
5287,Food service industries ,Virginia Evans,Express ,2016,1,0,1,3,NULL,NULL,NULL
5288,PROFESSIONAL BAKING,John Wiley & Sons,"Hoboken, New Jersey",2017,1,0,1,3,NULL,NULL,NULL
5289,Phong điện nguồn năng lượng tái tạo cho Việt Nam,"Trần Văn Bình, Nguyễn Thế Việt, Nguyễn Ngọc",Lao Động ,2010,2,0,1,3,NULL,NULL,NULL
5290,Bài giảng về Thực hành Bánh Việt: Tài liệu lưu hành nội bộ,,Trường ĐHSPKT.HCM,,1,0,1,3,NULL,NULL,NULL
5291,Bánh Điểm Tâm (Bánh Bột Mì),,Thời Đại,2021,2,0,1,3,NULL,NULL,NULL
5292,Bánh Tuyệt Ngon Không Cần Lò Nướng,,Phụ Nữ ,2018,2,0,1,3,NULL,NULL,NULL
5293,Món Ngon Xứ Huế,,Phụ Nữ,2019,2,0,1,3,NULL,NULL,NULL
5294,Cách Nấu Xôi Chè 3 Miền,,Phụ Nữ,2014,2,0,1,3,NULL,NULL,NULL
5295,Bánh Việt Truyền Thống Mùa Lễ Hội,,Phụ Nữ Việt Nam,2021,2,0,1,3,NULL,NULL,NULL
5296,bài giảng Trang trí món ăn và tiệc,Lê Mai Kim Chi,trường ĐH SPKT Tp.HCM,2022,1,0,1,3,NULL,NULL,NULL
5297,Giáo trình Bánh Âu-Á,Nguyễn Thị Hồng,trường ĐH SPKT Tp.HCM,2000,1,0,1,3,NULL,NULL,NULL
5298,Giáo trình Bánh Âu-Á,Trần Thị Bích Vân,trường ĐH SPKT Tp.HCM ,2000,1,0,1,3,NULL,NULL,NULL
5299,Professional Baking 8th edition,Wayne Gisslen,,2022,2,0,1,3,NULL,NULL,NULL
5300,Bread 2nd edition,Jeffrey Hamelman,Wiley,2009,2,0,1,3,NULL,NULL,NULL
5301,The modern Baker,Nick Malgieri,DK Publishing,2008,2,0,1,3,NULL,NULL,NULL
5302,Giáo trình Revit Architecture,Nguyễn Văn Thiệp,,2011,1,0,1,3,NULL,NULL,NULL
5303,4 mùa cookies,"Sarah Kieffer, DNA dịch",Thế Giới,2021,2,0,1,3,NULL,NULL,NULL
5304,The art of Modern CAKE,Heidi Holmon,Yellow Pear Press,2022,2,0,1,3,NULL,NULL,NULL
5305,Giáo trình Encape ,Trần Minh Luân,,,1,0,1,3,NULL,NULL,NULL
5306,bài giảng Trang trí món ăn và tiệc,Lê Mai Kim Chi,trường ĐH SPKT Tp.HCM,2022,1,0,1,3,NULL,NULL,NULL
5307,Giáo trình Bánh Âu-Á,Nguyễn Thị Hồng,trường ĐH SPKT Tp.HCM,2000,1,0,1,3,NULL,NULL,NULL
5308,Giáo trình Bánh Âu-Á,Trần Thị Bích Vân,trường ĐH SPKT Tp.HCM,2000,1,0,1,3,NULL,NULL,NULL
5309,Professional Baking 8th edition,Wayne Gisslen,,2022,2,0,1,3,NULL,NULL,NULL
5310,Bread 2nd edition,Jeffrey Hamelman,Wiley,2009,2,0,1,3,NULL,NULL,NULL
5311,The modern Baker,Nick Malgieri,DK Publishing,2008,2,0,1,3,NULL,NULL,NULL
5312,4 mùa cookies,"Sarah Kieffer, DNA dịch",Thế Giới,2021,2,0,1,3,NULL,NULL,NULL
5313,The art of Modern CAKE,Heidi Holmon,Yellow Pear Press,2022,2,0,1,3,NULL,NULL,NULL
5314,Hướng dẫn giải bài tập Hình học họa hình,Văn Đình Thông ,Đại học Kiến Trúc ,,2,0,1,3,NULL,NULL,NULL
5315,Food and Beverage Service,"John Cousins, Suzanne Weekes ",Hodder Education,2020,1,0,1,3,NULL,NULL,NULL
5316,Hướng dẫn giải bài tập Hình học họa hình,Văn Đình Thông ,Đại học Kiến Trúc ,,2,0,1,3,NULL,NULL,NULL
5317,Bài giảng Nghiệp vụ bàn,Nguyễn Thị Thanh Nhân ,2022,,1,0,1,3,NULL,NULL,NULL
5318,Việt Nam văn hoá sử cương,Đào Duy Anh,Hà Nội: Văn hoá Thông tin ,,2,0,1,3,NULL,NULL,NULL
5319,Giáo trình Nghiệp vụ nhà hàng,"Hà Nam Khánh Giao, Nguyễn Văn Bình ",Thống kê.,2015,1,0,1,3,NULL,NULL,NULL
5320,Lịch sử văn hoá Việt Nam truyền thống giản yếu,Nguyễn Thừa Hỷ,Hà Nội: Đại học Quốc gia Hà Nội,2001,2,0,1,3,NULL,NULL,NULL
5321,Training Manual for Food and Beverage Services,Negi Mahendra Singh ,IK Pub,2021,2,0,1,3,NULL,NULL,NULL
5322,Food & Beverage Service Basics: Hotel Management,Dr. Sanjeev Kumar Saxena ,Kindle,2019,2,0,1,3,NULL,NULL,NULL
5323,Văn hóa học – Những lý thuyết Nhân học Văn hóa,"Belik, A.A",Hà Nội: Tạp chí Văn hoá Nghệ thuật,2000,2,0,1,3,NULL,NULL,NULL
5324,F & B service simplified: food and beverage,"Gopi krishna, .vara prasad",K.P. house publications,2020,2,0,1,3,NULL,NULL,NULL
5325,Food and Beverage Service Manual,Matt A. Casado ,Kindle,2012,2,0,1,3,NULL,NULL,NULL
5326,Làng xóm Việt Nam,Toan Ánh,TP.HCM: TP. Hồ Chí Minh ,1999,1,0,1,3,NULL,NULL,NULL
5327,Food and Beverage Services,Jagmohan Negi ,S Chand & Co Ltd,2013,2,0,1,3,NULL,NULL,NULL
5328,Nếp cũ tín ngưỡng Việt Nam ,"Toan Ánh, 2 quyển ",TP.HCM: Trẻ,2005,1,0,1,3,NULL,NULL,NULL
5329,Food and beverage service- an insight,Dr sanjeev saxena ,Kindle,2020,2,0,1,3,NULL,NULL,NULL
5330,Nếp cũ hội hè đình đám ,"Toan Ánh, 2 quyển ",TP.HCM: Trẻ,2005,2,0,1,3,NULL,NULL,NULL
5331,Nếp cũ con người Việt Nam,Toan Ánh,TP.HCM: Trẻ,2005,2,0,1,3,NULL,NULL,NULL
5332,Food and beverage service,R. Singaravelavan ,Oxford university Press,2016,2,0,1,3,NULL,NULL,NULL
5333,Nếp cũ làng xóm Việt Nam,Toan Ánh,TP.HCM: Trẻ,2005,2,0,1,3,NULL,NULL,NULL
5334,Việt Nam phong tục/Phan Kế Bính,"DDC no. :392.3609597P535-B613, Call no. :221392.3609597; Mô tả: 535tr.;19cm",Hà Nội:Văn hóa thông tin,2003,1,2,1,3,Còn sách,NULL,NULL
5335,Bài giảng quản trị tiệc,Nguyễn Thị Thanh Nhân,,2022,1,0,1,3,NULL,NULL,NULL
5336,Lệ làng phép nước,Bùi Xuân Đính,Hà Nội: Pháp lý,1985,2,0,1,3,NULL,NULL,NULL
5337,Người Việt Nam với đạo giáo,Nguyễn Duy Hinh,Hà Nội: Khoa học xã hội ,2003,2,0,1,3,NULL,NULL,NULL
5338,Văn hóa dân gian Việt Nam trong bối cảnh văn hóa Đông Nam Á,Đinh Gia Khánh,Hà Nội: Khoa học xã hội ,1993,2,0,1,3,NULL,NULL,NULL
5339,Lịch sử văn hóa Trung Quốc ,(2 tập),Hà Nội: Văn hóa Thông tin,1999,2,0,1,3,NULL,NULL,NULL
5340,Banquet Management,Isla Williams,Larsen and Keller Education,2018,2,0,1,3,NULL,NULL,NULL
5341,Bản sắc văn hóa Việt Nam,Phan Ngọc,Văn học,2002,2,0,1,3,NULL,NULL,NULL
5342,Một cách tiếp cận văn hóa/Phan Ngọc,"DDC no. :305.89597P535-N569, Call no. :221305.89597; Mô tả: 459tr.;19cm",Hà Nội:Thanh niên,2000,2,1,1,3,Còn sách,NULL,NULL
5343,Dining Room and Banquet Management,"Anthony J. Strianese, Pamela P. Strianese",,1996,2,0,1,3,NULL,NULL,NULL
5344,The Banquet Servers Hand Guide,Euclid Strayhorn ,Kindle,2018,2,0,1,3,NULL,NULL,NULL
5345,Nguồn gốc của văn hóa và tôn giáo – Vật tổ và cấm kỵ,Sigmund Freud,Hà Nội: Đại học Quốc gia Hà Nội,2001,2,0,1,3,NULL,NULL,NULL
5346,The catering a guide to managing a successful business operation,Bruce Mattel ,Culinary Institute of America. 2nd ed. Wiley Inc. USA,2016,2,0,1,3,NULL,NULL,NULL
5347,Đạo Mẫu và các hình thức Shaman trong các tộc người ở Việt Nam và châu Á,Ngô Đức Thịnh ,Hà Nội: Khoa học xã hội ,2004,2,0,1,3,NULL,NULL,NULL
5348,Quản trị dịch vụ ăn uống chuyên nghiệp,"Stephen B. Shiring, Sr ",H: Bách khoa,2018,2,0,1,3,NULL,NULL,NULL
5349,Introduction to Catering: Ingredients for Success,"Stephen B. Shiring, Sr., R. William Bill Jardine, & Richard J. Mills, Jr.","Thomson Learning, USA",2001,1,0,1,3,NULL,NULL,NULL
5350,Catering management.3rd ed,"Scanlon, Nancy Loman","John Wiley & Sons, Inc., Hoboken, New Jersey",2007,1,0,1,3,NULL,NULL,NULL
5351,"Strategic Management: Formulation, Implementation, and Control; 12th edition",John A. Pearce II. Richard B. Robinson,McGrawHill,2011,1,0,1,3,NULL,NULL,NULL
5352,"Strategic Management for Tourism, Hospitality and Events","Evans, N.","Routledge, New York",2015,1,0,1,3,NULL,NULL,NULL
5353,Giáo trình quản trị chiến lược/Ngô Kim Thanh,"DDC no. :658.4012N569-T367, Call no. :221658.4012; Mô tả: 473tr.;24cm",H.:Đại học Kinh tế Quốc dân,2011,1,5,1,3,NULL,NULL,NULL
5354,Food service industries ,Virginia Evans,Express ,2016,1,0,1,3,NULL,NULL,NULL
5355,Giáo trình khai thác và thí nghiệm cầu: Dành cho học viên các trường đại học và cao đẳng chuyên ngành kỹ thuật xây dựng công trình giao thông/ Hoàng Phương Hoa,"DDC no. :624.2H678-H678 , Call no. :222624.2; Mô tả: 302tr.;27cm",H.: Xây dựng,2020,1,7,1,3,Còn sách,NULL,NULL
5356,Hotel and Catering ,Virginia Evans,Express ,2018,1,0,1,3,NULL,NULL,NULL
5357,Restaurant English: A hand-on course for restaurant Professsonals,,Tổng hợp TP.HCM,2010),1,0,1,3,NULL,NULL,NULL
5358,Khai thác đánh giá và sửa chữa đường ôtô - Tập 1,"Trần Đình Bửu, Nguyễn Quang Chiêu, Nguyễn Quang Toản",Đại học & THCN,1984,2,0,1,3,NULL,NULL,NULL
5359,Khai thác đánh giá và sửa chữa đường ôtô - Tập 2,"Trần Đình Bửu, Nguyễn Quang Chiêu, Nguyễn Quang Toản",Đại học & THCN,1984,2,0,1,3,NULL,NULL,NULL
5360,"Khai thác kiểm định gia cố cầu/Nguyễn Ngọc Long, Nguyễn Văn Mợi, Nguyễn Như Khải (ch.b.)","DDC no. :624.2N573-L848, Call no. :624.2222; Mô tả: 123tr.;21cm",H.:Xây dựng,2012,2,2,1,3,Còn sách,NULL,NULL
5361,Strategic Brand management,Kevin Lane Keller,Pearson,2013,1,0,1,3,NULL,NULL,NULL
5362,Khai thác và bảo dưỡng đường,"Nguyễn Minh Khoa, Vũ Hoài Nam",Giao thông vận tải ,2014,2,0,1,3,NULL,NULL,NULL
5363,Tư vấn dự án và tư vấn giám sát thi công xây dựng/ Trịnh Quốc Thắng,"DDC no. :690.22T833-T367, Call no. :223690.22; Mô tả: 262tr.: bảng; 27cm",H.: Xây Dựng,2018,2,6,1,3,Còn sách,NULL,NULL
5364,Quản lý chất lượng công trình xây dựng/ Trần Vinh Vũ ,"DDC no. :624T772-V986, Call no. :624223; Mô tả: 810tr.: minh họa; 27 cm",H.: Xây dựng,2020,1,4,1,3,Còn sách,NULL,NULL
5365,"Quản lý chất lượng công trình xây dựng: kinh nghiệm quốc tế và quy định của Việt Nam/ Bùi Mạnh Hùng, Huỳnh Hàn Phong ","DDC no. :624B932-H936, Call no. :624223; Mô tả: 178tr.: minh họa; 27 cm",H.: Xây dựng,2019,1,4,1,3,Còn sách,NULL,NULL
5366,Managing brands,Sylvie Laforet,Mc. Grawhill high education,2010,1,0,1,3,NULL,NULL,NULL
5367,"Giám sát thi công và nghiệm thu công trình xây dựng: Phần xây dựng/ Bùi Mạnh Hùng, Lê Thanh Huấn, Nguyễn Bá Kế...","DDC no. :690.22G432, Call no. :690.22222; Mô tả: 560tr.: minh họa; 24cm",H: Xây dựng,2013,1,3,1,3,NULL,NULL,NULL
5368,Quản trị thương hiệu,Lê Đăng Lăng,Thống kê,2013,1,0,1,3,NULL,NULL,NULL
5369,"Giám sát thi công và nghiệm thu công trình xây dựng: Phần lắp đặt thiết bị/ Bùi Mạnh Hùng, Nguyễn Đức Toàn","DDC no. :690.22B932-H936, Call no. :690.22223; Mô tả: 367tr.: minh họa; 24cm",H: Xây dựng,2013,1,6,1,3,Còn sách,NULL,NULL
5370,"Thương hiệu với nhà quản lý /Nguyễn Quốc Thịnh, Nguyễn Thành Trung","DDC no. :658.83N573-T443, Call no. :221658.83; Mô tả: 471tr ;24cm",H.:Lao động - Xã hội,2012,1,4,1,3,Còn sách,NULL,NULL
5371,Giám sát thi công và nghiệm thu công trình xây dựng phần Xây dựng,Bùi Mạnh Hùng,Xây dựng ,2013,2,0,1,3,NULL,NULL,NULL
5372,Giáo trình khung đào tạo an toàn lao động - vệ sinh lao động trong ngành xây dựng,"DDC no. :690.0289G434 , Call no. :222690.0289; Mô tả: 347tr.; 24cm",H.:Xây dựng,2021,1,7,1,3,Còn sách,NULL,NULL
5373,"Kỹ thuật và quản lý an toàn trong xây dựng/Lưu Trường Văn, Lê Hoài Long","DDC no. :690.22L975-V217, Call no. :690.22; Mô tả: 312tr;24cm.",Tp.HCM:Đại học quốc gia Tp. Hồ Chí Minh,2007,1,29,1,3,Còn sách,NULL,NULL
5374,Sổ tay xây dựng công trình - Quy chuẩn kỹ thuật quốc gia về An toàn trong thi công xây dựng,Thu Phương,Lao Động ,2021,2,0,1,3,NULL,NULL,NULL
5375,Bài giảng môn Quản trị bar,Phạm Thị Hưng,ĐH Sư phạm Kỹ thuật Tp.HCM ,,1,0,1,3,NULL,NULL,NULL
5376,Introduction to Health and Safety in Construction,"Phil Hughes, Ed Ferrett",Routlegde,2015,2,0,1,3,NULL,NULL,NULL
5377,The Great Cocktail Book: The 150 tastiest Cocktails Paperback,Roza Garov,,2022,2,0,1,3,NULL,NULL,NULL
5378,Construction Safety Management,"Tim Howarth, Paul Watson",Wiley-Blackwell,2008,2,0,1,3,NULL,NULL,NULL
5379,Drink - Kinh Doanh Đồ Uống Tại Thị Trường Việt Nam (Tái bản 2020),Rio Book,Lao động,2020,2,0,1,3,NULL,NULL,NULL
5380,Green Smoothies,Emma Phạm,Thế Giới,2020,2,0,1,3,NULL,NULL,NULL
5381,Câu Chuyện Cocktail - Bartender's Guide,Conor Nguyên,Thanh niên,2020,1,0,1,3,NULL,NULL,NULL
5382,Quản trị bar,Phạm Thị Hưng,ĐH Sư phạm Kỹ thuật Tp.HCM ,,1,0,1,3,NULL,NULL,NULL
5383,"Giáo trình Nguồn dự phòng và hệ thống ATS: dành cho hệ Đại Học, Khối Ngành Công Nghệ",Quyền Huy Ánh,TP.HCM: Đại học Sư phạm Kỹ thuật TP.HCM ,2015,1,0,1,3,NULL,NULL,NULL
5384,Green Smoothies,Emma Phạm,Thế giới,2020,2,0,1,3,NULL,NULL,NULL
5385,Câu Chuyện Cocktail - Bartender's Guide,Conor Nguyên,Thanh niên,2020,1,0,1,3,NULL,NULL,NULL
5386,Kombucha - Tuyệt Đỉnh Thức Uống Lên Men,"Hannah Crum, Alex LaGory",Phụ Nữ Việt Nam,2022,2,0,1,3,NULL,NULL,NULL
5387,Hướng dẫn thiết kế lắp đặt điện theo tiêu chuẩn quốc tế IEC,Phan Thị Thanh Bình và các tác giả khác ,Hà Nội: Khoa học kỹ thuật,2018,1,0,1,3,NULL,NULL,NULL
5388,Kinh Doanh Đồ Uống Tại Thị Trường Việt Nam (Tái bản 2020),Rio Book,Lao động,2020,2,0,1,3,NULL,NULL,NULL
5389,Electrical Wiring Ressidential,Raay C Mullin,Cengage Learning ,2015,2,0,1,3,NULL,NULL,NULL
5390,Khởi nghiệp Tinh gọn - The lean startup,Eric Ries,Tổng hợp TPHCM,2019,1,0,1,3,NULL,NULL,NULL
5391,"Hệ thống quản lý tòa nhà, lý thuyết đại cương và áp dụng thi công thực tế",Mechanical and Electrical Engineering,,,2,0,1,3,NULL,NULL,NULL
5392,Sustainable entrepreneurship,"Gutterman, Alan S",New York: Business Expert,2018,1,0,1,3,NULL,NULL,NULL
5393,Inteligent Buildings and Building Automation ,ShengWei Wang ,,2010,2,0,1,3,NULL,NULL,NULL
5394,Integrated Building Management Systems in Data Central ,Schneider Electric May,,2007,2,0,1,3,NULL,NULL,NULL
5395,Quản trị Khởi nghiệp,Nguyễn Thị Liên Diệp,Hồng Đức,2017,1,0,1,3,NULL,NULL,NULL
5396,Mạng truyền thông công nghiệp,Hoàng Minh Sơn,Khoa học kỹ thuật,2006,2,0,1,3,NULL,NULL,NULL
5397,Nguyên Lý Kế Toán (Lý Thuyết - Bài Tập - Bài Giảng),Nguyễn Thị Loan,Lao Động,2018,1,0,1,3,NULL,NULL,NULL
5398,Điều Hành Nhà Hàng For Dummies,,Công Thương,2022,2,0,1,3,NULL,NULL,NULL
5399,"MHW’s Water Treatment: Principals and Design,","3rd Ed., John C. Crittenden, R. Rhodes Trussell, David W. Hand, Kerry J. Howe and George Tchobanoglous",John Wiley and Sons,2012,2,0,1,3,NULL,NULL,NULL
5400,Xử lý nước cấp sinh hoạt và công nghiệp ,Trịnh Xuân Lai ,Khoa học và Kỹ thuật,2018,2,0,1,3,NULL,NULL,NULL
5401,Theory and Practice of Water and Wastewater Treatment,Ronald L.Droste,John Wiley & Sons,1997,2,0,1,3,NULL,NULL,NULL
5402,Kế Toán Quản Trị,"Ray H Garrison, Eric W Noreen, Peter C Brewer",Tài Chính,2020,2,0,1,3,NULL,NULL,NULL
5403,Quản Trị Dịch Vụ Ăn Uống Chuyên Nghiệp,,TRƯỜNG ĐẠI HỌC FPT,2018,2,0,1,3,NULL,NULL,NULL
5404,Điều Hành Nhà Hàng For Dummies,"Michael Garvey, Andrew G. Dismore, Heather Dismore",Công Thương,2022,1,0,1,3,NULL,NULL,NULL
5405,Tính toán thiết kế các công trình trong hệ thống cấp nước sạch,Trịnh Xuân Lai ,Khoa học và Kỹ thuật,2003,2,0,1,3,NULL,NULL,NULL
5406,Lập Kế Hoạch Kinh Doanh Hiệu Quả,Brian Finch,Thanh Niên,2020,1,0,1,3,NULL,NULL,NULL
5407,"TCXDVN 33: 2006, Cấp nước - Mạng lưới đường ống và công trình, Tiêu chuẩn thiết kế",,,,1,0,1,3,NULL,NULL,NULL
5408,Bài giảng về Thực hành Quản trị tiệc ,"Tài liệu lưu hành nội bộ, Khoa TT&DL",Trường ĐHSPKT.HCM.,2022,1,0,1,3,NULL,NULL,NULL
5409,Quản trị dịch vụ ăn uống chuyên nghiệp,"Stephen B. Shiring, Sr ",H: Bách khoa,2018,2,0,1,3,NULL,NULL,NULL
5410,"Wastewater Engineering, Treatment and reuse","George Tchobanoglous, Franklin L. Burton, H. David Stensel ",Metcalf & Eddy,2004,2,0,1,3,NULL,NULL,NULL
5411,Cẩm Nang Trở Thành Nhà Quản Lý Xuất Sắc,"Martin Manser, Nigel Cumberland, Dr Norma Barry, Di Kamp",Thế Giới,2019,2,0,1,3,NULL,NULL,NULL
5412,Xử lý nước thải sinh hoạt và công nghiệp,Lâm Minh Triết,Metcalf & Eddy,2004,2,0,1,3,NULL,NULL,NULL
5413,Biological Nutrient Removal (BNR) Operation in WWTP,WEF Press,McGraw-Hill,2006,2,0,1,3,NULL,NULL,NULL
5414,bài giảng Quản lý chất lượng DVAU,Nguyễn Văn Nhựt,trường ĐH SPKT Tp.HCM,2020,1,0,1,3,NULL,NULL,NULL
5415,"Air pollution control: a design approach/ C. David Cooper, F.C. Alley","DDC no. :628.53C776, Call no. :628.53223; Mô tả: xvi, 839 p.: ill.; 23 cm.",Long Grove,Ill.: Waveland Press,1,1,1,3,Còn sách,NULL,NULL
5416,Ô nhiễm không khí và xử lý khí thảiTrần Ngọc Chấn/$nT2: $pCơ học về bụi và phương pháp xử lý bụi /,"DDC no. :628.5T772 - C454, Call no. :628.5221; Mô tả: 275 tr. ;27 cm",Hà Nội:Khoa học và Kỹ thuật,2004,1,10,1,3,Còn sách,NULL,NULL
5417,Quản lý dịch vụ,"Judith Hurwitz, Robin Bloor, Marcia Kaufman, Fern Halper",Công Thương,2019,1,0,1,3,NULL,NULL,NULL
5418,Ô nhiễm không khí và xử lý khí thải/ Trần Ngọc Chấn/$nT3:$pLý thuyết tính toán và công nghệ xử lý khí độc hại /,"DDC no. :628.5T772 - C454, Call no. :628.5221; Mô tả: 181 tr. ;27 cm",Hà Nội:Khoa học và Kỹ thuật,2004,1,10,1,3,Còn sách,NULL,NULL
5419,Quality Management in Service organizations,Geory R.Beilharz and Ross L. Chapman,Longman Business &Professional,1994,2,0,1,3,NULL,NULL,NULL
5420,Fundamentals of Air pollution Engineering,Richard C. Flagan và John H. Seinfeld,Prentice-Hall,1998,2,0,1,3,NULL,NULL,NULL
5421,Managing for Quality in the Service sector,Wiliem F.G Mastenbroek,Blackwell,1991,2,0,1,3,NULL,NULL,NULL
5422,Advanced Air and Noise Pollution Control,Lawrence K. Wang,Humana press,2005,2,0,1,3,NULL,NULL,NULL
5423,Global logistic and supply chain management: 3rd edition,"John Mangan, Chandra L. Lalwani",Wiley Ltd,2016,1,0,1,3,NULL,NULL,NULL
5424,Air pollution control technology Handbook,Karl B. Schnelle,CRC Press LLC,2002,2,0,1,3,NULL,NULL,NULL
5425,Quản trị chuỗi cung ứng,"Đinh Bá Hùng Anh, Lê Hữu Hoàng",Kinh tế TP. HCM,2020,1,0,1,3,NULL,NULL,NULL
5426,Solid Waste Engineering,"William A. Worrell et.al., ",USA: Cengage Learning ,,2,0,1,3,NULL,NULL,NULL
5427,Nghệ thuật trang trí món ăn,"Hà Thị Huế, Lê Mai Kim Chi",trường ĐH SPKT Tp.HCM,2022,1,0,1,3,NULL,NULL,NULL
5428,The Food Stylists,Denise Vivaldo with Cindie Flannigan,,2017,2,0,1,3,NULL,NULL,NULL
5429,Handbook of Solid waste management,"2nd Ed., George Tchobanoglous, Frank Kreith",McGRAW-HILL,2002,2,0,1,3,NULL,NULL,NULL
5430,"Waste management practices - Municipal, Hazardous, and Industrial",John Pichtel ,Taylor & Francis Group,2005,2,0,1,3,NULL,NULL,NULL
5431,Quản trị tài chính,Nguyễn Tấn Bình,Tài chính,2022,1,0,1,3,NULL,NULL,NULL
5432,Quản trị tài chính doanh nghiệp,Phạm Quang Trung,Đại học kinh tế quốc Dân ,2012,1,0,1,3,NULL,NULL,NULL
5433,"Event Planning and Management: Principles, Planning and Practice.","Ruth Dowson, David Bassett ",Kogan Page ,2018,1,0,1,3,NULL,NULL,NULL
5434,Bài giảng quản trị sự kiện ,Nguyễn Thị Thanh Nhân,,2022,1,0,1,3,NULL,NULL,NULL
5435,Lập kế hoạch tổ chức sự kiện chuyên nghiệp,"Andrea Driessen, Trần Văn Khánh (Dịch giả) ",Dân Trí,2019,1,0,1,3,NULL,NULL,NULL
5436,Giáo trình Cây xanh đô thị,"Phạm Anh Dũng, Lê Tiến Tâm",Xây dựng ,2013,1,0,1,3,NULL,NULL,NULL
5437,Cơ sở khoa học môi trường,Lưu Đức Hải,Hà Nội: Đại học Quốc gia Hà Nội,2006,2,0,1,3,NULL,NULL,NULL
5438,International event management: bridging the gap between theory and practice,"Hugues Seraphin, Maximiliano Korstanje",Nova Science. New York,2019,2,0,1,3,NULL,NULL,NULL
5439,Cây xanh phát triển và quản lý trong môi trường đô thị,Chế Đình Lý,Nông nghiệp ,1997,2,0,1,3,NULL,NULL,NULL
5440,"Event Management: For Tourism, Cultural, Business and Sporting Events","Lynn Van der Wagen, Lauren White",Cengage Learning Australia,2018,2,0,1,3,NULL,NULL,NULL
5441,Kiến trúc cảnh quan đô thị,Hàn Tấn Ngạn,Hà Nội: Xây dựng,1996,2,0,1,3,NULL,NULL,NULL
5442,The Event Planning Toolkit: Your Guide to Organizing Extraordinary Meetings,Linda Joyce Jones ,Rowman&Littlefield,2020,2,0,1,3,NULL,NULL,NULL
5443,Events Management An Introduction,"Charles Bladen, James Kennell, Emma Abson, Nick Wilde ",Routledge,2017,2,0,1,3,NULL,NULL,NULL
5444,Điều Hành Nhà Hàng For Dummies,"Michael Garvey, Andrew G. Dismore, Heather Dismore",Công Thương,2022,1,0,1,3,NULL,NULL,NULL
5445,Môi trường và con người,Mai Đình Yên,Hà Nội: Giáo dục,2003,2,0,1,3,NULL,NULL,NULL
5446,Lập Kế Hoạch Kinh Doanh Hiệu Quả,Brian Finch,Thanh Niên,2020,1,0,1,3,NULL,NULL,NULL
5447,How Green is the city?,Devuyst.D,Columbia University Press,2001,2,0,1,3,NULL,NULL,NULL
5448,Eco- landscape,"Hazilaniyor, R",,2006,2,0,1,3,NULL,NULL,NULL
5449,Bài giảng về Thực hành Quản trị tiệc,"Tài liệu lưu hành nội bộ, Khoa TT&DL",Trường ĐHSPKT.HCM,2022,1,0,1,3,NULL,NULL,NULL
5450,Quản trị dịch vụ ăn uống chuyên nghiệp,"Stephen B. Shiring, Sr ",H: Bách khoa Hà Nội,2018,2,0,1,3,NULL,NULL,NULL
5451,"Cơ sở âm học kiến trúc: Thiết kế chất lượng âm/ Việt Hà, Nguyễn Ngọc Giả","DDC no. :729.29V666-H111, Call no. :221729.29; Mô tả: 362tr.; 27cm",H: Xây dựng,2011,2,15,1,3,Còn sách,NULL,NULL
5452,Cẩm Nang Trở Thành Nhà Quản Lý Xuất Sắc,"Martin Manser, Nigel Cumberland, Dr Norma Barry, Di Kamp",Thế Giới,2019,2,0,1,3,NULL,NULL,NULL
5453,"Quang học kiến trúc - Chiếu sáng tự nhiên và chiếu sáng nhân tạo:Dùng cho sinh viên ngành kiến trúc, xây dựng, các đơn vị thiết kế ứng dụng thực tế/Việt Hà, Nguyễn Ngọc Giả","DDC no. :729.28V666-H111, Call no. :729.28222; Mô tả: 299tr.;27cm",H:Xây dựng,2011,1,8,1,3,Còn sách,NULL,NULL
5454,Dinh dưỡng học ,Đào Thị Yến,Y học,2020,1,0,1,3,NULL,NULL,NULL
5455,Nhiệt – Khí hậu kiến trúc,"Việt Hà,Nguyễn Ngọc Giả",Xây dựng ,2011,1,0,1,3,NULL,NULL,NULL
5456,Bài giảng về Dinh dưỡng thực phẩm ,"Tài liệu lưu hành nội bộ, Khoa TT&DL, ",Trường ĐHSPKT.HCM,2022,1,0,1,3,NULL,NULL,NULL
5457,Chiếu sáng trong kiến trúc:Thiết kế tạo môi trường ánh sáng tiện nghi và sử dụng ánh sáng năng lượng có hiệu quả/Phạm Đức Nguyên,,Hà Nội:Khoa học và Kỹ thuật;2011,,1,0,1,3,Còn sách,NULL,NULL
5458,Y Học Dinh Dưỡng: Những Điều Bác Sĩ Không Nói Với Bạn,"Ray D. Strand, M.D",Công ty phát hành Omega Plus,2021,2,0,1,3,NULL,NULL,NULL
5459,"Nhiệt và khí hậu kiến trúc/Phạm Ngọc Đặng, Phạm Hải Hà","DDC no. :720.47P534-Đ812, Call no. :222720.47; Mô tả: 328tr.;24cm",H.:Xây dựng,2011,1,2,1,3,Còn sách,NULL,NULL
5460,Deep Nutrition = Dinh Dưỡng Chuyên Sâu,Công ty phát hành: AZ Việt Nam ,Thế Giới,2021,2,0,1,3,NULL,NULL,NULL
5461,"Âm học kiến trúc, âm học đô thị/Phạm Đức Nguyên","DDC no. :729.29P534-N573, Call no. :729.29222; Mô tả: 362tr.;24cm",H:Xây dựng,2011,1,4,1,3,Còn sách,NULL,NULL
5462,Thành phần dinh dưỡng các món ăn đường phố phổ biến,Trần Thị Minh Hạnh,Đại học quốc gia Hồ Chí Minh,2021,2,0,1,3,NULL,NULL,NULL
5463,Điều hành Nhà hàng,"Michael Garvey, Heather Dismore, Andre G.Dismore, Khánh Trang dịch",Công Thương,2022,2,0,1,3,NULL,NULL,NULL
5464,Ánh Sáng kiến trúc,Nguyễn Đình Huấn,,,2,0,1,3,NULL,NULL,NULL
5465,Thiết kế kiến trúc trong điều kiện nóng ẩm – thiết kế chiếu sáng tự nhiên và nhân tạo trong công trình,Phạm Đức Nguyên,,,2,0,1,3,NULL,NULL,NULL
5466,Dịch vụ Khách hàng 5 sao,Michael Heppell,Lao động,2022,2,0,1,3,NULL,NULL,NULL
5467,Kỹ năng mềm dành cho nhà quản lý,"Jaime Roca, Sari Wlde, Diệu Linh dịch",Dân Trí,2019,2,0,1,3,NULL,NULL,NULL
5468,Nghệ thuật phát triển bản thân,Brian Tracy,Phụ Nữ,2019,2,0,1,3,NULL,NULL,NULL
5469,A Concise Introduction to Mixed Methods Research,John W. Creswell,SAGE,2021,1,0,1,3,NULL,NULL,NULL
5470,Tài liệu Hướng dẫn đổ án Quàn trị nhà hàng,Phạm Thị Hưng,ĐH Sư phạm Kỹ thuật Tp.HCM ,,1,0,1,3,NULL,NULL,NULL
5471,"Trang trí hoa, khoa Thời trang & DL","Lê Mai Kim Chi, Nguyễn Ngọc Phước",trường ĐH SPKT Tp.HCM,2020,1,0,1,3,NULL,NULL,NULL
5472,Nghệ thuật cắm hoa cổ điển phương Đông,Bích Ty,Trẻ,2004,1,0,1,3,NULL,NULL,NULL
5473,Nghệ thuật cắm hoa hiện đại phương Tây,Bích Ty,Trẻ,2004,1,0,1,3,NULL,NULL,NULL
5474,Nghệ thuật cắm hoa thực dụng,"Chủ biên Trần Khải Vũ, Trần Huệ Tiên, Quỳnh Hương biên dịch",Thời Đại,2013,2,0,1,3,NULL,NULL,NULL
5475,Nghệ thuật cắm hoa,"Triệu Thị Chơi, Nguyễn Thị Thanh",Phụ Nữ,2005,2,0,1,3,NULL,NULL,NULL
5476,Kiến trúc sinh khí hậu-Thiết kế sinh khí hậu trong kiến trúc Việt Nam,Phạm Đức Nguyên,Xây dựng ,2012,2,0,1,3,NULL,NULL,NULL
5477,Môi trường âm thanh trong công trình kiến trúc/Bùi Vạn Trân,"DDC no. :729.29B932-T772, Call no. :729.29222; Mô tả: 146tr.;27cm",H.:Xây dựng,2009,2,6,1,3,Còn sách,NULL,NULL
5478,Front Office Operation ( Basic) for Hotel Management Students ,Aruna Singh ,Kindle,2022,1,0,1,3,NULL,NULL,NULL
5479,Architectural graphic  standards,"ninth edition, John Ray Hoke, JR, FAIA",The American institute of Architects,,1,0,1,3,NULL,NULL,NULL
5480,Bài giảng Nghiệp vụ lễ tân,Nguyễn Thị Thanh Nhân ,Lưu hành nội bộ,2022,1,0,1,3,NULL,NULL,NULL
5481,Professional Front Office Management,"Robert H. Woods, Jack D. Ninemeier, David K.Hayes and Michele A. Austin ",Pearson,2010,2,0,1,3,NULL,NULL,NULL
5482,Vẽ mĩ thuật: Sách dùng cho sinh viên học ngành kiến trúc/ Lê Đức Lai,"DDC no. :743.8L433-L185, Call no. :743.8221; Mô tả: 119tr.; 27cm",H.: Xây dựng,2020,1,7,1,3,Còn sách,NULL,NULL
5483,Managing Front Office Operations,Michael L. Kasavana ,Pearson,2013,2,0,1,3,NULL,NULL,NULL
5484,Giáo trình cơ sở mỹ thuật dành cho sinh viên kiến trúc tập 1,"Nguyễn Thị Lan Hương, Lê Đức Lai và những người khác ",Xây dựng ,2021,1,0,1,3,NULL,NULL,NULL
5485,"Giáo trình cơ sở mỹ thuật dành cho sinh viên Kiến trúc: Tập 2/ Nguyễn Thị Lan Hương, Lê Đức Lai...","DDC no. :751.40711N573-H957, Call no. :751.40711223; Mô tả: 89tr.; 27cm",H.: Xây Dựng,2019,1,3,1,3,NULL,NULL,NULL
5486,"Giáo trình cơ sở mỹ thuật  dành cho sinh viên Kiến trúc: Tập 3/ Nguyễn Thị Lan Hương, Lê Đức Lai...","DDC no. :751.40711N573-H957, Call no. :751.40711223; Mô tả: 92tr.; 27cm",H.: Xây Dựng,2021,1,3,1,3,NULL,NULL,NULL
5487,Giáo trình dạy vẽ mỹ thuật,Trần Văn Tâm,Đại học Đà Nẵng,2007,2,0,1,3,NULL,NULL,NULL
5488,Giáo trình bố cục,Đàm Luyện,Đại học Sư phạm ,2009,2,0,1,3,NULL,NULL,NULL
5489,Giáo trình hình họa,Triệu Khắc Lễ,Đại học Sư phạm,2008,1,0,1,3,NULL,NULL,NULL
5490,Luật xa gần,Phạm Công Thành,Văn hoá ,2002,2,0,1,3,NULL,NULL,NULL
5491,"Màu sắc và phương pháp vẽ màu /Nguyễn Duy Lẫm, Đặng Thị Bích Ngân","DDC no. :741.01N573-L213, Call no. :221741.01; Mô tả: 107tr :19cm..",Hà Nội:Văn hóa - Thông tin,2007,1,23,1,3,Còn sách,NULL,NULL
5492,Vẽ mĩ thuật: Sách dùng cho sinh viên học ngành kiến trúc/ Lê Đức Lai,"DDC no. :743.8L433-L185, Call no. :743.8221; Mô tả: 119tr.; 27cm",H.: Xây dựng,2020,1,7,1,3,Còn sách,NULL,NULL
5493,Giáo trình cơ sở mỹ thuật dành cho sinh viên kiến trúc tập 1,"Nguyễn Thị Lan Hương, Lê Đức Lai và những người khác",Xây dựng,2021,1,0,1,3,NULL,NULL,NULL
5494,"Giáo trình cơ sở mỹ thuật dành cho sinh viên Kiến trúc: Tập 2/ Nguyễn Thị Lan Hương, Lê Đức Lai...","DDC no. :751.40711N573-H957, Call no. :751.40711223; Mô tả: 89tr.; 27cm",H.: Xây Dựng,2019,1,3,1,3,Còn sách,NULL,NULL
5495,"Giáo trình cơ sở mỹ thuật  dành cho sinh viên Kiến trúc: Tập 3/ Nguyễn Thị Lan Hương, Lê Đức Lai...","DDC no. :751.40711N573-H957, Call no. :751.40711223; Mô tả: 92tr.; 27cm",H.: Xây Dựng,2021,1,3,1,3,NULL,NULL,NULL
5496,"Giáo trình cơ sở mỹ thuật  dành cho sinh viên Kiến trúc: Tập 3/ Nguyễn Thị Lan Hương, Lê Đức Lai...","DDC no. :751.40711N573-H957, Call no. :751.40711223; Mô tả: 92tr.; 27cm",H.: Xây Dựng,2021,1,3,1,3,Còn sách,NULL,NULL
5497,Giáo trình dạy vẽ mỹ thuật,Trần Văn Tâm,Đại học Đà Nẵng,2007,1,0,1,3,NULL,NULL,NULL
5498,Giáo trình bố cục,Đàm Luyện,Đại học Sư phạm ,2009,1,0,1,3,NULL,NULL,NULL
5499,Giáo trình bố cục,Triệu Khắc Lễ,Đại học Sư phạm ,2008,1,0,1,3,NULL,NULL,NULL
5500,Luật xa gần,Phạm Công Thành,Văn hoá ,2002,1,0,1,3,NULL,NULL,NULL
5501,"Màu sắc và phương pháp vẽ màu /Nguyễn Duy Lẫm, Đặng Thị Bích Ngân","DDC no. :741.01N573-L213, Call no. :221741.01; Mô tả: 107tr :19cm..",Hà Nội:Văn hóa - Thông tin,2007,1,23,1,3,Còn sách,NULL,NULL
5502,Vẽ mĩ thuật: Sách dùng cho sinh viên học ngành kiến trúc/ Lê Đức Lai,"DDC no. :743.8L433-L185, Call no. :743.8221; Mô tả: 119tr.; 27cm",H.: Xây dựng,2020,1,7,1,3,Còn sách,NULL,NULL
5503,Giáo trình cơ sở mỹ thuật dành cho sinh viên kiến trúc tập 1,"Nguyễn Thị Lan Hương, Lê Đức Lai và những người khác",Xây dựng,2021,1,0,1,3,NULL,NULL,NULL
5504,"Giáo trình cơ sở mỹ thuật dành cho sinh viên Kiến trúc: Tập 2/ Nguyễn Thị Lan Hương, Lê Đức Lai...","DDC no. :751.40711N573-H957, Call no. :751.40711223; Mô tả: 89tr.; 27cm",H.: Xây Dựng,2019,1,3,1,3,Còn sách,NULL,NULL
5505,"Giáo trình cơ sở mỹ thuật  dành cho sinh viên Kiến trúc: Tập 3/ Nguyễn Thị Lan Hương, Lê Đức Lai...","DDC no. :751.40711N573-H957, Call no. :751.40711223; Mô tả: 92tr.; 27cm",H.: Xây Dựng,2021,1,3,1,3,Còn sách,NULL,NULL
5506,Giáo trình dạy vẽ mỹ thuật,Trần Văn Tâm ,Đại học Đà Nẵng,2007,1,0,1,3,NULL,NULL,NULL
5507,Giáo trình bố cục,Đàm Luyện ,Đại học Sư phạm ,2009,1,0,1,3,NULL,NULL,NULL
5508,Giáo trình hình họa,Triệu Khắc Lễ,Đại học Sư phạm ,2008,1,0,1,3,NULL,NULL,NULL
5509,Luật xa gần,Phạm Công Thành,Văn hoá ,2002,2,0,1,3,NULL,NULL,NULL
5510,"Màu sắc và phương pháp vẽ màu /Nguyễn Duy Lẫm, Đặng Thị Bích Ngân","DDC no. :741.01N573-L213, Call no. :221741.01; Mô tả: 107tr :19cm..",Hà Nội:Văn hóa - Thông tin,2007,2,23,1,3,Còn sách,NULL,NULL
5511,Vẽ mĩ thuật: Sách dùng cho sinh viên học ngành kiến trúc/ Lê Đức Lai,"DDC no. :743.8L433-L185, Call no. :743.8221; Mô tả: 119tr.; 27cm",H.: Xây dựng,2020,1,7,1,3,Còn sách,NULL,NULL
5512,"Giáo trình cơ sở mỹ thuật  dành cho sinh viên Kiến trúc: Tập 3/ Nguyễn Thị Lan Hương, Lê Đức Lai...","DDC no. :751.40711N573-H957, Call no. :751.40711223; Mô tả: 92tr.; 27cm",H.: Xây Dựng,2021,1,3,1,3,Còn sách,NULL,NULL
5513,"Giáo trình cơ sở mỹ thuật dành cho sinh viên Kiến trúc: Tập 2/ Nguyễn Thị Lan Hương, Lê Đức Lai...","DDC no. :751.40711N573-H957, Call no. :751.40711223; Mô tả: 89tr.; 27cm",H.: Xây Dựng,2019,1,3,1,3,Còn sách,NULL,NULL
5514,Giáo trình cơ sở mỹ thuật dành cho sinh viên kiến trúc tập 1,"Nguyễn Thị Lan Hương, Lê Đức Lai và những người khác ",Xây dựng ,2021,1,0,1,3,NULL,NULL,NULL
5515,Giáo trình dạy vẽ mỹ thuật,Trần Văn Tâm,Đại học Đà Nẵng,2007,1,0,1,3,NULL,NULL,NULL
5516,Vẽ mĩ thuật: Sách dùng cho sinh viên học ngành kiến trúc/ Lê Đức Lai,"DDC no. :743.8L433-L185, Call no. :743.8221; Mô tả: 119tr.; 27cm",H.: Xây dựng,2020,1,7,1,3,Còn sách,NULL,NULL
5517,Nội thất & Thiết kế nội thất - Tập 1/ Phạm Đình Việt (ch.b),"DDC no. :729P534-V666, Call no. :729221; Mô tả: 221tr.:minh họa;24cm",H.:Xây dựng,2023,1,4,1,3,Còn sách,NULL,NULL
5518,Nội thất & thiết kế nội thất - Tập 2/ Phạm Đình Việt,"DDC no. :729P534-V666, Call no. :223729; Mô tả: 190tr.; 24cm",H.: Xây dựng,2022,1,7,1,3,Còn sách,NULL,NULL
5519,Vẽ mĩ thuật: Sách dùng cho sinh viên học ngành kiến trúc/ Lê Đức Lai,"DDC no. :743.8L433-L185, Call no. :743.8221; Mô tả: 119tr.; 27cm",H.: Xây dựng,2020,1,7,1,3,Còn sách,NULL,NULL
5520,Nội thất & Thiết kế nội thất - Tập 1/ Phạm Đình Việt (ch.b),"DDC no. :729P534-V666, Call no. :729221; Mô tả: 221tr.:minh họa;24cm",H.:Xây dựng,2023,1,4,1,3,Còn sách,NULL,NULL
5521,Nội thất & thiết kế nội thất - Tập 2/ Phạm Đình Việt,"DDC no. :729P534-V666, Call no. :223729; Mô tả: 190tr.; 24cm",H.: Xây dựng,2022,1,7,1,3,Còn sách,NULL,NULL
5522,Cơ sở tạo hình ,"Lê Huy Văn, Trần Từ Thành ",Mỹ thuật ,2010,1,0,1,3,NULL,NULL,NULL
5523,Giáo trình kế toán tài chính ,TS. Phan Đức Dũng ,Thống Kê,2013,1,0,1,3,NULL,NULL,NULL
5524,Design thị giác ,Nguyễn Luận ,Mỹ thuật,1990,1,0,1,3,NULL,NULL,NULL
5525,Ngôn ngữ của hình và màu sắc ,Nguyễn Quân ,Văn hóa Thông tin ,2006,2,0,1,3,NULL,NULL,NULL
5526,Những nền tảng cơ bản của mỹ thuật ,"Ocvirk, Stinson, Wigg, Bone and Cayton ",Mỹ thuật ,2006,2,0,1,3,NULL,NULL,NULL
5527,Hệ thống thông tin kế toán - tập 3 - bộ môn hệ thống thông tin kế toán,Đại học Kinh tế TPHCM,Thống kê,2011,2,0,1,3,NULL,NULL,NULL
5528,Lịch sử mỹ thuật thế giới,Nguyễn Trân,H: Mỹ thuật ,1993,1,0,1,3,NULL,NULL,NULL
5529,Các dân tộc ở Việt Nam:(Dẫn liệu nhân học- tộc người) /Nguyễn Đình Khoa,"DDC no. :305.89597N573-K45, Call no. :221305.89597; Mô tả: 183tr.;26cm",Hà Nội:Khoa Học Xã Hội,1983,1,1,1,3,Còn sách,NULL,NULL
5530,Hình tượng con người trong nghệ thuật tạo hình truyền thống,Trần Lâm Biền,Mỹ thuật ,1993,2,0,1,3,NULL,NULL,NULL
5531,Tài chính doanh nghiệp căn bản: Lý thuyết & Thực hành quản lý ứng dụng cho các doanh nghiệp Việt Nam,Nguyễn Minh Kiều,Thống Kê,2010,1,0,1,3,NULL,NULL,NULL
5532,"Đồ họa kiến trúc vẽ kỹ thuật kiến trúc - Tập 1/Nguyễn Hữu Trí, Nguyễn Thị Kim Tú","DDC no. :720.22N573-T819, Call no. :720.22222; Mô tả: 179tr.;27cm",H.:Xây Dựng,2021,2,7,1,3,Còn sách,NULL,NULL
5533,"Tài chính doanh nghiệp hiện đại/Trần Ngọc Thơ, Nguyễn Thị Ngọc Trang, Phan Thị Bích Nguyệt, Nguyễn Thị Liên Hoa, Nguyễn Thị Uyên Uyên","DDC no. :658.15T129, Call no. :222658.15; Mô tả: 878tr.;29cm.",Tp.HCM:Thống Kê,2007,2,20,1,3,Còn sách,NULL,NULL
5534,"Giáo trình vẽ kỹ thuật xây dựng:Sách dùng cho các trường đào tạo THCN và dạy nghề/Nguyễn Quang Cự, Nguyễn Mạnh Dũng","DDC no. :604.24N573-C961, Call no. :222604.24; Mô tả: 179tr.;24cm",H.:Giáo dục,2005,1,24,1,3,Còn sách,NULL,NULL
5535,Phương pháp thể  hiện kiến trúc,Đặng Đức Quang,Xây dựng ,2009,2,0,1,3,NULL,NULL,NULL
5536,Tài chính doanh nghiệp hiện đại,"Trần Ngọc Thơ (chủ biên), Nguyễn Thị Ngọc Trang, Phan Thị Bích Nguyệt, Nguyễn Thị Liên Hoa, & Nguyễn Thị Uyên Uyên",Thống Kê,2007,2,0,1,3,NULL,NULL,NULL
5537,"Architectural working drawings,Residential and Commercial Buildings",William P. Spence,John Wiley & Sons,1999,2,0,1,3,NULL,NULL,NULL
5538,Lý thuyết tài chính tiền tệ,"Dương Thị Bình Minh, Sử Đình Thành",Thống Kê,2007,2,0,1,3,NULL,NULL,NULL
5539,"Đồ họa kiến trúc vẽ kỹ thuật kiến trúc - Tập 1/Nguyễn Hữu Trí, Nguyễn Thị Kim Tú","DDC no. :720.22N573-T819, Call no. :720.22222; Mô tả: 179tr.;27cm",H.:Xây Dựng,2021,2,7,1,3,Còn sách,NULL,NULL
5540,"Quản trị tài chính doanh nghiệp: Hệ thống câu hỏi trắc nghiệm, bài tập và đáp án","Vũ Duy Hào, Lưu Thị Hương",Giao thông vận tải,2010,2,0,1,3,NULL,NULL,NULL
5541,Vẽ kỹ thuật xây dựng,"Nguyễn Quang Cự, Đoàn Như Kim",Giáo dục ,2004,2,0,1,3,NULL,NULL,NULL
5542,"Bài tập vẽ kỹ thuật xây dựng:$nT.1/Đặng Văn Cứ, Nguyễn Quang Cự, Đoàn Như Kim","DDC no. :604.24Đ182-C961, Call no. :221604.24; Mô tả: 127tr.;27cm..",Hà Nội:Giáo Dục,2004..,2,10,1,3,Còn sách,NULL,NULL
5543,Kiến trúc nhập môn,Nguyễn Hữu Trí,TP.HCM: Thành phố Hồ Chí Minh ,,2,0,1,3,NULL,NULL,NULL
5544,Nguyên lý thiết kế kiến trúc công trình dân dụng,,TP.HCM: ĐH Kiến Trúc ,,2,0,1,3,NULL,NULL,NULL
5545,Sức bền vật liệu,Đỗ Kiến Quốc và các tác giả,TP.HCM: Đại h,2012,1,0,1,3,NULL,NULL,NULL
5546,Cơ học kết cấu - Tập 1:Hệ tĩnh định/Lều Thọ Trình,"DDC no. :624.171L652-T833, Call no. :221624.171; Mô tả: 219tr.;24cm",H.:Khoa học và kỹ thuật,2010,1,6,1,3,Còn sách,NULL,NULL
5547,Cơ học kết cấu - Tập 2:Hệ siêu tĩnh/Lều Thọ Trình,"DDC no. :624.171L652-T833, Call no. :221624.171; Mô tả: 324tr.;24cm",Hà Nội:Khoa học và kỹ thuật,2010,1,8,1,3,Còn sách,NULL,NULL
5548,Structural analysis,"R.C. Hibbeler, 8th Ed.",Pearson Prentice Hall,2012,2,0,1,3,NULL,NULL,NULL
5549,"Bài tập cơ học kết cấu - Tập 1:Hệ tĩnh định/Lều Thọ Trình, Nguyễn Mạnh Yên","DDC no. :624.17076L652-T833, Call no. :221624.17076; Mô tả: 208tr.;24cm",H.:Khoa học và kỹ thuật,2010,2,0,1,3,Còn sách,NULL,NULL
5550,"Bài tập cơ học kết cấu - Tập 2:Hệ siêu tĩnh/Lều Thọ Trình, Nguyễn Mạnh Yên","DDC no. :624.17076L652-T833, Call no. :222624.17076; Mô tả: 283tr.;24cm",H.:Khoa học và kỹ thuật,2012,1,16,1,3,Còn sách,NULL,NULL
5551,Structural mechanics,A. Darkov & V. Kuzhetsove,Mir Pubishers Moscow,1969,2,0,1,3,NULL,NULL,NULL
5552,"Giáo trình Kiểm toán, Bộ môn Kiểm toán, Khoa Kế toán",Đại học Kinh tế Tp.HCM,Thống Kê,2011,1,0,1,3,NULL,NULL,NULL
5553,"Kết cấu bê tông cốt thép: Phần cấu kiện cơ bản/Phan Quang Minh, Ngô Thế Phong, Nguyễn Đình Cống","DDC no. :624.18341P535-M664, Call no. :222624.183 41; Mô tả: 411tr.;24cm.",H.:Khoa học và Kỹ thuật,2013,2,2,1,3,Còn sách,NULL,NULL
5554,"Kết cấu thép cấu kiện cơ bản/Phạm văn Hội, Nguyễn Quang Viên, Phạm Văn Tư,...","DDC no. :624.1821K43, Call no. :222624.182 1; Mô tả: 318tr;27cm",H.:Khoa học và Kỹ thuật,2009,1,5,1,3,Còn sách,NULL,NULL
5555,Design of Reinforced Concrete,"Jack C. McCormac, Russell H. Brown, 9th Ed.",John Wiley & Sons,2014,2,0,1,3,NULL,NULL,NULL
5556,Reinforced Concrete Design to Eurocode 2,"Bill Mosley, John Bungey, Ray Hulse, 6th Ed.",Palgrave Macmillan,2007,2,0,1,3,NULL,NULL,NULL
5557,Design of metal structures,K.K. Mukhanov,University Press of the Pacific,2003,2,0,1,3,NULL,NULL,NULL
5558,Tính toán thực hành cấu kiện bê tông cốt thép theo tiêu chuẩn TCXDVN 356:2005 - Tập 1 ,Nguyễn Đình Cống,Xây dựng ,2008,1,0,1,3,NULL,NULL,NULL
5559,Tính toán thực hành cấu kiện bê tông cốt thép theo tiêu chuẩn TCXDVN 356:2005 - Tập 2,Nguyễn Đình Cống,Xây dựng ,2008,1,0,1,3,NULL,NULL,NULL
5560,Tính toán tiết diện cột bê tông cốt thép,Nguyễn Đình Cống,Xây dựng ,2005,2,0,1,3,NULL,NULL,NULL
5561,Principles of Auding,"Whittington, O.R., Pany, K., McGraw-Hill",,2001,2,0,1,3,NULL,NULL,NULL
5562,Bài tập thiết kế Kết cấu thép,Trần Thị Thôn,TP.HCM: Đại học Bách Khoa,2013,2,0,1,3,NULL,NULL,NULL
5563,Auditing: An Integrated Approach,"Arens, A.A. và Locbbecke, J.K., Prentice-Hall",,1997,2,0,1,3,NULL,NULL,NULL
5564,"1.	TCXDVN 5574: 2012, Kết cấu bê tông và bê tông cốt thép – Tiêu chuẩn thiết kế",,,,1,0,1,3,NULL,NULL,NULL
5565,"TCXDVN 5575: 2012, Kết cấu thép – Tiêu chuẩn thiết kế",,,,2,0,1,3,NULL,NULL,NULL
5566,"TCXDVN 5574: 2012, Kết cấu bê tông và bê tông cốt thép – Tiêu chuẩn thiết kế",,,,2,0,1,3,NULL,NULL,NULL
5567,"TCXD 2737: 1995, Tải trọng và tác động – Tiêu chuẩn thiết kế",,,,2,0,1,3,NULL,NULL,NULL
5568,Auditing and Assurance Services in Australia,"Gay, G. và Simnett, R., McGraw-Hill",,2001,2,0,1,3,NULL,NULL,NULL
5569,Cơ sở tạo hình kiến trúc ,"Nguyễn Ngọc Giá, Võ Đình Diệp",Xây dựng ,2008,1,0,1,3,NULL,NULL,NULL
5570,Giáo trình bố cục 1,Đàm Luyện,Đại học sư phạm,2004,1,0,1,3,NULL,NULL,NULL
5571,Giáo trình bố cục 2,Đàm Luyện,Đại học sư phạm,2004,1,0,1,3,NULL,NULL,NULL
5572,Modern Auditing,"Gill, G.S., Cosserat, G., Leung, P. và Coram, P., John Wiley & Son",,1999,2,0,1,3,NULL,NULL,NULL
5573,Kiểm toán (Auditing),"Alvin A.Arens & James K.Loebbecke – Dịch và biên soạn Phạm Văn Dược, Đặng Kim Cương",Thống kê,2009,2,0,1,3,NULL,NULL,NULL
5574,Cơ sở tạo hình kiến trúc ,"Nguyễn Ngọc Giá, Võ Đình Diệp",Xây dựng ,2008,2,0,1,3,NULL,NULL,NULL
5575,Giáo trình bố cục 1,Đàm Luyện ,Đại học Sư phạm,2004,1,0,1,3,NULL,NULL,NULL
5576,Giáo trình bố cục 2,Đàm Luyện ,Đại học Sư phạm,2004,1,0,1,3,NULL,NULL,NULL
5577,Giáo trình Kế toán Ngân hàng,TS Trương Thị Hồng,Tài chính,2016,1,0,1,3,NULL,NULL,NULL
5578,Giáo trình Kế toán Ngân hàng,TS Trương Thị Hồng,Tài chính,2016,1,0,1,3,NULL,NULL,NULL
5579,Kế toán ngân hàng,Lê Thị Kim Liên,Đại học Huế,2016,2,0,1,3,NULL,NULL,NULL
5580,Nguyên lý thiết kế kiến trúc ,Tạ Trường Xuân ,Xây dựng ,1999,1,0,1,3,NULL,NULL,NULL
5581,Lý thuyết Kế toán Ngân hàng,"Ths Lê Thị Hồng Hoa, Ths Nguyễn Thị Loan",Học viện Ngân hàng,,2,0,1,3,NULL,NULL,NULL
5582,Kiến trúc nhà ở: Giáo trình đào tạo kiến trúc sư/ Nguyễn Đức Thiềm,"DDC no. :690.21N573-T433, Call no. :221690.21; Mô tả: 304tr; 27cm",H.: Xây dựng,2022,1,7,1,3,Còn sách,NULL,NULL
5583,202 sơ đồ kế toán ngân hàng,TsS Trương Thị Hồng,Tài chính,2009,2,0,1,3,NULL,NULL,NULL
5584,Bộ Tiêu chuẩn xây dựng Việt Nam (TCXNVN) ,14 tập,,,2,0,1,3,NULL,NULL,NULL
5585,Bộ Quy chuẩn xây dựng Việt Nam (QCXDVN) ,3 tập,,,2,0,1,3,NULL,NULL,NULL
5586,"Luật xây dựng: Sửa đổi, bổ sung năm 2020/ Bộ Xây dựng","DDC no. :343.597078L926, Call no. :223343.597 078 ; Mô tả: 81tr.; 21cm",H. : Xây Dựng,2020,1,7,1,3,Còn sách,NULL,NULL
5587,Giáo trình phân tích hoạt động kinh doanh,"Trần Thụy Ái Phương, Nguyễn Thị Châu Long",Đại học quốc gia TPHCM,2019,1,0,1,3,NULL,NULL,NULL
5588,Luật nhà ở,"DDC no. :346.597043L926, Call no. :346.597043222; Mô tả: 131tr.;19cm",H.:Tư Pháp,2007,1,1,1,3,Còn sách,NULL,NULL
5589,Luật quy hoạch đô thị hiệu lực 01 - 01 -2010,"DDC no. :346.597045L926, Call no. :346.597045222; Mô tả: 62tr.;19cm",H.:Giao thông Vận tải,2009,1,2,1,3,Còn sách,NULL,NULL
5590,Tiêu chuẩn thiết kế nhà ở cao tầng TCXDVN 323-2004.,,,,1,0,1,3,NULL,NULL,NULL
5591,Nguyên lý thiết kế kiến trúc nội thất,Nguyễn Hoàng Liên ,Hà Nội,2004,2,0,1,3,NULL,NULL,NULL
5592,"Kinh tế học về Tiền, Ngân hàng và Thị trường tài chính","Mishkin, Phạm Trần Trung dịch",Tài chính,2020,2,0,1,3,NULL,NULL,NULL
5593,Lý thuyết kiến trúc,Nguyễn Mạnh Thu ,Xây dựng,2009,2,0,1,3,NULL,NULL,NULL
5594,Introduction to architecture,"Ching, Francis D.K ",Wiley,2012,2,0,1,3,NULL,NULL,NULL
5595,Architects’data,"Neufert, Ernst ",Wiley-Blackwell,2012,2,0,1,3,NULL,NULL,NULL
5596,Nguyên lý nghiệp vụ Ngân hàng thương mại,Nguyễn Văn Tiến,Thống Kê,2020,2,0,1,3,NULL,NULL,NULL
5597,Thiết kế nội thất,Francis D.K.Ching ,Xây dựng ,2015,2,0,1,3,NULL,NULL,NULL
5598,Fundamentals of commercial Banking,Kent S.Belasco,Cogrulla Academic Publishing,2021,2,0,1,3,NULL,NULL,NULL
5599,Modern Commercial Banking,H.R. Machiraju,Age International Limited Publishing,2020,2,0,1,3,NULL,NULL,NULL
5600,Modern Commercial Banking,H.R. Machiraju,Age International Limited Publishing,2020,2,0,1,3,NULL,NULL,NULL
5601,Công nghệ sản xuất ván nhân tạo: Tập 1 (Bài giảng dành cho sinh viên ngành Chế biến lâm sản),"Võ Thành Minh, Trần Ngọc Thiệp","Trường Đại học Lâm nghiệp, Hà Tây (cũ)",1993,2,0,1,3,NULL,NULL,NULL
5602,The Principles of Banking,Moorad Choudhry,Widley Publishing,2010,2,0,1,3,NULL,NULL,NULL
5603,Kiến trúc cảnh quan đô thị,Hàn Tấn Ngạn,Hà Nội: Xây Dựng,1993,1,0,1,3,NULL,NULL,NULL
5604,Pháp luật kinh tế,Nguyễn Thị Dung,Lao động,2020,1,0,1,3,NULL,NULL,NULL
5605,Landscape Architecture,Simonds John Orsbee ,New York: Mc Graw-Hill,1997,2,0,1,3,NULL,NULL,NULL
5606,From Concept To Form in Landscape Design,Grant W. Reid ,Van Nostrand Reinhold,,2,0,1,3,NULL,NULL,NULL
5607,Giáo trình chủ thể kinh doanh,Đại học Luật TPHCM,Hồng Đức,2021,1,0,1,3,NULL,NULL,NULL
5608,"Giáo trình pháp luật thương mại, hàng hóa và dịch vụ",Đại học Luật TPHCM,Hồng Đức,2021,1,0,1,3,NULL,NULL,NULL
5609,Time Saver Standards for Urban Design,"Donald Watson, Alan Plattus, Robert Shibley",New York: McGraw-Hill,2011,2,0,1,3,NULL,NULL,NULL
5610,Tài chính doanh nghiệp căn bản: Lý thuyết & Thực hành quản lý ứng dụng cho các doanh nghiệp Việt Nam,Nguyễn Minh Kiều,Thống kê,2010,1,0,1,3,NULL,NULL,NULL
5611,Xu hướng mới kiến trúc - đô thị thế giới và Việt Nam thời hội nhập/Nguyễn Hữu Thái,"DDC no. :720N573-T364, Call no. :720222; Mô tả: 328tr.;21cm",H.:Xây dựng,2003,2,2,1,3,Còn sách,NULL,NULL
5612,"Tài chính doanh nghiệp hiện đại/Trần Ngọc Thơ, Nguyễn Thị Ngọc Trang, Phan Thị Bích Nguyệt, Nguyễn Thị Liên Hoa, Nguyễn Thị Uyên Uyên","DDC no. :658.15T129, Call no. :222658.15; Mô tả: 878tr.;29cm.",Tp.HCM:Thống Kê,2007,2,20,1,3,Còn sách,NULL,NULL
5613,Lý thuyết tài chính tiền tệ,"Dương Thị Bình Minh, Sử Đình Thành",Thống Kê,2007,2,0,1,3,NULL,NULL,NULL
5614,"Giáo trình lịch sử nghệ thuật T. 2:Từ chủ nghĩa ấn tượng đến cuối thế kỷ XX/Đặng Thái Hoàng, Nguyễn Văn Đỉnh (Đồng ch.b.); Nguyễn Đình Thi,...","DDC no. :709Đ182-H678, Call no. :709221; Mô tả: 258tr.;27cm",H.:Xây dựng,2007,1,5,1,3,Còn sách,NULL,NULL
5615,Kiến trúc Phương Tây,Lê Thanh Sơn,Trẻ,2002,2,0,1,3,NULL,NULL,NULL
5616,"Quản trị tài chính doanh nghiệp: Hệ thống câu hỏi trắc nghiệm, bài tập và đáp án",Vũ Duy Hào &  Lưu Thị Hương,Giao thông vận tải,2010,2,0,1,3,NULL,NULL,NULL
5617,A history of Architecture,Fletcher Banister,,,2,0,1,3,NULL,NULL,NULL
5618,Văn hoá và kiến trúc phương Đông,Đặng Thái Hoàng,Hà Nội: Xây dựng ,2012,2,0,1,3,NULL,NULL,NULL
5619,Lịch sử kiến trúc Việt Nam,Hội kiến trúc sư Việt Nam,Hà Nội: Khoa học Kỹ thuật ,2015,2,0,1,3,NULL,NULL,NULL
5620,Kiến trúc cổ Việt Nam,Vũ Tam Lang,Hà Nội: Xây dựng  ,1991,2,0,1,3,NULL,NULL,NULL
5621,Đặc sắc đô thị phương đông:Mở đầu: Những chiều sâu văn hóa đô thị. Đô thị truyền thống Trung Quốc. Đặc sắc đô thị Nhật Bản. Kiến trúc Thái Lan và thủ đô Bangkok. Nét riêng đô thị Việt Nam/Trần Hùng,"DDC no. :720.95T772-H936, Call no. :222720.95; Mô tả: 270tr.;24cm",H:Xây dựng,2011,2,10,1,3,Còn sách,NULL,NULL
5622,"Thiết bị kỹ thuật trong kiến trúc công trình/Phạm Việt Anh, Nguyễn Lan Anh","DDC no. :692.3P534-A596, Call no. :221692.3; Mô tả: 197tr.;27cm",H.:Xây dựng,2005,1,9,1,3,Còn sách,NULL,NULL
5623,Buiding Construction illustrated,"3rd Ed., D. K. Francis",Wiley& Son INC,,2,0,1,3,NULL,NULL,NULL
5624,Tuyển tập Tiêu chuẩn xây dựng Việt nam,Bộ Xây dựng,Hà Nội: Xây dựng,2005,2,0,1,3,NULL,NULL,NULL
5625,Interior graphic and design standards,R. S. Reznikof,Hà Nội: Whitney library of design,,2,0,1,3,NULL,NULL,NULL
5626,Architectural graphic standards: 9th Ed.,"John Ray Hoke, JR, FAIA",The American institute of Architects,,2,0,1,3,NULL,NULL,NULL
5627,Interior graphic and design standards,R. S. Reznikof,New York: Whitney library of design,,2,0,1,3,NULL,NULL,NULL
5628,"Kiến trúc công trình công cộng - Tập 1/ Nguyễn Việt Châu, Nguyễn Hồng Thục","DDC no. :725 N573-C496, Call no. :725223; Mô tả: 304tr.;31cm",H.:Xây dựng,2017,1,7,1,3,Còn sách,NULL,NULL
5629,Tiêu chuẩn xây dựng Việt Nam 276: Công trình công cộng - Nguyên tắc cơ bản để thiết kế; Có hiệu lực từ 2003,"DDC no. :690.525T564, Call no. :221; Mô tả: 25tr.. 30cm..",Hà Nội:,2003,1,1,1,3,Còn sách,NULL,NULL
5630,Architects’ data,Enst và Peter Neufert,,2006,2,0,1,3,NULL,NULL,NULL
5631,Nguyên lý thiết kế kiến trúc công trình dân dụng,,TP.HCM: ĐH Kiến Trúc ,,2,0,1,3,NULL,NULL,NULL
5632,Quy hoạch xây dựng và phát triển đô thị,Nguyễn Thế Bá,Hà Nội: Xây Dựng,2004,2,0,1,3,NULL,NULL,NULL
5633,Thiết kế Kiến trúc – Dân dụng,Nguyễn Đức Thiềm,Hà Nội: Xây Dựng,2000,2,0,1,3,NULL,NULL,NULL
5634,Kiến trúc công trình Công cộng,Nguyễn Viết Châu,Hà Nội: Xây Dựng,2005,2,0,1,3,NULL,NULL,NULL
5635,"bài giảng Đồ họa ứng dụng chuyên ngành, khoa Thời trang & Du lịch",ThS Lê Mai Kim Chi,Đại học Sư phạm Kỹ thuật TPHCM,2022,1,0,1,3,NULL,NULL,NULL
5636,Kiến trúc nhà ở,Đặng Thái Hoàng,Hà Nội: Xây Dựng,1996,2,0,1,3,NULL,NULL,NULL
5637,Nguyên lý thiết kế kiến trúc công trình dân dụng,,TP.HCM: ĐH Kiến Trúc ,,2,0,1,3,NULL,NULL,NULL
5638,Nội thất kiến trúc,Đặng Thái Hoàng,Xây dựng  ,1994,2,0,1,3,NULL,NULL,NULL
5639,Architects’ data,Enst và Peter Neufert,,2006,2,0,1,3,NULL,NULL,NULL
5640,Graphics,Kee Agency,Thanh Niên,2018,2,0,1,3,NULL,NULL,NULL
5641,Mẫu nhà dân tự xây/Viện Nghiên Cứu Kiến Trúc,"DDC no. :728.3M447, Call no. :222728.3; Mô tả: 272tr.;31cm",H:Xây dựng,2011,1,8,1,3,Còn sách,NULL,NULL
5642,Architects’ handbook,Quentin Pickard,Blackwell Science,2002,2,0,1,3,NULL,NULL,NULL
5643,Visual Thinking - Tư duy hình ảnh,"Willemien Brand, người dịch Lê Đỗ Như Quỳnh",Hồng Đức,2019,2,0,1,3,NULL,NULL,NULL
5644,Thiết kế kiến trúc nhà ở dân dụng,"Nguyễn Đức Thiềm, Trần Bút",Xây dựng,2000,1,0,1,3,NULL,NULL,NULL
5645,Kiến trúc công trình công cộng,"Nguyễn Việt Châu, Nguyễn Thúc Hoàng",Hà Nội: Xây dựng,2005,1,0,1,3,NULL,NULL,NULL
5646,Dữ liệu kiến trúc sư,Ernst Neufert,Thống kê,2010,2,0,1,3,NULL,NULL,NULL
5647,Introduction to tourism,Shailja Sharma ,,2021,1,0,1,3,NULL,NULL,NULL
5648,Thiết kế kiền trúc nhà ở và nhà thương mại,Thomas Obermeyer,Giáo dục,2005,2,0,1,3,NULL,NULL,NULL
5649,Tư duy và tổ hợp kiến trúc/Đặng Thái Hoàng ( Sưu tầm và giới thiệu ),"DDC no. :720T883, Call no. :222720; Mô tả: 207tr.;24cm",Hà Nội:Xây dựng,2012,2,2,1,3,Còn sách,NULL,NULL
5650,Ngôn ngữ và hình thức kiến trúc,Đặng Thái Hoàng,Hà Nội: Xây Dựng,2004,2,0,1,3,NULL,NULL,NULL
5651,Architects’ Data,Enst và Peter Neufert,,2006,2,0,1,3,NULL,NULL,NULL
5652,Nguyên Lý Thiết Kế Kiến Trúc Công Trình Dân Dụng,,TP.HCM: ĐH Kiến Trúc ,,2,0,1,3,NULL,NULL,NULL
5653,"Kiến trúc công trình công cộng - Tập 1/ Nguyễn Việt Châu, Nguyễn Hồng Thục","DDC no. :725 N573-C496, Call no. :725223; Mô tả: 304tr.;31cm",H.:Xây dựng,2017,2,7,1,3,NULL,NULL,NULL
5654,Tiêu chuẩn xây dựng Việt Nam 276: Công trình công cộng - Nguyên tắc cơ bản để thiết kế; Có hiệu lực từ 2003,"DDC no. :690.525T564, Call no. :221; Mô tả: 25tr.. 30cm..",Hà Nội:,2003,1,1,1,3,Còn sách,NULL,NULL
5655, Bản sắc văn hóa Việt Nam,,Trí Việt,2019,1,0,1,3,NULL,NULL,NULL
5656,Bài giảng về Văn hóa ẩm thực,"Khoa TT&DL, Trường ĐHSPKT.HCM",,2018,1,0,1,3,NULL,NULL,NULL
5657,Khám phá ẩm thực truyền thống Việt Nam,Công ty cổ phần tri thức văn hóa sách Việt Nam,,2019,2,0,1,3,NULL,NULL,NULL
5658,Bài giảng môn Nguyên liệu thực phẩm,ThS Phạm Thị Hưng,Đại học Sư phạm Kỹ thuật TPHCM,,1,0,1,3,NULL,NULL,NULL
5659,Các bệnh thiếu dinh dưỡng và sức khỏe cộng đồng ở Việt Nam,Hà Huy Khôi & Từ Giấy,Y học Hà Nội,1994,2,0,1,3,NULL,NULL,NULL
5660,Kiến trúc cảnh quan đô thị,Hàn Tấn Ngạn,Hà Nội: Xây Dựng,1996,1,0,1,3,NULL,NULL,NULL
5661,Vitamin và khoáng chất,Seung Nam Lee,Công Thương,2019,2,0,1,3,NULL,NULL,NULL
5662,Tổ chức và quản lý môi trường cảnh quan đô thị,Nguyễn Thị Thanh Thủy,Hà Nội: Xây Dựng,1997,1,0,1,3,NULL,NULL,NULL
5663,Từ những góc nhìn về kiến trúc cảnh quan đô thị,Lưu Thị Hải,TP.HCM: Văn nghệ,2005,1,0,1,3,NULL,NULL,NULL
5664,Landscape architecture,Simonds John Orsbee,New York: McGraw-Hill,1997,2,0,1,3,NULL,NULL,NULL
5665,"How to be a Conscious eater: making food choices that are good for you, others and the planet paperback",Sophie Egan,,2020,2,0,1,3,NULL,NULL,NULL
5666,Xu hướng mới kiến trúc - đô thị thế giới và Việt Nam thời hội nhập/Nguyễn Hữu Thái,"DDC no. :720N573-T364, Call no. :720222; Mô tả: 328tr.;21cm",H.:Xây dựng,2003,2,2,1,3,Còn sách,NULL,NULL
5667,Dictionnaire Historique de l’Art des Jardins,Merlin Pierre et Choay,Hazan Public,1999,2,0,1,3,NULL,NULL,NULL
5668,"A Pocket Guide to Sustainable Food Shopping: How to Navigate the Grocery Store, Read Labels, and Help Save the Planet Paperback",Kate Bratskeir,,2021,2,0,1,3,NULL,NULL,NULL
5669,"L’art des jardins dans les pays siniss: Chine, Japon, Core, Viet Nam",Vandermeersch Lon,Saint Denis: Press Universitaire de Vincennes,2000,2,0,1,3,NULL,NULL,NULL
5670,Etre humain sur la terre,Berque Augustin,France: Gallimard Public,1996,2,0,1,3,NULL,NULL,NULL
5671,Kiến trúc cảnh quan đô thị,Hàn Tấn Ngạn,Hà Nội: Xây Dựng ,1996,1,0,1,3,NULL,NULL,NULL
5672,Tổ chức và quản lý môi trường cảnh quan đô thị,Nguyễn Thị Thanh Thủy,Hà Nội: Xây Dựng ,1997,1,0,1,3,NULL,NULL,NULL
5673,Từ những góc nhìn về kiến trúc cảnh quan đô thị,Lưu Thị Hải,TP.HCM: Văn nghệ,2005,1,0,1,3,NULL,NULL,NULL
5674,Landscape architecture,Simonds John Orsbee,New York: McGraw-Hill,1997,2,0,1,3,NULL,NULL,NULL
5675,Xu hướng mới kiến trúc - đô thị thế giới và Việt Nam thời hội nhập/Nguyễn Hữu Thái,"DDC no. :720N573-T364, Call no. :720222; Mô tả: 328tr.;21cm",H.:Xây dựng,2003,2,2,1,3,Còn sách,NULL,NULL
5676,Dictionnaire Historique de l’Art des Jardins,Merlin Pierre et Choay,Hazan Public,1999,2,0,1,3,NULL,NULL,NULL
5677," L’art des jardins dans les pays siniss: Chine, Japon, Core, Viet Nam",Vandermeersch Lon,Saint Denis: Press Universitaire de Vincennes,2000,2,0,1,3,NULL,NULL,NULL
5678,Etre humain sur la terre,Berque Augustin,France: Gallimard Public,1996,2,0,1,3,NULL,NULL,NULL
5679,Bài giảng Nghiệp vụ Bếp,ThS Lê Mai Kim Chi,Đại học SPKT TPHCM,2020,1,0,1,3,NULL,NULL,NULL
5680,Bài giảng Nghiệp vụ Bếp,ThS Lê Mai Kim Chi,Đại học SPKT TPHCM,2020,1,0,1,3,NULL,NULL,NULL
5681,Giáo trình trắc địa/ Phạm Văn Chuyên,"DDC no. :526.907 P534-C564, Call no. :526.907 223; Mô tả: 198tr.;27cm",H.: Xây dựng,2019,1,4,1,3,NULL,NULL,NULL
5682,Hướng dẫn thực hành trắc địa đại cương/Phạm Văn Chuyên,"DDC no. :526.9P534-C564, Call no. :221526.9; Mô tả: 128tr;27cm",H.:Xây dựng,2005,1,12,1,3,Còn sách,NULL,NULL
5683,Trắc địa xây dựng thực hành/Vũ Thặng,"DDC no. :526.9V986-T367, Call no. :222526.9; Mô tả: 311tr.;24cm",H:Xây dựng,2002,1,2,1,3,Còn sách,NULL,NULL
5684,"Kỹ thuật thi công/ Lê Khánh Toàn, Phan Quang Vinh (ch.b); Đặng Hưng Cầu, Đặng Công Thuật, Đinh Thị Như Thảo","DDC no. :624L433-T627, Call no. :624223; Mô tả: 210tr.: minh họa; 27 cm",H.: Xây dựng,2018,1,4,1,3,Còn sách,NULL,NULL
5685,Sổ tay Trắc địa công trình,"Phạm Văn Chuyên, Lê Văn Hưng, Phan Khang",Xây dựng,2008,2,0,1,3,NULL,NULL,NULL
5686,Nướng sao cho không cháy,BonnieOhara,Phụ nữ Việt Nam,2022,2,0,1,3,NULL,NULL,NULL
5687,"TCVN 9377-2:2012, Công tác hoàn thiện trong xây dựng – Thi công và nghiệm thu – Phần 2: Công tác trát trong xây dựng",,,,1,0,1,3,NULL,NULL,NULL
5688,Nguyên lý thiết kế kiến trúc nhà dân dụng,Nguyễn Đức Thiềm,Khoa Học Kỹ Thuật ,2002,1,0,1,3,NULL,NULL,NULL
5689,Nội thất kiến trúc,Đặng Thái Hoàng,Xây dựng,1994,1,0,1,3,NULL,NULL,NULL
5690,Architects’ Data,Enst và Peter Neufert,,2006,2,0,1,3,NULL,NULL,NULL
5691,Luật xây dựng/ Bộ Xây dựng,"DDC no. :343.597078L926, Call no. :223343.597 078; Mô tả: 168tr.; 21cm",H. : Xây Dựng,2014,2,3,1,3,Còn sách,NULL,NULL
5692,Kiến trúc cảnh quan,Hàn Tất Ngạn,Hà Nội: Xây Dựng,2005,2,0,1,3,NULL,NULL,NULL
5693,Food Chemistry,H.-D. Belitz • W. Grosch • P. Schieberle,,2019,2,0,1,3,NULL,NULL,NULL
5694,Giáo trình Nhiếp ảnh: Tài liệu lưu hành nội bộ ,"Cung Dương Hằng, Văn Thế Nguyên ",TP.HCM: Đại học Mỹ thuật  ,2016,1,0,1,3,NULL,NULL,NULL
5695,Tự học chụp ảnh,LEE Frost; Nhân Văn (dịch) ,TP.HCM: Tổng hợp ,,2,0,1,3,NULL,NULL,NULL
5696,Đường vào nghệ thuật nhiếp ảnh: Tập 1 ,Bùi Minh Sơn ,Khoa Học Kỹ Thuật ,2010,2,0,1,3,NULL,NULL,NULL
5697,Đường vào nghệ thuật nhiếp ảnh: Tập 2,Bùi Minh Sơn ,Khoa Học Kỹ Thuật ,2010,2,0,1,3,NULL,NULL,NULL
5698,150 Workouts For Student Photographers ,Easterby John,Pageone ,2010,2,0,1,3,NULL,NULL,NULL
5699,Basics Creative Photography: Design Principles ,Jeremy Webb,Ava Publishing,2010,2,0,1,3,NULL,NULL,NULL
5700,Complete Digital Photography ,"7th Ed., Ben Long ",,2012,2,0,1,3,NULL,NULL,NULL
5701,Architect's data,"Neufert, Ernst ",Wiley-Blackwell,2012,2,0,1,3,NULL,NULL,NULL
5702,Patternmaking for jacket design,Kristina Shin,Createspace,2010,2,0,1,3,NULL,NULL,NULL
5703,Fashion Sketch,Abling Bina,,,2,0,1,3,NULL,NULL,NULL
5704,Pattern Magic,Tomoko Nakamichi,Laurence King ,2010,2,0,1,3,NULL,NULL,NULL
5705,The art of fashion draping,Connie Amaden-Crawford,Fairchild Books & Visuals,1996,2,0,1,3,NULL,NULL,NULL
5706,Flat pattern cutting and modelling for fashion/Helen Stanley,"DDC no. :646.4072S787, Call no. :222646.4072; Mô tả: viii, 231p.;27cm",Cheltenham:Stanley Thornes,1991,1,1,1,3,Còn sách,NULL,NULL
5707,Jiating Gouzhi Xinkuan,Gouzhixinkuan,,,1,0,1,3,NULL,NULL,NULL
5708,Architectural Inspiration in Fashion Design,Halime Paksoy,Turkey ,2005,2,0,1,3,NULL,NULL,NULL
5709,Research: Seamless Fashion Creation,Frankie Ng.,Hongkong ,,2,0,1,3,NULL,NULL,NULL
5710,Bài giảng môn Thiết kế trang phục thể thao,Nguyễn Thị Hạ Nguyên (chủ biên),TP.HCM: Đại học Sư phạm Kỹ thuật Thành phố Hồ Chí Minh ,2012,2,0,1,3,NULL,NULL,NULL
5711,Giáo trình luật ngân hàng Việt Nam,Đại học Luật Hà Nội,Công an nhân dân,2017,1,0,1,3,NULL,NULL,NULL
5712,Bài giảng Thiết kế thời trang căn bản,"Trần Thị Minh Kiều, Lê Thùy Trang",TP.HCM: Đại học Sư phạm Kỹ thuật Thành phố Hồ Chí Minh ,2019,1,0,1,3,NULL,NULL,NULL
5713,Giáo trình Luật dân sự Việt Nam - tập 1,Đại học Luật Hà Nội,Công an nhân dân,2020,1,0,1,3,NULL,NULL,NULL
5714,The Theory of Fashion Design,Helen L. Brockman,,1965,2,0,1,3,NULL,NULL,NULL
5715,Giáo trình những quy định chung về Luật dân sự,Đại học Luật TPHCM ,Hồng Đức,2020,1,0,1,3,NULL,NULL,NULL
5716,Fashion source: Techincal Design,"Maite Lafuente, Juanjo Navarro, 639 trang",,,2,0,1,3,NULL,NULL,NULL
5717,Fashion Sketch,Abling Bina,,,2,0,1,3,NULL,NULL,NULL
5718,Tủ sách các nhà thiết kế,,NXB Văn hóa văn nghệ,,2,0,1,3,NULL,NULL,NULL
5719,"Giáo trình Pháp luật về tài sản, quyền sở hữu và thừa kế",Đại học Luật TPHCM,Hồng Đức,2020,1,0,1,3,NULL,NULL,NULL
5720,Pháp luật thừa kế ở Việt Nam nhận thức và áp dụng,Phùng Trung Tập,Chính trị quốc gia sự thật,2022,1,0,1,3,NULL,NULL,NULL
5721,"Luật thừa kế Việt Nam, Bản án và Bình luận án ( tập 1 và tập 2)",Đỗ Văn Đại,Hồng Đức,2022,1,0,1,3,NULL,NULL,NULL
5722,The dressmaker’s technique bibe: A complete guide to fashion sewing,"Knight, Lorna ",Singapore,,2,0,1,3,NULL,NULL,NULL
5723,Giáo trình Luật Dân sự Việt Nam -tập 2,Đại học Luật Hà Nội,Công an nhân dân,2017,1,0,1,3,NULL,NULL,NULL
5724,Giáo trình pháp luật hợp đồng và bồi thường thiệt hại ngoài hợp đồng,Đại học Luật TPHCM,Hồng Đức,2019,1,0,1,3,NULL,NULL,NULL
5725,The dressmaker’s technique bibe: A complete guide to fashion sewing,,Singapore,,1,0,1,3,NULL,NULL,NULL
5726,"Luật hợp đồng Việt Nam, Bản án và Bình luận bản án (tập 1 và tập 2)",Đỗ Văn Đại,Chính trị quốc gia sự thật,2020,1,0,1,3,NULL,NULL,NULL
5727,"Luật bồi thường thiệt hại ngoài hợp đồng Việt Nam, Bản án và Bình luận bản án (tập 1 và tập 2)",Đỗ Văn Đại,Hồng Đức,2022,1,0,1,3,NULL,NULL,NULL
5728,Pattern Making for Fashion Design ,"Armstrong, H. J. ","4th Ed., Pearson Education ",2006,2,0,1,3,NULL,NULL,NULL
5729,Giáo trình thiết kế trang phục 1,Nguyễn Phi Phụng ,TP.HCM: Đại học Sư phạm Kỹ thuật Thành phố Hồ Chí Minh ,2005,1,0,1,3,NULL,NULL,NULL
5730,Tài sản thế chấp và xử lý tài sản thế chấp theo quy định của Bộ luật Dân sự,Vũ Thị Hồng Yến,Chính trị quốc gia sự thật,2017,1,0,1,3,NULL,NULL,NULL
5731,Thiết kế trang phục nữ căn bản,Phùng Thị Bích Dung ,TP.HCM: Đại học Sư phạm Kỹ thuật Thành phố Hồ Chí Minh ,2012,1,0,1,3,NULL,NULL,NULL
5732,Pattern Making for Fashion Design,"4th Ed., Armstrong, H. J. ",Pearson Education,2006,2,0,1,3,NULL,NULL,NULL
5733,Giáo trình Luật hình sự Việt Nam - phần chung,Đại học Luật TPHCM,Giáo dục,2018,1,0,1,3,NULL,NULL,NULL
5734,Giáo trình thiết kế trang phục 1,Nguyễn Phi Phụng ,TP.HCM: Đại học Sư phạm Kỹ thuật Thành phố Hồ Chí Minh ,2005,1,0,1,3,NULL,NULL,NULL
5735,Thiết kế trang phục nữ căn bản,Phùng Thị Bích Dung,TP.HCM: Đại học Sư phạm Kỹ thuật Thành phố Hồ Chí Minh ,2012,2,0,1,3,NULL,NULL,NULL
5736,The Dressmaker’s Teachnique Bible,Lorna Knight ,Singapore,2008,2,0,1,3,NULL,NULL,NULL
5737,Giáo trình Luật hình sự Việt Nam- phần chung,ĐH Cảnh sát nhân dân,,2018,2,0,1,3,NULL,NULL,NULL
5738,Bình luận khoa học Bộ luật hình sự,Nguyễn Ngọc Điệp,Thế giới,2017,2,0,1,3,NULL,NULL,NULL
5739,Guide to producing a fashion show,"Judith C. Everett, Kristen K. Swanson; original photography, Chris Everett",New York.: Fairchild Publications,1993,2,0,1,3,NULL,NULL,NULL
5740,Giáo trình Luật hình sự Việt Nam - phần chung,Đại học Luật Thành phố Hồ Chí Minh ,Giáo dục,2018,2,0,1,3,NULL,NULL,NULL
5741,Giáo trình Luật hình sự Việt Nam- phần chung,ĐH Cảnh sát nhân dân ,,2018,2,0,1,3,NULL,NULL,NULL
5742,Bình luận khoa học Bộ luật hình sự,Nguyễn Ngọc Điệp ,Thế giới,2017,2,0,1,3,NULL,NULL,NULL
5743,Bài giảng Trang trí hoa,"Lê Mai Kim Chi, Nguyễn Ngọc Phước",TP.HCM: Đại học Sư phạm Kỹ thuật Thành phố Hồ Chí Minh ,2020,1,0,1,3,NULL,NULL,NULL
5744,Sách dạy trang điểm,Kim Seonjin,TP.HCM: Tổng hợp ,2018,1,0,1,3,NULL,NULL,NULL
5745,The make up manual = Trang điểm tự nhiên,Lisa Potter Dixon,"Ryland Peters&Small, Lao Động ",2021,2,0,1,3,NULL,NULL,NULL
5746,Art & Make up,Lan Nguyen-Grealis,Laurence King Publishing,2015,2,0,1,3,NULL,NULL,NULL
5747,Giáo trình luật môi trường,Đại học Luật Hà Nội,Công an nhân dân,"H: 2017,2019",1,0,1,3,NULL,NULL,NULL
5748,Skincare cho cô nàng bận rộn,Bing Han; Hy Đình dịch,Lao động,2021,2,0,1,3,NULL,NULL,NULL
5749,Chăm sóc thẩm mỹ da,Nhiều tác giả,Văn hoá văn nghệ ,2020,2,0,1,3,NULL,NULL,NULL
5750,"Giáo trình Luật Dân sự 1, 2",Đại học Luật Hà Nội,Công an nhân dân,2012,1,0,1,3,NULL,NULL,NULL
5751,Dưỡng da toàn thư,Anjali Mahto; Phan Linh Chi dịch,,2021,2,0,1,3,NULL,NULL,NULL
5752,Nguyên liệu dệt, Nguyễn Tuấn Anh,TP.HCM: Đại học Sư phạm Kỹ thuật Thành phố Hồ Chí Minh ,,1,0,1,3,NULL,NULL,NULL
5753,Nguyên phụ liệu may, Nguyễn Tuấn Anh,TP.HCM: Đại học Sư phạm Kỹ thuật Thành phố Hồ Chí Minh ,2012,1,0,1,3,NULL,NULL,NULL
5754,Giáo trình luật ngân hàng Việt Nam,Đại học Luật Hà Nội,Công an nhân dân,2017,1,0,1,3,NULL,NULL,NULL
5755,Quá trình hoàn tất vải , Nguyễn Tuấn Anh,TP.HCM: Đại học Sư phạm Kỹ thuật Thành phố Hồ Chí Minh ,2012,1,0,1,3,NULL,NULL,NULL
5756,Nghiệp vụ hành chính văn phòng ,Trần Thị Thu Hương,Tổng hợp TP HCM,2015,2,0,1,3,NULL,NULL,NULL
5757,Fashion Flats and Technical Drawing: Pck Spi Pa edition,"Bina Abling, Felice DaCosta",Fairchild Books,2017,2,0,1,3,NULL,NULL,NULL
5758,"Kỹ thuật soạn thảo và quản lý văn bản / Trần Thị Thu Hương, Phạm Thanh Dũng, Mang Văn Thới","DDC no. :347.597055 T772-H957, Call no. :347.597055 223; Mô tả: 246tr. ; 24cm",Tp. Hồ Chí Minh : Phương đông,2014,1,3,1,3,Còn sách,NULL,NULL
5759,Công tác tổ chức văn phòng và soạn thảo văn bản/Lê Dung,"DDC no. :342.597066P534-D916, Call no. :342.597066222; Mô tả: 538tr.;27cm",H.:Lao động - Xã hội,2008,1,1,1,3,Còn sách,NULL,NULL
5760,Quản Trị Hành Chính văn Phòng,Vương Thị Kim Thanh,Thống kê,2019,2,0,1,3,NULL,NULL,NULL
5761,Trang trí hoa,"Lê Mai Kim Chi, Nguyễn Ngọc Phước",ĐH SPKT TP.HCM,2020,1,0,1,3,NULL,NULL,NULL
5762,Flats: Technical Drawing for Fashion : 2nd Ed.,Basia Szkutnicka,Laurence King Publishing,2017,2,0,1,3,NULL,NULL,NULL
5763,Sách dạy trang điểm,Kim Seonjin,Tổng hợp TP.HCM,2018,1,0,1,3,NULL,NULL,NULL
5764,Fashion sketch book: 2nd Ed. ,Bina Abling,Fairchild  Publications,2012,2,0,1,3,NULL,NULL,NULL
5765,How to draw fashion figure: Essential figure drawing techniques for women’s wear designers,Irina V. Ivanova,Art Design Project ,2019,2,0,1,3,NULL,NULL,NULL
5766,Fashion Sketchbook Figure Template: 430 Large Female Figure Template for Easily Sketching Your Fashion Design Styles and Building Your Portfolio,Lance Derrick,Independently published,2019,2,0,1,3,NULL,NULL,NULL
5767,Giáo trình Kế toán quản trị,"TS. Đoàn Ngọc Quế, ThS Đào Tất Thắng, TS. Lê Đình Trực",Kinh tế TPHCM,2015,2,0,1,3,NULL,NULL,NULL
5768,Phương pháp vẽ người mẫu trong thiết kế thời trang,"DDC no. :745.2P577, Call no. :221745.2; Mô tả: 128tr.;24cm",Hà Nội:Mỹ thuật,2002,2,3,1,3,Còn sách,NULL,NULL
5769,Phương pháp vẽ thiết kế thời trang/Trâu Hải Lam; Dịch giả: Anh Vũ,"DDC no. :746.92P577, Call no. :221746.92; Mô tả: 187tr.;26cm..",Hà Nội:Văn hoá Thông tin,2003,1,3,1,3,Còn sách,NULL,NULL
5770,The make up manual – Trang điểm tự nhiên,Lisa Potter Dixon,"NXB gốc Ryland Peters&Small, NXB Lao động cấp phép",2021,2,0,1,3,NULL,NULL,NULL
5771,Bài giảng Kỹ thuật xử lý chất liệu,Nguyễn Thị Hạ Nguyên,TP.HCM: Đại học Sư phạm Kỹ thuật Thành phố Hồ Chí Minh ,2012,1,0,1,3,NULL,NULL,NULL
5772,Giáo trình Đầu tư quốc tế,Vũ Chí Lộc ,Đại học quốc gia Hà Nội,2012,1,0,1,3,NULL,NULL,NULL
5773,Art & Make up,Lan Nguyen-Grealis,Laurence King ,2015,2,0,1,3,NULL,NULL,NULL
5774,The art of manipulating fabric/Colette Wolff,"DDC no. :646.2W855, Call no. :222646.2; Mô tả: viii, 310p.;28cm",Radnor,Pa.:Chilton Book Co.,1,1,1,3,Còn sách,NULL,NULL
5775,"Nghề thêu rua/Thái Văn Bôn, Nguyễn Thị Hạnh ","DDC no. :746.44T364 - B697, Call no. :221746.44; Mô tả: 136tr.;27cm.",Hà Nội:Giáo Dục,2007,1,16,1,3,Còn sách,NULL,NULL
5776,Promoting and Managing International Investment: Towards an Integrated Policy Approach,"J Anthony VanDuzer, Patrick Leblond ",,2020,2,0,1,3,NULL,NULL,NULL
5777,Kỹ thuật đan móc,Triệu Thị Chơi ,Sở Giáo Dục TP.HCM.,1980,2,0,1,3,NULL,NULL,NULL
5778,Hospitality Information Technology.,Sophea Tieng ,Society,2019,2,0,1,3,NULL,NULL,NULL
5779,Kỹ thuật đan móc len sợi: Thực hành đan móc len sợi ,"Triệu Thị Chơi, Tôn Kim Ngầu, Trần Thị Như",TP.HCM: Tổng hợp ,,2,0,1,3,NULL,NULL,NULL
5780,Đan móc thời trang ,Quỳnh Hương ,TP.HCM: Phụ Nữ,1997,2,0,1,3,NULL,NULL,NULL
5781,Selling and Sales Management: 8th edition,David Jobber and Geoffrey Lancaster,"Financial Times Prentice Hall, Pearson Education",2009,1,0,1,3,NULL,NULL,NULL
5782,Sashiko Traditional Hand Stitching,Ai Takeda ,,2004,2,0,1,3,NULL,NULL,NULL
5783,Beginner’s Guide to Machine Embroidered Landscapes,Alison Holt ,Great Britain: Search Press Needle Crafts,2003,2,0,1,3,NULL,NULL,NULL
5784,The Embroidery Stitch Bible,Betty Barnden,,,2,0,1,3,NULL,NULL,NULL
5785,Giao dịch và đàm phán kinh doanh,Hoàng Đức Thân,Trường đại học Kinh tế Quốc dân,2019,2,0,1,3,NULL,NULL,NULL
5786,Long-Arm Machine Quilting,Carol A. Thelen ,USA: Martingle & Company,2002,2,0,1,3,NULL,NULL,NULL
5787,"Event planning and management: principle, planning and practice",Ruth Dowson and David Basset ,Koganpage,2018,1,0,1,3,NULL,NULL,NULL
5788,The Ultimate Quilting Book,Collins & Brown ,London: Chrysalis Books,1999,2,0,1,3,NULL,NULL,NULL
5789,The Fabric Design Book,"Karin Jerstorp, Eva Kohlmark ",New York: Lark Books,1988,2,0,1,3,NULL,NULL,NULL
5790,Bài giảng Nhập môn ngành QLCN – Khoa Kinh tế,ĐH Sư phạm Kỹ thuật TPHCM ,,,1,0,1,3,NULL,NULL,NULL
5791,International Legal English (A course for classroom or self-study use),"Krois-Linder, Amy & Translegal ",Cambridge University Press,2011,1,0,1,3,NULL,NULL,NULL
5792,Professional English in Use Law,"Gillian D Brown, Sally Rice ",Cambridge University Press,2007,1,0,1,3,NULL,NULL,NULL
5793,English for Law in Higher Education Studies,"Walenn, J. ",,2008,2,0,1,3,NULL,NULL,NULL
5794,English for Legal Professionals,"Andrew Frost, A. ",,2009,2,0,1,3,NULL,NULL,NULL
5795,International Legal English (A course for classroom or self-study use),"Krois-Linder, Amy & Translegal",Cambridge University Press,2011,1,0,1,3,NULL,NULL,NULL
5796,Professional English in Use Law,"Gillian D Brown, Sally Rice ",Cambridge University Press,2007,1,0,1,3,NULL,NULL,NULL
5797,English for Law in Higher Education Studies,"Walenn, J. ",,2008,2,0,1,3,NULL,NULL,NULL
5798,English for Legal Professionals,"Andrew Frost, A. ",,2009,2,0,1,3,NULL,NULL,NULL
5799,Market Leader - Business Law,"Widdowson, R. ",,2010,2,0,1,3,NULL,NULL,NULL
5800,English for Garment Technology: Textbook in HCMUTE,,,,1,0,1,3,NULL,NULL,NULL
5801,English for Garment Technology and Fashion ,,Oxford ,,2,0,1,3,NULL,NULL,NULL
5802,Công nghiệp thời trang,Trần Thanh Hương  ,Tp.HCM:Đại học Quốc gia Tp. Hồ Chí Minh,2015,1,0,1,3,NULL,NULL,NULL
5803,Giáo trình công nghệ sản xuất may:Giáo trình dùng cho sinh viên ngành Công nghệ may/Trần Thanh Hương,"DDC no. :687.04T772-H957, Call no. :223687.04; Mô tả: 205tr.;24cm",Tp. Hồ Chí Minh:Đại học Quốc gia,2014,1,508,1,3,Còn sách,NULL,NULL
5804,Giáo trình Luật thương mại quốc tế,Đại học Luật Hà Nội,Công an nhân dân,2017,1,0,1,3,NULL,NULL,NULL
5805,Pháp luật kinh tế,Nguyễn Thị Dung,Lao động,2020,2,0,1,3,NULL,NULL,NULL
5806,Giáo trình chủ thể kinh doanh,Đại học Luật Thành phố Hồ Chí Minh,Hồng Đức,2021,2,0,1,3,NULL,NULL,NULL
5807,"Giáo trình pháp luật thương mại, hàng hóa và dịch vụ",Đại học Luật Thành phố Hồ Chí Minh,Hồng Đức,2021,2,0,1,3,NULL,NULL,NULL
5808,Luật hành chính Việt Nam,Trường Đại học Luật Hà Nội,Công an nhân dân,H:2018,1,0,1,3,NULL,NULL,NULL
5809,Giáo trình luật hành chính Việt Nam,Trường đại học Luật Thành phố Hồ Chí Minh,Hồng Đức,2018,2,0,1,3,NULL,NULL,NULL
5810,Luật xử lí vi phạm hành chính,,,2012,2,0,1,3,NULL,NULL,NULL
5811,Luật ban hành văn bản quy phạm pháp luật,,,2015,2,0,1,3,NULL,NULL,NULL
5812,Luật khiếu nại ,,,2011,2,0,1,3,NULL,NULL,NULL
5813,Luật tố cáo,,,2018,2,0,1,3,NULL,NULL,NULL
5814,"Luật cán bộ công chức, viên chức ",,,2019,2,0,1,3,NULL,NULL,NULL
5815,Giáo trình Luật So sánh,Đại học Luật Hà Nội,Công an nhân dân,2008,1,0,1,3,NULL,NULL,NULL
5816,Chuẩn bị sản xuất may,Trần Thanh Hương ,TP.HCM: Đại học Quốc gia TP.HCM,2015,1,0,1,3,NULL,NULL,http://192.168.150.6/Libol50/search/detail.asp?ID=51997&style=marc
5817,Những hệ thống pháp luật chính trong thế giới đương đại,Rene David ,Thành phố Hồ Chí Minh ,2003,2,0,1,3,NULL,NULL,NULL
5818,The Fashion System,ROLAND BARTHES; translated by Mathew Ward and Richard Howard,,,2,0,1,3,NULL,NULL,NULL
5819,The Fairchild Dictionary of Fashion: 3rd Ed.,"Calasibetta, Charlotte Mankey, Phyllis Tortora; illustrated by Bina Abling",New York: Fairchild Publications,2003,2,0,1,3,NULL,NULL,NULL
5820,Giáo trình luật tố tụng hình sự Việt Nam,Đại Học Luật Thành phố Hồ Chí Minh ,Giáo dục,2018,1,0,1,3,NULL,NULL,NULL
5821,Fashion Designer Survival Guide: Start and Run Your Own Fashion Business: Rev. and expanded ed,"Gehlhar, Mary",New York : Kaplan,2008,2,0,1,3,NULL,NULL,NULL
5822,Giáo trình Luật  tố tụng hình sự Việt Nam ,Giáo trình Luật  tố tụng hình sự Việt Nam ,,2018,2,0,1,3,NULL,NULL,NULL
5823,Merchandising of Fashion Products,"Kincade, Doris H., Fay Y. Gibson","Upper Saddle River, N.J. : Prentice Hall",2010,2,0,1,3,NULL,NULL,NULL
5824,Designing Clothes : Culture and Organization of the Fashion Industry,"Manlow, Veronica",New Brunswick : Transaction Publishers,2007,2,0,1,3,NULL,NULL,NULL
5825,Giáo trình luật tố tụng dân sự Việt Nam,Đại học Luật Hà Nội,Đại học luật Hà Nội ,2014,1,0,1,3,NULL,NULL,NULL
5826,Giáo trình luật tố tụng dân sự Việt Nam,Đại học Luật Thành phố Hồ Chí Minh,Hồng Đức,2013,1,0,1,3,NULL,NULL,NULL
5827,Fashion Supply Chain Management : Industry and Business Analysis,"Choi, Tsan-Ming ed.","Hershey, PA : Business Science Reference",2012,2,0,1,3,NULL,NULL,NULL
5828,Fashion Sketch,Abling Bina,,,2,0,1,3,NULL,NULL,NULL
5829,"Giáo trình Luật thương mại Việt Nam, tập 1, tập 2",Đại học Luật Hà Nội,Tư pháp,H:2020,1,0,1,3,NULL,NULL,NULL
5830,Pattern Magic,Tomoko Nakamichi,Laurence King Publishing,2010,1,0,1,3,NULL,NULL,NULL
5831,Giáo trình Luật Thương mại Việt Nam (Tập 2),"Nguyễn Viết Tý, Nguyễn Thị Dung",Tư pháp,2020,1,0,1,3,NULL,NULL,NULL
5832,The art of fashion draping,Connie Amaden-Crawford,Fairchild Books & Visuals,1996,2,0,1,3,NULL,NULL,NULL
5833,Flat pattern cutting and modelling for fashion,Helen Stanley,Nelson Thornes,1991,2,0,1,3,NULL,NULL,NULL
5834,"Giáo trình Công pháp quốc tế, (quyển 1,2)", Đại học Luật Thành Phố Hồ Chí Minh,Hồng Đức,2019,1,0,1,3,NULL,NULL,NULL
5835,Giáo trình Luật quốc tế,Đại học Luật Hà Nội,Công an nhân dân,2019,2,0,1,3,NULL,NULL,NULL
5836,Giáo trình Luật quốc tế,Bành Quốc Tuấn,Chính trị quốc gia – Sự thật,2019,2,0,1,3,NULL,NULL,NULL
5837,Fabric dyeing for beginners,Vimala Mc Clure,American Quilter’s Society,,2,0,1,3,NULL,NULL,NULL
5838,Giáo trình tư pháp quốc tế,Đại học Luật Hà Nội ,Tư pháp,2019,1,0,1,3,NULL,NULL,NULL
5839,Jiating Gouzhi Xinkuan,Gouzhixinkuan,,,2,0,1,3,NULL,NULL,NULL
5840,The Fabric & Yarn Dyer’s Handbook,Tracy Kendall,,,2,0,1,3,NULL,NULL,NULL
5841,Giáo trình tư pháp quốc tế,Đại học Luật TPHCM ,Hồng Đức,2019,2,0,1,3,NULL,NULL,NULL
5842,Giáo trình tư pháp quốc tế,Lê Thị Nam Giang ,Đại học Quốc gia TPHCM,2010,2,0,1,3,NULL,NULL,NULL
5843,Architectural Inspiration in Fashion Design,Halime Paksoy,Turkey ,2005,2,0,1,3,NULL,NULL,NULL
5844,Research: Seamless Fashion Creation,Frankie Ng.,Hongkong,,2,0,1,3,NULL,NULL,NULL
5845,Giáo trình hình họa học phần 4,Triệu Khắc Lễ,,,2,0,1,3,NULL,NULL,NULL
5846,Adobe In Design Classroom in a Book,Kelly Kordes Anton & Tina Dejarld,A John Wiley & Sons Publishing Ltd.,2022,1,0,1,3,NULL,NULL,NULL
5847,Typographic Sytems,Kimberly Elam,New York: Princeton Architectural Press,2007,2,0,1,3,NULL,NULL,NULL
5848,Giáo trình Luật thương mại quốc tế,Đại học Luật Hà Nội,Công an nhân dân,2017,1,0,1,3,NULL,NULL,NULL
5849,Thinking With Type,Ellen Lupton,Princeton Architectural Press,2010,2,0,1,3,NULL,NULL,NULL
5850,"Tổ chức nội dung và thiết kế, trình bày báo in",Hà Huy Phượng,Lý luận chính trị ,2006,2,0,1,3,NULL,NULL,NULL
5851,Pháp luật kinh tế,Nguyễn Thị Dung,Lao động,2020,2,0,1,3,NULL,NULL,NULL
5852,Tài liệu học tập Lịch sử trang phục 1,Nguyễn Thị Hạ Nguyên,TP.HCM: Đại học Sư phạm Kỹ thuật TP.HCM ,2012,1,0,1,3,NULL,NULL,NULL
5853,Fashion – The definitive History of costume and style ,Smithsonian,New York: Dorling Kindersley Limited,,1,0,1,3,NULL,NULL,NULL
5854,Ngàn năm áo mũ ,Trần Quang Đức ,Nhã Nam ,2013,2,0,1,3,NULL,NULL,NULL
5855,Giáo trình mỹ thuật trang phục:Sách dùng cho các trường đào tạo hệ Trung học chuyên nghiệp - Cao đẳng - Đại học/Trần Thủy Bình,"DDC no. :687.042T772-B613, Call no. :221687.042; Mô tả: 180tr;24cm",H.:Giáo dục,2009,2,74,1,3,Còn sách,NULL,NULL
5856,Clothing technique,"Hannelore Eberle, Hermann Hermeling, Marianne Hornberger, Dieter Menzer, Werner Ring ",UK,,2,0,1,3,NULL,NULL,NULL
5857,Giáo trình chủ thể kinh doanh,Đại học Luật Thành phố Hồ Chí Minh,Hồng Đức,2021,2,0,1,3,NULL,NULL,NULL
5858,What people wore when ,Melissa Leventon,New York: St. Martin’s Griffin,2008,2,0,1,3,NULL,NULL,NULL
5859,100 Dress The Costume Institute ,The Metropolitan Museum of Art,New York,2010,2,0,1,3,NULL,NULL,NULL
5860,Ngàn năm áo mũ ,Trần Quang Đức ,Nhã Nam ,2013,2,0,1,3,NULL,NULL,NULL
5861,Clothing technique,"Hannelore Eberle, Hermann Hermeling, Marianne Hornberger, Dieter Menzer, Werner Ring ",UK,,2,0,1,3,NULL,NULL,NULL
5862,What people wore when ,Melissa Leventon,New York: St. Martin’s Griffin,2008,2,0,1,3,NULL,NULL,NULL
5863,100 Dress The Costume Institute ,The Metropolitan Museum of Art,New York,2010,2,0,1,3,NULL,NULL,NULL
5864,Giáo trình Luật Lao động,Đại Học Luật Hà Nội,,2018,2,0,1,3,NULL,NULL,NULL
5865,Giáo trình Luật đất đai,Đại học Luật Hà Nội ,Công an Nhân dân,2018,1,0,1,3,NULL,NULL,NULL
5866,Giáo trình Luật đất đai,Đại học Luật thành phố Hồ Chí Minh,Hồng Đức,2017,2,0,1,3,NULL,NULL,NULL
5867,Adobe Illustrator Classroom in a Book,Brian Wood,Pearson,2022,1,0,1,3,NULL,NULL,NULL
5868,Flats: Technical drawing for fashion,Basia Szkutnicka,Laurence King Publishing,2010,2,0,1,3,NULL,NULL,NULL
5869,Adobe Illustrator for Fashion Design, Lazear,Pearson,2012,2,0,1,3,NULL,NULL,NULL
5870,Photoshop and Illustrator for Fashion and Textile Design,Joanne Sherrow,Fairchild Books,2016,2,0,1,3,NULL,NULL,NULL
5871,Digital fashion Illustration with Photoshop and Illustrator,Kevin Tallon,Batsford,2008,2,0,1,3,NULL,NULL,NULL
5872,Fashion Illustrator,Bethan Morris,Laurence King Publishing Ltd,2006,2,0,1,3,NULL,NULL,NULL
5873,Giáo trình Kỹ thuật soạn thảo văn bản,Nguyễn Đăng Dung ,ĐHQG Hà Nội,2014,1,0,1,3,NULL,NULL,NULL
5874,Giáo trình Kỹ thuật soạn thảo văn bản,ĐH Luật TP Hồ Chí Minh,Hồng Đức,,1,0,1,3,NULL,NULL,NULL
5875,Giáo trình Kỹ năng soạn thảo văn bản hành chính thông dụng,ĐH Luật Hà Nội,Tư pháp,2019,2,0,1,3,NULL,NULL,NULL
5876,Giáo trình xây dựng văn bản pháp luật,Đoàn Thị Tố Uyên ,Tư pháp,2015,2,0,1,3,NULL,NULL,NULL
5877,Luật Ban hành văn bản quy phạm pháp luật hiện hành ,,Chính trị quốc gia Sự thật,2020,2,0,1,3,NULL,NULL,NULL
5878,Giáo trình Lý luận và pháp luật về quyền con người,Học viện Chính trị Quốc gia Hồ Chí Minh ,Lý luận chính trị,2018,1,0,1,3,NULL,NULL,NULL
5879,Giáo dục quyền con người: Những vấn đề lý luận và thực tiễn,Võ Khánh Vinh ,Khoa học xã hội,2010,2,0,1,3,NULL,NULL,NULL
5880,Các văn kiện quốc tế về quyền con người,Học viện Chính trị quốc gia Hồ Chí Minh,Chính trị quốc gia,1998,2,0,1,3,NULL,NULL,NULL
5881, Giáo trình Luật Dân sự Việt Nam -tập 2,Đại học Luật Hà Nội,Công an nhân dân,2017,1,0,1,3,NULL,NULL,NULL
5882,Giáo trình Luật dân sự -tập 2,Đại học Luật TPHCM,Hồng Đức,2019,2,0,1,3,NULL,NULL,NULL
5883,Giáo trình pháp luật Hợp Đồng và bồi thường thiệt hại ngoài Hợp Đồng,Đại học Luật TPHCM,Hồng Đức,2019,2,0,1,3,NULL,NULL,NULL
5884,"Luật bồi thường thiệt hại ngoài Hợp đồng tại Việt Nam, Bản án và Bình luận án",Đỗ Văn Đại,Chính trị quốc gia,2018,2,0,1,3,NULL,NULL,NULL
5885,Pháp luật về Hợp đồng trong thương mại và đầu tư,Nguyễn Thị Dung,Chính trị quốc gia sự thật,2020,1,0,1,3,NULL,NULL,NULL
5886,Giáo trình Luật dân sự,,Công an Nhân dân,2014,2,0,1,3,NULL,NULL,NULL
5887,Luật hợp đồng Việt Nam – Bản án và bình luận bản án,Đỗ Văn Đại,Hồng Đức,2019,2,0,1,3,NULL,NULL,NULL
5888,Pháp luật hợp đồng- một số vấn đề pháp lý cơ bản,Trương Nhật Quang,Dân trí,2020,2,0,1,3,NULL,NULL,NULL
5889,Giáo trình Luật ngân sách nhà nước,Giáo trình Luật ngân sách nhà nước,Công an nhân dân,2019,1,0,1,3,NULL,NULL,NULL
5890,Giáo trình Luật Thuế Việt Nam,Đại học Luật Hà Nội,Công an nhân dân,2019,1,0,1,3,NULL,NULL,NULL
5891,Giáo trình Luật Thuế Việt Nam,Đại học Luật Hà Nội,Công an nhân dân,2019,1,0,1,3,NULL,NULL,NULL
5892,Giáo trình Luật thương mại (Tập 1+2),Đại học Luật Hà Nội,Tư pháp,2021,1,0,1,3,NULL,NULL,NULL
5893,Pháp luật kinh tế,Nguyễn Thị Dung,Lao động,2020,2,0,1,3,NULL,NULL,NULL
5894,Giáo trình chủ thể kinh doanh,Đại học Luật Thành phố Hồ Chí Minh,Hồng Đức,2021,2,0,1,3,NULL,NULL,NULL
5895,Giáo trình luật thương mại Việt Nam (tâp 1 và tập 2),Đại học Luật Hà Nội,Tư pháp,2021,1,0,1,3,NULL,NULL,NULL
5896,Giáo trình luật cạnh tranh,Đại học Luật Hà Nội,Công an nhân dân,2020,2,0,1,3,NULL,NULL,NULL
5897,Pháp luật về hạn chế cạnh tranh trong hoạt động nhượng quyền thương mại ở Việt Nam từ tư duy pháp lý của EU và Hoa Kỳ đến kinh nghiệm lập pháp của Việt Nam,Nguyễn Thị Tình,Chính trị quốc gia sự thật,,2,0,1,3,NULL,NULL,NULL
5898,Almanach những nền văn minh thế giới,,Almanach những nền văn minh thế giới,1995,1,0,1,3,NULL,NULL,NULL
5899,Văn minh phương Tây,"Carane Brinton, John. B. Christopher, Robert Lee Wolff",Văn hóa Thông tin,1994,1,0,1,3,NULL,NULL,NULL
5900,Lịch sử văn hóa Trung Quốc,Đàm Gia Kiện,Khoa học xã hội,1993,1,0,1,3,NULL,NULL,NULL
5901,Đất nước Việt Nam qua các đời,"Đào Duy Anh, Vũ Dương Ninh (Chủ biên), Nguyễn Gia Phu, Nguyễn Quốc Hùng, Đinh Ngọc Bảo",Sử học,1964,1,0,1,3,NULL,NULL,NULL
5902,Tiếng Việt thực hành,Bùi Minh Toán ,Giáo dục Việt Nam,2015,1,0,1,3,NULL,NULL,NULL
5903,Tiếng Việt thực hành,Bùi Minh Toán ,Giáo dục Việt Nam,2015,1,0,1,3,NULL,NULL,NULL
5904,Tiếng Việt thực hành,Nguyễn Minh Hoạt ,Đại học Quốc gia Hà Nội,2020,1,0,1,3,NULL,NULL,NULL
5905,Tiếng Việt thực hành,Lã Thị Bắc Lý- Phan Thị Hồng Xuân – Nguyễn Thị Thu Nga ,Đại học Sư phạm,2009,2,0,1,3,NULL,NULL,NULL
5906,Tiếng Việt thực hành,Nguyễn Đức Dân – Trần Thị Ngọc La,Đại học Quốc gia TP Hồ Chí Minh,2013,2,0,1,3,NULL,NULL,NULL
5907,Tiếng Việt thực hành,Nguyễn Minh Thuyết ,G,1997,2,0,1,3,NULL,NULL,NULL
5908,Thực hành tiếng Việt,Nguyễn Công Đức,Đ,2015,2,0,1,3,NULL,NULL,NULL
5909,Thực hành tiếng Việt,Nguyễn Công Đức,Đ,2015,2,0,1,3,NULL,NULL,NULL
5910,Giáo trình Phương pháp luận nghiên cứu khoa học,Vũ Cao Đàm,G,2007,1,0,1,3,NULL,NULL,NULL
5911,Business Research Methods – Twelfth Edition,Donald R. Cooper and Pamela S. Schindler,,2012,2,0,1,3,NULL,NULL,NULL
5912,Research Methods for Business Students ,"Mark Saunders, Philip Lewis and Adrian Thornhill",,2007,2,0,1,3,NULL,NULL,NULL
5913,Phương pháp nghiên cứu kinh tế - Kiến thức cơ bản,Trần Tiến Khai,Lao động-Xã hội,2012,2,0,1,3,NULL,NULL,NULL
5914,Phân tích dữ liệu nghiên cứu với SPSS,"Hoàng Trọng, Chu Thị Mộng Ngọc",Thống Kê,2005,2,0,1,3,NULL,NULL,NULL
5915,Phương pháp nghiên cứu xã hội học,"Phạm Văn Quyết, Nguyễn Quý  Thanh",Đại học Quốc Gia Hà Nội,2001,2,0,1,3,NULL,NULL,NULL
5916,Quản trị hành chính văn phòng =Administrative office management/Vương Thị Kim Thanh,"DDC no. :651.3V994-T367, Call no. :651.3222; Mô tả: 249tr.;24cm",Tp.HCM.:Thống kê,2009,1,4,1,3,Còn sách,NULL,NULL
5917,Quản trị hành chính văn phòng,Nguyễn Hữu Thân,Lao động - Xã hội,2012,2,0,1,3,NULL,NULL,NULL
5918,Quản trị văn phòng,"Nguyễn Thành Độ, Nguyễn Ngọc Điệp, Trần Phương Hiền",Đại học Kinh tế Quốc dân,2012,2,0,1,3,NULL,NULL,NULL
5919,Quản trị hành chính văn phòng,"Đoàn Thị Thanh Phương, Nguyễn Ngọc An",Thống kê,2009,2,0,1,3,NULL,NULL,NULL
5920,Quản trị văn phòng,"Nguyễn Minh Tuấn, Nguyễn Nam Hà, Đặng Công Tráng, Nguyễn Thị Ngọc Bình",Chính trị quốc gia,2011,2,0,1,3,NULL,NULL,NULL
5921,Quản trị hành chính văn phòng,Mike Harvey,Thống kê,1996,2,0,1,3,NULL,NULL,NULL
5922,Giáo trình kỹ năng tư vấn pháp luật,Học viện tư pháp,Công an nhân dân,H: 2004,1,0,1,3,NULL,NULL,NULL
5923,Bộ phiếu kỹ thuật kỹ năng hành nghề luật sư,Phan Hữu Thư,Tư pháp,2004,1,0,1,3,NULL,NULL,NULL
5924,Giáo trình luật dân sự Việt Nam (tập 1 và tập 2),Đại học Luật Hà Nội,Tư pháp,2022,1,0,1,3,NULL,NULL,NULL
5925,Giáo trình kĩ năng tư vấn pháp luật,Học viện tư pháp,Công an nhân dân,2012,1,0,1,3,NULL,NULL,NULL
5926,Giáo trình Kỹ năng chuyên sâu của luật sư trong việc giải quyết các vụ án dân sự,Học viện Tư pháp,Tư pháp,2014,2,0,1,3,NULL,NULL,NULL
5927,Nghiệp vụ của luật sư về tư vấn pháp luật và tư vấn hợp đồng,Nguyễn Thanh Bình ,Thống kê,2008,2,0,1,3,NULL,NULL,NULL
5928,Án lệ và sử dụng án lệ trong đào tạo luật ở Việt Nam hiện nay,Nguyễn Bá Bình,Tư pháp,2019,1,0,1,3,NULL,NULL,NULL
5929,Sách Án Lệ và Bình Luận - Quyển 1,Tòa án nhân dân tối cao,Tư pháp,2018,1,0,1,3,NULL,NULL,NULL
5930,Sách Án Lệ và Bình Luận - Quyển 2,Tòa án nhân dân tối cao,Tư pháp,2019,1,0,1,3,NULL,NULL,NULL
5931,Sách Án lệ và Bình luận - Quyển 3,Tòa án nhân dân tối cao,Tư pháp,2020,1,0,1,3,NULL,NULL,NULL
5932,"Giáo trình Luật sở hữu trí tuệ/ Nguyễn Hồ Bích Hằng, Nguyễn Xuân Quang",,TP. Hồ Chí Minh: Hồng Đức 2022,,1,0,1,3,Còn sách,NULL,NULL
5933,Giáo trình Kỹ năng tư vấn pháp luật,"Phan Chí Hiếu, Nguyễn Thị Hằng Nga",Công an nhân dân,H: 2012,1,0,1,3,NULL,NULL,NULL
5934,Pháp luật kinh tế,Nguyễn Thị Dung,Lao động,2020,1,0,1,3,NULL,NULL,NULL
5935,Giáo trình chủ thể kinh doanh,Đại học Luật Thành phố Hồ Chí Minh,Hồng Đức,2021,1,0,1,3,NULL,NULL,NULL
5936,"Giáo trình pháp luật thương mại, hàng hóa và dịch vụ",Đại học Luật Thành phố Hồ Chí Minh,Hồng Đức,2021,1,0,1,3,NULL,NULL,NULL
5937,"Giáo trình pháp luật thương mại, hàng hóa và dịch vụ",Đại học Luật Thành phố Hồ Chí Minh,Hồng Đức,2021,1,0,1,3,NULL,NULL,NULL
5938,Pháp luật về kinh doanh bất động sản ở Việt Nam,Nguyễn Quang Tuyến và Trần Quang Huy,Tư pháp,2009,1,0,1,3,NULL,NULL,NULL
5939,Pháp luật về thế chấp quyền sử dụng đất tại các tổ chức tín dụng ở Việt Nam,Nguyễn Thị Nga ,Tư pháp,2015,2,0,1,3,NULL,NULL,NULL
5940,Pháp luật về kinh doanh dịch vụ bất động sản ở Việt Nam,PGS.TS Nguyễn Quang Tuyến,Tư pháp,2012,2,0,1,3,NULL,NULL,NULL
5941,Pháp luật về kinh doanh dịch vụ bất động sản ở Việt Nam,PGS.TS Nguyễn Quang Tuyến,Tư pháp,2012,2,0,1,3,NULL,NULL,NULL
5942,Tập bài giảng Pháp luật Kinh doanh bất động sản, Đại học Luật Thành phố Hồ Chí Minh,Lao động,2018,2,0,1,3,NULL,NULL,NULL
5943,Chính sách phát triển thị trường bất động sản ở Việt Nam,Đinh Văn Ân ,c,2011,2,0,1,3,NULL,NULL,NULL
5944,Bình luận Luật nhà ở năm 2014,Nguyễn Minh Oanh,Lao động,2018,2,0,1,3,NULL,NULL,NULL
5945,Pháp luật Kinh tế Việt Nam trong thời kỳ đổi mới,"PGS.TS Nguyễn Hữu Chí, PGS.TS Nguyễn Quang Tuyến, TS Nguyễn Thị Dung ",Chính trị quốc gia sự thật,2019,2,0,1,3,NULL,NULL,NULL
5946,"Giáo trình luật chứng khoán/ Viên Thế Giang, Võ Thị Mỹ Hương","DDC no. :346.5970922V662-G433, Call no. :223346.5970922; Mô tả: xvii, 324tr.; 24cm",TP. Hồ Chí Minh: Đại học Quốc gia TP. Hồ Chí Minh,2023,1,2,1,3,Còn sách,NULL,NULL
5947,Giáo trình một số hợp đồng đặc thù trong lĩnh vực thương mại và kĩ năng đàm phán soạn thảo,Đại học Luật Hà Nội,Công an Nhân dân,2012,1,0,1,3,NULL,NULL,NULL
5948,Giáo trình một số hợp đồng đặc thù trong lĩnh vực thương mại và kĩ năng đàm phán soạn thảo,Đại học Luật Hà Nội,Công an Nhân dân,2012,1,0,1,3,NULL,NULL,NULL
5949,Nghệ thuật đàm phán,Nguyễn Thị Thu,Giao thông vận tải,2008,2,0,1,3,NULL,NULL,NULL
5950,"Kiến thức pháp lí và kĩ năng cơ bản trong đàm phán, soạn thảo và kí kết hợp đồng thương mại",Nguyễn Thị Dung ,Chính trị-hành chính,2013,2,0,1,3,NULL,NULL,NULL
5951,"Study Skills for Science, Engineering and Technology Students","Maier, Pat",,2009,1,0,1,3,NULL,NULL,NULL
5952,Physiology for Engineers: Applying Engineering Methods to Physiological Systems,"Chappell, Michael, and Stephen Payne",,2016,2,0,1,3,NULL,NULL,NULL
5953,Electrical Safety of Low-Voltage Systems,M. Mitolo,The McGraw-Hill Companies,2009,1,0,1,3,NULL,NULL,NULL
5954,Electrical Product Compliance and Safety Engineering,S. Loznen,Artech House,2017,1,0,1,3,NULL,NULL,NULL
5955, Guidelines for Design Solutions for Process Equipment Failures,Center for Chemical Process Safety,American Institute of Chemical Engineers,1998,2,0,1,3,NULL,NULL,NULL
5956,Biosensors: Fundamentals and Applications,"Pandey, Chandra Mouli, and Bansi D. Malhotra",,2019,2,0,1,3,NULL,NULL,NULL
5957,Biomaterials Science: An Introduction to Materials in Medicine,"Ruddy D. Ratner; Allan Hoffman, Frederick Schoen and Jack Lemons",,2004,1,0,1,3,NULL,NULL,NULL
5958,Fundamentals of  Materials Science and Engineering,William D. Callister Jr.,,2018,1,0,1,3,NULL,NULL,NULL
5959,Practical Biomedical Signal Analysis Using MATLAB,Katarzyna J. Blinowska,CRC Press,2011,1,0,1,3,NULL,NULL,NULL
5960, Biosignal and Biomedical Image Processing: Matlab-based applications,John L. Semmlow,"Robert Wood Johnson Medical School, Rutgers University, USA",2004,2,0,1,3,NULL,NULL,NULL
5961,Advanced Optical and Wireless Communications Systems,Ivan B. Djordjevic,Springer,2022,1,0,1,3,NULL,NULL,NULL
5962,Wireless Mesh Networks for IoT and Smart Cities: Technologies and applications,"Luca Davoli, Gianluigi Ferrari",The Institution of Engineering and Technology,2022,2,0,1,3,NULL,NULL,NULL
5963,Giáo trính xử lý ảnh y sinh,Nguyễn Thanh Hải,Đại học Sư Phạm Kỹ Thuật Tp HCM,2013,1,0,1,3,NULL,NULL,NULL
5964,"Medical imaging: artificial intelligence, image recognition, and machine learning techniques / [edited by] K.C. Santosh, Sameer Antani, D.S. Guru, Nilanjan Dey.","DDC no. :616.0754M489, Call no. :616.0754223; Mô tả: xi, 238p.: ill; 26cm",Boca Raton: Taylor & Francis Group/ CRC Press,2020,2,1,1,3,Còn sách,NULL,NULL
5965,"Medical Imaging: Technology and Applications (Devices, Circuits, and Systems)",Troy Farncombe and Kris Iniewski,CRCPress,2017,2,0,1,3,NULL,NULL,NULL
5966,"Deep learning for coders with fastai and PyTorch: AI applications without a PhD/ Jeremy Howard, Sylvain Gugger ","DDC no. :006.31H848, Call no. :006.31223; Mô tả: xxiv, 594p.: ill.; 24cm",Sebastopol: O'Reilly Media,Inc,1,1,1,3,Còn sách,NULL,NULL
5967,Pattern Reconition and Machine Learning,Christopher M. Bishop,,2007,2,0,1,3,NULL,NULL,NULL
5968,Introduction to Machine Learning with Python,"Andreas C. Müller, Sarah Guido",O'Reilly Media,2018,1,0,1,3,NULL,NULL,NULL
5969,Piezoelectric Sensors and Actuators,Stefan Johann Rupitsch,Springer,2018,2,0,1,3,NULL,NULL,NULL
5970,"Sensor and Signal Conditioning, second edition","Ramon Pallaàs-Areny, John G. Webster",John Wiley & Sons,2001,2,0,1,3,NULL,NULL,NULL
