ID_GiaoTrinh,Ten_GT
43,"Commerce 1:Oxfoxd English for careersent : Student's book/Martyn Hobb, Julia Starr Keddle"
44,"Intelligent business coursebook :Intermediate business English/Tonya Trappe, Graham Tullis"
45,Business Matters
46,Communicative Grammar Practice
47,Let’s talk
48,Managing Cultural Differences
49,Kỹ năng giao tiếp và thương lượng trong kinh doanh/Thái Trí Dũng
50,Giáo trình vận tải và bảo hiểm trong ngoại thương/Trịnh Thị Thu Hương
51,Gard Guidance on Maritime Claims and Insurance
52,Business Communication for Success
53,Bảo hiểm và giám định hàng hóa xuất nhập khẩu vận chuyên bằng đường biển/Đỗ Hữu Vinh
54,Marine Cargo Insurance Clauses
55,Cẩm Nang Kinh Doanh – Giao Tiếp Thuơng Mại
56,English Marine Insurance Act. 1906
57,Kỹ năng giao tiếp và thương lượng trong kinh doanh/Thái Trí Dũng
58,Kỹ năng thương lượng =Negotiation:Cẩm nang kinh doanh
59,Business Communication: Polishing Your Professional Presence 
60,Cẩm Nang Kinh Doanh – Giao Tiếp Thuơng Mại
61,Kỹ năng thương lượng =Negotiation:Cẩm nang kinh doanh
62,Hành vi tổ chức
63,Hành vi tổ chức
64,Giáo trình Hành vi tổ chức
65,Giáo trình Hành vi tổ chức
66,"Computer intergrated manufacturing/Rehg, Kraebber"
67,Giáo trình hệ thống CIM
68,Tài liệu học tập Thí nghiệm CIM
69,"Automation, production systems and computer intergrated manufacturing/Mikell, P. Groover"
70,Hệ thống thông tin quản lý/Nguyễn Thanh Hùng
71,"Hệ thống thông tin quản lý :Bài giảng/Phạm Thị Thanh Hồng, Phạm Minh Tuấn"
72,"Management information systems:Managing the digital firm/Kenneth C. Laudon, Jane P. Laudon"
73,The Corporate Culture Survival Guide/Edgar H. S.
74,Văn hóa doanh nghiệp/Đỗ Thị Phi Hoài
75,Đạo đức kinh doanh và văn hóa công ty:Phương pháp môn học và phân tích tình huống/Nguyễn Mạnh Quân
76,Doanh nhân và Văn hóa kinh doanh/Nguyễn Quang Vinh
77,Tối ưu hóa tuyến tính:Bài giảng và bài tập/Nguyễn Thành Cả
78,Tối ưu hóa ứng dụng:Lý thuyết - bài tập - bài giải/Pham Trí Cao
79,Giáo trình Quy hoạch toán học/Ngô Hữu Tâm
80,"Introduction to Operations Research, 7th Ed/Frederick S.Hillier, Gerald J.Lieberman"
81,"Microsoft Office Professional 2013 Step By Step/Beth Melton, Mark Dodge, Echo Swinford, Andrew Couch, Eric Legault, Ben M. Schorr, Ciprian Adrian Rusen"
82,"Giáo trình Thương mại điện tử/Nguyễn Văn Hồng, Nguyễn Văn Thoan"
83,"E-commerce:Business, technology, society/Kenneth C. Laudon, Carol Guercio Traver"
84,"Management information systems:Managing the digital firm/Kenneth C. Laudon, Jane P. Laudon"
85,Introduction to Electronic Commerce/Efraim Turban et al.
86,Entrepreneurship: The Practice and Mindset
87,Thị trường chứng khoán /Bùi Kim Yến
88,Nhập môn logic học/Phạm Đình Nghiệm
89,"Câu hỏi trắc nghiệm và bài tập thị trường chứng khoán/Vòng Thình Nam, Võ Thị Xuân Hạnh"
90,"Entrepreneurship: Theory, Process, and Practice"
91,"Phân tích và đầu tư chứng khoán:Soạn theo chương trình mới của UBCKNN - Lý thuyết cô đọng. Bài tập phong phú. Lời giải chi tiết/Bùi Kim Yến, Thân Thị Thu Thủy (ch.b.); Trần Phương Thảo, Phan Thu Hiền,..."
92,Entrepreneurship
93,Bài tập và bài giải phân tích và đầu tư chứng khoán/Bùi Kim Yến
94,Luật chứng khoán
95,Bài giảng của giảng viên dành cho môn học Tâm lý học kinh doanh
96,Kinh doanh quốc tế hiện đại
97,Giáo trình vận tải và giao nhận trong ngoại thương/Nguyễn Như Tiến
98,"Transportation : A global supply chain perspective / John J. Coyle, Robert A. Novack, Brian J. Gibson"
99,Giáo trình vận tải và bảo hiểm trong ngoại thương/Trịnh Thị Thu Hương
100,Tranh chấp và giải quyết tranh chấp phát sinh từ hợp đồng thuê tàu chuyến/Nguyễn Như Tiến
101,Hướng dẫn sử dụng vận đơn đường biển trong thương mại và hàng hải quốc tế/Nguyễn Như Tiến
102,"International business: Competing in the global marketplace/ Charles W. L. Hill, G. Tomas M. Hult"
103,"Các công ước quốc tế về vận tải và hàng hải/Hoàng Văn Châu, Trịnh Thị Thu Hương (dịch)	"
104,"Quản trị vận hành hiện đại (Quản trị sản xuất và dịch vụ) : Lý thuyết và tình huống thực hành ứng dụng của các công ty Việt Nam / Đặng Minh Trang, Lưu Đan Thọ"
105,"Bài tập và bài giải quản trị vận hành hiện đại (Quản trị sản xuất và dịch vụ) : Tình huống thực hành ứng dụng của các công ty Việt Nam / Đặng Minh Trang, Lưu Đan Thọ"
106,"Quản trị kinh doanh quốc tế:Bối cảnh toàn cầu hóa lý thuyết & khảo cứu tình huống hiện đại (Dành cho sinh viên, nhà quản lý công ty)/Nguyễn Văn Dung"
107,"Giáo trình quản trị tài chính công ty / Nguyễn Quốc Khánh, Đàng Quang Vắng"
108,"Financial Management: Theory & Practice 15th Edition/Eugene F. Brigham, Michael C. Ehrhardt"
109,"Quản trị tài chính công ty hiện đại/Trần Ngọc Thơ, Nguyễn Thị Ngọc Trang, Phan Thị Bích Nguyệt, Nguyễn Thị Liên Hoa, Nguyễn Thị Uyên Uyên"
110,Quản trị kinh doanh quốc tế
111,"Lý thuyết tài chính tiền tệ/Dương Thị Bình Minh, Sử Đình Thành"
112,"Quản trị tài chính công ty: Hệ thống câu hỏi trắc nghiệm, bài tập và đáp án/Vũ Duy Hào, Lưu Thị Hương"
113,Quản trị quan hệ khách hàng =Customer relationshipn management - CRM/Trương Đình Chiến
114,Quản lý quan hệ khách hàng = Customer relationship management/Nguyễn Văn Dung
115,"Giao nhận, vận tải và bảo hiểm/Đỗ Quốc Dũng, Trần Hoàng Giang,  Nguyễn Thành Long"
116,"Contemporary Logistics/Paul R. Murphy Jr., A. Michael Knemeyer, "
117,Strategy and Competition/Micheal E. Porter
118,Quản trị Logistics/Đoàn Thị Hồng Vân
119,Kinh tế học đại cương
120,"Bài tập kinh tế học đại cương/ Trần Đăng Thịnh (chủ biên), Nguyễn Thị Thanh Vân, Trương Thị Hòa, Nguyễn Thị Thanh Thúy, Phan Thị Kim Phương"
121,Principles of Economics
122,Kinh tế học vi mô
123,Kinh tế học vĩ mô
124,Cẩm nang quản trị kho hàng/Phan Thanh Lâm
125,Warehouse distribution and operation handbook 
126,Business Logistics/ Supply chain managenment/Ballou R. H.
127,Essentials of inventory management/Max Muller
128,"Kinh tế vi mô/Lê Bảo Lâm, Nguyễn Như Ý, Trần Thị Bích Dung, Trần Bá Thọ"
129,Quản trị học=Management/Nguyễn Thị Liên Diệp
130,"Quản trị chiến lược/Lê Thế Giới, Nguyễn Thanh Liêm, Trần Hữu Hải"
131,Câu hỏi  Bài tập trắc nghiệm Kinh tế học vi mô
132,"Fundamentals of management/ Stephen P. Robbins, Mary K. Coulter, David A. De Cenzo"
133,Bài tập Kinh tế học vĩ mô
134,Quản lý chuỗi cung ứng/Nguyễn Kim Anh
135,Quản lý chuỗi cung ứng/Nguyễn Kim Anh
136,"Designing and managing the supply chain : Concepts, strategies, and case studies / David Simchi-Levi, Philip Kaminsky, Edith Simchi-Levi"
137,"Supply Chain Management. Strategy, Planing, and Operation/ Sunil Chopra"
138,Quản trị vận hành và chuỗi cung ứng/F.Robert Jacobs & Richard B.Chase
139,"Logistics Management and Strategy: Competing Through the Supply Chain/Alan Harrison, Remko Van Hoek"
140,Giáo trình nguyên lý Kế toán
141,"Strategic Management and Business Policy toward Global sustainability, 13th edition/Thomas L. Wheelen and J. David Hunger"
142,Luật kế toán
143,"Strategic Management: Concepts and cases, 13th edition/Fred R. David"
144,"Research Methods for Business Students Fourth Edition/Mark Saunders, Philip Lewis, Adrian Thornhill"
145,Phương pháp nghiên cứu kinh tế kiến thức cơ bản/Trần Tiến Khai
146,"Research methods for business students / Mark Saunders, Philip Lewis, Adrian Thornhill"
147,Business Research Methods: An Applied Orientation/Sreejesh
148,"Quản lý chất lượng /Tạ Thị Kiều An, Ngô Thị Ánh, Nguyễn Thị Ngọc Diệp,..."
149,"Research methods for business students =Phương pháp nghiên cứu trong kinh doanh/Mark Saunders, Philip Lewis, Adrian Thornhill; Nguyễn Văn Dung"
150,"Quản lý chất lượng trong các tổ chức : Bài tập /Tạ Thị Kiều An, Ngô Thị Ánh, Nguyễn Ngọc Diệp,..."
151,"Research methods for business students =Phương pháp nghiên cứu trong kinh doanh/Mark Saunders, Philip Lewis, Adrian Thornhill; Nguyễn Văn Dung"
152,Quản trị chất lượng = Quality management/Nguyễn Kim Định
153,"Quản lý chất lượng/Bùi Nguyễn Hùng, Nguyễn Thuý Quỳnh Loan"
154,Quality planning and analysis: From product development through use/ Frank M. Gryna ; Earlier ed. by J. M. Juran
155,"Giáo trình Nguyên lý Kế toán/Võ Văn Nhị, Phạm Ngọc Toàn;  Trần Thị Thanh Hải "
156,Giáo trình Quản trị ngoại thương/Đoàn Thị Hồng Vân
157,Kỹ thuật kinh doanh xuất nhập khẩu/Võ Thanh Thu
158,Giáo trình Kỹ thuật Kinh doanh thương mại quốc tế/Hà Thị Ngọc Oanh
159,"Nghiệp vụ ngoại thương/Đỗ Quốc Dũng (ch.b); Trần Hoàng Giang, Nguyễn Thành Long, Vòng Thình Nam (biên soạn)"
160,Intercorms/Nguyễn Văn Dung
161,Negotiation and Arbitration of International Commercial Contracts/Joseph L. Daly
162,Uniform custom and practice for documentary Credit 600/UCP 600
163,Quản lý chuỗi cung ứng
164,"Export - Import theory, practices and procedure. /Belayt Seyoum"
165,Purchasing and supply chain management / Arjan J. van Weele
166,Purchasing and supply chain management / Arjan J. van Weele
167," Contracts, relationships and integration: Towards a model of the procurement of complex performance/Lewis, M.A., Roehrich, J.K. "
168,Supply chain management
169,"Designing and managing the supply chain : Concepts, strategies, and case studies / David Simchi-Levi, Philip Kaminsky, Edith Simchi-Levi"
170,"Marketing dịch vụ hiện đại/Lưu Đan Thọ, Tôn Thất Hoàng Hải, Cao Minh Nhựt"
171,Quản trị chiến lược chuỗi cung ứng
172,"Giáo trình marketing căn bản/Đinh Tiên Minh, Quách Thị Bửu Châu, Nguyễn Văn Trưng, Đào Hoài Nam"
173,Giáo trình marketing dịch vụ:Sách chuyên khảo/Lưu Văn Nghiêm
174,International Human Resource Management
175,"Quản trị dịch vụ/Lưu Đan Thọ, Vòng Thình Nam"
176,"Giáo trình marketing căn bản/Đinh Tiên Minh, Quách Thị Bửu Châu, Nguyễn Văn Trưng, Đào Hoài Nam"
177,Quản trị nguồn nhân lực =Human Resource Management /Trần Kim Dung
178,Giáo trình Marketing căn bản/Trần Minh Đạo
179,"Quản trị marketing/Lê Thế Giới, Nguyễn Xuân Lãn"
180,Quản trị nhân lực
181,"Quản trị marketing/Philip Kotler; Vũ Trọng Hùng (dịch), Phan Thăng (hiệu đính)"
182,Quản trị nhân sự
183,Quản trị nguồn nhân lực
184,"Quản trị marketing hiện đại - Định hướng mối quan hệ: Lý thuyết và tình huống ứng dụng của các công ty Việt Nam/Lưu Đan Thọ, Trần Thanh Toàn, Nguyễn Nam Hải"
185, Lịch sử các học thuyết kinh tế/Trần Bình Trọng (chủ biên)
186,"Lịch sử các học thuyết kinh tế/Phạm Văn Chiến, Nguyễn Ngọc Thanh"
187,"Tư tưởng kinh tế kể từ Keynes/Michel Beaud, Gilles Dostaler, Nguyễn Đôn Phước (biên dịch)"
188,Thanh toán quốc tế
189,"Giải pháp Keynes – Con đường dẫn đến sự thịnh vượng kinh tế toàn cầu/Paul Davidson (biên soạn), Nguyễn Hằng (biên dịch)"
190,Thanh toán quốc tế trong ngoại thương và tài trợ thương mại quốc tế
191,"Ba người khổng lồ trong kinh tế học (Adam Smith, Các Mác, và John Maynard Keynes)/Mark Skousen (chủ biên), Nguyễn Hoàng Hà và cộng sự (biên dịch)"
192,"Quản trị vận hành hiện đại (Quản trị sản xuất và dịch vụ) : Lý thuyết và tình huống thực hành ứng dụng của các công ty Việt Nam / Đặng Minh Trang, Lưu Đan Thọ"
193," Giao nhận, vận tải và bảo hiểm /Đỗ Quốc Dũng, Trần Hoàng Giang,  Nguyễn Thành Long"
194,Unitization and packaging cargo/AFFA training manual
195,"Fundamentals of Packaging Technology -5th Edition/CPP, Institute of Packaging Professionals, Walter Soroka"
196,Intermodal Transportation/Joseph Tshilomb JK
197,"Câu hỏi và bài tập môn Thuế /Lê Xuân Trường, Vương Thị Thu Hiền"
198,Thanh toán quốc tế
199,Cẩm nang Thanh toán quốc tế và tài trợ ngoại thương
200,Incoterms 2000 – Hỏi và đáp về Incoterms 2000
201,Toàn tập UCP 600:Phân tích và bình luận toàn diện tình huống tín dụng chứng từ / Nguyễn Trọng Thùy
202,"Giáo trình Kiểm toán/Bộ môn Kiểm toán, Khoa Kế toán - Kiểm toán, Trường Đại học Kinh tế TP.HCM"
203,"Principles of auditing & other assurance services/O. Ray Whittington, Kurt Pany"
204,"Auditing: An Integrated Approach/Arens, A.A. và Locbbecke, J.K.	"
205,"Kiểm toán (Auditing)/Alvin A.Arens & James K.Loebbecke – Dịch và biên soạn Phạm Văn Dược, Đặng Kim Cương"
206,"Giáo trình kế toán số, kế toán doanh nghiệp/Công ty CP MISA"
207,Hệ thống thông tin kế toán – tập 3 /Bộ môn hệ thống thông tin kế toán – Đại học Kinh tế TPHCM
208,Giáo trình Kế toán Ngân hàng/Trương Thị Hồng
209,"Giáo trình Kế toán ngân hàng/Nguyễn Thị Loan, Lâm Thị Hồng Hoa, Học viện Ngân hàng"
210,"Giáo trình Kế toán ngân hàng/Nguyễn Thị Thanh Hương (chủ biên) – Vũ Thiện Thập, Học viện Ngân hàng"
211,"Microsoft Office Professional 2013 Step By Step/Beth Melton, Mark Dodge, Echo Swinford, Andrew Couch, Eric Legault, Ben M. Schorr, Ciprian Adrian Rusen"
212,"Microsoft Office Professional 2013 Step By Step/Beth Melton, Mark Dodge, Echo Swinford, Andrew Couch, Eric Legault, Ben M. Schorr, Ciprian Adrian Rusen"
213,"Giáo trình Kế toán tài chính, phần 3-4/Nhóm GV khoa kế toán kiểm toán"
214,"Giáo trình Kế toán quản trị/""Huỳnh Lợi,  Ray H. Garrison, Eric W. Noreen và Peter C. Brewer"""
215,Giáo trình kế toán hành chính sự nghiệp/Võ Văn Nhị
216,"Presentation Skills For Students/Joan van Emden, Lucinda Becker"
217,Giáo trình Thị trường chứng khoán/Đào Kim Yến
218,Giáo trình Nghiệp vụ ngân hàng thương mại/Trầm Thị Xuân Hương
219,Tangled Web: A Guide to Securing Modern Web Applications. 
220,"Giáo trình kế toán tài chính - Quyển 1: Đã chỉnh sửa và bổ sung theo thông tư số 200/2014/TT/BTC ngày 22/12/2014/Nguyễn Xuân Hưng, Phan Thị Thu Hà, Nguyễn Thị Kim Cúc,..."
221,"Giáo trình kế toán tài chính - Quyển 2: Đã chỉnh sửa và bổ sung theo thông tư số 200/2014/TT/BTC ngày 22/12/2014/Nguyễn Thị Kim Cúc, Nguyễn Xuân Hưng, Đặng Ngọc Vàng,..."
222,Cryptography and network security: Principles and practice / William Stallings
223,"Giáo trình kế toán tài chính - Quyển 3: Đã chỉnh sửa và bổ sung theo thông tư số 200/2014/TT/BTC ngày 22/12/2014/Đặng Ngọc Vàng, Bùi Văn Dương, Hà Xuân Thạch,..."
224,"Commerce 1:Oxfoxd English for careersent : Student's book/Martyn Hobb, Julia Starr Keddle"
225,"Giáo trình Kế toán tài chính, phần 3/Khoa Kế toán - ĐHKT TPHCM"
226,"Giáo trình Kế toán tài chính, phần 3/Khoa Kế toán - ĐHKT TPHCM"
227,"Hướng dẫn thực hành lập sổ sách kế toán - Báo cáo tài chính và báo cáo thuế GTGT trên EXCEl :Sữa đổi, bổ sung theo QĐ 15/2006/QĐ-BTC, ngày 20/03/2006 (Áp dụng cho doanh nghiệp lớn)và QĐ 48/QĐ-BTC, ngày 14 tháng 09 năm 2006 ( Áp dụng cho DN vừa và nhỏ ), chỉnh sửa theo TT 161/2007/TT-BTC ngày 21/12/2007 và TT 84/2008/TT-BTC ngày 30/09/2008 /Bùi Văn Dương, Võ Văn Nhị, Đặng Quang Sáng, Nguyễn Ngọc Hiến"
228,"Kê khai, quyết toán thuế 2017 và chính sách thuế mới sửa đổi, bổ sung"
229,Chính sách Thuế và những quy định về công tác quản lý kế toán trong các loại hình doanh nghiệp
230,"Giáo trình Nguyên lý kế toán/""Võ Văn Nhị (chủ biên) """
231,Giáo trình Thuế/ Phan Hữu Nghị
232,"Database systems : The complete book / Hector Garcia-Molina, Jeffrey D. Ullman, Jennifer Widom"
233,"Kiểm toán (Auditing)/Alvin A.Arens & James K.Loebbecke – Dịch và biên soạn Phạm Văn Dược, Đặng Kim Cương"
234,"Giáo trình Kiểm toán/Bộ môn Kiểm toán, Khoa Kế toán - Kiểm toán, Trường Đại học Kinh tế TP.HCM"
235,"Database system concepts/Abraham Silberschatz, Henry F. Korth, S. Sudarshan"
236,"Interpretation and Application of IFRS Standards/PFK International Limited	"
237,Giáo trình Hệ thống thông tin kế toán - phần 2 (Kế toán Access)/Khoa Kế toán Kiểm toán ĐH Công Nghiệp
238,Fundamentals of Database System
239,Tài chính doanh nghiệp căn bản:Lý thuyết & thực hành quản lý ứng dụng cho các doanh nghiệp Việt Nam/Nguyễn Minh Kiều
240,Tài chính doanh nghiệp căn bản:Lý thuyết & thực hành quản lý ứng dụng cho các doanh nghiệp Việt Nam/Nguyễn Minh Kiều
241,"Phân tích hoạt động kinh doanh/ Trần Thụy Ái Phương, Nguyễn Thị Châu Long"
242,"Research methods for business students / Mark Saunders, Philip Lewis, Adrian Thornhill"
243,Phương pháp nghiên cứu kinh tế kiến thức cơ bản/Trần Tiến Khai
244,An Introduction to Mathematical Economoics Part1/Micheal Sampson 
245,How to Win Your Investors' Confidence
246,How to Write a Business Plan
247,"The Corporate Culture Survival Guide/Edgar H. S., "
248,Guide to business planning
249,Văn hóa doanh nghiệp/Đỗ Thị Phi Hoài
250,Đạo đức kinh doanh và văn hóa công ty:Phương pháp môn học và phân tích tình huống/Nguyễn Mạnh Quân
251,"Doanh nhân và Văn hóa kinh doanh/""Nguyễn Quang Vinh,  Trần Hữu Quang """
252,"Hệ thống sản xuất/Nguyễn Thị Thu Hằng, Đường Võ Hùng"
253,Operations Management/Roberta S. Russelll and Bernard W. Taylor III
254, Bài giảng Quản trị sản xuất 1
255,Project Management – Achieving competitive advantage/Pinto
256,Giáo trình luật kinh tế /Phạm Duy Nghĩa
257,Quản lý dự án/ Cao Hào Thi (ch.b.); Nguyễn Thuý Quỳnh Loan
258, Luật Doanh nghiệp năm 2014
259,"Quản trị dự án/Nguyễn Thanh Liêm, Đoàn Thị Liên Hương, Nguyễn Văn Long"
260,  Luật Phá sản năm 2014 
261, Luật Đầu tư năm 2014 
262, Luật Thương mại năm 2005 
263, Bộ luật Dân sự năm 2015
264, Bộ luật Tố tụng dân sự năm 2015
265,"Project Management/Field, M., Keller, L."
266,  Luật Trọng tài Thương mại năm 2010
267,Sản xuất tinh gọn- một số kinh nghiệm thế giới/Phan Chí Anh
268,"Digital marketing. Strategy, Implementation and Practice"
269,How to implement Lean manufacturing/Lonie Wilson
270,eMarketing eXcellence. Planning and optimizing your digital marketing
271,"Phương thức Toyota =The Toyota way : 14Những nguyên lý quản trị nổi tiếng của Toyota - Tập đoàn đã tạo ra dây truyền sản xuất tinh gọn /Jeffrey K. Liker; Trường Khanh, Sỹ Huy, Hắc Hải ( dịch )"
272,Digital marketing. Using New Technologies to Get Closer to Your Customers
273,"Quản trị tinh gọn tại các doanh nghiệp vừa và nhỏ Việt Nam- Thực trạng và giải pháp/Nguyễn Hồng Sơn, Nguyễn Đăng Minh"
274,Phân tích và thiết kế hướng đối tượng bằng UML
275,Phân tích và thiết kế HTTT theo UML
276,"Phân tích và thiết kế HTTT, Các phương pháp có cấu trúc"
277,Quản trị sản xuất và dịch vụ :Lý thuyết và bài tập /Đồng Thị Thanh Phương
278,"Learning UML 2.0 / Russ Miles, Kim Hamilton"
279,"Quản trị sản xuất/Nguyễn Thanh Liêm, TS. Nguyễn Quốc Tuấn, ThS. Lê Thị Minh Hằng"
280,"Bài tập quản trị sản xuất/Nguyễn Thanh Liêm, Nguyễn Quốc Tuấn, Lê Thị Minh Hằng"
281,Phân tích và thiết kế hướng đối tượng bằng UML
282,Operations Management/Roberta S. Russelll and Bernard W. Taylor III
283,Quản trị nguồn nhân lực =Human Resource Management /Trần Kim Dung
284,Sales Management (Quản trị bán hàng)
285,"Quản trị nguồn nhân lực/George T. Milkovich, John W. Boudreau , Dịch: Vũ Trọng Hùng"
286,Armstrong’s Handbook of Human Resources Management Practice/Michael Armstrong
287,Giáo trình Quản trị xuất nhập khẩu/Đoàn Thị Hồng Vân
288,Quản trị chất lượng dịch vụ hiện đại
289,"Quản trị ngoại thương/Đoàn Thị Hồng Vân, Kim Ngọc Đạt"
290,Kỹ thuật kinh doanh xuất nhập khẩu/Võ Thanh Thu
291,"Nghiệp vụ ngoại thương/Đỗ Quốc Dũng (ch.b); Trần Hoàng Giang, Nguyễn Thành Long, Vòng Thình Nam (biên soạn)"
292,Giáo trình Quản lý chất lượng trong các tổ chức
293,Bài tập Quản lý chất lượng trong các tổ chức  
294,"Quản trị marketing/Lê Thế Giới, Nguyễn Xuân Lãn"
295,"Quản trị marketing/Philip Kotler; Vũ Trọng Hùng (dịch), Phan Thăng (hiệu đính)"
296,Thấu hiểu tiếp thị từ A đến Z: 80 Khái niệm nhà quản lý cần biết/ Philip Kolter; Lê Hoàng Anh (dịch)
297,Quản trị chất lượng = Quality management/Nguyễn Kim Định
298,Project Management -Achieving competitive advantage/Pinto
299,"Quản lý chất lượng/Bùi Nguyễn Hùng, Nguyễn Thuý Quỳnh Loan"
300,Quản lý dự án/ Cao Hào Thi (ch.b.); Nguyễn Thuý Quỳnh Loan
301,"Project Management./Field, M., Keller, L."
302,"Quản trị dự án/Nguyễn Thanh Liêm, Đoàn Thị Liên Hương, Nguyễn Văn Long"
303,Total Quality Management
304,"Giáo trình quản lý công nghệ/Nguyễn Đăng Dậu, Nguyễn Xuân Tài"
305,"Quality management for organizational excellence:Introduction to total quality/David L. Geotsch, Stanley . Davis"
306,Quản lý công nghệ/Hoàng Trọng Thanh
307,Quản trị công nghệ/Trần Thanh Lâm
308,E-commerce Operations Management
309,Strategic Management and Business Policy toward Global sustainability
310,Strategic Management: Concepts and cases/Fred R. David
311,Service Quality Management: Theory and application
312,"Quản lý chất lượng trong các tổ chức : Bài tập /Tạ Thị Kiều An, Ngô Thị Ánh, Nguyễn Ngọc Diệp,..."
313,"Quản lý chất lượng trong các tổ chức/Tạ Thị Kiều An, Ngô Thị Ánh, Nguyễn Văn Hóa,..."
314,Quản trị chất lượng = Quality management/Nguyễn Kim Định
315,"Quản lý chất lượng/Bùi Nguyễn Hùng, Nguyễn Thuý Quỳnh Loan"
316,Total Quality Management/James R.Evans and William M.Lindsay
317,International Human Resource Management
318,"Quality management for organizational excellence:Introduction to total quality/David L. Geotsch, Stanley . Davis"
319,Protocols for secure electronic commerce / Mostafa Hashem Sherif
320,Quản lý bảo trì công nghiệp/Phạm Ngọc Tuấn
321,Introducing HTML5
322,Beginning CSS: Cascading Style Sheets for Web Design
323,Giáo trình quản lý bảo trì công nghiệp/ Nguyễn Phương Quang
324,Professional JavaScript for Web Developers 
325,"Research methods for business students / Mark Saunders, Philip Lewis, Adrian Thornhill"
326,Business Research Methods: An Applied Orientation/Sreejesh
327,"Big data fundamentals:Concepts, drivers & techniques/Thomas Erl, Wajid Khattak, Paul Buhler"
328,Phương pháp nghiên cứu kinh tế kiến thức cơ bản/Trần Tiến Khai
329,Making Sense of Data
330,Introduction to Data Mining
331,"Giáo trình thiết lập và thẩm định dự án đầu tư:Lý thuyết và bài tập/Nguyễn Quốc Ấn, Phạm Thị Hà, Phan Thị Thu Hương, Nguyễn Quang Thu"
332,"Data Mining for Business Analytics: Concepts, Techniques, and Applications with XLMiner"
333,"Cost-Benefit Analysis/Boardman, A.E., Greenberg, D.H., Vining, A.R., and Weimer, D.L"
334,"Hands-on Machine Learning with Scikit-Learn, Keras & TensorFlow"
335,LEARN PYTHON 3 THE HARD WAY A Very Simple Introduction to The Terrifyingly Beautiful World of Computers and Code
336,LEARN PYTHON 3 THE HARD WAY A Very Simple Introduction to The Terrifyingly Beautiful World of Computers and Code
337,Learning Python: Powerful Object-Oriented Programming
338,Think Python
339,Python Cookbook
340,Python Networkig Programing Cookbook
341,Hands-On Artificial Intelligence for IoT
342,Foundations of Python Network Programming: The comprehensive guide to building network applications with Python
343,"Kế toán quản trị/Đoàn Ngọc Quế, Đào Tất Thắng, Lê Đình Trực"
344,Kế toán quản trị/Huỳnh Lợi
345,"Managerial Accounting/Ronald W. Hilton, David E. Platt"
346,Armstrong’s Handbook of Human Resources Management Practice
347,"Managerial accounting/Ray H. Garrison, Eric W. Noreen, Peter C. Brewer, Nam Sang Cheng, Katherine C. K. Yuen"
348,Quản trị nguồn nhân lực
349,Hành vi tổ chức=Organizational behavior /Nguyễn Hữu Lam
350,"Giáo trình Hành vi tổ chức/Bùi Anh Tuấn, Phạm Thúy Hương"
351,"Six Sigma Case Studies with Minitab/ Kishore K. Pochampally, Surendra M. Gupta "
352,"The Six Sigma Handbook/ Thomas Pyzdek, Paul A. Keller "
353,Quản trị học=Management/Nguyễn Thị Liên Diệp
354,"Quản lý chất lượng trong các tổ chức/Tạ Thị Kiều An, Ngô Thị Ánh, Nguyễn Văn Hóa,..."
355,"Quản trị chiến lược/Lê Thế Giới, Nguyễn Thanh Liêm, Trần Hữu Hải"
356,"Quản lý chất lượng trong các tổ chức : Bài tập /Tạ Thị Kiều An, Ngô Thị Ánh, Nguyễn Ngọc Diệp,..."
357,Six sigma on a budget/Warren Brussee
358,"Quality management for organizational excellence:Introduction to total quality/David L. Geotsch, Stanley . Davis"
359,Nhập môn ngành Công nghệ Kỹ thuật in/Khoa In và Truyền thông
360,Hand book of Print Media/Helmut Kipphan
361,Top 10 kỹ năng mềm cho bạn trẻ/Vĩnh Thắng
362,Lập bản đồ tư duy/Tony Buzan
363,Giáo trình đại cương về sản xuất in
364,Đại cương về kỹ thuật in/ Đặng Dung 
365,Giáo trình màu sắc lý thuyết và ứng dụng:Trong lĩnh vực thiết kế - đồ họa - In /Ngô Anh Tuấn
366,Hand book of Print Media/Helmut Kipphan
367,Giáo trình vật liệu in/Trần Thanh Hà
368,Giáo trình vật liệu in/Trần Thanh Hà
369,Printing materials:Science and technology/Bob Thompson
370,Gravure process and technology/Gravue Association  of America
371,Flexography: principles and practices 6.0.
372,Hand book of Print Media/Helmut Kipphan
373,"ISO 12647 (7 parts): Graphic  technology — Process control for the production of half-tone colour separations, proof and production prints/International Organization  for Standardization"
374,"Troubleshooting Guides:  Sheet-fed Offset inks, Publication Gravure inks, Flexography inks, News Ink, UV inks/Flint Group"
375,"Giáo trình thực hành - thí nghiệm vật liệu in: dùng cho môn học Giáo trình thực hành - thí nghiệm vật liệu in/ Trần Thanh Hà, Nguyễn Thành Phương"
376,Giáo trình vật liệu in/Trần Thanh Hà
377,Màu sắc lý thuyết và ứng dụng:Trong lĩnh vực thiết kế - đồ họa - In /Ngô Anh Tuấn
378,Digital color management : principles and strategies for the standardized print production / Jan-Peter Homann.
379,Color and its reproduction/ Gary G. Field.
380,Understanding Desktop Color/Michael Wieran
381,Understanding Digital Color/Phil Green
382,Color Scanning and Imaging Systems/Gary G.Field
383,Scanning Professional Way/Sybil Ihrig & Emil Ihrig
384,Scanning/Linotype
385,Scanning Operater Handbook
386,Color Management/Linotype
387,Handbook of Print Media/Helmut Kipphan
388,"Xử Lý Ảnh/Nguyễn Long Giang		"
389,"Hướng dẫn thực hành Photoshop CS5 - Chỉ dẫn bằng hình cho người mới sử dụng:Tập 1 - Phần căn bản/Nguyễn Công Minh, Đức Hào"
390,"Hướng dẫn thực hành Photoshop CS5 - Chỉ dẫn bằng hình cho người mới sử dụng:Tập 2 - Phần nâng cao/Nguyễn Công Minh, Đức Hào"
391,Tự học Photoshop CS6/Nhóm VHP
392,Hướng dẫn Thực tập đồ họa/Khoa In  & Truyền thông
393,Tự học Adobe Illustrator CS6  trong thiết kế đồ họa/Nguyễn Đức Hiếu
394,Hướng dẫn Thực tập đồ họa/Khoa In  & Truyền thông
395,"Adobe Illustrator CC: 2018 release, Classroom in a Book/ Brian Wood"
396,Giáo trình hóa lý in/Nguyễn Thành Phương
397,Giáo trình Hóa keo/Hà Thúc Huy
398,Chromic Phenomena –  Technological Applications of Colour Chemistry/Peter Bamfield Michael G. Hutchings
399,"Materials science and engineering: An introduction/ William D. Callister, David G. Rethwisch"
400,Giáo trình nghệ thuật trình bày ấn phẩm kỹ thuật in
401,Màu sắc và phương pháp sử dụng/Họa sĩ Uyên Huy
402,Màu sắc lý thuyết và ứng dụng:Trong lĩnh vực thiết kế - đồ họa - In /Ngô Anh Tuấn
403,Skills of workplace communication: A handbook for t and d specialists and their organizations/ Richard P. Picardi
404,Tự học vẽ/Phạm Viết Song
405,Thiết kế nhãn hiệu hàng hóa bằng mẫu tự Alphabet:Sách công cụ gối đầu giường dành cho nhân viên thiết kế/Thiên Kim
406,Thiết kế Logo/Nguyễn Huy Lẫm
407,Giáo trình công nghệ chế tạo khuôn in/Trần Thanh Hà
408,Printing materials: Science and technology/Bob Thompson
409,Gravue: Process and Technology/Gravue Association of America
410,Hand book of Print Media/Helmut Kipphan
411,"ISO 12647 Graphic technology  — Process control for the production of half-tone colour separations, proof  and production prints"
412,"Media Standard Print 2016:  Technical Guidelines for Data, Proofs and Films/Technical guides"
413,FLEXOGRAPHIC IMAGE  REPRODUCTION SPECIFICATIONS & TOLERANCES: Design – Prepress – Print/Technical guides
414,Thực tập dàn trang:Sử dụng cho sinh viên ngành kỹ thuật in/Quách Huệ Cơ
415,Giáo trình kỹ thuật bình trang điện tử/Ngô Anh Tuấn
416,Understanding digital imposition /Hal Hinderliter
417,Handbook of Print Media/Helmut Kipphan
418,"Giáo trình thiết kế và sản xuất bao bì/Nguyễn Thị Lại Giang, Trần Thanh Hà"
419,Giáo trình Công nghệ gia công sau in/Nguyễn Thị Lại Giang
420,ArtiosCAD 7.4 User Guide/Esko
421,ArtiosCAD 7.4 Administrator Guide/Esko
422,Giáo trình Anh văn chuyên ngành In/Khoa In  & Truyền thông
423,"Oxford English for Computing/Keith Boeckner, P. Charles Brown"
424,"Oxford English for Electronics/Eric H. Glendining, John McEwan"
425,Từ điển Khoa học Kỹ thuật chuyên ngành In/Chu Thế Tuyên
426,"A guide to graphic print production/ Kaj Johansson, Peter Lundberg, Robert Ryberg."
427,Giáo trình các công nghệ in đặc biệt/Chế Quốc Long
428,Hand book of Print Media/Helmut Kipphan
429,Offset lithographic technology/Kenneth F. Hird
430,Giáo trình Công nghệ gia công sau in/Nguyễn Thị Lại Giang
431,Kỹ thuật đóng sách/Huỳnh Trà Ngộ
432,Hand book of Print media/Helmut Kipphan
433,Giáo trình vật liệu in/Trần Thanh Hà
434,Giáo trình Công nghệ gia công sau in/Nguyễn Thị Lại Giang
435,Giáo trình nghệ thuật trình bày ấn phẩm kỹ thuật in
436,Màu sắc và phương pháp sử dụng/Uyên Huy
437,Màu sắc lý thuyết và ứng dụng:Trong lĩnh vực thiết kế - đồ họa - In /Ngô Anh Tuấn
438,Tự học vẽ /Phạm Viết Song
439,Thiết kế nhãn hiệu hàng hóa bằng mẫu tự Alphabet:Sách công cụ gối đầu giường dành cho nhân viên thiết kế/Thiên Kim
440,Thiết kế Logo/Nguyễn Huy Lẫm
441,Giáo trình Kiểm tra và xử lý file/Trần Thanh Hà
442,Kiểm tra và xử lý dữ liệu/Trần Thanh Hà
443,ECI offset profiles 2009
444,Enfocus Preflight Report Help
445,"""UsingADOBE ® ACROBAT ®  X PRO, Adobe Systems"""
446,"ISO 12647 Graphic technology — Process control for the production of half-tone colour separations, proof and production prints (8 parts)"
447,"Media Standard Print 2016: Technical Guidelines for Data, Proofs and Films/Technical guides"
448,"Pass4press version 10 (international guidelines on creating print-ready PDFs, specifically the work of the Ghent Workgroup (GWG)) – For magazine"
449,Process Standard Digital Handbook
450,The point about 2014 ISO 12647-x standards for CMYK print and proof works- COLORSOURCE S.A.R.L
451,"FFTA FIRST 4.0 Design Guide, Prepress guide"
452,Hand book of Print Media/Helmut Kipphan
453,Digital color management : principles and strategies for the standardized print production / Jan-Peter Homann.
454,Color and its reproduction/ Gary G. Field.
455,Understanding Desktop Color/Michael Wieran
456,Understanding Digital Color/Phil Green
457,Color Scanning and Imaging Systems/Gary G.Field
458,Color Management/Linotype
459,Giáo trình Lý thuyết màu và phục chế trong ngành in/Khoa In & Truyền thông
460,Giáo trình Công nghệ in Bao Bì
461,Hand book of Print Media/Helmut Kipphan
462,Giáo trình Công nghệ in lõm/Chế Quốc Long
463,Công nghệ in FLEXO/ Chế Quốc Long
464,Handbook of Paper and Paperboard Packaging Technology
465,Developments-in-Printing-Technology
466,Advanced-Printing-and-Packaging-Materials-and-Technologies
467,Giáo trình Công nghệ gia tăng giá trị tờ In/Nguyễn Thị Lại Giang
468,"Giáo trình thiết kế và sản xuất bao bì/Nguyễn Thị Lại Giang, Trần Thanh Hà"
469,Giáo trình vật liệu in/Trần Thanh Hà
470,Giáo trình Công nghệ gia công sau in/Nguyễn Thị Lại Giang
471,UV coating specifications/Albert Uhlemayr
472,Choosing the right coating system/Dieter Kleeberg
473,Adhesion and compatibility of inks and coatings /Dieter Kleeberg
474,When is offline the better choice?/Dieter Kleeberg
475,Inline coating systems/Dieter Kleeberg
476,"Giáo trình thiết kế và sản xuất bao bì/Nguyễn Thị Lại Giang, Trần Thanh Hà"
477,Kỹ thuật bao bì thực phẩm/Đống Thị Anh Đào
478,Giáo trình Công nghệ gia công sau in/Nguyễn Thị Lại Giang
479,Giáo trình vật liệu in/Trần Thanh Hà
480,Cacrtons and Cartoning/Dennis Hine
481,Handbook of Plastic Firm/Esayed M Abdel-Bary
482,Paper and paperboard  Packaging technology/Mark J Kirwan
483,ArtiosCAD 7.4 User Guide/Esko
484,ArtiosCAD 7.4 Administrator Guide/Esko
485,Fundamentars of Packaging technology-Institute of Packaging professionals/Walter Soroka
486,Giáo trình Lý thuyết màu và Phục chế trong ngành in/Khoa In và Truyền thông
487,Giáo trình Công nghệ xử lý ảnh kỹ thuật số/Khoa In và Truyền thông
488,Giáo trình nghệ thuật trình bày ấn phẩm kỹ thuật in
489,Handbook of Print Media/Helmut Kipphan
490,Giáo trình Công nghệ in/Chế Quốc Long
491,Giáo trình các công nghệ in đặc biệt/Chế Quốc Long
492,Hand book of Print Media/Helmut Kipphan
493,Offset lithographic technology/Kenneth F. Hird
494,Giáo trình Công nghệ gia công sau in/Nguyễn Thị Lại Giang
495,Giáo trình vật liệu in/Trần Thanh Hà
496,ArtiosCAD 7.4 User Guide/Esko
497,ArtiosCAD 7.4 Administrator Guide/Esko
498,Bài giảng Cơ điện tử trong ngành in/Khoa In & Truyền thông
499,Trang bị điện - điện tử máy in offset/ Vũ Quang Hồi 
500,Hand book of Print Media/Helmut Kipphan
501,Giáo trình Công nghệ in/Chế Quốc Long
502,Giáo trình thực hành in/Trương Thế Trung
503,Bài giảng thực tập thành phẩm
504,Giáo trình Công nghệ gia công sau in/Nguyễn Thị Lại Giang
505,Hand book of Print Media/Helmut Kipphan
506,Hand book of Print Media/Helmut Kipphan
507,Giáo trình quản lý và kiểm tra chất lượng sản phẩm in/Ngô Anh Tuấn
508,Giáo trình Công nghệ in lõm/Chế Quốc Long
509,Công nghệ in FLEXO/ Chế Quốc Long
510,An toàn lao động và quản lý bảo trì thiết bị in/Khoa In & Truyền thông
511,"Giáo trình an toàn lao động và môi trường công nghiệp:Môn học: 1251250 - An toàn công nghiệp và môi trường, Lưu hành nội bộ/Hoàng Trí"
512,The printer’s guide to health and safety/Richmond
513,Giáo trình Kinh tế tổ chức sản xuất in/Nguyễn Thị Lại Giang
514,Printing production Management/Michael Wieran
515,Đồ họa ứng dụng/ Lê Công Danh
516,Quản trị doanh nghiệp=Business administration/Dương Hữu Hạnh
517,"Mỹ thuật căn bản và nâng cao :Vẽ ký họa nét /Gia Bảo, Hàn Vĩ"
518,Quản trị sản xuất và dịch vụ :Lý thuyết và bài tập /Đồng Thị Thanh Phương
519,Luật xuất bản
520,Art - Phác họa cơ thể người/ Hồng Thúy
521,Màu sắc và phương pháp sử dụng/Uyên Huy
522,Thiết kế nhãn hiệu hàng hóa bằng mẫu tự Alphabet:Sách công cụ gối đầu giường dành cho nhân viên thiết kế/Thiên Kim
523,Thiết kế Logo/Nguyễn Huy Lẫm
524,Mỹ thuật căn bản và nâng cao: Phác họa nhân vật /Gia Bảo
525,Giáo trình Công nghệ in/Chế Quốc Long
526,Phương pháp vẽ chân dung/ Uyên Huy
527,Giáo trình thực hành in/Trương Thế Trung
528,"Giáo trình thiết kế và sản xuất bao bì/Nguyễn Thị Lại Giang, Trần Thanh Hà"
529,Giáo trình Công nghệ gia công sau in/Nguyễn Thị Lại Giang
530,Hình họa cơ bản/ Nguyễn Văn Tỵ
531,ArtiosCAD 7.4 User Guide/Esko
532,ArtiosCAD 7.4 Administrator Guide/Esko
533,Hình họa 1 :Giáo trình cao đẳng sư phạm /Triệu Khắc Lễ
534,Hướng dẫn Thực tập chuyên ngành Trước in 2/Khoa In & Truyền thông
535,Màu sắc lý thuyết và ứng dụng:Trong lĩnh vực thiết kế - đồ họa - In /Ngô Anh Tuấn
536,Những điều cơ bản dành cho người học vẽ/ Đỗ Duy Ngọc
537,Digital color management : principles and strategies for the standardized print production / Jan-Peter Homann.
538,Real World Color Management/Peachpit Pres
539,Giáo trình Công nghệ Xử lý ảnh kỹ thuật số/Khoa In và Truyền thông trường ĐH SPKT TP.HCM
540,Giáo trình Công nghệ chế tạo khuôn in/Khoa In và Truyền thông trường ĐH SPKT TP.HCM
541,Luật xa gần :Sách dùng cho các trường cao đẳng sư phạm; Môn học: 1052020 - Luật xa gần/Phạm Xuân Thành
542,Mỹ thuật căn bản và nâng cao :Tĩnh vật ngũ quan thạch cao /Gia Bảo
543,Giáo trình quản lý chất lượng sản phẩm in/Ngô Anh Tuấn
544,Công nghệ in offset/Chế Quốc Long
545,Giải phẫu học: Hình họa căn bản tập 12/ Lê Thanh Lộc
546,"Giáo trình thực tập cơ bản in offset tờ rời/Nguyễn Minh Nhật, Trương Thế Trung"
547,"Công nghệ gia công sau in/Nguyễn Huy Hợp, Trần Văn Thắng"
548,Hand book of Print Media/Helmut Kipphan
549,Lịch sử mỹ thuật Việt Nam/ Nguyễn Phi Hoanh
550,Introduction to Matlab for Engineering Students/David Houcque
551,Lịch sử mỹ thuật thế giới: Giáo trình dùng cho các trường mỹ thuật; Môn học: 1052010 - Lịch sử mỹ thuật thế giới/Nguyễn Trân biên soạn
552,"Computational colour science using MATLAB/ Stephen Westland, Caterina Ripamonti, Vien Cheung"
553,Lịch sử mỹ thuật công nghiệp /Lê Huy Văn
554,"Digital Image processing using MATLAB /Rafael C. Gonzalez, Richard E. Woods, Steven L. Eddins."
555,The Matlab 5 Handbook/Darren Redfern
556,The Matlab 5 Handbook/Darren Redfern
557,Practical Image and Video Processing Using Matlab/Oge Marques
558,"Cơ sở tạo hình/Lê Huy Văn, Trần Tử Thành"
559,Hand book of Print Media/Helmut Kipphan
560,Design thị giác/ Nguyễn Luận
561,Giáo trình vật liệu in/Trần Thanh Hà
562,Ngôn ngữ của hình và màu sắc/ Nguyễn Quân
563,"Những nền tảng cơ bản của mỹ thuật/ Ocvirk, Stinson, Wigg, Bone and Cayton"
564,Màu sắc lý thuyết và ứng dụng:Trong lĩnh vực thiết kế - đồ họa - In /Ngô Anh Tuấn
565,Giáo trình quản lý và kiểm tra chất lượng sản phẩm in/Ngô Anh Tuấn
566,An introduction to  perspective/ Ray Smith
567,Công nghệ in offset/ Chế Quốc Long
568,"Luật phối cảnh trong hội họa/ Phạm Cao Hoàn, Nguyễn Thị Nam, Nguyễn Văn Khôi, Huyền Nữ"
569,Tài liệu hướng dẫn thực tập ngoài trường/Khoa kỹ thuật in
570,Perspective for Comic Book Artists/ David Chelsea
571,Hand book of Print Media/Helmut Kipphan
572,New Perspectives in painting/ Vitamin P
573,The artirt's complete guide to figure drawing: A contemporary Perspective on the Classical tradition/ Anthony Ryder
574,Giáo trình Kinh tế và tổ chức sản xuất In/Khoa KTI trường ĐHSPKT
575,Phối cảnh lý thuyết và thực hành/ Cổ Văn Hậu
576,Printing production Management /Michael Wieran
577,Quản trị doanh nghiệp=Business administration/Dương Hữu Hạnh
578,Quản trị sản xuất và dịch vụ :Lý thuyết và bài tập /Đồng Thị Thanh Phương
579,Phối cảnh kiến trúc: Phần lý thuyết/ Dương Tiến Thọ
580,Luật xuất bản
581,Giáo trình Công nghệ in/Chế Quốc Long
582,Giáo trình các công nghệ in đặc biệt/Chế Quốc Long
583,"Nhập môn phương pháp kĩ năng trang trí cách điệu hoa lá, động vật, phong cảnh/ Trần Giang"
584,Giáo trình quản lý và kiểm tra chất lượng sản phẩm in/Ngô Anh Tuấn
585,"Màu sắc và chất lượng in/Ngô Anh Tuấn, Vũ Khắc Liên"
586,"Thiết kế trang trí hiện đại: Trang trí cách điệu/ Lại Tiếu Quân, Lâm Húc"
587,Offset lithographic technology/Kenneth F. Hird
588,Hand book of Print Media/Helmut Kipphan
589,"Chỉ nam mỹ thuật cao cấp trang trí cách điệu người: Hình vẽ, trang trí/ Trịnh Quân, Lý Hán"
590,Thiết kế trang trí/
591,Trang trí cách điệu
592,Thiết kế trang trí : Design
593,Trang trí cách điệu người
594,Giáo trình Công nghệ gia công sau in/Nguyễn Thị Lại Giang
595,Kỹ thuật đóng sách/Huỳnh Trà Ngộ
596,Nhiếp ảnh cơ bản (Complete Difgital Photography)/ Ben Long
597,Hand book of Print media/Helmut Kipphan
598,"Lịch sử điện ảnh thế giới/David Thomson ; Thanh Hương, Kim Dung, Hiền Lương, Thế Hùng dịch"
599,Giáo trình vật liệu in/Trần Thanh Hà
600,"Công nghệ gia công sau in/Nguyễn Huy Hợp, Trần Văn Thắng"
601,English I for Graphic/ Linda Cooke
602,Tiếng Anh trong xây dựng và kiến trúc= English on building and architecture/Võ Như Cầu
603,"Teaching the Arts to Engage English Language Learners/ Margaret Macintyre Latta, Elaine Chan"
604,Màu sắc lý thuyết và ứng dụng:Trong lĩnh vực thiết kế - đồ họa - In /Ngô Anh Tuấn
605,Bài giảng công nghệ xử lý ảnh kỹ thuật số/Nguyễn Mạnh Huy
606,Giáo trình công nghệ chế tạo khuôn in/Trần Thanh Hà
607,"ISO 12647 Graphic  technology — Process control for the production of half-tone colour separations, proof  and production prints/ISO standard"
608,"Giáo trình Luật Sở hữu trí tuệ, Đại học Luật Hà Nội"
609,"Giáo trình luật sở hữu trí tuệ/Lê Đình Nghị, Vũ Thị Hải Yến, Nguyễn Như Quỳnh, Nguyễn Thị Tuyết"
610,Luật sở hữu trí tuệ năm 2009
611,"Portfolio of Inspirations/Dorte Nielsen, Kiki Hartmann"
612,Luật sở hữu trí tuệ Việt Nam/ Lê Nết
613,The art of the sticker/Dave Combs
614,Cẩm nang sở hữu trí tuệ
615,Portfolio: A quarterly of new ideas made visual 
616,Hình họa 2/Triệu Khắc Lễ
617,Những điều cơ bản dành cho người học vẽ/ Đỗ Duy Ngọc
618,Giải phẫu học: Hình họa căn bản tập 12/ Lê Thanh Lộc
619,"Thiết kế trang trí hiện đại: Trang trí cách điệu/ Lại Tiểu Quân, Lâm Húc"
620,"Chỉ nam mỹ thuật cao cấp trang trí cách điệu người: Hình vẽ, trang trí/  Trịnh Quân, Lý Hán"
621,Thiết kế trang trí
622,Trang trí cách điệu
623,Trang trí cách điệu người
624,Lược sử mỹ thuật Việt Nam/ Nguyễn Phi Hoanh
625,Lịch sử mỹ thuật thế giới: Giáo trình dùng cho các trường mỹ thuật; Môn học: 1052010 - Lịch sử mỹ thuật thế giới/Nguyễn Trân biên soạn
626,Thập đại tùng thư 10 nhà hội họa lớn thế giới/ Âu Dương Anh
627,Hình tượng con người trong nghệ thuật tạo hình truyền thống/  Trần Lâm Biền
628,"Từ điển mỹ thuật hội họa thế giới /Tiệp Nhân, Vệ Hải; người dịch: Trần Kiết Hùng, Nguyễn Hồng Trang"
629,Các dân tộc ở Việt Nam:(Dẫn liệu nhân học- tộc người) /Nguyễn Đình Khoa
630,"Mỹ thuật của người Việt/ Nguyễn Quân, Phan Cẩm Thượng"
631,Nhiếp ảnh cơ bản (Complete Difgital Photography)/ Ben Long
632,"Lịch sử điện ảnh thế giới/David Thomson ; Thanh Hương, Kim Dung, Hiền Lương, Thế Hùng dịch"
633,Từ máy ảnh đến hình ảnh/ Trần Đức Tài
634,"Identity Designs: Corporate identities, brand identities and more"
635,Thực tập dàn trang:Sử dụng cho sinh viên ngành kỹ thuật in/Quách Huệ Cơ
636,"Giáo trình thiết kế và sản xuất bao bì/Nguyễn Thị Lại Giang, Trần Thanh Hà"
637,Package design workbook:  the art and science of successful packaging/Steven Dupuis John Silva
638,Manga Studio 5/Michael Rhodes
639,The art directors' handbook of prefessional magazine design. Classic techniques and inspirational appoaches/Horst Moser
640,Wheel of time calendar design
641,Catalogue des livres = Catalogue of books = Katalog der Bucher 1957-1975/Marcel Broodthaers
642,"Poster Art		"
643,The Elements  of Graphic Design 2nd Edition/ Alex W. White Allworth Press
644,Wheel of time calendar design
645,Poster Art/ Massachusette: Rockport
646,"No 4: Viual Identity DM  & Print, website poster, packaging, logo, graphics"
647,"No 4: Viual Identity DM & Print, website poster, packaging, logo, graphics"
648,Graphic poster annual 2004/ Vannessa Forgel
649,Graphic poster annual 2004/Vannessa Forgel
650,The art directors' handbook  of prefessional magazine design. Classic techniques and inspirational appoaches/ Horst Moser
651,Catalogue des livres  = Catalogue of books = Katalog der Bucher 1957-1975/ Marcel Broodthaers
652,Mag art : Innovation in Magazine Design/Charlotte Rivers
653,Mag art : Innovation in Magazine Design/Charlotte Rivers
654,The Design Book: 1000 New  Designs for the Home and Where to Find Them/ Jennifer Hudson
655,"Balthus : Catalogue raisonné of the complete works/Virginie Monnier, Jean Clair"
656,Balthus : Catalogue raisonné  of the complete works/ Virginie Monnier Jean Clair
657,Mag art : Innovation in  Magazine Design/ Charlotte Rivers
658,"L’art de la composition et du cardrage  (Nghệ thuật bố cục khuôn hình: Dành cho hội họa, nhiếp ảnh, tranh truyện và quảng cáo)/ Đức Hòa dịch"
659,Artist’s guide to Composition/ Ralph Fabri
660,"Advertising: Advertising best  print, radio, television and innovative media"
661,Creative Advertising: Ideas  and techniques from the world's best campaigns
662,Branding: From Brief  to Finished Solution/ Mono
663,Quản trị thương hiệu 101:  Brand Management 101/ Mainak Dhar
664,"Xây dựng và phát triển thương hiệu/Vũ Chí Lộc, Lê Thị Thu Hà"
665,22 quy luật cơ bản của quảng cáo:Những quy luật cần biết để xây dựng một thương hiệu mạnh/Michael Newman; Lê Hải Nam dịch
666,"Quảng cáo và ngôn ngữ quảng cáo=Advertising and language of advertising/Nguyễn Kiên Trường, hiệu đính: Lý Tùng Hiếu"
667,Advertising nex: 150 winning  campaigns ror the new communications age/ Tom Himpe
668,Kiến trúc nhà ở:Giáo trình đào tạo kiến trúc sư/Nguyễn Đức Thiềm
669,"Kiến trúc nhà ở nông thôn hiện đại/Đặng Hồng Vũ; Văn Nam, Đỗ Chí (  biên dịch ); Trần Kim Bảo ( hiệu đính )"
670,Nguyên lý thiết kế bảo tàng/Tạ Trường Xuân
671,Giáo trình thực tập điện cơ bản/Bùi Văn Hồng
672,Kiến trúc cơ sở : Phục vụ kiến thức nội thất / Nguyễn Đức Thiềm
673,Giáo trình nguyên liệu dệt =Raw textile materials/Nguyễn Tuấn Anh
674,"Kỹ thuật điện : Lý thuyết,bài tập giải sẵn và bài tập cho đáp số:Giáo trình cho các trường Đại học)/ Đặng Văn Đào, Lê Văn Doanh "
675,Vật liệu dệt:Môn học: 1151010 - Vật liệu dệt may/Nguyễn Văn Lân
676,Kỹ thuật lắp đặt điện dân dụng
677,Vật liệu dệt/Nguyễn Trung Thu
678,Sửa chữa thiết bị điện /Hoàng Hữu Thận
679,"Giáo trình Vật liệu dệt may/Trần Thủy Bình, Lê Thị Mai Hoa"
680,Thiết kế nội thất và đồ gia dụng / Ngô Trí Tuệ
681,"Mạch điện/Trần Tùng Giang, Lê Thị Thanh Hoàng"
682,Textile Science/Kathryn L. Hatch
683,Ergonomics trong thiết kế nội thất kiến trúc và đồ mộc / Lý Văn Lâm 
684,"Mạch điện 1/Phạm Thị Cư, Trương Trọng Tuấn Mỹ, Lê Minh Cường"
685,Giáo trình nguyên phụ liệu may =Garment materials and accessories/Nguyễn Tuấn Anh
686,Giáo trình quá trình hoàn tất vải =Textile dyeing and finishing technology/Nguyễn Tuấn Anh
687,Công nghệ nhuộm và hoàn tất vải/Nguyễn Công Toàn
688,"Mạch điện II/Phạm Thị Cư (cb), Trương Trọng Tuấn Mỹ, Lê Minh Cường"
689,Thiết bị may công nghiệp và bảo trì/Nguyễn Ngọc Châu
690,"Bài giảng nhập môn Công nghệ Kỹ thuật / Đặng Thiện Ngôn, Võ Xuân Tiến."
691,Concepts in Electric Circuits
692,Thiết bị may công nghiệp
693,Electric circuits - 10th edition
694,Sổ tay sinh viên / Đại học Sư Phạm Kỹ thuật TPHCM
695,Giáo trình môn học kỹ thuật may cơ bản/Trần Thị Thêu
696,Circuit Analysis I & II with MATLAB® Computing andSimulink®/ SimPowerSystems®Modeling
697,Electric circuit - 1st edition
698,Circuit analysis : Theory and practice - 5th edition
699,"Fundamentals of electric circuits /Charles K. Alexander, Matthew N.O Sadiku."
700,Basic course in sewing/Yoko Shirane Venzuela 
701,Tổ chức không gian kiến trúc các loại nhà công cộng/Vũ Duy Cừ
702,"Giáo trình Điện tử cơ bản/Trần Thu Hà, Trương Thị Bích Ngà, Nguyễn Thị Lưỡng,..."
703,"Lịch sử văn minh thế giới/Vũ Dương Ninh (ch.b.), Nguyễn Gia Phu, Nguyễn Quốc Hùng, Đinh Ngọc Bảo"
704,Hình họa - vẽ kỹ thuật ngành may / Nguyễn Thành Hậu
705,"Giáo trình máy điện I/Nguyễn Trọng Thắng, Ngô Quang Hà"
706,"Máy điện I :Sách dùng cho các trường đại học/Vũ Gia Hanh, Trần Khánh Hà, Phan Tử Thụ, Nguyễn Văn Sáu"
707, Hướng dẫn sử dụng CorelDRAW 
708, Hướng dẫn sử dụng CorelDRAW/ Nguyễn Thanh Hoàng
709,Kỹ thuật điện
710,"Ivanov (bản dịch tiếng Việt của Vũ Gia Hanh), Máy điện"
711,Giáo trình “Hình họa – Vẽ kỹ thuật”/Trương Minh Trí
712,"Máy và thiết bị gia công gỗ - Tập 1/ Hoàng Hữu Nguyên, Hoàng Xuân Niên"
713,Electric machines
714,Nguyên lý cắt vật liệu gỗ / Hoàng Tiến Đượng
715,"Bản vẽ kỹ thuật – Tiêu chuẩn quốc tế/Trần Hữu Quế, Nguyễn Anh Tuấn"
716,Máy và thiết bị gia công gỗ - Tập 1/ Hoàng Hữu Nguyên
717,"Nguyên lý gia công vật liệu/Bành Tiến Long, Trần Thế Lục, Trần Sỹ Túy"
718,Lịch sử văn minh thế giới
719,Hướng dẫn sử dụng CorelDRAW/Trần Văn Minh
720,"Giáo trình khí cụ điện/Hồ Xuân Thanh, Phạm Xuân Hổ"
721,"Giáo trình khí cụ điện:Dùng cho các trường đại học khối công nghệ/Hồ Xuân Thanh, Phạm Xuân Hổ"
722,"Máy gia công gỗ / Phạm Quang Đẩu, Phạm Quốc Phúc"
723,Giáo trình khí cụ điện/Phạm Văn Chới
724,Máy và thiết bị chế biến gỗ / Hoàng Việt
725,Advanced Engineering Mathematics
726,"Tự động hóa trong chế biến gỗ và lâm sản ngoài gỗ / Hoàng Nguyên, Hoàng Việt, Hoàng Xuân Niên"
727,Bài giảng Toán kỹ thuật
728,"Giáo trình kỹ thuật số/Nguyễn Đình Phú, Nguyễn Trường Duy"
729,"Đại cương lịch sử thế giới cổ đại/Trịnh Nhu, Nguyễn Gia Phu"
730,"Mạch số: Môn học: 1163100 - Kỹ thuật số/Nguyễn Hữu Phương$pDùng cho sinh viên đại học ngành điện tử, tự động hóa, viễn thông, tin học, v.v... /"
731,"Digital systems : Principles and applications / Neal S. Widmer, Gregory L. Moss, Ronald J. Tocci"
732,"Digital systems : Principles and applications / Neal S. Widmer, Gregory L. Moss, Ronald J. Tocci"
733,"Giáo trình Công nghệ CAD/CAM_CND / Nguyễn Ngọc Đào, Trần Chí Thiên"
734,"Giáo trình quản lý đơn hàng ngành may/Trần Thanh Hương, Tạ Thị Ngọc Nhung, Phạm Thị Hà"
735,Điện tử công suất/Hoàng Ngọc Văn
736,Từ điển Anh văn chuyên ngành
737,"Điện tử công suất :Bài giảng môn học/Nguyễn Xuân Khai, Hoàng Ngọc Văn"
738,Giáo trình công nghệ CNC/Trần Văn Địch
739,Giáo trình chuẩn bị sản xuất may/ Trần Thanh Hương
740,"Lịch sử thế giới trung đại/Nguyễn Gia Phu, Nguyễn Văn Ánh, Đỗ Đình Hãng,..."
741,Nguyên lý Design Thị giác / Nguyễn Hồng Hưng
742,Nguyên lý Design Thị giác / Nguyễn Hồng Hưng
743,Giáo trình Điện tử công suất 1
744,Giáo trình quản lý chất lượng trang phục/Trần Thanh Hương
745,Giáo trình Hình khối cơ bản / Trần Ngọc Kanh
746,Almanach những nền văn minh thế giới
747,Điện tử công suất:Giáo trình dùng cho sinh viên Đại Học Bách Khoa và các trường đại học khác /Nguyễn Bính
748,Mỹ thuật công nghiệp / Phạm Đỗ Nhật Tiến 
749,Quản trị học/Nguyễn Thị Liên Diệp
750,Cơ sở tạo hình  / Lê Duy Văn 
751,"Quản lý chất lượng /Tạ Thị Kiều An, Ngô Thị Ánh, Nguyễn Thị Ngọc Diệp,..."
752,Nguyên Lý Thiết Kế (Design Principles) / Paul Zelanski & Mary Pat Fisher 
753," Quản trị xuất nhập khẩu/Đoàn Thị Hồng Vân, Kim Ngọc Đạt"
754,Top Sketches: Top European Designer’s Sketches / Jordi Mila & Stone Wen 
755,Quy tắc của ICC về sử dụng các điều kiện thương mại quốc tế và nội địa/ Phòng thương mại quốc tế - Incoterms
756,Kỹ năng soạn thảo văn bản và thư từ thương mại/ Dr. Jan Yager; Hoàng Thu Hương dịch
757,Giáo trình Công nghệ Cad ngành May/Nguyễn Thành Hậu
758,Điện tử công suất. Bài tập bài giải và ứng dụng
759,Gerber Garment Technology Data Management
760,Giáo trình Công nghệ sửa chữa máy/ Hoàng Trí
761,"Giáo trình ứng dụng PSIM trong điện tử công suất:Giáo trình dùng cho sinh viên ngành Điện - Điện tử/Đỗ Đức Trí, Vương Thị Ngọc Hân"
762,"Giáo trình “Cung cấp điện” dành cho hệ Đại Học, Khối Ngành Công Nghệ"
763,"Accounting/Horngren, Harrison and Oliver "
764,Gerber Garment Technology Pattern Design
765,Gerber Garment Technology  Marker Making 
766,Công việc của người thợ sửa chữa cơ khí: Tập 1/Tô Xuân Giáp
767,"Hướng dẫn thiết kế lắp đặt điện theo tiêu chuẩn quốc tế IEC= Electrical Installation Guide : According to IEC international Standards /Schneider Electric S. A, người dịch: Phan Thị Thanh Bình, Phan Quốc Dũng, Phạm Quang Vinh..."
768,Công việc của người thợ sửa chữa cơ khí: Tập 2/Tô Xuân Giáp
769,"Sửa chữa bảo trì các thiết bị hệ thống khí nén /Nguyễn Thành Trí, Châu Ngọc Thạch"
770,Giáo trình CAD trong kỹ thuật điện/Quyền Huy Ánh
771,Giáo trình an toàn điện/Quyền Huy Ánh
772,Thiết kế trang phục nam cơ bản/Nguyễn Ngọc Châu
773,Thiết kế trang phục nam cơ bản/Nguyễn Ngọc Châu
774,Cung cấp điện T1/Nguyễn Xuân Phú
775,Thiết kế trang phục nam nâng cao/Nguyễn Thành Hậu
776,"Giáo trình cơ sở công nghệ chế tạo máy/Phan Minh Thanh, Hồ Viết Bình"
777,Giáo trình thiết kế trang phục nữ cơ bản:Giáo trình dùng cho sinh viên ngành Công nghệ may/Phùng Thị Bích Dung
778,"Cẩm nang thiết bị đóng cắt /Gerd Balzer,...; Lê Văn Doanh (dịch)"
779,Thiết kế trang phục nữ cơ bản/Phùng Thị Bích Dung
780,"Thiết kế cấp điện:Dự toán; Thủ tục thiết kế; Thiết kế thực tế; Lắp đặt /Ngô Hồng Quang, Vũ Văn Tẩm"
781,Giáo trình công nghệ sản xuất may:Giáo trình dùng cho sinh viên ngành Công nghệ may/Trần Thanh Hương
782,Giáo trình công nghệ sản xuất may:Giáo trình dùng cho sinh viên ngành Công nghệ may/Trần Thanh Hương
783,Nguyên lý cắt kim loại: Giáo trình dùng cho sinh viên các trường kỹ thuật / Trần Văn Địch
784,Chuẩn bị sản xuất may/ Trần Thanh Hương
785,Sổ Tay Công Nghệ Chế Tạo Máy - tập 1 / Nguyễn Đắc Lộc và các tác giả
786,"Thiết kế điện, dự toán và tính giá thành /K.B. Raina, S.K. bhattacharya; Phạm Văn Niên (dịch)"
787,Tổ chức quản lý sản xuất may/Nguyễn Thị Thúy 
788,Sổ Tay Công Nghệ Chế Tạo Máy - tập 2 / Nguyễn Đắc Lộc và các tác giả
789,Giáo trình hệ thống cỡ số trang phục : Giáo trình dùng cho sinh viên ngành Công nghệ may / Phùng Thị Bích Dung (ch.b.); Nguyễn Thị Thúy
790,Nguyên lý gia công vật liệu / Bành Tiến Long và các tác giả
791,"Design of Electrical Services for Buildings, 4th Edition"
792,Smart Textiles and Their Applications/Vladan Koncar
793,Advanced Energy Design Guide for Small Retail Buildings
794,Analysis and Design of Low-Voltage Power Systems
795,"Công nghệ chế tạo máy/Trần Văn Địch, Nguyễn Trọng Bình, Nguyễn Thế Đạt, Nguyễn Viết Tiếp, Trần Xuân Việt"
796,"Friedman, Smart Textiles for Designers: Inventing the Future of Fabrics/Rebeccah Pailes"
797,Medium Voltage Design Guide
798,"Handbook of Smart Textiles, Springer/Tao, Xiaoming"
799,Materials and Processes in Manufacturing / E. Paul DeGarmo
800,Electronic Textiles: Smart Fabrics and Wearable Technology/Tilak Dias
801,Electrical distribution engineering / Anthony J. Pansini
802,Manufacturing Engineering and Technology / Kalpakjian & Schmid
803,Electrical Installation Caculations
804,Tâm lý học quản trị kinh doanh/Nguyễn Hữu Thụ
805,Electric power distribution equipment and systems / T. A. Short
806,Electrical Installation Guide
807,"Giáo trình “Thiết kế trang phục nam cơ bản”/Nguyễn Ngọc Châu, Nguyễn Thị Tuyết Trinh"
808,"Những khía cạnh tâm lý của quảng cáo thương mại/Nguyen, H. T."
809,Electrical Installation Hanbook
810,Lighting by Design 2Ed
811,Thiết kế trang phục 2/Trần Thị Thêu
812,"Lighting design basics / Mark Karlen, James Benya, Christina Spangler"
813,Pattern making/ Hellen 
814,E-Business and E-commerce Management (4th ed.)/Dave Chaffey
815,Uninterruptible Power Supplies
816,Textile Science/Kathryn L. Hatch
817,Electric power substations engineering / John D. McDonald
818,The complete E-Commerce Book (2nd ed.)/Janice Reynolds
819,Giáo trình thiết kế trang phục nữ cơ bản/Phùng Thị Bích Dung
820,Electrician’s Exam Study Guide
821,Khoa học gỗ: Giáo trình Đại học Lâm nghiệp/ Lê Xuân Tình
822,"Giáo trình thực hành máy điện/Bùi Văn Hồng, Đặng Văn Thành, Lê Hoàng Lâm"
823,"Giáo trình công nghệ may:Sách dùng cho các trường đào tạo hệ trung học chuyên nghiệp /Trần Thủy Bình (ch.b); Nguyễn Tiến Dũng, Lê Thị Mai Hoa, Nguyễn Thị Hạnh"
824,Nghiên cứu giải phẫu một số loại cây gỗ ở Việt nam để định loại theo các đặc điểm cấu tạo thô đại và hiển vi/ Nguyễn Đình Hưng  
825,Data Management/Gerber Garment Technology 
826,"Thực vật rừng/ Lê Mộng Chân, Lê Thị Huyên "
827,"Plant resources of South-East Asia (Volume 5(1), 5(2)/ Soerianegara and R.H.M.J Lemmens"
828,"Embedded C programming and the microchip PIC / Richard Barnett, Larry O'Cull, Sarah Cox"
829,Pattern Design/Gerber Garment Technology 
830,Marker Making/Gerber Garment Technology 
831,Programming 8-bit PIC Microcontrollers in C: With Interactive Hardware Simulation
832,"Textbook of wood technology/H.P Brown, A.J. Panshin, C.C. Forsaith"
833,Giáo trình tạo mẫu trang phục nữ/Phùng Thị Bích Dung
834,"Giáo trình thực hành kỹ thuật số / Nguyễn Đình Phú, Nguyễn Duy Thảo, Nguyễn Trường Duy, Hà A Thồi"
835,Wood as a raw material/ George Tsoumis
836,Giáo trình thiết kế trang phục 4/Huỳnh Thị Kim Phiến 
837,"Timber structure – Properties- conservation and use/ H.E. Desch, and J.M. Dinwoodie "
838,The structure of wood/ Jane F.W 
839,Wood handbook/ U.S. Department of Agriculture 
840,"Giáo trình công nghệ may:Sách dùng cho các trường đào tạo hệ trung học chuyên nghiệp/Trần Thủy Bình (ch.b.), Nguyễn Tiến Dũng, Lê Thị Mai Hoa,..."
841,Phần điện Nhà máy điện và trạm biến áp 
842,Giáo trình thiết kế trang phục nữ cơ bản:Giáo trình dùng cho sinh viên ngành Công nghệ may/Phùng Thị Bích Dung
843,"Cung cấp điện /Nguyễn Xuân Phú,Nguyễn Bội Khuê, Nguyễn Công Hiền"
844,Giáo trình Thiết kế trang phục 1/Nguyễn Phi Phụng
845,Phân tích và điều khiển ổn định hệ thống điện:Sách được dùng làm giáo trình cho các trường đại học kỹ thuật/Lã Văn Út
846,"Thiết kế hệ thống điện/Nguyễn Hoàng Việt (ch.b); Hồ Văn Hiến, Phan Thị Thanh Bình, Võ Văn Huy Hoàng"
847,Giáo trình thiết kế trang phục 2/Trần Thị Thêu
848,PATTERNMARKING for fashion design/Helen Joseph Armstrong
849,UNDERSTANDING ELECTRIC POWER SYSTEMS - An Overview of the Technology and the Marketplace
850,Nguyên lý thiết kế kiến trúc nội thất./ Nguyễn Hoàng Liên 
851,Introduction to pattern Drafting/Jayne Smith
852,Matlab: A Practical Introduction to Programming and Problem Solving/Stormy Attaway
853,Ergonomics trong thiết kế nội thất kiến trúc và đồ mộc/ Lý Văn Lâm 
854,Electrical distribution engineering / Anthony J. Pansini
855,Introduction to MATLAB® for Engineers/William J. Palm I
856,Giáo trình Công nghệ Cad ngành May/Nguyễn Thành Hậu
857,Switchgear Manual
858,Nghệ thuật trang trí nội thất:Những mẫu thiết kế đẹp và tiện dụng /Thiên Thanh (biên soạn)
859,Electric power substations engineering / John D. McDonald
860,Data Management/Gerber Garment Technology 
861,Electrical Transmission and Distribution Reference book 
862,Decorative Style/ Kenvin McCloud 
863,Pattern Design/Gerber Garment Technology 
864,Lighting Style/ Kenvin McCloud 
865,Marker Making/Gerber Garment Technology 
866,Hướng dẫn thiết kế đồ án cung cấp điện
867,The History of Furniture/ John Morley 
868,Giáo trình Công nghệ Cad ngành May/Nguyễn Thành Hậu
869,"Giáo trình “Cung cấp điện” dành cho hệ Đại Học, Khối Ngành Công Nghệ"
870,"Công nghệ và thiết kế đồ gia dụng/ Bành Lương, Hồ Cảnh Sơ"
871,Data Management/Gerber Garment Technology 
872,Pattern Design/Gerber Garment Technology 
873,"Sổ tay thực dụng thiết kế bản vẽ, kỹ thuật gia công chế tạo mới và tiêu chuẩn kiểm tra chất lượng xuất nhập khẩu đồ gia dụng kim loại trong và ngoài nước/ Biên Ủy Hội"
874,"Cơ sở Vật lý tập ba – Nhiệt học/David Halliday, Robert Resnick, Jearl Walker"
875,Marker Making/Gerber Garment Technology 
876,Thiết kế kết cấu và tạo hình đồ gia dụng/ Vu Thân
877,Giáo trình CAD trong kỹ thuật điện/Quyền Huy Ánh
878,Giáo trình thiết kế trang phục cưới/Phùng Thị Bích Dung 
879,Công nghệ chế tạo đồ gia dụng kim loại/ 
880,"Giáo trình ""An toàn điện"""
881,Giáo trình Vật lý đại cương tập 1/I. V. Xaveliev
882,Hệ thống cung cấp điện
883,"Giáo trình Keo dán gỗ/ Phạm Văn Chương, Nguyễn Trọng Kiên "
884,"Giáo trình công nghệ may:Sách dùng cho các trường đào tạo hệ trung học chuyên nghiệp/Trần Thủy Bình (ch.b.), Nguyễn Tiến Dũng, Lê Thị Mai Hoa,..."
885,Giáo trình Công nghệ ván nhân tạo tập 1
886,"Keo dán gỗ: giáo trình Đại học Lâm nghiệp/ Phạm Văn Chương (chủ biên), Nguyễn Trọng Kiên"
887,Giáo trình thiết kế trang phục nữ cơ bản/Phùng Thị Bích Dung
888,"Công nghệ sản xuất ván nhân tạo: ván dán và ván nhân tạo đặc biệt - $nTập 1/ Phạm Văn Chương, Nguyễn Hữu Quang"
889,giáo trình Keo dán và Chất phủ
890,Giáo trình tạo mẫu trang phục nữ/Phùng Thị Bích Dung
891,Tạp chí Công nghiệp hóa chất
892,"Hướng dẫn thiết kế lắp đặt điện theo tiêu chuẩn quốc tế IEC= Electrical Installation Guide : According to IEC international Standards /Schneider Electric S. A, người dịch: Phan Thị Thanh Bình, Phan Quốc Dũng, Phạm Quang Vinh..."
893,Giáo trình Thiết kế trang phục 1/Nguyễn Phi Phụng
894,"Keo dán và chất phủ/ Trần Văn Chứ, Cao Quốc An,  Nguyễn Văn Thuận "
895,Vật lý đại cương - T.1:Cơ - Nhiệt: Dùng cho các trường đại học khối kỹ thuật công nghiệp/Lương Duyên Bình (ch.b)
896,"Hệ thống cung cấp điện của xí nghiệp công nghiệp, đô thị và nhà cao tầng /Nguyễn Công Hiền, Nguyễn Mạnh Hoạch"
897,Giáo trình thiết kế trang phục 2/Trần Thị Thêu
898,Truyền động điện
899,PATTERNMARKING for fashion design/Helen Joseph Armstrong
900,Introduction to pattern Drafting/Jayne Smith
901,Giáo trình thiết kế nón và túi xách/Vũ Minh Hạnh
902,Thiết kế phụ trang/Nguyễn Hoa Mai
903,"Thiết kế túi ví cao cấp cho mọi người/Ellen Goldstein Lynch, Sara Mullins, Nicole Malone; Phạm Cao Hoàn (dịch)"
904,""" Lecture note on Finite Element Method (I), Department of Advanced Technology Fusion/H.C. Park "
905,"Engineering Analysis with ANSYS Software/ N. Nakasone, T. A. Stolarski and S. Yoshimoto"
906,Ứng dụng phương pháp phần tử hữu hạn trong tính toán kết cấu/Nguyễn Hoài Sơn
907,"Lịch sử thời trang/Helen Reynolds, Nguyễn Như Mai dịch"
908,Trang bị điện- điện tử
909,"Ứng dụng phương pháp phần tử hữu hạn trong tính toán kỹ thuật/Nguyễn Hoài Sơn, Lê Thanh Phong, Mai Đức Đãi"
910,Truyền Động Điện Tự Động
911,Finite element procedures/ K. J. Bathe
912,"ANSYS Basic Analysis Guide, Release 13.0/ "
913,Thiết kế giày/Huỳnh Lê Quốc
914,"Fluid Mechanics – Fundamentals and Applications, 4th edition/  Yunus A Cengel, John M Cimbala"
915,Thiết bị may công nghiệp và bảo trì/Nguyễn Ngọc Châu
916,Thủy khí kỹ thuật và máy bơm:Môn học: 1132100 - Cơ học lưu chất ứng dụng; 1132060 - Cơ học lưu chất ứng dụng B; 1132020 - Thủy khí/Phạm Thị Thanh Tâm
917, Thiết vị may công nghiệp
918,"Ansys FLUENT Tutorial Guide, Release 14.0"
919,Giáo trình công nghệ sản xuất may:Giáo trình dùng cho sinh viên ngành Công nghệ may/Trần Thanh Hương
920,"Bài giảng Cơ học và Nhiệt động lực học/Nguyễn Nhật Khanh, Châu Văn Tạo"
921,Phân tích tổng hợp hệ thống điều khiển tự động truyền động điện
922,Giáo trình công nghệ sản xuất sản phẩm dệt kim:Giáo trình dùng cho sinh viên ngành Công nghệ May/Trần Thanh Hương
923,Giáo trình công nghệ sản xuất may:Giáo trình dùng cho sinh viên ngành Công nghệ may/Trần Thanh Hương
924,"Tính toán thiết kế hệ dẫn động cơ khí – tập 1/ Trịnh Chất, Lê Văn Uyển"
925,Tài liệu học tập “Thiết Kế Trang Phục Lót”/Nguyễn Thị Luyên
926,"Sơ đồ điện / Jean Barry, Jean Yves Kersulec,; Người dịch: Lê Văn Doanh, Võ Thạch Sơn"
927,"Tính toán thiết kế hệ dẫn động cơ khí:Tập 2/Trịnh Chất, Lê Văn Uyển"
928, Technology of clothing Manufacture/David J.Tyler
929,Kỹ thuật nâng chuyển - Tập 2 : Máy vận chuyển liên tục / Nguyễn Hồng Ngân (chủ biên) ; Nguyễn Danh Sơn
930, Patternmaking for underwear design- Createspace/Kristina Shin Phd
931,"Nhiệt động học/Jean-Marie Brébec,Alian Favier,Philippe Denève...;Ngô Phú An(dịch)"
932,Electric drives
933,Các máy gia công vật liệu rắn và dẻo:$n Tập 1/Hồ Lê Viên
934,Electric drive/M. Chilikin 
935,"Giáo trình “Cung cấp điện” dành cho hệ Đại Học, Khối Ngành Công Nghệ"
936,"An introduction to materials engineering and science/Brian S. Mitchell, John Wiley & Sons"
937,"Quá trình và thiết bị trong công nghệ hóa học & thực phẩm – Tập 2: Cơ học vật liệu rời/  Vũ Bá Minh, Hoàng Minh Nam"
938,Patternmaking for underwear design/Kristina Shin
939,Renewable energy : Power for a sustainable future / Godfrey Boyle
940,"Giáo trình công nghệ may:Sách dùng cho các trường đào tạo hệ trung học chuyên nghiệp/Trần Thủy Bình (ch.b.), Nguyễn Tiến Dũng, Lê Thị Mai Hoa,..."
941,"Vẽ kỹ thuật  cơ khí - T.1:Sách dùng cho các trường đại học kỹ thuật/Trần Hữu Quế, Đặng Văn Cứ, Nguyễn Văn Tuấn"
942,"Fundamental of Ceramic Powders Processing and Synthesis/Terry A. Ring, Acedamic Press"
943,PATTERNMARKING for fashion design/Helen Joseph Armstrong
944,The Apparel Design and Production Hand Book (A Technical Reference)/The Fashiondex
945,"Renewable Energy : Physics, engineering, environmental ipacts, economics and planning"
946,Kỹ thuật sản xuất vật liệu gốm sứ/Đỗ Quang Minh
947,"Vẽ kỹ thuật  cơ khí - T.1:Sách dùng cho các trường đại học kỹ thuật/Trần Hữu Quế, Đặng Văn Cứ, Nguyễn Văn Tuấn"
948,Introduction to pattern Drafting/Jayne Smith
949,Truyền động điện
950,Ceramic Processing and Sintering/M. N Rahaman
951,Giáo trình mỹ thuật trang phục:Sách dùng cho các trường đào tạo hệ Trung học chuyên nghiệp - Cao đẳng - Đại học/Trần Thủy Bình
952,Thiết bị điều khiển điện
953,Cơ sở thiết kế máy/ Nguyễn Hữu Lộc
954,Trang bị điện- điện tử
955,Ceramic Materials: Science and Engineering/C. Barry Carter et M. Grant Norton
956,Phân tích tổng hợp hệ thống điều khiển tự động truyền động điện
957,"Màu sắc và phương pháp vẽ màu /Nguyễn Duy Lẫm, Đặng Thị Bích Ngân"
958,Cơ sở thiết kế máy/ Nguyễn Hữu Lộc
959,Giáo trình máy và thiết bị chế biến lương thực/Tôn Thất Minh
960,"Trang trí/ Nguyễn Thế Hùng, Nguyễn Thị Nhung, Phạm Ngọc Tới"
961,"Mỹ thuật vào phương pháp dạy học/Trịnh Thiệp, Ưng Thị Châu"
962,"Shigley's mechanical engineering design / Richard G. Budynas, J. Keith Nisbett"
963,Tâm lý học quản trị kinh doanh/Nguyễn Hữu Thụ
964,Polyme Đại Cương/TS. Hoàng Ngọc Cường
965,Đắc nhân tâm/Dale Carnegie (Nguyễn Hiến Lê dịch)
966,Giáo trình mỹ học/Lê Quốc Bảo
967,Lịch sử tư tưởng thẩm mỹ
968,Khơi nguồn mỹ học dân tộc/Mịch Quang
969,"Bài tập vẽ kỹ thuật  cơ khí -  T.1/Trần Hữu Quế, Nguyễn Văn Tuấn"
970,Tài liệu nghệ thuật học/Lâm Vinh
971,Mỹ học/Lâm Vinh
972,"Bài tập vẽ kỹ thuật cơ khí -T2/Trần Hữu Quế, Nguyễn Văn Tuấn"
973,Sơ đồ điện
974,Composite materials technology/P.K.Mallick/Newman
975,Giáo trình Tổ chức quản lý sản xuất may/Nguyễn Thị Thúy
976,Electric drives
977,"Machine  drawing  3rd  ed/ K.L.  Narayana,  P.  Kannaiah,  K.  V.  Reddy"
978,Giáo trình thiết kế trang phục 5/Trần Thanh Hương
979,Electric drive/M. Chilikin 
980,Handbood of composite fabrication/Gunerl Akovali
981,"Bài tập vẽ kỹ thuật cơ khí:Tập 2/Trần Hữu Quế, Nguyễn Văn Tuấn"
982,Giáo trình công nghệ may trang phục 3/Trần Thanh Hương
983,"Giáo trình “Thực tập năng lượng tái tạo”, dành cho hệ Đại Học, Khối Ngành Công Nghệ"
984,"Bản vẽ kỹ thuật – Tiêu chuẩn quốc tế/ Trần Hữu Quế, Nguyễn Văn Tuấn"
985,"Giáo trình “Thiết kế trang phục nam cơ bản”/Nguyễn Ngọc Châu, Nguyễn Thị Tuyết Trinh"
986,Thiết kế trang phục 2/Trần Thị Thêu
987,Pattern making/ Hellen 
988,Textile Science/Kathryn L. Hatch
989,Mechanics of composite materials/Autar K. Kaw
990,Pattern making/ Hellen 
991,Giáo trình quá trình hoàn tất vải =Textile dyeing and finishing technology/Nguyễn Tuấn Anh
992,"Fundamentals of polymer engineering/Anil Kumar, Rakesh K. Gupta"
993,"Giáo trình “Thiết kế trang phục nam cơ bản”/Nguyễn Ngọc Châu, Nguyễn Thị Tuyết Trinh"
994,"Biorelated polymers/Emo Chiellini, Helena Gil, Gerhart Braunegg,..."
995,Thiết kế trang phục 2/Trần Thị Thêu
996,Pattern making/ Hellen 
997,Textile Science/Kathryn L. Hatch
998,Giáo trình thiết kế trang phục nữ cơ bản:Giáo trình dùng cho sinh viên ngành Công nghệ may/Phùng Thị Bích Dung
999,"Biomedical applications/Doris Klee, Hartwig Höcker"
1000,"Giáo trình công nghệ may:Sách dùng cho các trường đào tạo hệ trung học chuyên nghiệp/Trần Thủy Bình (ch.b.), Nguyễn Tiến Dũng, Lê Thị Mai Hoa,..."
1001,"Hướng dẫn thiết kế lắp đặt điện theo tiêu chuẩn quốc tế IEC= Electrical Installation Guide : According to IEC international Standards /Schneider Electric S. A, người dịch: Phan Thị Thanh Bình, Phan Quốc Dũng, Phạm Quang Vinh..."
1002,Giáo trình tạo mẫu trang phục nữ/Phùng Thị Bích Dung
1003,Giáo trình Thiết kế trang phục 1/Nguyễn Phi Phụng
1004,Element of X-ray Diffraction - 3rd/B.D. Cullity & S.R. Stock
1005,Inteligent Buildings and Building Automation 
1006,"Giáo trình thiết kế trang phục 2/Trần Thị Thêu, Nguyễn Tuấn Anh"
1007,Transmission Electron Microscopy (A textbook for Materials Science)/David B. Williams & C. Barry Carter
1008,Integrated Building Management Systems in Data Centra
1009,Engineering manual of automatic control for commercial buildings 
1010,Patternmaking for fashion design/Helen Joseph Armstrong
1011,Thin film deposition/Donald L. Smith
1012,  The Apparel Design and Production Hand Book (A Technical Reference)/ The Fashiondex
1013,Inside Building Management Systems
1014,BACnet-Various articles
1015,Lonworks Various articles
1016,General Topology
1017,"Bjorner,Topological methods, appears in Handbook of Combinatorics, Vol. 1, 2"
1018,A Protocol for Packet Network Intercommunication
1019,"“The European computer network project,” in Computer Communications: Impacts and Implications"
1020,Communication Systems for Building Automation and Control
1021,Optimization of HVAC Control Strategies By Building Management Systems” MASTER OF SCIENCE
1022,Giáo trình kiểm toán và tiết kiệm năng lượng / Võ Viết Cường
1023,"Kỹ thuật chiếu sáng/Patrick Vandeplanque; Dịch giả: Lê Văn Doanh, Đặng Văn Đào"
1024,"Principles of auditing & other assurance services/O. Ray Whittington, Kurt Pany"
1025,Cung cấp điện
1026,"Giáo trình “Ứng dụng Matlab trong Kỹ Thuật Điện” dành cho hệ Đại Học, Khối Ngành Công Nghệ"
1027,Giải tích mạng bằng phương trình căn bản
1028,"Introduction to Solid State Physics, eighth edition/ C. Kittel"
1029,Solving problems in scientific computing using Maple and Matlab
1030,Fundamentals of signals and systems using Matlab
1031,Quản trị dự án đầu tư
1032,Giáo trình Vật lý chất rắn đại cương/ Đỗ Ngọc Uấn
1033,"Giáo trình Kiểm toán/Bộ môn Kiểm toán, Khoa Kế toán - Kiểm toán, Trường Đại học Kinh tế TP.HCM"
1034,Fundamentals of Solid state physicss/ Christman J.R.
1035,"Vật lý chất rắn/ Nguyễn Thế Khôi, Nguyễn Hữu Mình"
1036,Vật lý chất rắn/Lê Khắc Bình (chủ biên)
1037,Giáo trình Vật lý chất rắn đại cương/Nguyễn Văn Hiệu
1038,Auditing: An Integrated Approach/Auditing: An Integrated Approach
1039,Hệ thống điện: Truyền tải và phân phối/Hồ Văn Hiến
1040,Solid State Physics/J. S. Blakemore
1041,Phần điện Nhà máy điện và trạm biến áp 
1042,"Solid State Physics/Harald Ibach, Hans Luth"
1043,"Cung cấp điện /Nguyễn Xuân Phú,Nguyễn Bội Khuê, Nguyễn Công Hiền"
1044,Solid State Physics/M.A. Wahab
1045,Introduction to Solid States Physics/Charles Kittel
1046,Phân tích và điều khiển ổn định hệ thống điện /Lã Văn Út
1047,"Physics of Solids/Charles A. Wert, Robb M. Thomson"
1048,Thiết kế hệ thống điện
1049,UNDERSTANDING ELECTRIC POWER SYSTEMS - An Overview of the Technology and the Marketplace
1050,Electrical distribution engineering / Anthony J. Pansini
1051,Switchgear Manual
1052,"Electric  power systems quality, 2nd Edition"
1053,Vật Lý Và Kỹ Thuật Chân Không/Nguyễn Hửu Chí
1054,Vacuum Technology/A. Roth
1055,Coating On Glass/H.K. Pulker
1056,Introduction to Semiconductor Materials and Devices/Man S. Tyagi
1057,The Materials Science of Thin Films/Milton Ohring
1058,"Thin films on Glass/Hans Bach, Dieter Krause"
1059,Thin - film Deposition/Donald L. Smith
1060,Electric Power Quality
1061,Semiconductor Devices Physics and Technology/S. M. Sze
1062,Fundamentals of Semicondcutor Devices/Edward S. Yang
1063,"Kỹ Thuật Sấy Thăng Hoa/Trần Tuấn, Nguyễn Hửu Chí"
1064,Physics of Semiconductor Devices/S. M. Sze
1065,Physics of Semiconductor Devices/S.M.Sze
1066,Signal Processing of Power Quality Disturbances
1067,Fundamentals of microfabrication/Marc J. Madou
1068,Giáo trình Cung cấp điện
1069,Sử dụng AutoCAD 2012/Nguyễn Hữu Lộc
1070,Micromachined transducers source book/Gregory  T.A. Kovacs
1071,"Cẩm nang thiết bị đóng cắt /Gerd Balzer,...; Lê Văn Doanh (dịch)"
1072,Thin film deposition/D. L. Smith
1073,Electrical Installation Guide
1074,Electrical Installation Hanbook
1075,Hướng dẫn sử dụng ETABS/Ngô Minh Đức
1076,Bảo vệ Rơ le trong Hệ Thống Điện
1077,Micromachined transducers source book/Gregory  T.A. Kovacs
1078,"Hướng dẫn thiết kế lắp đặt điện theo tiêu chuẩn quốc tế IEC= Electrical Installation Guide : According to IEC international Standards /Schneider Electric S. A, người dịch: Phan Thị Thanh Bình, Phan Quốc Dũng, Phạm Quang Vinh..."
1079,"Chemical vapor deposition/M. L. Hitchman, K. F. Jensen"
1080,Thin film deposition/D. L. Smith
1081,Electrical Wiring Ressidential
1082,"Chemical vapor deposition/M. L. Hitchman, K. F. Jensen"
1083,Nanostructures & Nanomaterial/Guozhong Cao 
1084,ATS KOHLER
1085,Nanostructures & Nanomaterial/Guozhong Cao 
1086," Automatic Transfer Switches, Operation and Installation, Kohler Catalog ATNSX Power Source Changeover"
1087,"Công nghệ nano – Điều khiển đến từng nguyên tử, phân tử/Vũ Đình Cự; Nguyễn Xuân Chánh "
1088,Hệ thống an ninh an toàn
1089,"Công nghệ nano – Điều khiển đến từng nguyên tử, phân tử/Vũ Đình Cự; Nguyễn Xuân Chánh "
1090," Kết cấu Bê tông cốt thép, phần cấu kiện cơ bản/Phan Quang Minh, Ngô Thế Phong, Nguyễn Đình Cống"
1091,“Nanophysik” – Bài giảng/M.Heitshold 
1092,Hotel Solution Guide 
1093,"Kết cấu Bê tông cốt thép, phần cấu kiện nhà cửa/Võ Bá Tầm"
1094,C-Bus Exam 
1095,"Design of Electrical Services for Buildings, 4th Edition"
1096,Closed Circuit Television
1097,"Bài giảng chi tiết Vật lý 1 - Phần cơ nhiệt:Môn học: 1002011 - Vật lý đại cương A1/Huỳnh Quang Chiến, Trần Thị Thiên Hương"
1098,"Kết cấu Bê tông cốt thép, phần cấu kiện đặc biệt/Võ Bá Tầm"
1099,Electrical Distribution Engineering
1100,Intelligent Distributed Video Surveillance Systems
1101,CCTV handbook 
1102,Cấp thoát nước bên trong công trình/KS.Hoàng Đình Thu
1103,CCTV Operations Manual
1104,Vật lý đại cương - T.1:Cơ - Nhiệt: Dùng cho các trường đại học khối kỹ thuật công nghiệp/Lương Duyên Bình (ch.b)
1105,Electric Machinery 
1106,Fractional-Horsepower Electrical Machines (Máy điện đặc biệt)
1107,"Công nghệ nano – Hiện trạng, thách thức và những siêu ý tưởng/Ngụy Hữu Tâm"
1108,Electrical Machines ( bản dịch Vũ Gia Hanh- Phan Tử Thụ. Máy điện Tập I và II )
1109, Electric Machines : Analysis and Design Applying Mathlab
1110,Nanoelectromrchanics in Engineering and Biology/M.P.Hughes 
1111,Bài tập Vật lý 2 (Phần Điện - Từ):Môn học: 1002012 - Vật lý đại cương A2/Trần Thị Thiên Hương
1112,Elements Of Electrical Machine Design Alfred Still 
1113,"Fundamentals of physics - Part 3/David Halliday, Robert Resnick, Jearl Walker"
1114,Transformer And Inductor Design Handbook
1115,Cấp thoát nước/GS.Trần Hiếu Nhuệ
1116,The J&P Transformer Book (A Practical Technology Of The Power Transformer)
1117,"Vật lý đại cương: Các nguyên lý và ứng dụng -$nTập 1: Cơ học và nhiệt học/Trần Ngọc Hợi (Chủ biên), Phạm Văn Thiều"
1118,Lí thuyết và bài tập tính toán sửa chữa máy điện/Nguyễn Trọng Thắng
1119,"Thiết kế máy điện:Sách dùng làm giáo trình cho sinh viên đại học và cao đẳng kỹ thuật. Sách chào mừng 50 năm thành lập Trường Đại học Bách khoa Hà Nội/Trần Khánh Hà, Nguyễn Hồng Thanh"
1120,"Bài giảng chi tiết Vật lý 1 - Phần cơ nhiệt:Môn học: 1002011 - Vật lý đại cương A1/Huỳnh Quang Chiến, Trần Thị Thiên Hương"
1121,"Thiết kế máy biến áp:Sách chào mừng 50 năm thành lập trường Đại học Bách khoa Hà Nội/Phạm Văn Bình, Lê Văn Doanh"
1122,Cấp nước đô thị/Nguyễn Ngọc Dung 
1123,Bài tập Vật lý 1 - Phần cơ nhiệt:Môn học: 1002011 - Vật lý đại cương A1/Trần Thị Thiên Hương
1124,Các bảng tính toán thủy lực /Nguyễn Thị Hồng
1125,"Bài tập vật lý đại cương - T.1:Cơ - Nhiệt, Biên soạn theo chương trình của bộ giáo dục và đào tạo ban hành năm 1990, Dùng cho các trường đại học khối công nghiệp, công trình thủy lợi, giao thông vận tải/Lương Duyên Bình (chủ biên), Nguyễn Hữu Hồ, Lê văn Nghĩa, Nguyễn Tụng"
1126,Các bảng tra thủy lực thoát nước/PGS.Trần Hữu Uyển
1127,Cơ sở công nghệ vi điện tử và vi hệ thống/Nguyễn Nam Trung
1128,"Bài tập vật lý đại cương - T.1:Cơ - Nhiệt, Biên soạn theo chương trình của bộ giáo dục và đào tạo ban hành năm 1990, Dùng cho các trường đại học khối công nghiệp, công trình thủy lợi, giao thông vận tải/Lương Duyên Bình (chủ biên), Nguyễn Hữu Hồ, Lê văn Nghĩa, Nguyễn Tụng"
1129,Cấp thoát nước trong nhà/ Trần Thị Mai
1130, Tính toán sửa chữa máy điện  
1131,Máy điện đặc biệt
1132,Giáo trình cấp thoát nước bên trong công trình :Dùng trong các trường THCN /Hoàng Đình Thu
1133,"Bài tập vật lý đại cương - Tập 2 : Điện - Dao động - Sóng: Biên soạn theo chương trình của Bộ Giáo Dục và Đào Tạo ban hành năm 1990:Dùng cho các trường đại học khối công nghiệp, công trình thủy lợi, giao thông vận tải/Lương Duyên Bình (chủ biên), Nguyễn Hữu Hồ, Lê Văn Nghĩa, Nguyễn Quang Sính"
1134,"Kỹ thuật đo - Tập 1:Đo điện/Nguyễn Ngọc Tân, Ngô Văn Ky"
1135,Các bài giảng về Cơ nhiệt /Nguyễn Nhật Khanh
1136,Cấp thoát nước/GS.Trần Hiếu Nhuệ
1137,Kỹ thuật đo - T2
1138,Cấp nước đô thị/PGS.Nguyễn Ngọc Dung
1139,"Cơ sở vật lý, Tập 4/David Haliday, Robert Resnick, Jearl Walker"
1140,Kỹ thuật đo lường các đại lượng vật lý T1
1141,"Cơ sở vật lý - Tâp 5 : Điện học II/David Halliday, Robert Resnick, Jearl Walker;  Hoàng Hữu Thư (chủ biên), Đàm Trung Đồn, Lê Khắc Bình, Đào Kim Ngọc (dịch)"
1142,Các bảng tính toán thủy lực /Nguyễn Thị Hồng
1143,Kỹ thuật đo lường các đại lượng vật lý T2
1144,Hóa học các hợp chất cao phân tử/Ngô Duy Cường
1145,Hóa học các hợp chất cao phân tử/Thái Doãn Tĩnh
1146,Measurement and instrumentation principles/ Alan S. Morris.
1147,"Vật lý đại cương - Tập 3 - phần 1 :Quang học. Vật lý điện tử và hạt nhân (Dùng cho các trường đại học khối kỹ thuật công nghiệp) /Lương Duyên Bình, Ngô Phú An, Lê Băng Sương, Nguyễn Hữu Tăng"
1148,"Kỹ thuật điện: Lý thuyết, bài tập giải sẵn. Bài tập cho đáp số và bài tập trắc nghiệm. Sách giáo trình cho các trường Đại học/ Đặng Văn Đào, Lê Văn Doanh"
1149,Hóa keo/Trần Văn Nhân
1150,Giáo trình điện công trình /Trần Thị Mỹ Hạnh
1151,"Hóa lý - Tập 2:Dùng cho sinh viên hóa các trường đại học tổng hợp và sư phạm/Trần Văn Nhân, NguyễnThạc Sửu, Nguyễn Văn Tuế"
1152,"Cung cấp điện/Nguyễn Xuân Phú,Nguyễn Bội Khuê, Nguyễn Công Hiền/$nTập 2"
1153,"Hướng dẫn thiết kế lắp đặt điện theo tiêu chuẩn quốc tế IEC= Electrical Installation Guide : According to IEC international Standards /Schneider Electric S. A, người dịch: Phan Thị Thanh Bình, Phan Quốc Dũng, Phạm Quang Vinh..."
1154,Electromagnetics/John Daniel Kraus
1155,"Foundations of electromagnetic theory / John R. Reitz, Frederick J. Milford, Robert W. Christy"
1156,"Kỹ thuật đo - Tập 1:Đo điện/Nguyễn Ngọc Tân, Ngô Văn Ky"
1157,Giáo trình đo lường cảm biến/Lê Chí Kiên
1158,Measurement and instrumentation principles/ Alan S. Morris.
1159,"Ứng dụng MS Project 2007 trong thiết lập tiến độ và quản lý dự án xây dựng/Lương Đức Long, Trần Trung Kiên, Nguyễn Thành Trung..."
1160,Trắc địa đại cương/Phạm Văn Chuyên
1161,"Lý thuyết điều khiển tự động /Nguyễn Thị Phương Hà, Huỳnh Thái Hoàng"
1162,Giáo trình Hóa phân tích:Dùng cho sinh viên chuyên hóa/Hồ Thị Yêu Ly
1163,"Lý thuyết điều khiển tự động /Nguyễn Thị Phương Hà, Huỳnh Thái Hoàng"
1164,Hướng dẫn trả lời câu hỏi và giải bài tập trắc địa/Phạm Văn Chuyên
1165,"Cereals and cereal products : Chemistry and technology / David A. V. Dendy, Bogdan J. Dobraszczyk"
1166,Trắc địa xây dựng:Tài liệu sử dụng trong các trường kỹ thuật /Vũ Thặng
1167,Bài tập điều khiển tự động/Nguyễn Thị Phương Hà
1168,Bảo quản và chế biến nông sản sau thu hoạch/ Trần Minh Tâm
1169,"Linear algebra and its applications/ David C. Lay, Steven R. Lay, Judith J. McDonald"
1170,Kỹ thuật sấy nông sản/Hoàng Văn Chước.
1171,Hệ thống điều khiển thông minh / Huỳnh Thái Hoàng
1172,"Bảo quản lương thực/ Mai Lê, Bùi Đức Hợi, Lương Hồng Nga"
1173,"Calculus/ Karl J. Smith, Monty J. Strauss, Magdalena D. Toda"
1174,"Calculus/ Karl J. Smith, Monty J. Strauss, Magdalena D. Toda"
1175,Bài tập điều khiển tự động/Nguyễn Thị Phương Hà
1176,"Calculus/ Karl J. Smith, Monty J. Strauss, Magdalena D. Toda"
1177,Hệ thống điều khiển thông minh/Huỳnh Thái Hoàng
1178,"Giám sát thi công và nghiệm thu công trình xây dựng: Phần xây dựng/Bùi Mạnh Hùng, Lê Thanh Huấn, Nguyễn Bá Kế..."
1179,Hệ thống điều khiển thông minh / Huỳnh Thái Hoàng
1180,"Hóa sinh công nghiệp/Lê Ngọc Tú (ch.b.), La Văn Chứ, Đặng Thị Thu,..."
1181,"Giám sát thi công và nghiệm thu công trình xây dựng: Phần lắp đặt thiết bị/Bùi Mạnh Hùng, Nguyễn Đức Toàn"
1182,"Giáo trình giáo dục thể chất 1 /Nguyễn Đức Thành, Nguyễn Văn Quận"
1183,"Automating manufacturing systems with PLCs : version 7.0, April, 2010 / Hugh Jack"
1184,"Giáo trình bóng chuyền: Dùng cho môn học: Giáo dục thể chất/ Nguyễn Đức Thành, Nguyễn Văn Quận, Phạm Đức Hậu"
1185,"Tự động hóa với Simatic S7-300/Nguyễn Doãn Phước, Phan Xuân Minh, Vũ Vân Hà"
1186,Công nghệ vi sinh - Tập 2 : Vi sinh vật học công nghiệp / Nguyễn Đức Lượng
1187,"Automating manufacturing systems with PLCs : version 7.0, April, 2010 / Hugh Jack"
1188,"Tự động hóa với Simatic S7-300/Nguyễn Doãn Phước, Phan Xuân Minh, Vũ Vân Hà"
1189,Giáo trình kỹ thuật Robot/Nguyễn Trường Thịnh
1190,Giáo trình thực tập Robot công nghiệp/Tưởng Phước Thọ
1191,Kỹ thuật Robot:Giáo trình dùng cho sinh viên khối kỹ thuật /Đào Văn Hiệp
1192,Robot công nghiệp :Giáo trình dùng cho sinh viên các trường kỹ thuật /Nguyễn Thiện Phúc
1193,"Giáo trình bóng chuyền: Dùng cho môn học: Giáo dục thể chất/ Nguyễn Đức Thành, Nguyễn Văn Quận, Phạm Đức Hậu"
1194,"Hóa sinh học:Đã được hội đồng thẩm định sách của bộ giáo dục và đào tạo giới thiệu làm sách dùng chung cho các trường đại học sư phạm /Phạm Thị Trân Châu, Trần Thị Áng"
1195,"Hóa sinh học công nghiệp/Lê Ngọc Tú (ch.b.), La Văn Chứ, Đặng Thị Thu,..."
1196,Hướng dẫn tập luyện kỹ chiến thuật - chiến thuật bóng đá/Nguyễn Quang Dũng
1197,Hóa học thực phẩm/Hoàng Kim Anh
1198,Luật bóng đá /Ủy ban Thể dục Thể thao
1199,"Giáo trình bóng rổ:Dùng cho sinh viên cao đẳng sư phạm chuyên ngành giáo dục thể chất/Nguyễn Hữu Bằng, Đỗ Mạnh Hưng"
1200,Thí nghiệm phân tích thực phẩm / Trần Bích Lam
1201,"Giáo trình Điện tử cơ bản/Trần Thu Hà, Trương Thị Bích Ngà, Nguyễn Thị Lưỡng,..."
1202,"Giáo trình cờ vua:Tài liệu giảng dạy dùng trong các trường đại học, cao đẳng/Nguyễn Đức Thành"
1203,"Kỹ thuật điện tử /Lê Phi Yến, Lưu Phú, Nguyễn Như Anh"
1204,"Developing new food products for a changing marketplace/Aaron L. Brody, John B. Lord (Editor)"
1205,"Food product development / Mary Earle, Richard Earle, Allan Anderson"
1206,Tự học chơi cờ vua/Bill Hartston; Nhân Văn (dịch)
1207,"Giáo trình kỹ thuật số/Nguyễn Đình Phú, Nguyễn Trường Duy"
1208,"Giáo trình kỹ thuật số/Nguyễn Đình Phú, Nguyễn Trường Duy"
1209,"Sensory evaluation of food: Principles and practices / Harry T. Lawless, Hildegarde Heymann"
1210,"Giáo trình kỹ thuật số/Nguyễn Đình Phú, Nguyễn Trường Duy"
1211,"Giáo trình kỹ thuật số/Nguyễn Đình Phú, Nguyễn Trường Duy"
1212,"Giáo trình kỹ thuật số/Nguyễn Đình Phú, Nguyễn Trường Duy"
1213,"Giáo trình kỹ thuật số/Nguyễn Đình Phú, Nguyễn Trường Duy"
1214,"Giáo trình kỹ thuật số/Nguyễn Đình Phú, Nguyễn Trường Duy"
1215,Kỹ thuật phân tích cảm quan thực phẩm/Hà Duyên Tư
1216,"Đánh giá cảm quan thực phẩm :Nguyên lý và thực hành/Harry T. Lawless, Hildegarde Heymann ; Nguyễn Hoàng Dũng dịch,..."
1217,"Mạch số: Môn học: 1163100 - Kỹ thuật số/Nguyễn Hữu Phương$pDùng cho sinh viên đại học ngành điện tử, tự động hóa, viễn thông, tin học, v.v... /"
1218,"Mạch số: Môn học: 1163100 - Kỹ thuật số/Nguyễn Hữu Phương$pDùng cho sinh viên đại học ngành điện tử, tự động hóa, viễn thông, tin học, v.v... /"
1219,"Mạch số: Môn học: 1163100 - Kỹ thuật số/Nguyễn Hữu Phương$pDùng cho sinh viên đại học ngành điện tử, tự động hóa, viễn thông, tin học, v.v... /"
1220,"Mạch số: Môn học: 1163100 - Kỹ thuật số/Nguyễn Hữu Phương$pDùng cho sinh viên đại học ngành điện tử, tự động hóa, viễn thông, tin học, v.v... /"
1221,"Mạch số: Môn học: 1163100 - Kỹ thuật số/Nguyễn Hữu Phương$pDùng cho sinh viên đại học ngành điện tử, tự động hóa, viễn thông, tin học, v.v... /"
1222,"Mạch số: Môn học: 1163100 - Kỹ thuật số/Nguyễn Hữu Phương$pDùng cho sinh viên đại học ngành điện tử, tự động hóa, viễn thông, tin học, v.v... /"
1223,"Sensory evaluation techniques / Morten C. Meilgaard, Gail Vance Civille, B. Thomas Carr"
1224,"Food process design / Zacharias B. Maroulis, George D. Saravacos"
1225,Lý thuyết tín hiệu/Phạm Thị Cư
1226,"Giáo trình kỹ thuật truyền số liệu/Nguyễn Việt Hùng, Nguyễn Ngô Lâm, Nguyễn Văn Phúc, Đặng Phước Hải Trang"
1227,Data communications and networking / Behrouz A. Forouzan
1228,Communication systems:An introduction to signals and noise in electrical communication/A. Bruce Carlson
1229,"Quản lý chất lượng thực phẩm/Nguyễn Tiến Lực, Nguyễn Đặng Mỹ Duyên"
1230,Kiến trúc máy tính tiên tiến/Trần Công Hùng
1231,"Meat processing : Improving quality / Edited by Joseph Kerry, John Kerry, David Ledward"
1232,"Wastewater engineering: treatment and resource recovery/ Metcalf & Eddy, AECOM."
1233,Food processing technology : principles and practice/P. Fellows
1234,"Xử lý tín hiệu số:Dùng cho sinh viên đại học ngành điện tử, viển thông, tin học.v.v)/ Nguyễn Hữu Phương "
1235,Xử lý số tín hiệu và Wavelets -Tập 1/Lê Tiến Thường
1236,Digital signal processing/John G. Proakis; Dimitris G. Manolakis
1237,Quy chuẩn hệ thống cấp thoát nước trong nhà và công trình=Plumbing code/Bộ xây dựng
1238,Theory and practice of water and wastewater treatment / Ronald L. Droste
1239," Giáo trình Hóa hữu cơ/Phan Thanh Sơn Nam, Trần Thị Việt Hoa"
1240,Xử lý nước cấp cho sinh hoạt và công nghiệp/Trịnh Xuân Lai
1241,Xử lý cấp nước sinh hoạt và công nghiệp/Nguyễn Thị Thu Thủy
1242,"Manley's technology of biscuits, crackers and cookies / Edited by Duncan Manley"
1243,"Cơ sở và ứng dụng Internet of Things : Thiết kế hệ thống nhúng / Phan Văn Ca, Trương Quang Phúc"
1244,"Bakery products science and technology / Weibiao Zhou (editors), Y. H. Hui (Administrative editor)"
1245,"CMOS VLSI design:A circuits and systems perspective/Neil H.E. Weste, David Money Harris"
1246,The science of sugar confectionery / W.P. Edwards
1247,"Sổ tay quá trình và thiết bị công nghệ hóa chất -Tập 2 /Trần Xoa, Nguyễn Trọng Khuông, Phạm Xuân Toản"
1248,"Mạch số: Môn học: 1163100 - Kỹ thuật số/Nguyễn Hữu Phương$pDùng cho sinh viên đại học ngành điện tử, tự động hóa, viễn thông, tin học, v.v... /"
1249,"Thực tập xử lý khí thải: Dùng cho môn học: Thực tập Xử lý khí thải. Giáo trình dùng cho sinh viên ngành CNKT Môi trường/ Hoàng Thị Tuyết Nhung, Trần Thị Kim Anh"
1250,Các kỹ thuật cơ bản trong thực nghiệm vi sinh vật học/Trịnh Khánh Sơn
1251,"Sức bền vật liệu/Đỗ Kiến Quốc (ch.b); Nguyễn Thị Hiền Lương, Bùi Công Thành,..."
1252,Công nghệ chế biến thịt và thủy sản/Nguyễn Tiến Lực
1253,"Meat processing : Improving quality / Edited by Joseph Kerry, John Kerry, David Ledward"
1254,Food processing technology : principles and practice/P. Fellows
1255,"Thực hành điện tử cơ bản/ Trương Thị Bích Ngà, Nguyễn Minh Tâm, Lê Hoàng Minh, Nguyễn Thị Lưỡng"
1256,"Giáo trình Điện tử cơ bản/Trần Thu Hà, Trương Thị Bích Ngà, Nguyễn Thị Lưỡng,..."
1257,"A microscale approach to organic laboratory techniques / Donald L. Pavia, Gary M. Lampman, George S. Kriz, Randall G. Engel"
1258,Electronic devices: Electron flow version / Thomas L. Floyd
1259,The science of sugar confectionery / W.P. Edwards
1260,Giáo trình môi trường đại cương/Nguyễn Thị Thu Thảo
1261,Cơ học kỹ thuật - Tập 1 : Tĩnh học và động lực học/Đỗ Sanh
1262,"Môi trường và giáo dục bảo vệ môi trường:Dùng cho các trường đại học - cao đẳng khối sư phạm/Lê Văn Kha, Phan Văn Kha, Phan Thị Lạc..."
1263,Giáo trình môi trường và con người /Lê Thị Thanh Mai
1264,Thực hành kiến trúc và tổ chức máy tính: Dùng cho môn học: Kiến trúc và tổ chức máy tính/ Phạm Văn Khoa
1265,"CMOS VLSI design:A circuits and systems perspective/Neil H.E. Weste, David Money Harris"
1266,"Cereals and cereal products : Chemistry and technology / David A. V. Dendy, Bogdan J. Dobraszczyk"
1267,"Thí nghiệm công nghệ thực phẩm/Nguyễn Thị Hiền (ch.b.), Lại Quốc Đạt, Lê Văn Việt Mẫn,..."
1268,"Công nghệ chế  biến thực phẩm/Lê Văn Việt Mẫn (ch.b.), Lại Quốc Đạt, Nguyễn Thị Hiền,..."
1269,"Chemistry for engineering students / Lawrence Stephen Brown, Thomar A. Holme"
1270,"Food chemistry/H.-D. Belitz, W. Grosh, P. Schieberle ; Translation from the German edition by M. M. Burghagen"
1271,"Chemistry / Steven S. Zumdahl, Susan A. Zumdahl"
1272,Giáo trình lập trình Android/Trương Thị Ngọc Phượng
1273,"Thủy lực -T1 : Sách dùng trong các trường đại học kỹ thuật, soạn theo chương trình đã được hội đồng môn học thủy lực của Bộ Giáo dục và Đào tạo duyệt / Nguyễn Tài"
1274,Phương pháp tính ứng dụng trong tính toán kỹ thuật/Nguyễn Hoài Sơn
1275,"Giáo trình Điện tử cơ bản/Trần Thu Hà, Trương Thị Bích Ngà, Nguyễn Thị Lưỡng,..."
1276,Electronic devices: Electron flow version / Thomas L. Floyd
1277,"Kỹ thuật điện tử/Lê Phi Yến, Lưu Phú, Nguyễn Như Anh"
1278,"Digital systems : Principles and applications / Neal S. Widmer, Gregory L. Moss, Ronald J. Tocci"
1279,"CCNA cloud complete study guide: Exam 210-451 and exam 210-455/ Todd Montgomery, Stephen Olson"
1280,"CCNA cloud complete study guide: Exam 210-451 and exam 210-455/ Todd Montgomery, Stephen Olson"
1281,"Khảo sát và thí nghiệm đất: Dùng cho môn học: Khảo sát và thí nghiệm đất / Lê Phương Bình, Nguyễn Tổng, Phạm Đức Thiện"
1282,"Programming C# 4.0/ Ian Griffiths, Matthew Adams, Jesse Liberty"
1283,"Software engineering : A practitioner's approach / Roger S. Pressman, Bruce R. Maxim"
1284,Các phương pháp cải tạo đất yếu trong xây dựng/Nguyễn Ngọc Bích
1285,Xử lý nền đất yếu trong xây dựng/Nguyễn Uyên
1286,Cơ học đất/Phan Hồng Quân
1287,Cryptography and network security: Principles and practice / William Stallings
1288,"Human computer interaction/ Alan Dix, Janet Finlay, Gregory D. Abowd, Rossell Beale"
1289,Nền và móng /Phan Hồng Quân
1290,Tương tác người - máy =Human - computer interaction /Lương Mạnh Bá
1291,"Computer Vision:A modern approach/David Forsyth, Jean Ponce"
1292,Nhiệt động hóa học /Đào Văn Lượng
1293,Giáo trình hóa lí - Tập 1 : Cơ sở nhiệt động lực học/Nguyễn Đình Huề
1294,Hadoop : The definitive guide/ Tom White
1295,"Data mining : Concepts and techniques / Jiawei Han, Micheline Kamber, Jian Pei"
1296,Phương pháp khảo sát - nghiên cứu và thực nghiệm công trình/Võ Văn Thảo
1297,Wireless communications and networks /William Stallings.
1298,Wireless communications and networks /William Stallings.
1299,Tính toán kết cấu bê tông cốt thép theo tiêu chuẩn ACI 318-2002:Những nội dung mới. Nghiên cứu tiếp cận. Áp dụng tính toán/Trần Mạnh Tuân
1300,"Fundamentals of materials science and engineering: An integrated approach / William D. Callister, David G. Rethwisch"
1301,Kết cấu bê tông và  bê tông cốt thép theo quy phạm Hoa Kỳ/Nguyễn Trung Hòa
1302,"Giáo trình Thí nghiệm hóa hữu cơ: Dùng cho môn học: Thí nghiệm hóa hữu cơ. Giáo trình dùng cho sinh viên ngành CNKT Hóa học/ Võ Thị Ngà, Hoàng Minh Hảo, Hồ Phương"
1303,"Cơ học ứng dụng /Đỗ Sanh, Nguyễn Văn Vượng"
1304,"Kết cấu bê tông cốt thép: Thiết kế theo tiêu chuẩn Châu Âu/Phan Quang Minh, Ngô Thế Phong"
1305,"Bê tông cốt sợi thép/Nguyễn Viết Trung, Nguyễn Ngọc Long, Phạm Duy Anh"
1306,"Giáo trình xử lý ảnh y sinh:Ngành kỹ thuật y sinh/Nguyễn Thanh Hải, Ngô Quốc Cường"
1307,"Giáo trình Điện tử cơ bản/Trần Thu Hà, Trương Thị Bích Ngà, Nguyễn Thị Lưỡng,..."
1308,"Giáo trình kỹ thuật số: Áp dụng cho chương trình 132 tín chỉ - Môn học: Kỹ thuật số/ Nguyễn Trường Duy, Võ Đức Dũng, Nguyễn Thanh Hải, Nguyễn Duy Thảo"
1309,Sensor technology handbook / Jon S.Wilson
1310,"Bài tập vật lý đại cương - Tập 2 : Điện - Dao động - Sóng: Biên soạn theo chương trình của Bộ Giáo Dục và Đào Tạo ban hành năm 1990:Dùng cho các trường đại học khối công nghiệp, công trình thủy lợi, giao thông vận tải/Lương Duyên Bình (chủ biên), Nguyễn Hữu Hồ, Lê Văn Nghĩa, Nguyễn Quang Sính"
1311, Hướng dẫn thực hành phân tích định lượng bằng các phương pháp hóa học/ Hồ Thị Yêu Ly
1312,"Hóa lý - Tập 2:Dùng cho sinh viên hóa các trường đại học tổng hợp và sư phạm/Trần Văn Nhân, NguyễnThạc Sửu, Nguyễn Văn Tuế"
1313,Phân tích kết cấu nhà nhiều tầng/ Nguyễn Tiến Chương
1314,Quá trình và thiết bị công nghệ hóa học và thực phẩm:Bài tập truyền nhiệt/Phạm Văn Bôn
1315,"Phương pháp luận nghiên cứu khoa học /Lê Huy Bá, Nguyễn Trọng Hùng, Huỳnh Lưu Trùng Phùng,..."
1316,Lý thuyết cơ sở kỹ thuật siêu cao tần/Vũ Đình Thành
1317,"CMOS VLSI design:A circuits and systems perspective/Neil H.E. Weste, David Money Harris"
1318,"Cơ sở và ứng dụng Internet of Things : Thiết kế hệ thống nhúng / Phan Văn Ca, Trương Quang Phúc"
1319,Kết cấu nhà cao tầng bê tông cốt thép/Lê Thanh Huấn
1320,Giáo trình xử lý ảnh:Ngành Điện - Điện tử/Nguyễn Thanh Hải
1321,"Vật liệu học/Lê công Dưỡng,Nguyễn Khắc Cường, Nguyễn Văn Chi"
1322,Giáo trình đo lường cảm biến/Lê Chí Kiên
1323,Sensor technology handbook / Jon S.Wilson
1324,"Giáo trình lập trình Android cơ bản:Dành cho sinh viên chuyên ngành điện - điện tử, điện tử viễn thông, tự động hóa/Nguyễn Văn Hiệp, Đinh Quang Hiệp"
1325,Elements of chemical reaction engineering/ H. Scott Fogler.
1326,"Giáo trình vi xử lý /Nguyễn Đình Phú, Trương Ngọc Anh"
1327,"CMOS VLSI design:A circuits and systems perspective/Neil H.E. Weste, David Money Harris"
1328,"Sổ tay thủy khí động lực học ứng dụng /Hoàng Bá Chư, Trương Ngọc Tuấn"
1329,"Learning Ionic : Hybrid mobile apps with HTML5, CSS3, and Angular / Arvind Ravulavaru"
1330,"Learning Ionic : Hybrid mobile apps with HTML5, CSS3, and Angular / Arvind Ravulavaru"
1331,"Sổ tay quá trình và thiết bị công nghệ hóa chất - Tập 1 :Cơ sờ lý thuyết, phương pháp tính toán, tra cứu số liệu và thiết bị /Trần Xoa, Nguyễn Trọng Khuông, Hồ Lê Viên"
1332,"Sổ tay quá trình và thiết bị công nghệ hóa chất -Tập 2 /Trần Xoa, Nguyễn Trọng Khuông, Phạm Xuân Toản"
1333,"Industrial organic pigments: Production, Crystal Structures, Properties, Applications/ Klaus Hunger, Martin U. Schmidt"
1334,Kỹ thuật tổng hợp các hóa chất bảo vệ thực vật /Đào Văn Hoằng
1335,Hướng dẫn đồ án môn học bêtông cốt thép 1 sàn sườn toàn khối có bản dầm :Theo TCXDVN 356 : 2005/Nguyễn Văn Hiệp
1336,"Sử dụng AutoCad 2007 - $nTập 1:Cơ sở vẽ thiết kế hai chiều:Lý thuyết, ví dụ thực hành và bài tập /Nguyễn Hữu Lộc"
1337,Ionic in action : Hybrid mobile apps with Ionic and AngularJS / Jeremy Wilken; Foreword by Adam Bradley
1338,Ionic in action : Hybrid mobile apps with Ionic and AngularJS / Jeremy Wilken; Foreword by Adam Bradley
1339,"Công nghệ sản xuất phân bón vô cơ/La Văn Bình, Trần Thị Hiền"
1340,"Hệ thống viễn thông:T.1/Thái Hồng Nhị, Phạm Minh Việt"
1341,"Hệ thống viễn thông - T. 2/Thái Hồng Nhị, Phạm Minh Việt"
1342,"Kỹ thuật điện tử/Lê Phi Yến, Lưu Phú, Nguyễn Như Anh"
1343,Mạch điện tử 1/Lê Tiến Thường
1344,Mạch điện tử 2/ Lê Tiến Thường 
1345,"Kỹ thuật điện tử :Đã được hội đồng môn học của Bộ giáo dục và đào tạo thông qua dùng làm tài liệu giảng dạy trong các trường đại học kỹ thuật /Đỗ Xuân Thụ, Đặng Văn Chuyết, Nguyễn Viết Nguyên,..."
1346,"Designing embedded systems with Arduino : A fundamental technology for makers / Tianhong Pan, Yi Zhu"
1347,Hadoop : The definitive guide/ Tom White
1348,"Kết cấu bê tông cốt thép: Phần cấu kiện cơ bản/Phan Quang Minh, Ngô Thế Phong, Nguyễn Đình Cống"
1349,"Giáo trình thực hành thiết kế vi mạch số với VHDL/ Nguyễn Đình Phú, Trương Thị Bích Ngà"
1350,Điện tử thông tin/Phạm Hồng Liên
1351,Amazon S3 essentials :Get started with Amazon S3 for virtually unlimited cloud and Internet storege/Sunil Gulabani
1352,Giáo trình xử lý ảnh:Ngành Điện - Điện tử/Nguyễn Thanh Hải
1353,Cấu trúc dữ liệu và giải thuật/Lê Văn Vinh
1354,"The elements of statistical learning: Data mining, inference, and prediction/ Trevor Hastie, Robert Tibshirani, Jerome Friedman"
1355,"The UX book: Agile UX deisgn for a quality user experience/Rex Hartson, Pardha Pyla"
1356,"Giáo trình xử lý ảnh y sinh:Ngành kỹ thuật y sinh/Nguyễn Thanh Hải, Ngô Quốc Cường"
1357,Multimedia learning/ Richard E. Mayer
1358,Giáo trình thực hành vi điều khiển PIC/ Nguyễn Đình Phú
1359,"Rules of play: Game design fundamentals/ Katie Salen, Eric Zimmerman"
1360,Kết cấu bê tông ứng suất trước/Nguyễn Tiến Chương
1361,"Giáo trình vi xử lý /Nguyễn Đình Phú, Trương Ngọc Anh"
1362,"Don't make me think, revisited: A common sense approach to web usability/ Steve Krug"
1363,"Embedded C programming and the microchip PIC /Richard Barnett, Larry O'Cull, Sarah Cox."
1364,Lập trình Android/Trương Thị Ngọc Phượng
1365,Android cookbook : Problems and solutions for Android developers / Ian F. Darwin
1366,"Công nghệ sản xuất sơn, vecni/Nguyễn Quang Huỳnh"
1367,Thiết kế và thi công nền đắp trên đất yếu/Nguyễn Quang Chiêu
1368,Tính toán thực hành cấu kiện bê tông cốt thép theo tiêu chuẩn TCXDVN 356 - 2005 - Tập 1/Nguyễn Đình Cống
1369,Beginning Android 4 application development / Wei-Meng Lee
1370,Cầu bê tông cốt thép trên đường ôtô - Tập 1/Lê Đình Tâm 
1371,Cầu bê tông cốt thép trên đường ôtô - Tập 2/Lê Đình Tâm 
1372,Kỹ thuật sơn/ Đinh Văn Kiên
1373,Quản trị dự án:Thiết lập và thẩm định dự án đầu tư. Lý thuyết và bài tập/Vũ Công Tuấn
1374,"Giáo trình thiết lập và thẩm định dự án đầu tư:Lý thuyết và bài tập/Nguyễn Quốc Ấn, Phạm Thị Hà, Phan Thị Thu Hương, Nguyễn Quang Thu"
1375,Tính toán thực hành cấu kiện bê tông cốt thép theo tiêu chuẩn TCXDVN 356 - 2005 - Tập 2/Nguyễn Đình Cống
1376,Tính toán tiết diện cột bê tông cốt thép:Sách xuất bản kỷ niệm 40 năm thành lập trường đại học Xây dựng 1966 - 2006/Nguyễn Đình Cống
1377,"Khai thác kiểm định gia cố cầu/Nguyễn Ngọc Long, Nguyễn Văn Mợi, Nguyễn Như Khải (ch.b.)"
1378,Cấp nước đô thị:Dùng làm tài liệu giảng dạy cho sinh viên chuyên ngành kỹ thuật hạ tầng và môi trường đô thị/Nguyễn Ngọc Dung
1379,Database management systems / Raghu Ramakrishnan; Johannes Gehrke
1380,"Database systems : The complete book / Hector Garcia-Molina, Jeffrey D. Ullman, Jennifer Widom"
1381,Introducing python: Modern computing in simple packages/ Bill Lubanovic
1382,"Data mining and analysis: Fundamental concepts and algorithms/ Mohammed J. Zaki, Wagner Meira"
1383,"Data warehouse systems:Design and implementation/ Alejandro Vaisman, Esteban Zimányi"
1384,"Kết cấu thép: Công trình dân dụng và công nghiệp - Giáo trình dùng cho sinh viên ngành xây dựng, kiến trúc /Phạm Văn Hội, Nguyễn Quang Viên, Phạm Văn Tư,..."
1385,"Bài tập vật lý đại cương - Tập 2 : Điện - Dao động - Sóng: Biên soạn theo chương trình của Bộ Giáo Dục và Đào Tạo ban hành năm 1990:Dùng cho các trường đại học khối công nghiệp, công trình thủy lợi, giao thông vận tải/Lương Duyên Bình (chủ biên), Nguyễn Hữu Hồ, Lê Văn Nghĩa, Nguyễn Quang Sính"
1386,Introduction to computer security / Matt Bishop
1387,"Kết cấu thép: Công trình dân dụng và công nghiệp - Giáo trình dùng cho sinh viên ngành xây dựng, kiến trúc /Phạm Văn Hội, Nguyễn Quang Viên, Phạm Văn Tư,..."
1388,Kinh tế xây dựng/Nguyễn Công Thạnh
1389,Kinh tế xây dựng/Nguyễn Công Thạnh
1390,Machine learning:A probabilistic perspective/Kevin P. Murphy
1391,"Thủy lực -T1 : Sách dùng trong các trường đại học kỹ thuật, soạn theo chương trình đã được hội đồng môn học thủy lực của Bộ Giáo dục và Đào tạo duyệt / Nguyễn Tài"
1392,"Murach's Java servlets and JSP : Training & reference / Joel Murach, Michael Urban"
1393,"Kết cấu thép công trình dân dụng và công nghiệp:Giáo trình dùng cho sinh viên ngành xây dựng, kiến trúc/Phạm Văn Hội (ch.b), Nguyễn Quang Viên, Phạm Văn Tư,..."
1394,"Thủy lực : $nT2 : Sách dùng trong các trường đại học kỹ thuật, soạn theo chương trình đã được hội đồng môn học thủy lực của Bộ Giáo dục và Đào tạo duyệt / Nguyễn Tài, Lê Bá Sơn"
1395,Toán rời rạc/Nguyễn Hữu Anh
1396,"Bài tập thủy lực - Tập 2 / Nguyễn Cảnh Cầm, Lưu Công Đào, Nguyễn Như Khuê, Hoàng Văn Quý"
1397,"Bài tập cơ học kết cấu - Tập 1:Hệ tĩnh định/Lều Thọ Trình, Nguyễn Mạnh Yên"
1398,"Bài tập cơ học kết cấu - Tập 2:Hệ siêu tĩnh/Lều Thọ Trình, Nguyễn Mạnh Yên"
1399,"Giáo trình toán rời rạc và lý thuyết đồ thị/ Nguyễn Thành Sơn, Đặng Trường Sơn, Lê Văn Vinh,..."
1400,"Toán rời rạc /Nguyễn Đức Nghĩa, Nguyễn Tô Thành"
1401,"Toán học rời rạc ứng dụng trong tin học /Kenneth H. Rosen; Phạm Văn Thiều, Đặng Hữu Thịnh (dịch)"
1402,"The C programming language / Brian W. Kernighan, Dennis M. Ritchie"
1403,Kỹ thuật lập trình C:Cơ sở và nâng cao /Phạm Văn Ất
1404,"Programming C# 3.0/Jesse Liberty, Donald Xie"
1405,Fundamentals of computers/V. Rajaraman
1406,Thiết kế đường ô tô -Tập 1/Đỗ Bá Chương
1407,Thiết kế đường ô tô -Tập 1/Đỗ Bá Chương
1408,Learn C the hard way : Practical exercises on the computational subjects you keep avoiding (like C) / Zed A. Shaw
1409,Learn C the hard way : Practical exercises on the computational subjects you keep avoiding (like C) / Zed A. Shaw
1410,"Learning UML 2.0 / Russ Miles, Kim Hamilton"
1411,"Thiết kế đường ô tô - Tập 2:Nền mặt đường và công trình thoát nước/Dương Học Hải, Nguyễn Xuân Trục"
1412,"Thiết kế đường ô tô - Tập 2:Nền mặt đường và công trình thoát nước/Dương Học Hải, Nguyễn Xuân Trục"
1413,Machine learning:A probabilistic perspective/Kevin P. Murphy
1414,Machine learning:A probabilistic perspective/Kevin P. Murphy
1415,"Search engines : Information retrieval in practice / W. Bruce Croft, Donald Metzler, Trevor Strohman"
1416,"Information retrieval : Implementing and evaluating search engines / Stefan Büttcher, Charles L.A. Clarke, Gordon V. Cormack"
1417,"Programming challenges : the programming contest training manual / Steven S. Skiena, Miguel A. Revilla"
1418,Thiết kế đường ô tô - Tập 3:Công trình vượt sông/Nguyễn Xuân Trục
1419,Thiết kế đường ô tô - Tập 3:Công trình vượt sông/Nguyễn Xuân Trục
1420,"Programming pig: Dataflow scripting with hadoop/ Alan Gates, Daniel Dai"
1421,"Bài tập cơ học kết cấu - Tập 1:Hệ tĩnh định/Lều Thọ Trình, Nguyễn Mạnh Yên"
1422,"Bài tập cơ học kết cấu - Tập 2:Hệ siêu tĩnh/Lều Thọ Trình, Nguyễn Mạnh Yên"
1423,Cơ học kết cấu - Tập 1 : Hệ tĩnh định / Lều Thọ Trình
1424,Cơ học kết cấu - Tập 2 : Hệ siêu tĩnh / Lều Thọ Trình
1425,"Thi công móng trụ mố cầu/Nguyễn Trâm, Nguyễn Tiến Oanh, Lê Đình Tâm, Phạm Duy Hòa"
1426,"Khai thác kiểm định gia cố cầu/Nguyễn Ngọc Long, Nguyễn Văn Mợi, Nguyễn Như Khải (ch.b.)"
1427,"Renewable energy resources / John Twidell, Tony Weir"
1428,Các phương pháp cải tạo đất yếu trong xây dựng/Nguyễn Ngọc Bích
1429,Boilers for power and process/ Kumar Rayaprolu.
1430,"Bê tông cốt sợi thép/Nguyễn Viết Trung, Nguyễn Ngọc Long, Phạm Duy Anh"
1431,"Giáo trình đo lường nhiệt/Hoàng An Quốc, Hoàng Dương Hùng"
1432,Measurement and instrumentation principles/ Alan S. Morris.
1433,"Bảo toàn năng lượng sử dụng hợp lý, tiết kiệm và hiệu quả trong công nghiệp/Nguyễn Xuân Phú, Nguyễn Thế Bảo"
1434,"Kỹ thuật lạnh cơ sở/Nguyễn Đức Lợi, Phạm Văn Tùy"
1435,"Kỹ thuật lạnh ứng dụng /Nguyễn Đức Lợi, Phạm Văn Tùy, Đinh Văn Thuận"
1436,"Sức bền vật liệu/Đỗ Kiến Quốc (ch.b); Nguyễn Thị Hiền Lương, Bùi Công Thành,..."
1437,Máy lạnh/Trần Thanh Kỳ
1438,Handbook of air conditioning and refrigeration/ Shan K. Wang.
1439,Refrigeration systems and applications/ Ibrahim Dancer
1440,Refrigeration systems and applications/ Ibrahim Dancer
1441,Giáo trình lò hơi/Đặng Thành Trung
1442,Vật liệu học cơ sở:Giáo trình cho các ngành cơ khí của các trường Đại học/Nghiêm Hùng
1443,Boilers for power and process/ Kumar Rayaprolu.
1444,"Renewable energy resources / John Twidell, Tony Weir"
1445,Fuel cell technology handbook/ Gregor Hoogers
1446,"Fuel cell fundamentals / Ryan O'Hayre, Suk-Won Cha, Whitney G. Colella, Fritz B. Prinz"
1447,"Hydrogen fuel cells for road vehicles /Pasquale Corbo, Fortunato Migliardini, Ottor Veneri"
1448,The Study Skills Handbook: Stella Cottrell
1449,"The Buzan Study Skills Handbook/ Buzan, T. & Harrison, J. "
1450," How to Study (8th ed.)/ Fry, R. (2016)"
1451,""" On course: Strategies for Creating Success in College and in Life,  Study Skills Plus Edition""/ Downing, S. (2011)"
1452,"Technical English 3/ Bonamy, D."
1453,"Kỹ thuật điện tử/Lê Phi Yến, Lưu Phú, Nguyễn Như Anh"
1454,"Technical English 4/ Bonamy, D."
1455,Kỹ thuật điện tử/Hoàng Ngọc Văn
1456,"Oxford English for Electrical and Mechanical Engineering/ Glendinning, Eric H. & Glendinning, N."
1457,"Giáo trình môn học thực tập điện lạnh 3/Lê Xuân Hòa, Hoàng An Quốc, Đặng Thành Trung, Lê Minh Nhựt "
1458,Cambridge  English  for Engineering/ Mark  Ibbotson
1459,"Renewable energy resources / John Twidell, Tony Weir"
1460,Năng lượng mặt trời và các ứng dụng / Hoàng Dương Hùng
1461,"Phong điện nguồn năng lượng tái tạo cho Việt Nam / Trần Văn Bình, Nguyễn Thế Việt, Ngyễn Ngọc"
1462,Tiềm năng và phương hướng khai thác các dạng năng lượng tái tạo ở Việt Nam / Lê Chí Hiệp
1463,Ứng dụng năng lượng mặt trời để đun nước nóng và sản xuất nước ngọt từ nước biển / Hoàng Đình Tín
1464,Bảo toàn và quản lý năng lượng trong công nghiệp và trong các tòa nhà / Nguyễn Thế Bảo
1465,Năng lượng tái tạo / Nguyễn Thanh Hào
1466,Năng lượng tái tạo và sự phát triển bền vững / PGS.TS Nguyễn Thế Bảo
1467,Bài giảng môn chuyên đề năng lượng tái tạo / TS Lê Minh Nhựt
1468,Renewable energy resources / T. John and W. Tony
1469,Năng lượng mặt trời và các ứng dụng / Hoàng Dương Hùng
1470,"Phong điện nguồn năng lượng tái tạo cho Việt Nam / Trần Văn Bình, Nguyễn Thế Việt, Nguyễn Ngọc"
1471,Tiềm năng và phương hướng khai thác các dạng năng lượng tái tạo ở Việt Nam / Lê Chí Hiệp
1472,Ứng dụng năng lượng mặt trời để đun nước nóng và sản xuất nước ngọt từ nước biển / Hoàng Đình Tín
1473,Năng lượng tái tạo / Nguyễn Thanh Hào
1474,"Bảo toàn năng lượng sử dụng hợp lý, tiết kiệm và hiệu quả trong công nghiệp/Nguyễn Xuân Phú, Nguyễn Thế Bảo"
1475,Năng lượng tái tạo và sự phát triển bền vững / PGS.TS Nguyễn Thế Bảo
1476,Bài giảng môn chuyên đề năng lượng tái tạo / TS Lê Minh Nhựt
1477,"FACTS controller in power transmission and distribution / K.R. Padiyar	"
1478,"A review of wind energy technologies / G.M. Joselin Herbert, S. Iniyan, E. Sreevalsan, and S. Rajapandian"
1479,Overview of different wind generator systems and their comparisons / H. Li and Z. Chen
1480,Điện gió và quạt gió bơm nước / Nguyễn Ngọc
1481,Wind power in power systems / Thomas Ackermann
1482,"Industrial boilers and heat recovery steam generators: Design, applications and calculations / Ganapathy"
1483,Boilers for power and process/ Kumar Rayaprolu.
1484,Bài giảng môn chuyên đề nhiệt / PGS TS. Đặng Thành Trung 
1485,Năng lượng mặt trời và các ứng dụng / Hoàng Dương Hùng
1486,"Phong điện nguồn năng lượng tái tạo cho Việt Nam / Trần Văn Bình, Nguyễn Thế Việt, Nguyễn Ngọc"
1487,Tiềm năng và phương hướng khai thác các dạng năng lượng tái tạo ở Việt Nam / Lê Chí Hiệp
1488,Ứng dụng năng lượng mặt trời để đun nước nóng và sản xuất nước ngọt từ nước biển / Hoàng Đình Tín
1489,Bảo toàn và quản lý năng lượng trong công nghiệp và trong các tòa nhà / Nguyễn Thế Bảo
1490,Năng lượng tái tạo / Nguyễn Thanh Hào
1491,Năng lượng tái tạo và sự phát triển bền vững / PGS.TS Nguyễn Thế Bảo
1492,Bài giảng môn chuyên đề năng lượng tái tạo / TS Lê Minh Nhựt
1493,"Bơm, quạt, máy nén:Giáo trình dùng cho sinh viên các trường đại học, cao đẳng kỹ thuật... /Nguyễn Văn May, hiệu đính: Nguyễn Như Thung"
1494,"Bài giảng Máy thuỷ khí / Lê Thị Minh Nghĩa, Nguyễn Thiện Tống"
1495,"Giáo trình Bơm, Quạt, Máy nén/Lê Xuân Hòa, Nguyễn Thị Bích Ngọc"
1496,"Tính toán, vận hành và sửa chữa máy lạnh / Nguyễn Văn May"
1497,"Kỹ thuật lạnh ứng dụng /Nguyễn Đức Lợi, Phạm Văn Tùy, Đinh Văn Thuận"
1498,"Kỹ thuật lạnh ứng dụng /Nguyễn Đức Lợi, Phạm Văn Tùy, Đinh Văn Thuận"
1499,"Kỹ thuật lạnh cơ sở/Nguyễn Đức Lợi, Phạm Văn Tùy"
1500,Tính toán thiết kế hệ thống lạnh / Nguyễn Đức Lợi
1501,"Combined-cycle gas & steam turbine power plants / Rolf Kehlhofer, Bert Rukes, Frank Hannemann, Franz Stirnimann"
1502,"Steam plant operation / Everett B. Woodruff, Herbert B. Lammers, Thomas F. Lammers"
1503,Power plant engineering/P. K. Nag
1504,Tuốc bin hơi nước :Lý thuyết và cấu tạo /Phạm Lương Tuệ
1505,"Nhà máy nhiệt điện: $nT1 /Nguyễn Công Hân, Nguyễn Quốc Trung, Đỗ Anh Tuấn"
1506,"Nhà máy nhiệt điện:$nTập 2 /Nguyễn Công Hân, Nguyễn Quốc Trung, Đỗ Anh Tuấn"
1507,"Kỹ thuật nhiệt điện/Phan Quang Xưng, Hoàng Ngọc Đồng"
1508,Bài giảng môn nhà máy nhiệt điện / Lê Minh Nhựt
1509,Giáo trình tuabin hơi nước và tuabin khí/Nguyễn Văn Tuyên
1510,Đo lường nhiệt / TS Võ Huy Hoàn
1511,Thermal Measurement in Heat Transfer / Ernst r.g.  Eckert and Richard J. Goldstein
1512,"Thermal insulation materials / Van, E.A"
1513,Thermal materials-testing and applications / Ronals S
1514,"Vật liệu kĩ thuật nhiệt lạnh/Nguyễn Đức Lợi, Vũ Diễm Hương, Nguyễn Khắc Xương"
1515,"Thermodynamics: fundamentals for applications/ J. P. Connell, J. M. Haile"
1516,"Nhiệt động lực học kỹ thuật/Hoàng Đình Tín, Lê Chí Hiệp"
1517,"Giáo trình nhiệt động lực học kỹ thuật/Lê Kim Dưỡng, Đặng Thành Trung"
1518,Refrigeration systems and applications/ Ibrahim Dancer
1519,Handbook of air conditioning and refrigeration/ Shan K. Wang.
1520,Bài giảng môn chuyên đề lạnh / Lê Xuân Hòa
1521,Năng lượng tái tạo và sự phát triển bền vững / Nguyễn Thế Bảo
1522,Bài giảng môn chuyên đề năng lượng tái tạo / Lê Minh Nhựt
1523,"Phong điện nguồn năng lượng tái tạo cho Việt Nam / Trần Văn Bình, Nguyễn Thế Việt, Nguyễn Ngọc"
1524,Refrigeration systems and applications/ Ibrahim Dancer
1525,"Kỹ thuật lạnh ứng dụng /Nguyễn Đức Lợi, Phạm Văn Tùy, Đinh Văn Thuận"
1526,Tài liệu giảng dạy thực tập điện lạnh 4
1527,Engineering fundamentals/ Timings R.
1528,"Kỹ thuật lạnh ứng dụng /Nguyễn Đức Lợi, Phạm Văn Tùy, Đinh Văn Thuận"
1529,"Kỹ thuật lạnh ứng dụng /Nguyễn Đức Lợi, Phạm Văn Tùy, Đinh Văn Thuận"
1530,"Kỹ thuật lạnh ứng dụng /Nguyễn Đức Lợi, Phạm Văn Tùy, Đinh Văn Thuận"
1531,Giáo trình môn học thực tập điện lạnh 2
1532,Giáo trình môn học thực tập điện lạnh 1
1533,Giáo trình thực tập điện lạnh 3
1534,Máy lạnh/Trần Thanh Kỳ
1535,Máy lạnh/Trần Thanh Kỳ
1536,Refrigeration systems and applications/ Ibrahim Dancer
1537,Refrigeration systems and applications/ Ibrahim Dancer
1538,Máy lạnh/Trần Thanh Kỳ
1539,Máy lạnh/Trần Thanh Kỳ
1540,Máy lạnh/Trần Thanh Kỳ
1541,Handbook of air conditioning and refrigeration/ Shan K. Wang.
1542,Handbook of air conditioning and refrigeration/ Shan K. Wang.
1543,Refrigeration systems and applications/ Ibrahim Dancer
1544,Refrigeration systems and applications/ Ibrahim Dancer
1545,"Kỹ thuật lạnh đại cương/Trần Đức Ba (ch.b), Nguyễn Văn Tài, Trần Thu Hà,..."
1546,"Kỹ thuật lạnh đại cương/Trần Đức Ba (ch.b), Nguyễn Văn Tài, Trần Thu Hà,..."
1547,"Kỹ thuật lạnh ứng dụng /Nguyễn Đức Lợi, Phạm Văn Tùy, Đinh Văn Thuận"
1548,"Kỹ thuật lạnh ứng dụng /Nguyễn Đức Lợi, Phạm Văn Tùy, Đinh Văn Thuận"
1549,"Tính toán, vận hành và sửa chữa máy lạnh / Nguyễn Văn May"
1550,"Kỹ thuật lạnh cơ sở/Nguyễn Đức Lợi, Phạm Văn Tùy"
1551,"Kỹ thuật lạnh cơ sở/Nguyễn Đức Lợi, Phạm Văn Tùy"
1552,Tính toán thiết kế hệ thống lạnh / Nguyễn Đức Lợi
1553,Giáo trình Kỹ thuật lạnh cơ sở / Lê Xuân Hòa
1554,"Automatic control systems/Benjamin C. Kuo,"
1555,"Tiếng việt thực hành /Nguyễn Minh Thuyết (chủ biên), Nguyễn Văn Hiệp"
1556,Computer Systems for Automation and Control / M. J. Grimble
1557,Tự động hóa hệ thống lạnh/Nguyễn Đức Lợi
1558,"Ngữ pháp Tiếng Việt :Tập 1 : Đã được Hội đồng thẩm định sách của Bộ Giáo dục và Đào tạo giới thiệu làm sách dùng chung cho các trường Đại học Sư phạm /Diệp Quang Ban, Hoàng Văn Thung"
1559,"Nguyên lý tự động hóa quá trình nhiệt / Hoàng Dương Hùng, Lê Xuân Hòa, Hoàng An Quốc"
1560,Ngữ pháp Tiếng Việt :Tập 2 : Đã được hội đồng thẩm định sách của Bộ Giáo dục và Đào tạo gới thiệu làm sách dùng chung cho các trường Đại học Sư phạm /Diệp Quang Ban
1561,"Giáo trình Bơm, Quạt, Máy nén/Lê Xuân Hòa, Nguyễn Thị Bích Ngọc"
1562,"Tiếng Việt thực hành/Bùi Minh Toán (chủ biên), Lê A, Đỗ Việt Hùng"
1563,Hệ thống điều khiển bằng khí nén/Nguyễn Ngọc Phương
1564,"Giáo trình Bơm, Quạt, Máy nén/Lê Xuân Hòa, Nguyễn Thị Bích Ngọc"
1565,"Bài giảng Máy thủy khí / Lê Thị Minh Nghĩa, Nguyễn Thiện Tống"
1566,Ngữ pháp tiếng Việt/ Nguyễn Tài Cẩn
1567,"Bơm, quạt, máy nén:Giáo trình dùng cho sinh viên các trường đại học, cao đẳng kỹ thuật... /Nguyễn Văn May, hiệu đính: Nguyễn Như Thung"
1568,Ngữ pháp chức năng tiếng Việt/ Cao Xuân Hạo
1569,"Giáo trình Nhập môn Công nghệ Kỹ thuật Nhiệt / Đặng Thành Trung, Hoàng An Quốc"
1570,Engineering fundamentals: an introduction to engineering/ Saeed Moaveni.
1571,"Thiết bị trao đổi nhiệt / Bùi Hải, Dương Đức Hùng, Hà Mạnh Thư"
1572,Heat transfer - A Practical Approach / Yunus A. Cengel
1573,Bài giảng môn thiết bị trao đổi nhiệt / Hoàng An Quốc 
1574,Heat transfer / J. P. Holman
1575,Heat transfer / J. P. Holman
1576,Cơ sở truyền nhiệt/Hoàng Đình Tín
1577,Applied fluid mechanics/ Robert L. Mott
1578,"Cơ học lưu chất kỹ thuật / Trần chấn Chỉnh, Lê Thị Minh Nghĩa"
1579,Thủy khí kỹ thuật và máy bơm:Môn học: 1132100 - Cơ học lưu chất ứng dụng; 1132060 - Cơ học lưu chất ứng dụng B; 1132020 - Thủy khí/Phạm Thị Thanh Tâm
1580,Chuyên đề lạnh / Lê Xuân Hòa
1581,English for the automotive industry / Marie Kavanagh
1582,Oxford English for Electrical and Mechanical Engineering Student's Book / Eric Glendining
1583,Technical English Report and Writing / Jyh-tong Teng
1584,Teaching English Language Learners in Career and Technical Education Programs / Victor M. Henandez-Gantes
1585,"English for thermal engineering/Đặng Thành Trung, Trần Ngọc Tân, Jyh-tong Teng"
1586,Fueling our future: an introduction to sustainable energy/ Robert L. Evans.
1587,"Energy management handbook / Stephen A. Roosa, Steve Doty, Wayne C. Turner"
1588,"Energy conservation guidebook / Dale R. Patrick, Stephen W. Fardo, Ray E. Richardson, Brian W. Fardo."
1589,"Energy efficiency and renewable energy handbook/ D. Yogi Goswami, Frank Kreith"
1590,"Giáo trình kinh tế năng lượng: tái bản lần thứ nhất, có chỉnh sửa, bổ sung/ Đặng Thành Trung, Đặng Thị Thanh Loan"
1591,Handbook of industrial drying / S.Arun
1592,Tính toán và thiết kế hệ thống sấy/Trần Văn Phú
1593,Thiết kế hệ thống thiết bị sấy/Hoàng Văn Chước
1594,Bài giảng môn kỹ thuật sấy / Lê Minh Nhựt
1595,Kỹ thuật sấy/ Hoàng Văn Chước
1596,Kỹ thuật sấy/ Hoàng Văn Chước
1597,Tính toán và thiết kế hệ thống sấy/Trần Văn Phú
1598,Handbook of industrial drying / S.Arun
1599,Hướng dẫn thiết kế hệ thống lạnh/Nguyễn Đức Lợi
1600,Bài giảng môn Máy và thiết bị lạnh / Lê Xuân Hòa
1601,"Tính nhiệt thiết bị lò hơi/Hoàng Ngọc Đồng, Đào Ngọc Chân"
1602,Conversion of coal – fired power plants to cogeneration and conbined – cycle / Ryszard Bartnik and Zbigniew Buryn
1603,"Industrial boilers and heat recovery steam generators: Design, applications and calculations / V. Ganapathy"
1604,Boilers for power and process / Kumar Rayaprolu
1605,Giáo trình lò hơi/Đặng Thành Trung
1606,"Advances in power boilers/ edited by Mamoru Ozawa, Hitoshi Asano."
1607,"Tính toán, vận hành và sửa chữa máy lạnh / Nguyễn Văn May"
1608,Kỹ thuật điều hòa không khí /Lê Chí Hiệp
1609,"Cơ sở kỹ thuật điều hòa không khi /Hà Đăng Trung, Nguyễn Quân"
1610,Bài giảng Ngôn ngữ Lập trình Java 
1611,"Big Java : compatible with Java 5, 6 and 7"
1612,Core Java™ 2: Volume I–Fundamentals
1613,Core Java™ 2: Volume II–Fundamentals
1614,Java 7 : A Beginner's Tutorial
1615,Essentials of Cloud Computing
1616,Amazon Web services for dummies
1617,Using Google App Engine 
1618,Google App Engine Java Experiments
1619,MapReduce Tutorial
1620,"MapReduce, parallel & distributed programming model"
1621,"Giáo trình cấu trúc dữ liệu và giải thuật /Trần Hạnh Nhi, Dương Anh Đức"
1622,Data strutures and Program Design in C++ 
1623,Cấu trúc dữ liệu – Ứng dụng và cài đặt bằng C
1624,Computer science and educational software design : a resource for multidisciplinary work in technology enhanced learning/ Pierre Tchounikine
1625,"Human-Computer Interaction, 3rd Edition"
1626,"The Human-Computer Interaction Handbook, 3rd edition"
1627,Bài giảng Các công nghệ Phần mềm mới 
1628,"Struts 2 in action/ Donald Brown, Chad Michael Davis, Scott Stanlick"
1629,Beginning C# 3.0: An introduction to object oriented programming/ Jack Puredum
1630,The C# Programming Language
1631,Object-Oriented programming with C++
1632,An introduction to Object - Oriented Programming with Java /C. Thomas Wu
1633,Design Patterns- Elements of Reusable Object-Oriented Software
1634,Nhập môn UML
1635,The Design Patterns Java Companion
1636,"Object-Oriented Design & Patterns, Second Edition"
1637,Next Generation Search Engines
1638,"Giáo trình nhập môn công nghệ phần mềm/Đỗ Văn Nhơn, Nguyễn Thị Thanh Trúc, Nguyễn Trác Thức"
1639,Giáo trình phân tích & thiết kế hướng đối tượng bằng UML
1640,Kỹ nghệ Phần mềm (bản dịch tiếng Việt – 2 tập)
1641,Giáo trình nhập môn công nghệ phần mềm
1642,Software Engineering
1643,Bài giảng điện tử Quản lý dự án
1644,Bài giảng điện tử 
1645,Clayton College & State University
1646,Columbia University
1647,Basic Software Testing Skills
1648,"Introduction to software testing / Paul Ammann, Jeff Offutt"
1649,Testing Application on the Web: Testing planning for mobile and Internet – based system
1650,Effective Software Testing: 50 specific ways to improve your testing
1651,"Murach's Java servlets and JSP : Training & reference / Joel Murach, Michael Urban"
1652,"Head first servlets and JSP / Bryan Basham, Kathy Sierra, Bert Bates"
1653,"Core Servlets and JavaServer pages - Volume 2: Advanced technologies/ Marty Hall, Larry Brown, Yaakov Chaikin"
1654,SQL injection attacks and defense / Justin Clarke
1655,Course Advanced Web hacking and security
1656,Electronic Commerce 2018: A Managerial and Social Networks Perspective
1657,Database Management System
1658,"Fundamentals of database systems / Ramez Elmasri, Shamkant B. Navathe"
1659,Database System Concepts (6th Edition)
1660,Object-Oriented Analysis and Design using UML
1661,Systems Analysis and Design with UML Version 2.0
1662,Object-Oriented Systems Analysis And Design using UML (4th edition)
1663,"The unified modeling language reference manual / James Rumbaugh, Ivar Jacobson, Grady Booch"
1664,Introducing python: Modern computing in simple packages/ Bill Lubanovic
1665,Introduction to Computation and Programming Using Python
1666,Kỹ nghệ Phần mềm (bản dịch tiếng Việt – 2 tập)
1667,MongoDB Manual
1668,Kỹ nghệ Phần mềm (bản dịch tiếng Việt – 2 tập)
1669,Introduction to MongoDB
1670,"Programming pig: Dataflow scripting with hadoop/ Alan Gates, Daniel Dai"
1671,Programming Hive
1672,Learning spark SQL:Architect streaming analytics and machine learning solutions/Aurobindo Sarkar
1673,"Introduction to Data Mining, Second Edition"
1674,"Data Mining: Concepts, Principles, and Techniques, Third Edition"
1675,"Multidimensional databases and data warehousing / Christian S. Jensen, Torben Bach Pedersen, Christian Thomsen"
1676,Oracle Database Data Warehousing Guide
1677,"The Data Warehouse Toolkit: the Definitive Guide to Dimensional Modeling, 3rd Edition"
1678,"Pentaho kettle solutions : Building open source ETL solutions with Pentaho data integration / Matt Casters, Roland Bouman, Jos van Dongen"
1679,SQL Server 2012 Tutorials: Analysis Services - Multidimensional Modeling
1680,"Fundamentals of database systems / Ramez Elmasri, Shamkant B. Navathe"
1681,"Oracle database 12c PL/SQL programming: Design and deploy powerful, database-centric PL/SQL applications/ Michael McLaughlin"
1682,SQL injection attacks and defense / Justin Clarke
1683,"Big Data Fundamentals: Concepts, Drivers and Techniques"
1684,"Hadoop for dummies/Dirk DeRoos, Paul C. Zikopoulos, Bruce Brown"
1685,Analytics in a big data world: The essential guide to data science and its applications/ Bart Baesens
1686,Analytics in a big data world: The essential guide to data science and its applications/ Bart Baesens
1687,"MongoDB in action/ Kyle Banker, Peter Bakkum, Shaun Verch, Douglas Garrett, Tim Hawkins"
1688,"Text data management and analysis : A practical introduction to information retrieval and text mining / ChengXiang Zhai, Sean Massung"
1689,"Introduction to information retrieval / Christopher D. Manning, Prabhakar Raghavan, Hinrich Schütze"
1690,"Search engines : Information retrieval in practice / W. Bruce Croft, Donald Metzler, Trevor Strohman"
1691,"Modern information retrieval:The concepts and technology behind search/Ricardo Baeza-Yates, Berthier Ribeiro-Neto"
1692,"Information retrieval : Implementing and evaluating search engines / Stefan Büttcher, Charles L.A. Clarke, Gordon V. Cormack"
1693,Giáo trình mạng máy tính nâng cao /Huỳnh Nguyên Chính
1694,CCENT/CCNA ICND1 100-105 : Official cert guide / Wendell Odom
1695,CCNA routing and switching ICND2 200-105 : Official cert guide / Wendell Odom
1696,"Computer Organization and Architecture–Designing for Performance, 7th Edition"
1697,Bài giảng kiến trúc máy tính và hợp ngữ
1698,The Essentials of Computer Organization and Architecture
1699,"Structured computer organization/ Andrew S. Tanenbaum, Todd Austin, B. R. Chandavarkar"
1700,"Art of assembly, 2nd Edition"
1701,Assembly language for IBM PC
1702,Turbo assembler Bible
1703,"The practice of cloud system administration: Devops and SRE practices for web services - Volume 2/ Thomas A. Limoncelli, Strata R. Chalup, Christina J. Hogan"
1704,"Cloud computing networking: Theory, practice, and development/ Lee Chao"
1705,"CCNA cloud complete study guide: Exam 210-451 and exam 210-455/ Todd Montgomery, Stephen Olson"
1706,CCDA 200-310 official cert guide
1707,"Designing for Cisco Network Service architectures (ARCH): Foundation learning guide (CCDP ARCH 300-320)/ Marwan Al-shawi, André Laurent"
1708,Bài giảng hệ thống nhúng
1709,"Embedded system design : A unified hardware/software introduction / Frank Vahid, Tony Givargis"
1710,Bài giảng cấu trúc máy tính và hợp ngữ
1711,The definitive guide to ARM® Cortex®-M3 and Cortex-M4 processors / Joseph Yiu
1712,Embedded systems : Introduction to Arm® Cortex™-M Microcontrollers - Vol.1 / Jonathan W. Valvano
1713,Embedded Systems: Real-Time Interfacing to Arm® Cortex™-M Microcontroller
1714,Lý thuyết thông tin
1715,Foundations of Coding: Theory and Application of Error–Correcting Codes with an Introduction to Cryptography and Information Theory
1716,"Cơ sở lý thuyết truyền tin - Tập 2 /Đặng Văn Chuyết, Nguyễn Tuấn Anh"
1717,Ash Information theory
1718,"Computer security :Principles and practice/William Stallings, Lawrie Brown ; with contributions by Mick Bauer, Michael Howard"
1719,Computer security a hands-on approach
1720,Information security: principles and practice/ Mark Stamp
1721,Computer Network Illuminated
1722,ICND1 – Official Cert Guide
1723,CCNA routing and switching ICND2 200-105 : Official cert guide / Wendell Odom
1724,Mastering Windows Server 2016: A comprehensive and practical guide to Windows Server 2016/ Jordan Krause
1725,"Lpic-1 : Linux professional institute certification study guide: exams 101 - 400 and 102 - 400 / Christine Bresnahan, Richard Blum"
1726,"LPIC-2 : Linux professional instutute certification: study guide exam 201 and exam 202 / Christine Bresnahan, Richard Blum"
1727,Mastering Python for Networking and security: Leverage the scripts and libraries of Python version 3.7 and beyond to overcome networking and security issues/ Jose Manuel Ortega
1728,"Python network programming cookbook: overcome real - world networking challengers/ Pradeeban Kathiravelu, M. O. Faruque Sarker"
1729,"Foundations of Python network programming/ Brandon Rhodes, John Goerzen."
1730,"Giáo trình An ninh mạng: Dùng cho sinh viên ngành Công nghệ thông tin, An toàn thông tin/ Nguyễn Thị Thanh Vân, Huỳnh Nguyên Chính"
1731,Network security essentials : Applications and standards / William Stallings
1732,Fundamentals of network security / Eric Maiwald
1733,Network security assessment: Know your network/ Chris McNab
1734,CompTIA security+ : Get certified get ahead SYO-501 study guide / Darril Gibson
1735,Network performance and security : Testing and analyzing using open source and low-cost tools / Chris Chapman
1736,Network Infrastructure Security
1737,Network Monitoring and Troubleshooting for Dummies
1738,Zabbix network monitoring / Rihards Olups
1739,"Cacti 0.8 network monitoring: Monitor your network with ease! / Dinangkur Kundu, S. M. Ibrahim Lavlu"
1740,Learning Nagios 4: Learn how to set up Nagios 4 in order to monitor your systems efficiently/ Wojciech Kocjan
1741,"Operating system concepts : International student version / Abraham Silberschatz, Peter Baer Galvin, Greg Gagne"
1742,Modern Operating Systems
1743,Operating Systems: Internal ad Design Principles
1744,Learning Internet of Things
1745,Wireless and Mobile Systems for the IoT
1746,Bài giảng IoT
1747,A Practical Magnetic Fingerprinting Approach to Indoor Localization using Smartphones
1748,Accurate indoor localization with zero start-up cost
1749,Indoor Localization using Inertial and Light Sensors on Smartphones
1750,Wireless security handbook/ Aaron E. Earle
1751,Certified Wireless Security Professional Official Study Guide
1752,"Wireless Network Security 802.11, Bluetooth and Handheld Devices"
1753,Wi-Fi security/ Stewart S. Miller
1754,"Artificial intelligence:A modern approach/Stuart J. Russell and Peter Norvig; contributing writers, Ernest Davis ... [et al.]"
1755,Deep Reinforcement Learning Hands-On
1756,"Hands-On Machine Learning with Scikit-Learn and Tensorflow: Concepts, Tools, and Techniques to Build Intelligent Systems"
1757,Machine learning:A probabilistic perspective/Kevin P. Murphy
1758,Giáo trình Lý thuyết đồ thị
1759,Toán rời rạc nâng cao
1760,Lý thuyết đồ thị
1761,"Digital image processing / Rafael C. Gonzalez, Richard E. Woods"
1762,The OpenCV Document
1763,Learning OpenCV3: Computer Vision in C++ with the OpenCV Library
1764,"Hands-On Machine Learning with Scikit-Learn and Tensorflow: Concepts, Tools, and Techniques to Build Intelligent Systems (2nd ed.). "
1765,The hundred-page machine learning book.
1766,Deep Reinforcement Learning Hands-On
1767,Nhập môn lập trình
1768,C programming : A modern approach / K. N. King
1769,A Complete Guide to Programming in C++
1770,"Hands-on machine learning with Scikit-Learn, Keras, and TensorFlow"
1771,Machine Learning cơ bản
1772,The hundred-page machine learning book
1773,Kỹ thuật lập trình
1774,"Introduction to algorithms / Thomas H. Cormen, Charles E. Leiserson, Ronald L. Rivest, Clifford Stein"
1775,The art of computer programming - Vol. 2 : Seminumerical algorithms / Donald E. Knuth
1776,Giải thuật & Lập trình
1777,Practical Malware Analysis: The hands-on Guide to dissecting malicious software
1778,Malware Analysis Using Artificial Intelligence and Deep Learning
1779,Computer security fundamentals 3rd
1780,"Applied Network Security Monitoring, Syngress,1st Edition"
1781,The practice of network security monitoring : understanding incident detection and response
1782,The State of the Art in Intrusion Prevention and Detection
1783,Network performance and security : Testing and analyzing using open source and low-cost tools / Chris Chapman
1784,Learning Internet of Things
1785,Wireless and Mobile Systems for the IoT
1786,Bài giảng IoT
1787,A Practical Magnetic Fingerprinting Approach to Indoor Localization using Smartphones
1788,Accurate indoor localization with zero start-up cost
1789,IDyLL: Indoor Localization using Inertial and Light Sensors on Smartphones
1790,"Distributed systems: Concepts and design/ George Coulouris, Jean Dollimore, Tim Kindberg,..."
1791,Course CSE 452/M552: Distributed Systems
1792,Cẩm nang thuật toán : Tập 1: Các thuật toán thông dụng 
1793,"Xây dựng và ứng dụng cơ sở dữ liệu thiết kế và sản xuất cho hộp cứng dạng đặc biệt cho công ty TNHH Y&J Vina: Đồ án tốt nghiệp ngành Công nghệ in/ Huỳnh Thị Kim Ngân, Lê Thanh Nhàn; Nguyễn Thị Lại Giang (Giảng viên hướng dẫn)"
1794,"Xây dựng và ứng dụng cơ sở dữ liệu thiết kế và sản xuất cho hộp cứng dạng đặc biệt cho công ty TNHH Y&J Vina: Đồ án tốt nghiệp ngành Công nghệ in/ Huỳnh Thị Kim Ngân, Lê Thanh Nhàn; Nguyễn Thị Lại Giang (Giảng viên hướng dẫn)"
1795,Phương pháp học đại học
1796,Bảy thói quen cho người thành đạt (The 7 Habits of Highly Effective People)
1797,Bài giảng “Kỹ năng làm việc nhóm” 
1798,Nghệ thuật giao tiếp để thành công:92 thủ thuật giúp bạn trở thành bậc thầy trong giao tiếp/Leil Lowndes
1799,Beginning C# Object-Oriented Programming
1800,"Programming C# 3.0/Jesse Liberty, Donald Xie"
1801,The C# Programming Language
1802,Object-Oriented programming with C++
1803,Object-Oriented Programming with Java
1804,Database Systems - The Complete Book (2nd Edition)
1805,Database System Concepts (6th Edition)
1806,"Fundamentals of Database Systems, 7th Edition"
1807,Learning Internet of Things
1808,Certified Ethical Hacker (CEH) Foundation Guide
1809,Wireless and Mobile Systems for the IoT
1810,Bài giảng IoT
1811,A Practical Magnetic Fingerprinting Approach to Indoor Localization using Smartphones
1812,CEH v10: EC-Council Certified Ethical Hacker Complete Training Guide with Practice Labs
1813,Accurate indoor localization with zero start-up cost
1814,Indoor Localization using Inertial and Light Sensors on Smartphones
1815,Hands-on Ethical Hacking and Network Defense
1816,Information security: Principles and practice
1817,Artificial Intelligence: A Modern Approach (3rd ed.)
1818,Deep Reinforcement Learning Hands-On
1819,Computer security a hands-on approach
1820,"Hands-On Machine Learning with Scikit-Learn and Tensorflow: Concepts, Tools, and Techniques to Build Intelligent Systems"
1821,CEH v10 Certified Ethical Hacker Study Guide
1822,Machine Learning: A Probabilistic Perspective
1823,Giáo trình bảo mật thông tin/Đặng Trường Sơn
1824,Cryptography and Network Security 1st edition / BehrouzA. Forouzan 
1825,"Programming pig: Dataflow scripting with hadoop/ Alan Gates, Daniel Dai"
1826,Programming Hive
1827,Cryptography and Network Security: Principles and Practice (7th ed. )/William Stallings
1828,Learning spark SQL: Architect streaming analytics and machine learning solutions
1829,Introducing python: Modern computing in simple packages
1830,"Handbook of applied cryptography/ Alfred J. Menezes, Paul C. van Oorschot, Scott A. Vanstone"
1831,Introduction to Computation and Programming Using Python
1832,matplotlib for Python Developers
1833,"Applied cryptography: Protocols, algorithms, and source code in C/ Bruce Schneier"
1834,Bài giảng nhập môn Công nghệ Kỹ thuật Điện - Điện tử
1835,Bài giảng “Giới thiệu ngành Công nghệ Kỹ thuật điện”
1836,Bitcoin and Cryptocurrency Technologies: A Comprehensive Introduction
1837,"Exploring engineering : An introduction to engineering and design / Philip Kosky, Robert Balmer, William Keat, George Wise."
1838,"Blockchain Technology and Applications/Pethuru Raj, Kavita Saini, Chellammal Surianarayanan "
1839,Engineering fundamentals: an introduction to engineering
1840,"Engineering your future: a comprehensive introduction to engineering/ William C. Oakes, Les L. Leone"
1841,MCTS Self-Paced Training Kit (Exam 70-412): Configuring Windows Server 2019 Active Directory (2nd Edition)/Dan Holme
1842,Introduction to Engineering Technology
1843,"Engineering your future: a brief introduction to engineering/ William C. Oakes, Les L. Leone"
1844,Slide bài giảng “Quản trị mạng”
1845,Tập “Bài tập thực hành Quản trị mạng”
1846,Communicating with skill. Dubuque
1847," Information Security Risk management for ISO 27001/ISO27002/Alan Calder, Steve G Watkins"
1848,ISO/IEC 27001 INFORMATION SECURITY MANAGEMENT/https://www.iso.org/isoiec-27001-information-security.html
1849,The service-learning cycle.Min-neapolis: The Compass Institute.
1850,Developmental sequences in smallgroups. Psychological Bulletin
1851,ISO/IEC 27701:2019 Security techniques — Extension to ISO/IEC 27001 and ISO/IEC 27002 for privacy information management — Requirements and guidelines/https://www.iso.org/standard/54533.html
1852,Đắc nhân tâm
1853,ISO/IEC 27002:2013 Information technology — Security techniques — Code of practice for information security controls/https://www.iso.org/standard/71670.html
1854,Công nghệ thông tin - Các kỹ thuật an toàn - Hệ thống quản lý an toàn thông tin/https://tieuchuan.vsqi.gov.vn/tieuchuan/view?sohieu=TCVN+11238%3A2015
1855,Giáo trình thực tập điện cơ bản/Bùi Văn Hồng
1856,"System Software - An Introduction to Systems Programming, 3rd Edition/Leland L. Beck"
1857,"Modern Compiler Design/D. Grune, H. Bal, C. Jacobs, and K. Langendoen"
1858,"Compilers: Principles, Techniques, and Tools / Alfred V. Aho, Ravi Sethi, and Jeffrey D. Ullman"
1859,Kỹ thuật điện
1860,Beginning Linux Programming/Neil Matthew Richard Stones
1861,"Advanced Linux Programming/Mark Mitchell, Jeffrey Oldham and Alex Samuel"
1862,Kỹ thuật lắp đặt điện dân dụng
1863,"UNIX™ Systems Programming: Communication, Concurrency, an Threads /Kay A. Robbins and Steven Robbins"
1864,Sửa chữa thiết bị điện /Hoàng Hữu Thận
1865,Mạch điện
1866,"Giáo trình máy điện I/Nguyễn Trọng Thắng, Ngô Quang Hà"
1867,Máy điện
1868,Kỹ thuật điện
1869,"Ivanov (bản dịch tiếng Việt của Vũ Gia Hanh), Máy điện"
1870,"Digital systems : Principles and applications / Neal S. Widmer, Gregory L. Moss, Ronald J. Tocci"
1871,Electric machines
1872,"Vật liệu kỹ thuật điện:Tính chất - Đặc điểm - Thành phần - Công nghệ và ứng dụng: Môn học: 1162200 - Vật liệu điện - điện tử/Nguyễn Xuân Phú (Chủ biên), Hồ Xuân Thanh"
1873,Vật liệu điện điện tử
1874,Giáo trình vật liệu điện :Sách dùng cho các trường đào tạo hệ Trung học chuyên nghiệp và cao đẳng kỹ thuật /Nguyễn Đình Thắng
1875,Schaum's Outlines of Signals & Systems/Hwei P. Hsu
1876,Linh kiện bán dẫn 
1877,Signals & Systems/Richard Baraniuk
1878,Điện tử Nanô Linh kiện và công nghệ 
1879,"Giáo trình khí cụ điện/Hồ Xuân Thanh, Phạm Xuân Hổ"
1880,"Giáo trình khí cụ điện:Dùng cho các trường đại học khối công nghệ/Hồ Xuân Thanh, Phạm Xuân Hổ"
1881,Hệ thống viễn thông/Phan Văn Ca
1882,Giáo trình khí cụ điện/Phạm Văn Chới
1883,Giáo trình khí cụ điện/Phạm Văn Chới
1884,"Mạch số: Môn học: 1163100 - Kỹ thuật số/Nguyễn Hữu Phương$pDùng cho sinh viên đại học ngành điện tử, tự động hóa, viễn thông, tin học, v.v... /"
1885,Fundamentals of communication systems/Proakis and Salehi  
1886,Communication Systems/Simon Haykin and Michael Moher
1887,Digital systems : Principles and applications
1888,Principles of communication systems/Taub Schilling
1889,"Principles of communications: systems, modulation, and noise/R.E. Ziemer and W.H. Tranter"
1890,Điện tử công suất
1891,"Điện tử công suất :Bài giảng môn học/Nguyễn Xuân Khai, Hoàng Ngọc Văn"
1892,Giáo trình Điện tử công suất 1
1893,Điện tử công suất:Giáo trình dùng cho sinh viên Đại Học Bách Khoa và các trường đại học khác /Nguyễn Bính
1894,"Điện tử công suất - lý thuyết - thiết kế - ứng dụng, hai tập"
1895,"Điện tử công suất/Đỗ Xuân Tùng, Trương Tri Ngộ"
1896,Microwave Engineering/David M. Pozar
1897,Điện tử công suất:Lý thuyết bài tập và bài giải - Ứng dụng/Nguyễn Xuân Phú
1898,"Phân tích và giải mạch điện tử công suất /Phạm Quốc Hải, Dương Văn Nghi"
1899,"Giáo trình ứng dụng PSIM trong điện tử công suất:Giáo trình dùng cho sinh viên ngành Điện - Điện tử/Đỗ Đức Trí, Vương Thị Ngọc Hân"
1900,"Giáo trình “Cung cấp điện” dành cho hệ Đại Học, Khối Ngành Công Nghệ"
1901,Thí nghiệm máy điện trên máy tính
1902,Quấn dây máy điện
1903,"Máy điện I:Sách giáo trình dùng cho các trường đại học/Vũ Gia Hanh (ch.b); Trần Khánh Hà, Phan Tử Thụ, Nguyễn Văn Sáu"
1904,"Công nghệ chế tạo và tính toán sửa chữa máy điện$pT2/Nguyễn Trọng Thắng, Nguyễn Thế Kiệt"
1905,Microwave Devices and Circuits/Samuel Y. Liao
1906,"Giáo trình vi xử lý /Nguyễn Đình Phú, Trương Ngọc Anh"
1907,RF Circuit Design/Christopher Bowick
1908,Wireless communications/Andreas F. Molisch
1909,"Giáo trình “Cung cấp điện” dành cho hệ Đại Học, Khối Ngành Công Nghệ"
1910,Hướng dẫn thiết kế lắp đặt điện theo tiêu chuẩn quốc tế IEC
1911,Data Communicationsand Networkin/Behrouz A. Forouzan
1912,Sổ tay thiết kế điện hợp chuẩn
1913,Hệ thống điện truyền tải và phân phối/Hồ Văn Hiến
1914,Hệ thống viễn thông 2/Lê Tiến Thường
1915,Phần điện Nhà máy điện và trạm biến áp 
1916,
1917,"Cung cấp điện /Nguyễn Xuân Phú,Nguyễn Bội Khuê, Nguyễn Công Hiền"
1918,Phân tích và điều khiển ổn định hệ thống điện:Sách được dùng làm giáo trình cho các trường đại học kỹ thuật/Lã Văn Út
1919,"Thiết kế hệ thống điện/Nguyễn Hoàng Việt (ch.b); Hồ Văn Hiến, Phan Thị Thanh Bình, Võ Văn Huy Hoàng"
1920,UNDERSTANDING ELECTRIC POWER SYSTEMS - An Overview of the Technology and the Marketplace
1921,Electrical distribution engineering / Anthony J. Pansini
1922,Switchgear Manual
1923,Electric power substations engineering / John D. McDonald
1924,Electrical Transmission and Distribution Reference book 
1925,Hướng dẫn thiết kế đồ án cung cấp điện
1926,"Hướng dẫn thiết kế lắp đặt điện theo tiêu chuẩn quốc tế IEC= Electrical Installation Guide : According to IEC international Standards /Schneider Electric S. A, người dịch: Phan Thị Thanh Bình, Phan Quốc Dũng, Phạm Quang Vinh..."
1927,Giáo trình “CAD trong kỹ thuật điện”
1928,Electrical distribution engineering / Anthony J. Pansini
1929,Electric power distribution equipment and systems / T. A. Short
1930,Electrical Installation Caculations
1931,Lighting by Design 2Ed
1932,Uninterruptible Power Supplies
1933,Lý thuyết điều khiển tự động
1934,"Lý thuyết điều khiển tự động /Nguyễn Thị Phương Hà, Huỳnh Thái Hoàng"
1935,Truyền động điện tự động: Dùng cho môn học Truyền động điện tự động / Trần Quang Thọ
1936,Truyền động điện
1937,"Truyền động điện/Phan Quốc Dũng, Tô Hữu Phúc"
1938,Cơ sở truyền động điện/Nguyễn Văn Nhờ
1939,Fundamentals of electric drives / Mohamed A. El- Sharkawi
1940,Control of electrical drives/Werner Leohnard 
1941,Dynamic Simulation of Electric Machinery/Chee-Mun Ong
1942,The field orientation principle in control of induction motors
1943,"Fundamentals of electrical drives / André Veltman, Duco W. Pulle, R. W. Doncker"
1944,"POWER SYSTEM ANALYSIS AND DESIGN, 5th edition"
1945,"Handbook of Research on Smart Power System Operation and Control,  vol. chapter 1"
1946,A Survey of Recent Developments and Requirements for Modern Power System Control
1947,"Giáo trình “Năng lượng tái tạo”, dành cho hệ Đại Học, Khối Ngành Công Nghệ"
1948,Renewable energy : Power for a sustainable future / Godfrey Boyle
1949,"Lập trình Android và ứng dụng trong các hệ thống IotS (Android trong điều khiển, Iots, Wearos)/ Nguyễn Văn Hiệp, Trần Đức Thiện, Trần Mạnh Sơn"
1950,"Renewable Energy : Physics, engineering, environmental ipacts, economics and planning / Bent Sørensen"
1951,Truyền động điện
1952,Truyền động điện
1953,"Renewable Energy : Physics, engineering, environmental ipacts, economics and planning / Bent Sørensen"
1954,Renewable energy : Power for a sustainable future / Godfrey Boyle
1955,"Lập trình android và ứng dụng trong các hệ thống iots (android trong điều khiển, iots, wearos)/Ths Nguyễn Văn Hiệp"
1956,"Thực hành điện tử cơ bản/ Trương Thị Bích Ngà, Nguyễn Minh Tâm, Lê Hoàng Minh, Nguyễn Thị Lưỡng"
1957,Sơ đồ điện
1958,Embedded linux system design and development/Auerbach publications Taylor & Francis group
1959,"Electric drives / Ion Boldea, S. A. Nasar"
1960,Electric drive/M. Chilikin 
1961,"Truyền động điện /Bùi Quốc Khánh, Nguyễn Văn Liễn, Nguyễn Thị Hiền"
1962,Lab Manual/Sigma Trainers
1963,Truyền động điện
1964,"Giáo trình “Hệ thống Quản lý – Tự Động Hóa trong công trình”, dành cho hệ Đại Học, Khối Ngành Công Nghệ"
1965,"Thực hành cơ sở và ứng dụng IoTs/Huỳnh Hoàng Hà, Trương Quang Phúc, Đỗ Duy Tân"
1966,"Hướng dẫn thiết kế lắp đặt điện theo tiêu chuẩn quốc tế IEC/Schneider Electric S. A, người dịch: Phan Thị Thanh Bình, Phan Quốc Dũng, Phạm Quang Vinh..."
1967,Design of Analog CMOS Intergrated Circuits/Behzad Razavi
1968,Inteligent Buildings and Building Automation 
1969,Integrated Building Management Systems in Data Centra
1970,Engineering manual of automatic control for commercial buildings 
1971,Inside Building Management Systems
1972,BACnet-Various articles
1973,Giáo trình hệ thống viễn thông : Ngành công nghệ kỹ thuật điện tử - truyền thông / Phan Văn Ca
1974,Lonworks Various articles
1975,General Topology
1976,DSP Laboratory Using Matlab/Sanjit K. Mitra
1977,"Bjorner,Topological methods, appears in Handbook of Combinatorics, Vol. 1, 2"
1978,A Protocol for Packet Network Intercommunication
1979,Lab Manual/Sigma Trainers
1980,"“The European computer network project,” in Computer Communications: Impacts and Implications"
1981,Communication Systems for Building Automation and Control
1982,Optimization of HVAC Control Strategies By Building Management Systems” MASTER OF SCIENCE
1983,Giáo trình kiểm toán và tiết kiệm năng lượng / Võ Viết Cường
1984,Giáo trình hệ thống viễn thông : Ngành công nghệ kỹ thuật điện tử - truyền thông / Phan Văn Ca
1985,Hướng dẫn thiết kế lắp đặt điện theo tiêu chuẩn quốc tế IEC
1986,Sổ tay kiểm toán năng lượng trong tòa nhà
1987,Quản lý và tiết kiệm năng lượng
1988,"Bảo toàn năng lượng sử dụng hợp lý, tiết kiệm và hiệu quả trong công nghiệp/Nguyễn Xuân Phú, Nguyễn Thế Bảo"
1989,Sổ tay ngôi nhà xanh
1990,Practical Image and Video Processing using Matlab/John Wiley & Sons
1991,CIBSE guide F: Energy Efficiency In Buildings
1992,IEEE Std 739-1995 – (Revision of IEEE Std 739-1984) IEEE Recommended Practice for Energy Management in Industrial and Commercial Facilities
1993,Raspberry Pi Image Processing Programming/Ashwin Pajankar
1994,"Handbook of Energy Audits, 6th edition"
1995,Energy Conservation
1996,Energy Management and Conservation Handbook
1997,"Guide to Energy Management: International Version, 5th edition"
1998,"Energy management handbook/ [edited] by Stephen A. Roosa, Steve Doty, Wayne C. Turner"
1999,Kỹ thuật chiếu sáng 
2000,FPGA prototying by VHDL examples/Pong P. Chu
2001,Giải tích mạng bằng phương trình căn bản
2002,Solving problems in scientific computing using Maple and Matlab
2003,Fundamentals of signals and systems using Matlab
2004,Quản trị dự án đầu tư
2005,Thiết lập và thẩm định dự án đầu tư
2006,Programming 8-bit PIC Microcontrollers in C: With Interactive Hardware Simulation/] Martin P. Bates
2007,Giáo trình quản lý dự án/Từ Quang Phương
2008,Project management 
2009,Gestion de Projet 
2010,Bài giảng  vi xử lý nâng cao/Phan Vân Hoàn 
2011,Economic Analysis in Project management
2012,Project Management
2013,Quản trị doanh nghiệp
2014,Kinh tế doanh nghiệp
2015, Kỹ thuật ra quyết định quản trị
2016,"Quản trị sản xuất /Nguyễn Thanh Liêm, Nguyễn Quốc Tuấn, Nguyễn Hữu Hiễn"
2017,"Economie de l’entreprise, 4th Edition"
2018,"Marketing đương đại =Principles of contemporary marketing/David L. Kurtz, Louis Boone"
2019,"Decision making and forecasting:with emphasis on model building and policy analysis/Kneale T. Marshall, Robert M. Oliver"
2020,"Vente,  Action commercial"
2021,Thiết kế nhà máy điện và trạm biến áp:Phần điện/Huỳnh Nhơn
2022,"Cung cấp điện /Nguyễn Xuân Phú,Nguyễn Bội Khuê, Nguyễn Công Hiền"
2023,Phân tích và điều khiển ổn định hệ thống điện /Lã Văn Út
2024,Thiết kế hệ thống điện
2025,UNDERSTANDING ELECTRIC POWER SYSTEMS - An Overview of the Technology and the Marketplace
2026,Electrical distribution engineering / Anthony J. Pansini
2027,Switchgear Manual
2028,Electric power substations engineering / John D. McDonald
2029,Electrical power distribution and transmission/Luces M. Faulkenbery 
2030,"Electric  power systems quality, 2nd Edition"
2031,"Lý thuyết điều khiển tự động /Nguyễn Thị Phương Hà, Huỳnh Thái Hoàng"
2032,Bài tập điều khiển tự động/Nguyễn Thị Phương Hà
2033,Giáo trình tự động điều khiển/ Trần Sum
2034,Engineering fundamentals: an introduction to engineering/ Saeed Moaveni.
2035,Giáo trình kỹ thuật Robot/Nguyễn Trường Thịnh
2036,Giáo trình thực tập Robot công nghiệp/Tưởng Phước Thọ
2037,Kỹ thuật Robot:Giáo trình dùng cho sinh viên khối kỹ thuật /Đào Văn Hiệp
2038,Giáo trình kỹ thuật Robot/Nguyễn Trường Thịnh
2039,Giáo trình thực tập Robot công nghiệp/Tưởng Phước Thọ
2040,Giáo trình thực tập Robot công nghiệp/Tưởng Phước Thọ
2041,Kỹ thuật Robot:Giáo trình dùng cho sinh viên khối kỹ thuật /Đào Văn Hiệp
2042,"Introduction to embedded systems : A cyber-physical systems approach / Edward Ashford Lee, Sanjit Arunkumar Seshia"
2043,"Introduction to embedded systems : A cyber-physical systems approach / Edward Ashford Lee, Sanjit Arunkumar Seshia"
2044,"Xử lý tín hiệu số:Dùng cho sinh viên đại học ngành điện tử, viển thông, tin học.v.v)/ Nguyễn Hữu Phương "
2045,"null Designing SCADA Application Software: A Practical Approach/McCrady, Stuart G. "
2046,"Real-Time Digital Signal Processing from MATLAB®to C with the TMS320C6x DSPs, 3th edition/Thad B. Welch, Cameron H.G. Wright, Michael G. Morrow"
2047,"Giáo trình xử lý ảnh y sinh:Ngành kỹ thuật y sinh/Nguyễn Thanh Hải, Ngô Quốc Cường"
2048,"Giáo trình thực tập mạch điện tử y sinh (ngành kỹ thuật Y sinh)/Võ Đức Dũng, Nguyễn Thanh Hải, Nguyễn Thanh Nghĩa, Nguyễn Trường Duy"
2049,Wireless Communications and Network/William Stalling
2050,"How to program with an introduction to C++/Paul Deitel, Harvey Deitel, Piyali Sengupta"
2051,
2052,"Giáo trình thực hành kỹ thuật số / Nguyễn Đình Phú, Nguyễn Duy Thảo, Nguyễn Trường Duy, Hà A Thồi"
2053,Mạch số / Nguyễn Hữu Phương
2054,Digital signal processing/John G. Proakis; Dimitris G. Manolakis
2055,Fundamentals and Applications of Ultrasonic Waves
2056,CAD/CAM and Automation
2057,Embedded System Design - Embedded Systems Foundations of CyberPhysical Systems
2058,Understanding DCOM
2059,Understanding DCOM
2060,Physics of Magnetism and Magnetic Materials
2061,Bioelectromagnetism
2062,Biomedical Signal and Image Processing
2063,Introduction to the Mathematics of Medical Imaging
2064,The Essential Physics of Medical Imaging
2065,Essentials of Radiologic Science
2066,Diagnostic Radiology Physics: A Handbook for Teachers and Students
2067,Physical Principles of Medical Imaging
2068,Physical Principles of Medical Imaging
2069,Biomechanics: Mechanical Properties of Living Tissues
2070,Engineering Graphics with SolidWorks 2020: A Step-by-Step Approach Utilizing 3D Solid Modeling
2071,"SolidWorks 2021: Part Modeling, Assemblies, Drawings, CADvantage"
2072,DSP Lab manual
2073,Giáo trình xử lý ảnh y sinh
2074,Digital Image Processing for Medical Application
2075,Conceptual Digital Signal Processing with MATLABKeonwook Kim
2076,Digital Signal Processing A Primer With MATLAB
2077,Health Information Management Technology: An Applied Approach
2078,Health Information System for Medical Laboratory Science
2079,"Medical Instrumentation Application and Design, Third Edition."
2080,Design and Development of Medical Electronic Instrumentation
2081,Ross & Wilson Anatomy and Physiology in Health and Illness
2082,"Health Information Management Technology, 3rd edtion"
2083,Health Information Systems Architectures and Strategies
2084,Health Information Systems Architectures and Strategies
2085,Health Information Systems Architectures and Strategies
2086,Health Information Systems Architectures and Strategies
2087,"Compendium of Biomedical Instrumentation, Volume 1"
2088,Integrated Project Management
2089,Biomedical Instrumentation Systems
2090,Internet of Things with Raspberry Pi and Arduino
2091,"Programming the Raspberry Pi, Second Edition: Getting Started with Python"
2092,"Embedded Systems Architecture, Programming and Design"
2093,Arduino-Based Embedded Systems
2094,Chemical Sensors and Biosensors for Medical and Biological Applications
2095,Sensor Technology Handbook
2096,Sensor Technology Handbook
2097,Sensor Technologies
2098,Giáo trình môn học TT Công nghệ Cảm biến Y sinh
2099,Wireless Communications and Network
2100,Wireless Communications and Network
2101,Fundermentals of Wireless Communication
2102,Biomedical Instrumentation Systems
2103,Bài giảng thực tập thiết bị y tế
2104,Medical Instrumentation: Application and Design
2105,Thiết kế hầm và công trình ngầm 
2106,Khai thác đánh giá và sửa chữa đường ôtô (Tập 1 & 2)
2107,"Khai thác, kiểm định gia cố cầu "
2108,Sổ tay kiểm tra cầu 
2109,Thiết kế và thi công nền đắp trên đất yếu
2110,Cải tạo đất yếu trong xây dựng
2111,Quy hoạch GTVT và thiết kế đường đô thị
2112, Mỹ Học Cầu Đường
2113,Comprehensive design example for prestressed concrete girder superstructure bridge
2114, Prestress concrete
2115,Bridges Engineering Handbook
2116,Bài giảng môn Cơ sở hạ tầng
2117,Tiêu chuẩn thiết kế cầu 22TCN272-05
2118,Tiêu chuẩn thiết kế đường 4054-2005 
2119,Kết cấu bê tông cốt thép theo tiêu chuẩn Hoa Kỳ
2120,"Cầu bê tông cốt thép trên đường ôtô, tập 1"
2121,"Cầu bê tông cốt thép trên đường ôtô, tập 2"
2122,Thiết kế công trình hầm giao thông
2123,Infrastructure Engineering and Management
2124,Infrastructure Engineering and Management
2125,Quy hoạch GTVT và thiết kế đường đô thị
2126,Mỹ Học Cầu Đường
2127,Comprehensive design example for prestressed concrete girder superstructure bridge
2128,Prestress concrete 
2129, Bridges Engineering Handbook
2130,Bài giảng môn Cơ sở hạ tầng
2131,Tiêu chuẩn thiết kế cầu 22TCN272-05
2132,Tiêu chuẩn thiết kế đường 4054-2005 
2133,Kết cấu bê tông cốt thép theo tiêu chuẩn Hoa Kỳ
2134,"Cầu bê tông cốt thép trên đường ôtô, tập 1,2"
2135,Thiết kế công trình hầm giao thông
2136, Infrastructure Engineering and Management
2137,Thiết kế nút giao thông và điều khiển giao thông bằng đèn tín hiệu/ Nguyễn Xuân Vinh
2138,Đường và giao thông đô thị
2139,Quy hoạch GTVT và thiết kế công trình đô thị
2140,Quy hoạch mạng lưới GT đô thị
2141," Traffic Engineering (4th Edition) 4th Edition Transport Planning (Transport, Development and Sustainability Series)"
2142,Project Management - The Managerial Process
2143,Project Management for Engineering and Construction
2144,Thiết kế tổ chức thi công
2145,Thiết kế tổ chức thi công
2146,Thiết kế tổ chức thi công
2147,Lý thuyết và hỏi đáp về tổ chức và lập tiến độ thi công
2148,"Construction Management, Purdue University"
2149,"Quản Lý Dự Án Xây Dựng - Thiết Kế, Đấu Thầu Và Các Thủ Tục Trước Xây Dựng"
2150,Giáo Trình Quản Lý Dự Án Đầu Tư Xây Dựng
2151,Thiết kế nút GT và điều khiển GT bằng đèn tín hiệu
2152,Đường và giao thông đô thị
2153,Quy hoạch GTVT và thiết kế công trình đô thị
2154,Traffic Engineering (4th Edition) 4th Edition
2155,"Transport Planning (Transport, Development and Sustainability Series)"
2156,Thiết kế hầm và công trình ngầm 
2157,Bài giảng thiết kế hầm và Metro
2158,Thiết kế hầm và công trình ngầm
2159, Bài giảng thiết kế hầmvà Metro
2160,Thiết kế nút GT và điều khiển GT bằng đèn tín hiệu
2161,Đường và giao thông đô thị
2162,Quy hoạch GTVT và thiết kế công trình đô thị
2163,Quy hoạch mạng lưới GT đô thị
2164,Traffic Engineering (4th Edition)
2165,"Transport Planning (Transport, Development and Sustainability Series)"
2166,T. “Intelligent Transport Systems-New Principles and Architectures”
2167,"“Nghiên cứu ứng dụng giao thông thông minh (ITS) trong quản lý khai thác, điều hành giao thông và thu phí trên hệ thống đường ô tô cao tốc việt nam”"
2168, Intelligent Transport Systems-Technologies and Applications
2169,Quy trình thử nghiệm cầu 22TCN 170-87 – Bộ GTVT 1987
2170,"Tiêu chuẩn kỹ thuật công trình giao thông đường bộ, Tập II : Khảo sát và thiết kế – 22TCN"
2171,Khai thác đánh giá và sửa chữa đường ôtô (Tập 1 & 2)
2172," Khai thác, kiểm định gia cố cầu"
2173,Sổ tay kiểm tra cầu
2174,"TCVN 4474:1987, Thoát nước bên trong công trình"
2175,"TCVN 4513:1988, Cấp nước bên trong công trình"
2176,"TCXDVN 33:2006, Cấp nước mạng lưới đường ống và công trình tiêu chuẩn thiết kế (Water Supply – Distribution System and Facilities Design Standard)"
2177,Quy chuẩn hệ thống cấp thoát nước trong nhà và công trình
2178,Cấp thoát nước
2179,Cấp nước đô thị
2180,Các bảng tính toán thủy lực
2181,"Design and performance of septic Tanks. Site characterization and design of onsite septic systems ASTM STP 901 M.S Bedinger, A.I.Johnson, and J.S Fleming (Eds), American society for testing materials"
2182,The choice between septic tanks and sewers in tropical developing countries
2183,Melcaft & Eddy: Wastewater treatment
2184,"Mohammad Valipour, “Handbook of Hydraulic Engineering Problems”"
2185,Thủy lực - Tập I & II
2186, Cấp thoát nước trong nhà
2187, Cấp thoát nước trong nhà
2188, Cấp nước đô thị
2189,Công trình thu nước – Trạm bơm cấp thoát nước
2190,Xử lý nước thải Đô thị & Công nghiệp
2191,Xử lý nước thải Đô thị & Công nghiệp
2192,Phòng Thí Nghiệm Chuyên Ngành Xây Dựng – Tiêu Chuẩn Công Nhận TCXD VN297:2003
2193,Tuyển Tập Tiêu Chuẩn Thí Nghiệm Công Trình Giao Thông 
2194,"Quy Trình Thí Nghiệm Xác Định Chỉ Số CBR Của Đất, Đá Dăm Trong Phòng Thí Nghiệm"
2195,Project Management - The Managerial Process
2196,Project Management for Engineering and Construction
2197,Thiết kế tổ chức thi công
2198,Lý thuyết và hỏi đáp về tổ chức và lập tiến độ thi côn
2199," TCVN 4054-2005, Đường ôtô - Yêu cầu thiết kế."
2200,"22 TCN 211-2006, Áo đường mềm, các yêu cầu và chỉ dẫn thiết kế"
2201,"22TCN 263-2000, Quy trình khảo sát đường ô tô"
2202, Tiêu chuẩn thiết kế cầu 22TCN 272-05
2203,"Pavement Analysis and Design, Second Edition"
2204,"Asshto lrfd Bridge Design Specifications, American Association of State Highway and Transportation Officials"
2205,"Thông tư Quy định về quản lý, vận hành khai thác và bảo trì công trình đường bộ Số 37/2018/TT-BGTVT của Bộ Giao thông vận tải"
2206,Construction Management
2207,"Quản Lý Dự Án Xây Dựng - Thiết Kế, Đấu Thầu Và Các Thủ Tục Trước Xây Dựng"
2208,Giáo Trình Quản Lý Dự Án Đầu Tư Xây Dựng
2209,
2210,
2211,Kiến trúc nhà ở: Giáo trình đào tạo kiến trúc sư/ Nguyễn Đức Thiềm
2212,Nguyên lý thiết kế công trình kiến trúc công cộng / Tạ Trường Xuân
2213,Nguyên lý thiết kế khách sạn/ Tạ Trường Xuân
2214,"Kiến trúc nhà ở nông thôn hiện đại/Đặng Hồng Vũ; Văn Nam, Đỗ Chí (  biên dịch ); Trần Kim Bảo ( hiệu đính )"
2215,Tropical wood Science 
2216,Máy và thiết bị chế biến gỗ: giáo trình Đại học Lâm nghiệp/ Hoàng Việt
2217,Tự động hoá trong chế biến gỗ và lâm sản ngoài gỗ
2218,"Điều khiển tự động trong các lĩnh vực cơ khí: Tập 1/Phạm Đắp, Trần Xuân Tùy"
2219,"Máy thiết bị gia công gỗ, Tập 1"
2220,Dao động kỹ thuật /Nguyễn Văn Khang
2221,Hệ thống điều khiển bằng khí nén/Nguyễn Ngọc Phương
2222,"Máy và thiết bị nâng/Trương Quốc Thành, Phạm Quang Dũng"
2223,"Cơ sở điều khiển tự động truyền động điện /Trần Thọ, Võ Quang Lạp"
2224,Động lực học máy/GS. TSKH. Đỗ Sanh 
2225,Nguyên lí thiết kế kiến trúc/Tạ Trường Xuân
2226,"Bài giảng, giáo trình mới Công nghệ sấy gỗ "
2227,Lâm sản và bảo quản lâm sản
2228,"Bảo quản lâm sản: giáo trình Đại học Lâm nghiệp/ Nguyễn Thị Bích Ngọc (chủ biên), Nguyễn Chí Thanh, Lê Văn Nông"
2229,"Giáo trình công nghệ sấy gỗ/ Vũ Huy Đại (chủ biên), Tạ Thị Phương Hoa, Đỗ Thị Ngọc Bích"
2230,Công nghệ và thiết bị sấy gỗ
2231,Thiết kế đồ gia dụng
2232,"EMCO WinNC GE Series Fanuc 21MB,EMCO WinNC GE Series Fanuc 21TB."
2233,Thiết kế nội thất và đồ gia dụng
2234,"Công nghệ sản xuất đồ gia dụng,"
2235,Tuyển tập các thiết kế trang trí bằng gỗ - T.1=The best colection of wood designs
2236,Tuyển tập các thiết kế trang trí bằng gỗ - T.3=The best colection of wood designs
2237,Công nghệ sản xuất ván nhân tạo tập1
2238,Công nghệ sản xuất ván dăm; Công nghệ sản xuất LVL từ gỗ keo tai tượng và gỗ cao su
2239,Chống cháy cho gỗ và vật liệu gỗ (sách chuyên khảo)
2240,Khoa học gỗ ứng dụng
2241,Giáo trình trang bị điện - điện tử trong máy công nghiệp/Đặng Thiện Ngôn
2242,Sản xuất ván dăm từ phế liệu Nông Lâm nghiệp
2243,Công nghệ sản xuất ván nhân tạo
2244,Công nghiệp gỗ thực dụng - Quyển ván dăm
2245,Introduction to Gluing Technology
2246,Plywood and Veneer - Based Products: Manufacturing practices
2247,Plywwod and Adhesive Technology
2248,Modern Particleboard & Dry-proces fibreboard Manufacturing
2249,Medium density fiberboard (MDF). ANSI A 208.2
2250,"Trang bị điện - điện tử máy công nghiệp dùng chung/Vũ Quang Hồi, Nguyễn Văn Chất, Nguyễn Thị Liên Anh"
2251,Fiberboard manufac­turing practices in the United States. Agric. Handb. 640. Washington
2252,Wood-plastic composites in the Unit­ed States: the interfacing of two industries
2253,"Forest Products and Wood Science. 5th ed. Ames, IA"
2254,Forest Products Laboratory. Wood handbook - Wood as an engineering material. General Technical Report FPL-GTR-190. 
2255,"Sơ đồ điện/Lê Văn Danh, Võ Thạch Sơn"
2256,Công nghệ trang sức vật liệu gỗ
2257,Industrial motor control / Stephen L. Herman
2258,Kỹ thuật sơn mài /Phạm Đức Cường
2259,Công nghệ chạm khắc gỗ
2260,Hoá lâm sản
2261,"Sổ tay mạ, nhúng, phun/Nguyễn Đức Hùng"
2262,"Bài tập thực hành PLC S7 - 300:Dành cho sinh viên ngành cơ điện tử - Tự động hóa/Nguyễn Xuân Quang, Võ Lâm Chương"
2263,Kỹ thuật sơn/Nguyễn Văn Lộc
2264,Sổ tay hoá học
2265,Hoá học hữu cơ
2266,"Giáo trình điều khiển logic/Nguyễn Mạnh Tiến, Phạm Công Dương, Lê Thị Thúy Nga"
2267,Thực hành hoá học hữu cơ
2268,Công nghệ xẻ mộc
2269,Giáo trình PLC Cơ bản/Tổng cục dạy nghề 
2270,"Công nghệ sản xuất ván nhân tạo: ván dán và ván nhân tạo đặc biệt - $nTập 1/ Phạm Văn Chương, Nguyễn Hữu Quang"
2271,Công nghệ phun phủ  và ứng dụng :Giáo trình dùng cho sinh viên ngành hàn và ngành cơ khí /Hoàng Tùng
2272,Khoa học gỗ: Giáo trình Đại học Lâm nghiệp/ Lê Xuân Tình
2273,Nghiên cứu giải phẫu một số loại cây gỗ ở Việt nam để định loại theo các đặc điểm cấu tạo thô đại và hiển vi
2274,"Tự động hóa quá trình sản xuất/ Hồ Viết Bình, Trần Thế San"
2275,Hệ thống sản xuất linh hoạt (MPS)/Đồng Sĩ Linh
2276,Giáo trình công nghệ chế biến gỗ:Mã môn học: 128020 - Phần I: Nguyên liệu gỗ/ Thái Thí
2277,Thí nghiệm đo lường cơ khí/Trần Quốc Hùng
2278,Công nghệ sấy gỗ
2279,Giáo trình công nghệ chế biến gỗ:Mã môn học: 128020 - Phần I: Nguyên liệu gỗ/ Thái Thí
2280,Giáo trình dung sai - kỹ thuật đo:Giáo trình dùng cho sinh viên ngành Công nghệ kỹ thuật cơ khí/Trần Quốc Hùng
2281,Giáo trình công nghệ xẻ gỗ/ Nguyễn Văn Thiết
2282,"Cơ sở kỹ thuật đo trong chế tạo máy/Hồ Đắc Thọ, Nguyễn Thị Xuân Bảy"
2283,Giáo trình công nghệ xẻ gỗ/ Nguyễn Văn Thiết
2284,"Cố Luyện Bách, Công nghệ chế biến gỗ, phần 1 & 2 "
2285,Sổ tay dung sai lắp ghép/Ninh Đức Tốn
2286,Khoa học gỗ: Giáo trình Đại học Lâm nghiệp/ Lê Xuân Tình
2287,"Bài tập kỹ thuật đo:Sách được biên soạn theo chương trình khung của bộ giáo dục và đào tạo/Ninh Đức Tốn, Nguyễn Trọng Hùng, Nguyễn Thị Cẩm Tú"
2288,Engineering: Issues Challenges and Opportunities for Development
2289,Introduction to Engineering Ethics
2290,"Engineering your future: a comprehensive introduction to engineering/ William C. Oakes, Les L. Leone"
2291,"Introduction to engineering technology/ Robert J. Pond, Jeffrey L. Rankinen"
2292,"Engineering Your Future: A Brief Introduction to Engineering,"
2293,Engineering fundamentals: an introduction to engineering/ Saeed Moaveni.
2294,Giáo trình bảo trì bảo dưỡng máy công nghiệp / Hoàng Trí
2295,Machinery component maintenance and repair /Heinz P. Bloch and Fred K. Geitner
2296,"Industrial Machinery Repair/Ricky Smith, R. Keith Mobley"
2297,Maintenance Fundamentals
2298,"Maintenance engineering handbook/Linley R.Higgins, R.Keith Mobley, Ricky Smith"
2299,"Bài giảng nhập môn Kỹ thuật/Đặng Thiện Ngôn, Võ Xuân Tiến"
2300,"Hình học họa hình - Tập 1:Phương pháp hai hình chiếu thẳng góc, Phương pháp hình chiếu trục đo/Nguyễn Đình Điện (Chủ biên), Đỗ Mạnh Môn"
2301,Engineering: Issues Challenges and Opportunities for Development/UNESCO Report
2302,"Bài tập vẽ kỹ thuật cơ khí - Tập 1/Trần Hữu Quế, Nguyễn Văn Tuấn"
2303,"Vẽ kỹ thuật cơ khí :Tập 2 /Trần Hữu Quế, Đặng Văn Cứ, Nguyễn Văn Tuấn"
2304,"Introduction to Engineering Ethics/Mike Martin, Roland Schinzinger"
2305,"Text book of engineering drawing, 2nd ed"
2306,Giáo trình bảo trì bảo dưỡng máy công nghiệp / Hoàng Trí
2307,"Craig Gunn, Engineering Your Future, Introduction to Engineering/William Oakes, Les Leone"
2308,Schaum’s Outline of Theory and Problems of Descriptive Geometry
2309,"Bài tập vẽ kỹ thuật cơ khí - Tập 1/Trần Hữu Quế, Nguyễn Văn Tuấn"
2310,"Giáo trình hình họa - vẽ kỹ thuật:Giáo trình dùng cho sinh viên các ngành kỹ thuật/Hồ Ngọc Bốn, Nguyễn Văn Đoàn"
2311,"Introduction to Engineering Technology/Robert J. Pond, Jeffrey L. Rankinen"
2312,Engineering mechanics: Statics and dynamics/ R.C. Hibbeler
2313,"Engineering Your Future: A Brief Introduction to Engineering/William C. Oakes, Les L. Leone, Craig J. Gunn"
2314,"Engineering Mechanics: Dynamics/ R. C. Hibbeler, Kai Beng Yap"
2315,"Cơ học kỹ thuật, tái bản lần 2"
2316,"Bài tập cơ học kỹ thuật/Nguyễn Phong Điền (Chủ biên), Nguyễn Quang Hoàng, Nguyễn Văn Khang, Nguyễn Minh Phương"
2317,Engineering fundamentals: an introduction to engineering/ Saeed Moaveni.
2318,"Cơ học - Tập 1: Tĩnh học và động học/Đỗ Sanh (Chủ biên), Nguyễn Văn Đình, Nguyễn Văn Khang"
2319,"Máy và hệ thống điều khiển số: Dùng cho môn học: Máy và hệ thống điều khiển số/ Lê Hiếu Giang, Đặng Minh Phụng, Thái Văn Phước, Quách Thanh Hải"
2320,Cơ học :Tập 2 : Động lực học. Đã được hội đồng môn học của Bộ Giáo dục và Đào tạo thông qua dùng làm tài liệu giảng dạy trong các trường đại học kỹ thuật /Đỗ Sanh
2321,Mechanics of materials / R. C. Hibbeler.
2322,"Giáo trình sức bền vật liệu/Đỗ Kiến Quốc (ch.b), Nguyễn Thị Hiền Lương, Bùi Công Thành,..."
2323,"Cơ sở máy công cụ/Phạm Văn Hùng, Nguyễn Phương"
2324,"Bài tập sức bền vật liệu /Bùi Trọng Lựu, Nguyễn Văn Vượng"
2325,"Mechanics of materials / Ferdinand P. Beer, E. Russell Johnston, John T. DeWolf, David F. Mazurek"
2326,Hệ thống điều khiển số cho máy công cụ/Tạ Duy Liêm
2327,Cơ sở thiết kế máy và chi tiết máy :Sách được dùng làm giáo trình cho sinh viên đại học và cao đẳng kỹ thuật /Trịnh Chất
2328,Nguyên lý máy/Bùi Xuân Liêm
2329,Bài tập chi tiết máy/Nguyễn Hữu Lộc
2330,Bài tập nguyên lý máy/Tạ Ngọc Hải
2331,Hệ thống điều khiển số trong công nghiệp /Bùi Quý Lực
2332,
2333,Mechanical design /Peter R.N. Childs
2334,Computer Control of Manufacuturing Systems/Yoram Korem
2335,"Machine elements in mechanical design / Robert L. Mott,  Edward M. Vavrek, Jyhwen Wang"
2336,"Tính toán thiết kế hệ dẫn động cơ khí:Tập 1/Trịnh Chất, Lê Văn Uyển"
2337,"Tính toán thiết kế hệ dẫn động cơ khí:Tập 2/Trịnh Chất, Lê Văn Uyển"
2338,Fundamentals of Metal Machining and Machine Tools/Winston A. Knight
2339,Fundamentals of machining processes: Conventional and nonconventional processes / Hassan Abdel-Gawad El-Hofy
2340,Mechanical Vibrations
2341,"Engineering Mechanics: Dynamics/ R. C. Hibbeler, Kai Beng Yap"
2342,"Vibration Problems in Engineering, 3th edition"
2343,"Dynamic systems:Modeling and Analysis/V. Vu Hung, Ramin S. Esfandiari "
2344,Schaum's Outline of Theory and Problems of Mechanical Vibrations
2345,The Munsell book of color/F.G. Cooper
2346,"Color Structure and Design/Ellinger, Richard"
2347,"Hướng dẫn thực hành kỹ thuật tiện/Dương Văn Linh, Trần Thế San, Nguyễn Ngọc Đào"
2348,"Sổ tay thợ tiện/ V . A.Blumberg, E.I. Zazerski; Người dịch:Hà Văn Vui"
2349,"Kỹ thuật tiện/ Dênhejnưi, Chixkin, Tơkho; người dịch: Nguyễn Quang Châu"
2350,"Kỹ thuật tiện/  Đenơgiơnưi, Chixkin, Tơkho; Nguyễn Quang Châu (dịch)"
2351,"Sổ tay thợ tiện/ V . A.Blumberg, E.I. Zazerski; Người dịch:Hà Văn Vui"
2352,"Hướng dẫn thực hành kỹ thuật tiện/Dương Văn Linh, Trần Thế San, Nguyễn Ngọc Đào"
2353,"Chế độ cắt gia công cơ khí/ Nguyễn Ngọc Đào, Hồ Viết Bình, Trần Thế San "
2354,Kỹ thuật phay/ Phạm Quang Lễ
2355,"Theory of Robot Control/Canudas, B. Siciliano, G.Bastin (editors)"
2356,CAD\CAM_CNC nâng cao
2357,"Optimized-Motion Planning, Theory and Implementation/Ch. Ahikencheikh, A. Seireg"
2358,Công nghệ CNC:Giáo trình dùng cho sinh viên cơ khí các trường đại học thuộc các hệ đào tạo/Trần Văn Địch
2359,Programming Manual
2360,"Introduction to autonomous mobile robots/ Roland Siegwart, Illah R. Nourbakhsh, Davide Scaramuzza"
2361,Manual Operation Fanuc Oi-T
2362,"Robots Handbook/B.Siciliano, O.Khatib,edt"
2363,Handbook of Intelligent Vehicles/Eskandarian Azim
2364,CAD\CAM_CNC nâng cao
2365,Công nghệ CNC:Giáo trình dùng cho sinh viên cơ khí các trường đại học thuộc các hệ đào tạo/Trần Văn Địch
2366,Programming Manual
2367,"Autonomous Intelligent Vehicles, Theory, Algorithms, and Implementation/ChengHong"
2368,Manual Operation Fanuc Oi-T
2369,"Advances in Intelligent Vehicles/YaobinChen, LingxiLi"
2370,"Multiple View Geometry in Computer Vision/Richard Hartley, Andrew Zisserman"
2371,Three Dimensional Computer Vision/Olivier Faugeras
2372,Finite Element Simulations with ANSYS Workbench 16
2373,"Giáo trình thiết kế kỹ thuật cơ bản/ Phạm Sơn Minh, Nguyễn Thanh Hải, Trần Minh Thế Uyên, Nguyễn Văn Sơn"
2374,Fundamentals of Robotic Mechanical Systems/J. Angeles
2375,"""“Performance Analysis of Robots”, in Robot Manipulators: Modeling, Performance Analysis and Control ""/P. Wenger; E.Dombre, W.Khalil(ed.)"
2376,"Fundamentals of physics / Jearl Walker, David Halliday, Robert Resnick"
2377,Parallel Robots/J. P. Merlet
2378,"Hướng dẫn sử dụng phần mềm DEFORM, SFTC DEFORM"
2379,Tài liệu học tập môn học Thí nghiệm CAE
2380,"Giáo trình thiết kế kỹ thuật cơ bản/ Phạm Sơn Minh, Nguyễn Thanh Hải, Trần Minh Thế Uyên, Nguyễn Văn Sơn"
2381,The Finite Element Method and Applications in Engineering Using ANSYS
2382,"Technical English 1, "
2383,"Tính toán thiết kế hệ dẫn động cơ khí:Tập 1/Trịnh Chất, Lê Văn Uyển"
2384,"Tính toán thiết kế hệ dẫn động cơ khí:Tập 2/Trịnh Chất, Lê Văn Uyển"
2385,The Mechatronics Handbook/Robert H. Bishop
2386,"Giáo trình thực tập công nghệ nhựa/Phạm Sơn Minh, Trần Minh Thế Uyên"
2387,Biological nutrient removal (BNR) operation in wastewater treatment plants : WEF Manual of practice No. 29 (ASCE/EWRI Manuals and reports on engineering Practice No.109)
2388,Tutorial các phần mềm CAD/CAE-CAM.
2389,"Vẽ kỹ thuật  cơ khí - T.1:Sách dùng cho các trường đại học kỹ thuật/Trần Hữu Quế, Đặng Văn Cứ, Nguyễn Văn Tuấn"
2390,Tiêu chuẩn khuôn Misumi
2391,"Vẽ kỹ thuật cơ khí :Tập 2 /Trần Hữu Quế, Đặng Văn Cứ, Nguyễn Văn Tuấn"
2392,Kỹ thuật phay/ Ph. A . Barơbashop; người dịch:GS. TS. Trần Văn Địch
2393,"Thiết kế đồ án chi tiết máy/ Văn Hữu Thịnh, Nguyễn Minh Kỳ"
2394,Mechanical Design Engineering Handbook/Peter. Childs
2395,Giáo trình công nghệ in 3D và kỹ thuật thiết kế ngược
2396,Rapid Prototyping: Principles and Applications
2397,Reverse Engineering
2398,Cơ sở Thiết kế máy và Chi tiết máy/ Trịnh Chất
2399,"Sức bền vật liệu - T.1/Lê Quang Minh, Nguyễn Văn Vượng"
2400,Advanced Mathematical Methods for Scientists and Engineers
2401,Advanced engineering mathematics / Peter V. O'Neil
2402,"Sức bền vật liệu - Tập 2/Lê Quang Minh, Nguyễn Văn Vượng"
2403,"Giáo trình phương pháp tính/ Trương Vĩnh An, Phạm Văn Hiển, Phan Tự Vượng"
2404,Giáo trình Hàm biến phức và phép biến đổi Laplace:Môn học: 1001060 - Hàm phức và phép biến đổi Laplace/Ngô Hữu Tâm
2405,Applied numerical methods with MATLAB for engineers and scientists / Steven C. Chapra
2406,"Numerical analysis/ Richard L. Burdeb, J. Douglas Faires, Annette M. Burden"
2407,Giáo trình dung sai - kỹ thuật đo:Giáo trình dùng cho sinh viên ngành Công nghệ kỹ thuật cơ khí/Trần Quốc Hùng
2408,Introduction-To-Applied-Math-And-Physics
2409,Applied Numerical Methods Using MATLAB
2410,An Introduction to Programming and Numerical Methods in MATLAB
2411,Illustrated C♯ 2012 / Daniel M. Solis
2412,Programming C# 5.0/ Ian Griffiths
2413,Automic Control Systems
2414,Điều khiển tự động / Nguyễn Thế Hùng
2415,Kỹ Thuật Điều Khiển Tự Động: T2
2416,Modern control engineering / Katsuhiko Ogata
2417,"Tài liệu hướng dẫn thực tập kỹ thuật điều khiển tự động/Võ Lâm Chương, Nguyễn Xuân Quang "
2418,"Modern control systems / Richard C. Dorf, Robert H. Bishop"
2419,"Tài liệu hướng dẫn thực tập Điều khiển tự động/Huy V.Q., Huy Đ. N."
2420,"Lý thuyết điều khiển tự động /Nguyễn Thị Phương Hà, Huỳnh Thái Hoàng"
2421,"Process Control, Lecture notes/Võ Lâm Chương"
2422,Lý thuyết điều khiển tuyến tính/Nguyễn Doãn Phước
2423,Discrete-time signal processing (3rd ed.)
2424,Digital Signal Processing Using MATLAB (3rd ed.)
2425,Real-Time Digital Signal Processing: Implementations and Applications (2nd ed.)
2426,"Process dynamics and control / Dale E. Seborg, Thomas F. Edgar, Duncan A. Mellichamp, Francis J. Doyle III"
2427,Giáo trình Điều khiển tự động/Nguyễn Thế Hùng
2428,A Textbook of Electrical technology Volumn 1- Basic Electrical Engineering 
2429,"A textbook of electrical technology : volume IV : electronic devices and circuits in S.I. system of units / B. L. Theraja, A. K. Theraja ; R. S. Sedha"
2430,Electrical and Electronic Principles and Technology third edition 
2431,Getting Started in Electronics  3ed
2432,Modeling and simulation of systems using MATLAB and Simulink / Devendra K. Chaturvedi
2433,PIC microcontroller projects in C : Basic to advanced / Dogan Ibrahim
2434,Learning OpenCV
2435,"Digital image processing / Rafael C. Gonzalez, Richard E. Woods"
2436,Beginning C / Ivor Horton
2437,Microsoft Visual C++.Net Professional Project 
2438,Programming and customizing the PIC microcontroller / Myke Predko
2439,"Physics for scientists and engineers with modern physics : Technology update / Raymond A. Serway, John W. Jetwett, Jr."
2440,Programming dsPIC MCU in C
2441,PIC18F Family Reference Manual
2442,PIC microcontroller projects in C : Basic to advanced / Dogan Ibrahim
2443,Bài giảng tóm tắt: Vật lý 1
2444,Tự động hóa quá trình sản xuất với PLC  
2445,Giáo trình cảm biến công nghiệp/Hoàng Minh Công
2446,"Giáo trình điều khiển logic/Nguyễn Mạnh Tiến, Phạm Công Dương, Lê Thị Thúy Nga"
2447,Giáo trình PLC Cơ bản
2448,"Fundamentals of physics / Jearl Walker, David Halliday, Robert Resnick"
2449,"Tự động hóa quá trình sản xuất/ Hồ Viết Bình, Trần Thế San"
2450,Hệ thống sản xuất linh hoạt (MPS)
2451,"Automating manufacturing systems with PLCs : version 7.0, April, 2010 / Hugh Jack"
2452,Tài liệu hướng dẫn thực tập kỹ thuật điều khiển tự động
2453,Tài liệu hướng dẫn thực tập Điều khiển tự động
2454,"Process Control, Lecture notes"
2455,"Process dynamics and control / Dale E. Seborg, Thomas F. Edgar, Duncan A. Mellichamp, Francis J. Doyle III"
2456,"Vật lý đại cương: Các nguyên lý và ứng dụng -Tập 1: Cơ học và nhiệt học/Trần Ngọc Hợi (Chủ biên), Phạm Văn Thiều"
2457,Giáo trình Điều khiển tự động
2458,Modeling and simulation of systems using MATLAB and Simulink / Devendra K. Chaturvedi
2459,"Vật lý đại cương A1: Cơ nhiệt/Huỳnh Quang Chiến, Trần Thị Thiên Hương"
2460,"Process Control, Lecture notes"
2461,"Process dynamics and control / Dale E. Seborg, Thomas F. Edgar, Duncan A. Mellichamp, Francis J. Doyle III"
2462,Bài tập Vật lý 1 - Phần cơ nhiệt:Môn học: 1002011 - Vật lý đại cương A1/Trần Thị Thiên Hương
2463,Process control instrumentation technology/ Curtis D. Johnson.
2464,The Mechatronics Handbook
2465,Mechanical design engineering handbook / Peter R. N. Childs
2466,"Hệ thống điều khiển tự động khí nén/Nguyễn Ngọc Phương, Nguyễn Trường Thịnh"
2467,"Hệ thống điều khiển bằng thủy lực:Lý thuyết và các ứng dụng thực tế /Nguyễn Ngọc Phương, Huỳnh Nguyễn Hoàng"
2468,"Tài liệu huấn luyện hãng festo – chlb đức, norgen, bosch,  wicker, herrion, manessman"
2469,Pneumatics – Textbook Basic Level
2470,Pneumatics – Workbook Basic Level
2471,Electropneumatics – Textbook Basic Level
2472,Hydraulics – Basic Level – Textbook 
2473,Vật lý đại cương tập 1: Cơ- Nhiệt/Lương Duyên Bình (Chủ biên)
2474,Hydraulics – Basic Level –  Workbook
2475,Power Hydraulics
2476,Basic Principles and Components of Fluid Technology
2477,Powers electronics
2478,"Introduction to Robotics: Analysis, Systems, Applications"
2479,Giáo trình kỹ thuật Robot/Nguyễn Trường Thịnh
2480,Introduction to robotics : mechanics and control / John J. Craig
2481,Mạng truyền thông công nghiệp/Hoàng Minh Sơn
2482,Bài giảng mạng truyền thông công nghiệp
2483,"Practical SCADA for industry/David Bailey, Edwin Wright"
2484,Bài tập Vật lý đại cương tập 1: Cơ- Nhiệt/Lương Duyên Bình (Chủ biên)
2485,"Servo Drive System, Lecture notes"
2486,"Industrial Motion Control – Motor Selection, Drives, Controller Tuning, Applications"
2487,"Mechatronic servo system control : Problems in industries and their theoretical solutions / M. Nakamura, S. Goto, N. Kyura; Tao Zhang (Translated)"
2488,"Theory and design of CNC Systems / Suk-Hwan Suh, Seong-Kyoon Kang, Dae-Huyk Chung, Ian Stroud"
2489,"Bài tập vật lý đại cương - Tập 2 : Điện - Dao động - Sóng: Biên soạn theo chương trình của Bộ Giáo Dục và Đào Tạo ban hành năm 1990:Dùng cho các trường đại học khối công nghiệp, công trình thủy lợi, giao thông vận tải/Lương Duyên Bình (chủ biên), Nguyễn Hữu Hồ, Lê Văn Nghĩa, Nguyễn Quang Sính"
2490,Các bài giảng về Cơ nhiệt /Nguyễn Nhật Khanh
2491,Designing Embedded Hardware 
2492,Bài giảng Vận trù học
2493,"Introduction to operations research/ Frederick S.Hillier, Gerald J. Lieberman"
2494,Introduction to Mathematical Programming. Operations Research: Volume one
2495,Inventory control and management/ onald Waters 
2496,Quản lý vật tư tồn kho/Nguyễn Như Phong
2497,"Problems & solutions in inventory management/ Dinesh Shenoy, Roberto Rosas"
2498,"Engineering economy/ Leland Blank, P.E, Anthony Tarquin, P.E "
2499,Kinh tế kỹ thuật/Nguyễn Như Phong
2500,Kinh tế Kỹ thuật
2501,Enginering Economy
2502,Principles of Supply Chain Management: A Balanaced Approach
2503,"Algebraic Methods for Nonlinear Control Systems. Theory and Applications/G. Conte, C.H. Moog and A.M. Perdon"
2504,Statistical quality control: a modern introduction/ Douglas C. Montgomery
2505,"Operations management:Processes and supply chains/Lee J. Krajewski, Larry P. Ritzman, Manoj K. Malhotra"
2506,
2507,Nonlinear Control Systems/A. Isidori
2508,"Big Data/Viktor Mayer-Schönberger, Kenneth Cukier"
2509,"Operations management:Processes and supply chains/Lee J. Krajewski, Larry P. Ritzman, Manoj K. Malhotra"
2510,"Nonlinear Control Design: Geometric, Adaptive and Robust/christopher Hallinan"
2511,"Big Data - Using SMART Big Data, Analytics and Metrics To Make Better Decisions and Improve Performance/Bernard Marr"
2512,
2513,Nonlinear Systems Analysis/M. Vidyasagar
2514,
2515,"Discrete-time signal processing/Alan V. Oppenheim, Ronald W. Schafer"
2516,Quản trị sản xuất và tác nghiệp
2517,"Digital Signal Processing Using MATLAB/ John G Proakis, Vinay K. Ingle"
2518,"Quản trị sản xuất viễn thông/Nguyễn Thị Minh An, Nguyễn Hoài Anh"
2519,"Wenshun Tian, Real-Time Digital Signal Processing: Implementations and Applications/Sen M. Kuo, Bob H. Lee"
2520,Production and operations management
2521,"Hướng dẫn thực hành kỹ thuật tiện/Dương Văn Linh, Nguyễn Ngọc Đào, Trần Thế San"
2522,"Sổ tay thợ tiện/ V . A.Blumberg, E.I. Zazerski; Người dịch:Hà Văn Vui"
2523,Tự động hóa quá trình sản xuất / Nguyễn Duy Anh
2524,"Giáo trình điều khiển logic/Nguyễn Mạnh Tiến, Phạm Công Dương, Lê Thị Thúy Nga"
2525,Giáo trình PLC Cơ bản/Tổng cục dạy nghề 
2526,"Giáo trình Điện tử cơ bản/Trần Thu Hà, Trương Thị Bích Ngà, Nguyễn Thị Lưỡng,..."
2527,Electronic devices & circuit theory
2528,How to estimate utility costs
2529,Kỹ thuật tiện/Nguyễn Quang Châu (dịch)
2530,Electronic Principle
2531,Sản xuất theo LEAN
2532,Giáo trình tự động hóa quá trình sản xuất/ Hồ Viết Bình
2533,Computer Intergrated Manufacturing
2534,"Chế độ cắt gia công cơ khí/ Nguyễn Ngọc Đào, Hồ Viết Bình, Trần Thế San "
2535,Introduction to electronics devices and circuits
2536,Hệ thống sản xuất linh hoạt (MPS)/Đồng Sĩ Linh 
2537,Sản xuất theo LEAN
2538,Lean thinking: anish waste and create wealth in your corporation/ James P. Womack and Daniel T. Jones.
2539,Electronic Principle
2540,Facilities planning/ James A. Tompkins ... [et al.].
2541,"Các tài liệu hướng dẫn sử dụng PLC của các hãng Siemens, Mitsubishi, Omron"
2542,"Quản trị sản xuất /Nguyễn Thanh Liêm, Nguyễn Quốc Tuấn, Nguyễn Hữu Hiễn"
2543,Kỹ thuật phay/ Ph. A . Barơbashop; người dịch:GS. TS. Trần Văn Địch
2544,Quản trị sản xuất và tác nghiệp
2545,Electronic devices & circuits
2546,"Quản trị sản xuất viễn thông/Nguyễn Thị Minh An, Nguyễn Hoài Anh"
2547,"Physics for scientists and engineers with modern physics : Technology update / Raymond A. Serway, John W. Jetwett, Jr."
2548,"Production and operations management: $with skill development, caselets and cases/ S Anil Kumar, N Suresh"
2549,Design with operational amplifiers and analog integrated circuits
2550,How to estimate utility costs
2551,Bài giảng tóm tắt: Vật lý 1
2552,"Fundamentals of physics / Jearl Walker, David Halliday, Robert Resnick"
2553,Fitting the human: introduction to ergonomics/ human factors engineering/ Karl H.E. Kroemer.
2554,Introduction to human factors and ergonomics/ R.S. Bridger.
2555,"Interaction Design: Beyond Human-Computer Interaction/Rogers, Y., Sharp, H., & Preece, J"
2556,Work Design Occupational Ergonomics 
2557,"Introduction to human factors and ergonomics for engineers/ Mark Lehto, Steven J. Landry"
2558,"Data communication, Computer networks and open Systems"
2559,"New Frontiers in Human-Robot Interaction, Advances in Interaction Studies/Dautenhahn, K and Saunders, J."
2560,"Advances in Human-Robot Interaction/Kulyukin, V.A. (ed.)"
2561,"Advances in Human-Robot Interaction/Prassler, E., et al."
2562,"Human-Robot Interaction/Rahimi, M. & Karwowski, W."
2563,Introduction to Signal Processing
2564,"Vật lý đại cương các nguyên lý và ứng dụng, Tập 1/Trần Ngọc Hợi (Chủ biên), Phạm Văn Thiều"
2565,"The Design of Future Things/Norman, D.A."
2566,"Bài giảng chi tiết Vật lý 1 - Phần cơ nhiệt:Môn học: 1002011 - Vật lý đại cương A1/Huỳnh Quang Chiến, Trần Thị Thiên Hương"
2567,"CMOS: Circuit Design, Layout, and Simulation"
2568,"""Software Engineering for Experimental Robotics In Springer Tracts in Advanced Robotics, vol. 30 ""/D. Brugali (Ed.)"
2569,Bài giảng Mô hình hóa mô phỏng hệ thống công nghiệp
2570,CMOS Transistor Layout Kungfu
2571,"Simulation with Arena/ W. David Kelton, Randall P. Sadowski, Nancy B. Zupick"
2572,Software Engineering. In the International Computer Science Series/I. Sommerville
2573,Discrete - Event System Simulation
2574,"Vật lý đại cương A1: Cơ nhiệt/Trần Thị Thiên Hương, Võ Thanh Tân"
2575,fundamentals of modern manufacturing/Mikell-p-groove
2576,Cẩm nang kiến thức cơ bản về quản lý dự án
2577,Lập kế hoạch và quản lý tiến độ bằng phần mềm MS. Project
2578,Building the internetof things with IPv6 and MIPv6
2579,Tài liệu hướng dẫn thực tập Hệ thống sản xuất tự động 
2580,From Machine-to-Machine to the Internet of Things: Introduction to a New Age of Intelligence
2581,"Giáo trình điều khiển logic/Nguyễn Mạnh Tiến, Phạm Công Dương, Lê Thị Thúy Nga"
2582, Giáo trình PLC Cơ bản
2583,"Manufacturing engineering and technology / Serope Kalpakjian, Steven "
2584,Vật lý đại cương tập 1: Cơ- Nhiệt/ Lương Duyên Bình (Chủ biên)
2585,"Công nghệ chế tạo phôi:Tài liệu dùng cho sinh viên, học viên các ngành cơ khí, chế tạo máy, kỹ thuật, sư phạm kỹ thuật,.../Nguyễn Tiến Đào"
2586,"Bài tập vật lý đại cương - T.1:Cơ - Nhiệt, Biên soạn theo chương trình của bộ giáo dục và đào tạo ban hành năm 1990, Dùng cho các trường đại học khối công nghiệp, công trình thủy lợi, giao thông vận tải/Lương Duyên Bình (chủ biên), Nguyễn Hữu Hồ, Lê văn Nghĩa, Nguyễn Tụng"
2587,"Tự động hóa quá trình sản xuất/ Hồ Viết Bình, Trần Thế San"
2588,Hệ thống sản xuất linh hoạt (MPS) 
2589,"Bài tập vật lý đại cương - Tập 2 : Điện - Dao động - Sóng: Biên soạn theo chương trình của Bộ Giáo Dục và Đào Tạo ban hành năm 1990:Dùng cho các trường đại học khối công nghiệp, công trình thủy lợi, giao thông vận tải/Lương Duyên Bình (chủ biên), Nguyễn Hữu Hồ, Lê Văn Nghĩa, Nguyễn Quang Sính"
2590,Tài liệu hướng dẫn thực tập Hệ thống sản xuất tự động 
2591,"Giáo trình điều khiển logic/Nguyễn Mạnh Tiến, Phạm Công Dương, Lê Thị Thúy Nga"
2592,Các bài giảng về Cơ nhiệt /Nguyễn Nhật Khanh
2593, Giáo trình PLC Cơ bản
2594,"Giáo trình công nghệ hàn:Lý thuyết và ứng dụng. Sách dùng cho các trường đào tạo hệ trung học chuyên nghiệp)/Nguyễn Thúc Hà, Bùi văn Hạnh, Võ Văn Phong"
2595,Giáo trình tự động hóa quá trình sản xuất/ Hồ Viết Bình
2596,Hệ thống sản xuất linh hoạt và sản xuất tích hợp CIM/GS. TS. Trần Văn Địch
2597,Công nghệ tạo hình kim loại tấm/Nguyễn Mậu Đằng
2598,Embedded Linux Primer/Christopher Hallinan
2599,Sheet Metal Forming Processes and Die Design/Vukota Boljanovic
2600,"Giáo trình thực hành thiết kế vi mạch số với VHDL/ Nguyễn Đình Phú, Trương Thị Bích Ngà"
2601,Quản trị sản xuất và chất lượng
2602,"Cold and Hot Forging: Fundamentals and Applications/T. Altan, G. Ngaile, and G. Shen"
2603,"Manufacturing Technology: Foundry, Forming And Welding/ P Rao"
2604,Bài giảng Công nghệ Cảm biến
2605,"Quản trị sản xuất /Nguyễn Thanh Liêm, Nguyễn Quốc Tuấn, Nguyễn Hữu Hiễn"
2606,The definitive guide to ARM® Cortex®-M3 and Cortex-M4 processors/Joseph Yiu
2607,Manufacturing process/H.N.Gupta
2608,Quản trị sản xuất và tác nghiệp
2609,The complete handbook of sand casting/ Ammen
2610,Lập trình Android trong ứng dụng điều khiển
2611,"Quản trị sản xuất viễn thông/Nguyễn Thị Minh An, Nguyễn Hoài Anh"
2612,dsPIC30F Family Reference Manual/Microchip
2613,"Production and operations management: $with skill development, caselets and cases/ S Anil Kumar, N Suresh"
2614,How to estimate utility costs
2615,PIC microcontroller projects in C : Basic to advanced / Dogan Ibrahim
2616,"Internet of Things for Architects: Architecting IoT solutions by implementing sensors, communication infrastructure, edge computing, analytics, and security/Perry Lea"
2617,"Technologies & Sensors for the Internet of Things Businesses & Market Trends 2014 - 2024/Dr. Guillaume Girardin , Antoine Bonnabel, Dr. Eric Mounier"
2618,"Modelling, identification and control of robots/W. Khalil, E. Dombre"
2619,Learning Internet of Things/Peter Waher
2620,Internet of Things – From Research and Innovation to Market/Editors OvidiuVermesan Peter Friess
2621,Fundamentals of Robotic Mechanical Systems/J. Angeles
2622,Deployment
2623,"Giáo trình Điện tử cơ bản/Trần Thu Hà, Trương Thị Bích Ngà, Nguyễn Thị Lưỡng,..."
2624,"Actuators and Their Interfaces/N. Ida, Sensors"
2625,"Parallel Robots (Solid Mechanics and Its Applications)/Merlet, J. P."
2626,Big Data and The Internet of Things: Enterprise Information Architecture for A New Age/Robert Stackowiak
2627,Dynamics of Parallel Robots/S. Briot and W. Khalil
2628,"Giáo trình thực hành kỹ thuật số / Nguyễn Đình Phú, Nguyễn Duy Thảo, Nguyễn Trường Duy, Hà A Thồi"
2629,Nonlinear system
2630,"Fundamentals of physics / Jearl Walker, David Halliday, Robert Resnick"
2631,"Vật lý đại cương các nguyên lý và ứng dụng, Tập 1/Trần Ngọc Hợi (Chủ biên), Phạm Văn Thiều"
2632,Electronic devices/Thomas L. Floyd 
2633,"Bài giảng chi tiết Vật lý 1 - Phần cơ nhiệt:Môn học: 1002011 - Vật lý đại cương A1/Huỳnh Quang Chiến, Trần Thị Thiên Hương"
2634,Electronic Devices & Circuit Theory
2635,"Vật lý đại cương A1: Cơ nhiệt/Trần Thị Thiên Hương, Võ Thanh Tân"
2636,Sổ tay cơ điện tử (Mechatronics Handbook)/Robert H. Bishop
2637,"Phân tích và giải mạch điện tử công suất /Phạm Quốc Hải, Dương Văn Nghi"
2638,Giáo trình Thực hành vi điều khiển
2639,"Giáo trình ứng dụng PSIM trong điện tử công suất:Giáo trình dùng cho sinh viên ngành Điện - Điện tử/Đỗ Đức Trí, Vương Thị Ngọc Hân"
2640,Bài tập Vật lý đại cương tập 1: Cơ- nhiệt/ Lương Duyên Bình (Chủ biên)
2641,"Artificial intelligence:A modern approach/Stuart J. Russell and Peter Norvig; contributing writers, Ernest Davis ... [et al.]"
2642,Vật lý đại cương tập 1: Cơ- Nhiệt/ Lương Duyên Bình (Chủ biên)
2643,Sổ tay thiết kế điện hợp chuẩn
2644,Matlab Primer
2645,Digital Signal Processing and Aplications with the C6713 and C6416 DSK
2646,DSP Applications Using C and the TMS320C6x DSK
2647,"Bài tập vật lý đại cương - Tập 2 : Điện - Dao động - Sóng: Biên soạn theo chương trình của Bộ Giáo Dục và Đào Tạo ban hành năm 1990:Dùng cho các trường đại học khối công nghiệp, công trình thủy lợi, giao thông vận tải/Lương Duyên Bình (chủ biên), Nguyễn Hữu Hồ, Lê Văn Nghĩa, Nguyễn Quang Sính"
2648,Các bài giảng về Cơ nhiệt /Nguyễn Nhật Khanh
2649,Giáo trình hệ thống viễn thông : Ngành công nghệ kỹ thuật điện tử - truyền thông / Phan Văn Ca
2650,Real-Time Systems/Jane W.S. Liu
2651,Hard Real-time Computing Systems/Giorgio C. Buttazo
2652,Sách “Điện tử cơ bản” 
2653,Biomimetics : biologically inspired technologies / edited by Yoseph Bar-Cohen.
2654,Kỹ thuật điện tử 
2655,"The bionic human: health promotion for people with implanted prosthetic devices/ edited by Frank E. Johnson, Katherine S. Virgo; associate editors, Terry Lairmore, Riccardo A. Audisio ; foreword by Arthur E. Baue."
2656,Renewable energy : Power for a sustainable future / Godfrey Boyle
2657,"Renewable Energy : Physics, engineering, environmental ipacts, economics and planning"
2658,Nanoelectromechanics in engineering and biology/ Michael Pycraft Hughes.
2659,"Kỹ thuật điện tử/Lê Phi Yến, Lưu Phú, Nguyễn Như Anh"
2660,Autonomous Robots: From Biological Inspiration to Implementation and Control/George A. Bekey
2661,Electronic Circuit Analysis & Design 
2662,"Truyền động điện /Bùi Quốc Khánh, Nguyễn Văn Liễn, Nguyễn Thị Hiền"
2663,Design with operational amplifiers and analog integrated circuits 
2664,Introduction to electronics devices and circuits 
2665,"Physics for scientists and engineers with modern physics : Technology update / Raymond A. Serway, John W. Jetwett, Jr."
2666,Electronic devices & circuits 
2667,Bài giảng tóm tắt: Vật lý 1
2668,Principle of Electronics 
2669,"Fundamentals of physics / Jearl Walker, David Halliday, Robert Resnick"
2670,"Vật lý đại cương : Các nguyên lý và ứng dụng - $nTập 1: Cơ học và nhiệt học / Trần Ngọc Hợi (Chủ biên), Phạm Văn Thiều"
2671,Electronics Circuits and Applications 
2672,Electronic devices: Electron flow version / Thomas L. Floyd
2673,"Bài giảng chi tiết Vật lý 1 - Phần cơ nhiệt:Môn học: 1002011 - Vật lý đại cương A1/Huỳnh Quang Chiến, Trần Thị Thiên Hương"
2674, Electronic devices & circuit theory 
2675,Introduction to Embedded Systems
2676,"Bài giảng chi tiết Vật lý 1 - Phần cơ nhiệt:Môn học: 1002011 - Vật lý đại cương A1/Huỳnh Quang Chiến, Trần Thị Thiên Hương"
2677,Arduino-Based Embedded Systems
2678,"Embedded Operating Systems -A Practical Approach, Second Edition"
2679,"Vật lý đại cương:Dùng cho các trường đại học khối kỹ thuật công nghiệp; Môn học: 1002011 - Vật lý đại cương A1/Lương Duyên Bình (chủ biên), Ngô Phú An, Đỗ Trần Cát,...-$nTập 1:$pCơ - Nhiệt"
2680,"Design of an Intelligent Embedded System for Condition Monitoring of an Industrial Robot, Second Edition"
2681,Design of Embedded Robust Control Systems Using MATLAB Simulink
2682,"Digital Image processing using MATLAB /Rafael C. Gonzalez, Richard E. Woods, Steven L. Eddins."
2683,Bài tập Vật lý đại cương tập 1: Cơ- nhiệt/ Lương Duyên Bình (Chủ biên)
2684,Giáo trình tự động điều khiển/ Trần Sum
2685,"Bài tập vật lý đại cương - Tập 2 : Điện - Dao động - Sóng: Biên soạn theo chương trình của Bộ Giáo Dục và Đào Tạo ban hành năm 1990:Dùng cho các trường đại học khối công nghiệp, công trình thủy lợi, giao thông vận tải/Lương Duyên Bình (chủ biên), Nguyễn Hữu Hồ, Lê Văn Nghĩa, Nguyễn Quang Sính"
2686,Các bài giảng về Cơ nhiệt /Nguyễn Nhật Khanh
2687,Thiết kế nhà máy điện và trạm biến áp:Phần điện/Huỳnh Nhơn
2688,Sensors and Actuators: Engineering System Instrumentation/Clarence W. de Silva
2689,Antenna theory analysis and design
2690,"Handbook of Modern Sensors: Physics, Designs, and Applications/Fraden, Jacob"
2691,Mechatronics :An introduction/Robert H. Bishop ( Editor )
2692,"Actuators and Their Interfaces/N. Ida, Sensors"
2693,Big Data and The Internet of Things: Enterprise Information Architecture for A New Age/Robert Stackowiak
2694,Bảo vệ rơle và tự động hóa trong hệ thống điện/ Nguyễn Hoàng Việt
2695,"Handbook of Design, Manufacturing and Automation/""Richard C. Dorf,  Andrew Kusiak"""
2696,Introduction-to-instrumentation-and-measurement/Robert B Northrop
2697,Các bài toán tính ngắn mạch và bảo vệ rơle trong hệ thống điện/Nguyễn Hoàng Việt
2698,Protective relaying Theory and Applications
2699,"Practical data acquisition for instrumentation and control systems / John Park, Steve Mackay."
2700,Network Protection and Automation Guide
2701,Công nghệ tính toán mềm/Dương Hoài Nghĩa
2702,"Smart Sensors for Industrial Applications (Devices, Circuits, and Systems)/Krzysztof Iniewski"
2703,"Giáo trình “Nguồn dự phòng và hệ thống ATS”, dành cho hệ Đại Học, Khối Ngành Công Nghệ"
2704,"Measurement, Instrumentation, and Sensors Handbook/John G. Webster"
2705,Machine learning
2706,Illustrated C# 2008/Daniel Solis 
2707,Truyền hình số có nén và Multimedia
2708,Programming C# 5.0/ Ian Griffiths
2709,Sổ tay thiết kế điện chiếu sáng T1
2710,Sổ tay thiết kế điện chiếu sáng T2
2711,"Pattern Classification, 2nd ed "
2712,Electronics Circuits and Applications
2713,Biosignal and Biomedical Image Processing
2714,Xử Lý Ảnh
2715,Bài giảng trường điện từ:(Lưu hành nội bộ) /Nguyễn Văn Quang
2716,Xử Lý Ảnh
2717,Image Processing: The Fundamentals
2718,Trường điện từ
2719,Advanced Mathematical Methods for Scientists and Engineers
2720,Advanced engineering mathematics / Peter V. O'Neil
2721,"Giáo trình phương pháp tính/ Trương Vĩnh An, Phạm Văn Hiển, Phan Tự Vượng"
2722,"Kỹ thuật đo - Tập 2:Đo điện tử/Nguyễn Ngọc Tân, Ngô Tấn Nhơn"
2723,Solomon Systech
2724,ST Microcontroler
2725,Giáo trình Hàm biến phức và phép biến đổi Laplace:Môn học: 1001060 - Hàm phức và phép biến đổi Laplace/Ngô Hữu Tâm
2726,
2727,Applied numerical methods with MATLAB for engineers and scientists / Steven C. Chapra
2728,Giáo trình vi xử lý nâng cao
2729,Bài giảng vi xử lý nâng cao
2730,Giáo trình vi xử lý nâng cao
2731,"Numerical analysis / Richard L. Burdeb, J. Douglas Faires, Annette M. Burden"
2732,
2733,Introduction-To-Applied-Math-And-Physics/ Oka Kurniawan
2734,Bài giảng  vi xử lý nâng cao
2735,Applied Numerical Methods Using MATLAB/Won Y Yang
2736,"Giáo trình vi xử lý /Nguyễn Đình Phú, Trương Ngọc Anh"
2737,An Introduction to Programming and Numerical Methods in MATLAB/ Otto
2738,"Issues Challenges and Opportunities for Development/ UNESCO Report, Engineering"
2739,"Introduction to Engineering Ethics/Mike Martin, Roland Schinzinger "
2740,"Engineering your future: a comprehensive introduction to engineering/ William C. Oakes, Les L. Leone"
2741,Biomaterials Science: An Introduction to Materials in Medicine
2742,"Introduction to engineering technology/ Robert J. Pond, Jeffrey L. Rankinen"
2743,Hệ thống điều khiển bằng khí nén/Nguyễn Ngọc Phương
2744,"Engineering Your Future: A Brief Introduction to Engineering/William C. Oakes, Les L. Leone, Craig J. Gunn"
2745,Applied Medical Image Processing
2746,Engineering fundamentals: an introduction to engineering/ Saeed Moaveni.
2747,Image Processing Toolbox User’s Guide
2748,Principles of Computer Hardware
2749,Computer Architecture A Quantitative Approach
2750,"""Computer organization and architecture : Designing for  performance"""
2751,Truyền động tự động khí nén/Phạm Văn Khảo
2752,Computers as Components: Principles of Embedded Computing System Design
2753,Digital Image Processing for Medical Application
2754,Introduction to Embedded Systems
2755,Digital Signal Processing A Primer With MATLAB
2756,Computer networking: A top-down approach
2757,Conceptual Digital Signal Processing with MATLABKeonwook Kim
2758,"Nhận dạng và điều khiển hệ thống/Nguyễn Thị Phương Hà, Huỳnh Thái Hoàng"
2759,Mạng máy tính
2760,Xử lý số tín hiệu và Wavelets -Tập 1/Lê Tiến Thường
2761,"Medical Instrumentation Application and Design, Third Edition."
2762,Design and Development of Medical Electronic Instrumentation
2763,Lab Manual
2764,"Nhận dạng hệ thống điều khiển/Nguyễn Doãn Phước, Phan Xuân Minh"
2765,Assembly Language Programming
2766,Health Information System for Medical Laboratory Science
2767,Assembly Language Programming: ARM Cortex-M3
2768,Health Information Management Technology: An Applied Approach
2769,"Hệ thống điều khiển bằng thủy lực:Lý thuyết và các ứng dụng thực tế /Nguyễn Ngọc Phương, Huỳnh Nguyễn Hoàng"
2770,Embedded linux system design and development
2771,Điều khiển tự động/Nguyễn Ngọc Phương
2772,Design of Analog CMOS Intergrated Circuits
2773,"CMOS VLSI design:A circuits and systems perspective/Neil H.E. Weste, David Money Harris"
2774,Giáo trình chi tiết máy /Nguyễn Văn Yến
2775,Thực hành cơ sở và ứng dụng IoTs
2776,"Tính toán thiết kế hệ dẫn động cơ khí:Tập 1/Trịnh Chất, Lê Văn Uyển"
2777,Computer networking: A Top-Down Approach 
2778,"Cloud Computing: Concepts, Technology & Architecture"
2779,Cloud Computing
2780,"Mạch điện/Trần Tùng Giang, Lê Thị Thanh Hoàng"
2781,Beginning Android
2782,Beginning Android 2
2783,Concepts in Electric Circuits
2784,"Artificial intelligence:Structures and strategies for complex problem solving/ George F. Luger, William A Stubblefield."
2785,"Embedded Systems - Hardware, Design, and Implementation/Krzysztof Iniewski"
2786,"Bài giảng nhập môn Công nghệ Kỹ thuật Điện Điện tử/Trần Thu Hà, Dương Thị Cẩm Tú, Lê Thị Thanh Hoàng"
2787,"The Codesign of Embedded Systems: A Unified Hardware/Software Representation/Sanjaya Kumar, James H. Aylor, Barry W. Johnson, WM. A. Wulf"
2788,"""Wireless Sensor Networks:  Technology, Protocols, and Applications""/Kazem Sohraby, Daniel Minoli, Taieb F. Znati"
2789,Sổ tay sinh viên
2790,Introduction to Wireless Sensor Networks/Anna Forster
2791,"""Fundamentals of Wireless Sensor Networks: Theory  and Practice""/W. Dargie and C. Poellabauer"
2792,Electronic Circuit Analysis & Design
2793,"""Protocols and Architectures for Wireless Sensor  Networks""/Holger Karl, Andreas Willig"
2794,Thinking Like An Engineer: An Active Learning Approach/Elizabeth A. Stephan et al.
2795,Wireless communications and networks /William Stallings.
2796,"""Blockchain: Ultimate guide to understanding blockchain, bitcoin,  cryptocurrencies, smart contracts and the future of money""/Mark Gates"
2797,"Digital systems : Principles and applications / Neal S. Widmer, Gregory L. Moss, Ronald J. Tocci"
2798,Blockchain: Blueprint for a New Economy /Melanie Swan 
2799,"Investment Evaluation Methods and Required Rate of Return in Finnish Publicly Listed Companies, LTA 1/04, p.9-24"
2800,Project Evaluation Guide for Nonproﬁt Organizations
2801,HTML & CSS Design and build Websites/Jon Ducket
2802,Python How to  Program
2803,"Learning PHP, MySQL, JavaScript, and CSS/Robin Nixon"
2804,Hands-on Python Tutorial
2805,Computers as Components: Principles of Embedded Computing System Design
2806,"Cloud Computing: Concepts, Technology & Architecture/""Thomas Erl, Ricardo  Puttini, Zaigham Mahmood"""
2807,Introduction to Embedded Systems
2808,Cloud Computing/Sandeep Bhowmik
2809,Data Structures and Algorithm Analysis in C++
2810, “Logistics Engineering and Management”
2811, Logistics Transportation Systems
2812,Quản lý logistics
2813,"Giáo trình quản lý dự án đầu tư xây dựng/ Phan Nhựt Duy, Đoàn Ngọc Hiệp"
2814,"Giáo trình quản lý khai thác đường/Nguyễn Minh Khoa (ch.b); Nguyễn Hoàng Long, Vũ Hoài Nam, Nguyễn Thu Trang, Hoàng Thị Hương Giang"
2815," Tài liệu Bài giảng Nhập môn Ngành QLVHHT, Bộ môn CTGT, Khoa Xây dựng, ĐH Sư phạm Kỹ thuật TP.HCM"
2816,Giáo trình dự toán xây dựng cơ bản/Bộ xây dựng
2817,Nghị định số 59/2015/NĐ-CP ngày 18/06/2015 của Chính phủ về QLDA đầu tư XDCT
2818,Introduction to Embedded Systems
2819,Introduction to robotics : mechanics and control / John J. Craig
2820,Giáo trình máy và hệ thống xử lý ảnh trong công nghiệp / Lê Mỹ Hà
2821,"Sustainable Transportation Planning: Tools for Creating Vibrant, Healthy, and Resilient Communities"
2822,Sustainable Transportation Systems Engineering: Evaluation & Implementation
2823,"Robotics: Control, Sensing, Vision, and Intelligence/K.S.Fu, R.C.Gonzalez, C.S.G. Lee"
2824,Computers as Components: Principles of Embedded Computing System Design
2825,"Robotics: Modelling, Planning and Control/Bruno Siciliano, Lorenzo Sciavicco, Luigi Villani,Giuseppe Oriolo"
2826,Lý thuyết sáng tác kiến trúc
2827,Building the internet of things with IPv6 and MIPv6
2828,"Digital Image processing using MATLAB /Rafael C. Gonzalez, Richard E. Woods, Steven L. Eddins."
2829,Tổ chức không gian kiến trúc các loại công trình công cộng
2830,From Machine-to-Machine to the Internet of Things: Introduction to a New Age of Intelligence
2831,Nguyên lý thiết kế công trình kiến trúc công cộng/Tạ Trường Xuân
2832,Nguyên lý thiết kế kiến trúc dân dụng kiến trúc nhà ở/ Nguyễn Đức Thiềm
2833,"Robotics: Control, Sensing, Vision, and Intelligence/K.S.Fu, R.C.Gonzalez, C.S.G. Lee"
2834,Thiết kế công trình hạ tầng đô thị và giao thông công cộng thành phố/Nguyễn Xuân Vinh
2835,"Robotics: Modelling, Planning and Control/Bruno Siciliano, Lorenzo Sciavicco, Luigi Villani,Giuseppe Oriolo"
2836,Digital Image Processing/N.Efford
2837,Giáo trình thực tập Robot công nghiệp/Tưởng Phước Thọ
2838,"Image Processing, Analysis and Machine Vision/M.Sonka, V.Hlavac, R.Boyle"
2839,Digital Image Processing/W.K.Pratt
2840,"Introduction to Data Science: A Python Approach to Concepts, Techniques and Applications"
2841,Data Science & Big Data Analytics
2842,"Machine Vision/R.Jain, R.Kasturi, B.G. Schunck"
2843,Kỹ thuật Robot:Giáo trình dùng cho sinh viên khối kỹ thuật /Đào Văn Hiệp
2844,"""A Practical Guide to Behavioral Research: Tools and Techniques"""
2845,Robot công nghiệp :Giáo trình dùng cho sinh viên các trường kỹ thuật /Nguyễn Thiện Phúc
2846," Introduction to Embedded Systems, A CyberPhysical Systems Approach"
2847,Bài tập thủy lực I
2848,Thuỷ văn đại cương
2849,Tài liệu thực hành Điều khiển lập/Ngô Văn Thuyên
2850,Thủy văn cầu đường
2851,High-Performance Embedded Computing: Applications in CyberPhysical Systems and Mobile Computing
2852,"Designing Virtual Reality Systems, the Structured Approach"
2853,Virtual Reality
2854,Programmable Controller/LA Bryan
2855,Virtual Reality Technology
2856,"Xác định sức kháng uốn của dầm BTCT dự ứng lực liên hợp theo tiêu chuẩn Thiết kế cầu đường bộ mới TCVN11823:2017: Báo cáo tổng kết đề tài nghiên cứu hoa học của sinh viên - Mã SV2019-46, Phan Tấn Duy"
2857,Introduction in Virtual Reality
2858,Kết cấu bê tông cốt thép theo tiêu chuẩn Hoa Kỳ 
2859,"Giáo trình Thực hành Trang Bị Điện – Khí Nén/Nguyễn Tấn Đời, Tạ Văn Phươn"
2860,Cầu bê tông cốt thép
2861,"Xác định sức kháng uốn của dầm BTCT dự ứng lực liên hợp theo tiêu chuẩn Thiết kế cầu đường bộ mới TCVN11823:2017: Báo cáo tổng kết đề tài nghiên cứu hoa học của sinh viên - Mã SV2019-46, Phan Tấn Duy"
2862,Trang bị điện/Đặng Thiện Ngôn
2863, Hands-on Python Tutorial
2864,Kết cấu bê tông cốt thép theo tiêu chuẩn Hoa Kỳ
2865,Cầu bê tông cốt thép
2866,Xây dựng nền đường ôtô
2867,Thực hành cơ sở và ứng dụng IoTs
2868,Xây dựng mặt đường ôtô
2869,Giáo trình Điều khiển lập trình/BM TĐĐK
2870,Các xí nghiệp phục vụ xây dựng đường ôtô 
2871,Deep learning with python
2872,Tổ chức thi công đường ôtô 
2873,Programmable Controller/LA Bryan
2874,Deep Learning with Keras
2875,Tiêu chuẩn Thiết kế công trình phụ trợ trong thi công cầu TCVN 11815:2017
2876,"Designing Virtual Reality Systems, the Structured  Approach"
2877,"Thi công cầu bê tông cốt thép/ Nguyễn Tiến Oanh, Nguyễn Trâm, Lê Đình Tâm"
2878,Virtual Reality Systems
2879,Cầu thép theo TCVN 11923-2017
2880,"Hướng dẫn thiết kế cầu dầm thép chữ I liên hợp bản bê tông cốt thép liên tục hai nhịp theo tiêu chuẩn thiết kế cầu đường bộ TCVN 11823 - 2017/ Nguyễn Quốc Bảo, Nguyễn Hướng Dương"
2881,Thiết Kế Mố Trụ Móng Cầu Theo 22TCN 272-05
2882,Principles of Computer Security: CompTIA  Security+ and Beyond
2883,Ví dụ tính toán mố trụ cầu theo tiêu chuẩn thiết kế cầu 22TCN 272-05
2884, CompTIA Security+ Guide to Network Security Fundamentals
2885,"Network Security, Firewalls, and VPNS"
2886,Hệ thống điều khiển thông minh / Huỳnh Thái Hoàng
2887,Interaction Design: beyond human computer interaction
2888,Quy hoạch GTVT và thiết kế công trình đô thị
2889,Hệ thống điều khiển tự động/Trần Văn Sum 
2890,Quy hoạch mạng lưới GT đô thị
2891,"Digital image processing / Rafael C. Gonzalez, Richard E. Woods"
2892,"Engineering Mechanics - Volume 1 : Statics/J.L. Meriam,L G. Kraige ; William J. Palm"
2893,"Engineering mechanics - Volume 2 : Dynamics / J. L. Meriam, L. G. Kraige, J. N. Bolton"
2894,Fundamental of Digital Image Processing
2895,"Cơ sở Cơ học kỹ thuật. Tập I Tĩnh học và động học, Tập II Động lực học"
2896,Digital Image Processing: PIKS Scientific Inside
2897,Engineering Mechanics – Statics.
2898,Engineering Mechanics – Dynamics
2899,"Mechanics of materials / Ferdinand P. Beer, E. Russell Johnston, John T. DeWolf, David F. Mazurek"
2900,Mechanics of materials. 9th Edition
2901,Deep Learning
2902,"Giáo trình thực hành điều khiển lập trình S7: Dùng cho môn học Điều khiển lập trình/ Nguyễn Phan Thanh, Phạm Quang Huy"
2903,Deep learning with Python
2904,Giáo trình Điều Khiển Lập Trình/BM TĐĐK
2905,"Automating manufacturing systems with PLCs : version 7.0, April, 2010 / Hugh Jack"
2906,
2907,"Sức bền vật liệu/Đỗ Kiến Quốc (ch.b); Nguyễn Thị Hiền Lương, Bùi Công Thành,..."
2908,"Mechanics of materials/$Ferdinand P. Beer, E. Russell Johnston, Jr., John T. DeWolf"
2909,"Engineering Mechanics, Seventh Edition"
2910,Bài Giảng Thí Nghiệm Cơ Học - Bộ môn Cơ Học
2913,“Advanced Engineering Mathematics”
2914,Applied Numerical Methods using MATLAB
2915,"Giáo trình phương pháp tính:Môn học: 1001030 - Phương pháp tính/Trương Vĩnh An, Phạm Văn Hiển, Lê Xuân Trường"
2916,"Applied Numerical Methods with MATLAB for engineers and scientists”,"
2917,"Matlab Programming for Engineers, Fourth Edition"
2918," Matlab for Engineers, Third Edition"
2919,Kinh tế xây dựng/Nguyễn Công Thạnh
2920,Nghị định 32/2015/NĐ-CP ngày 25 tháng 03 năm 2015 của Chính phủ về quản lý chi phí đầu tư XDCT
2921, Nghị định số 59/2015/NĐ-CP ngày 18/06/2015 của Chính phủ về QLDA đầu tư XDCT
2922,"Giáo trình dự toán cơ bản, Nhà xuất bản Xây dựng."
2923,Project Management - The Managerial Process
2924,Project Management for Engineering and Construction / Garold D. Oberlender
2925,Thiết kế  tổ chức thi công/ Lê Văn Kiểm
2926,Lý thuyết hỏi và đáp về tổ chức và lập tiến độ thi công/Ngô Quang Tường
2927,"Construction management/ Gunnar Lucko, Daniel W. Halpin, Bolivar A. Senior."
2928,Thiết kế tổng mặt bằng xây dựng/ Trịnh Quốc Thắng
2929,"Vẽ kỹ thuật xây dựng :Đã được hội đồng môn học của Bộ Giáo dục và Đào tạo thông qua làm tài liệu giảng dạy cho các trường đại học kỹ thuật /Đoàn Như Kim, Nghuyễn Quang Cự, Nguyễn Sỹ hạnh, Dương Tiến Thọ"
2930,Construction equipment management for engineers
2931,"Resource management for construction, Macmillan Series, 2nd Ed., 1993"
2932,Quản lý vật tư thiết bị trong dự án xây dựng/ Bùi Ngọc Toàn
2933,Quản lý dự án xây dựng/Đỗ Thị Xuân Lan
2934,Các tiêu chuẩn Việt Nam và thế giới liên quan đến lĩnh vực MEP
2935,"Thiết bị kỹ thuật trong kiến trúc công trình/Phạm Việt Anh, Nguyễn Lan Anh"
2936,Hướng dẫn thực hành thiết kế lắp đặt điện nhà/Trần Duy Phụng
2937,Tài liệu hướng dẫn thiết kế hệ thống cơ điện (M&E)
2938,Quản trị dự án:Thiết lập và thẩm định dự án đầu tư. Lý thuyết và bài tập/Vũ Công Tuấn
2939,"Investment Evaluation Methods and Required Rate of Return in Finnish Publicly Listed Companies, LTA 1/04, p.9-24."
2940,Project Evaluation Guide for Nonproﬁt Organizations
2941,Phương pháp thể  hiện kiến trúc/Đặng Đức Quang
2942,Lập và thẩm định dự án đầu tư/Đỗ Phú Trần Tình
2943,Thiết lập và thẩm định dự án đầu tư
2944,"Architectural working drawings,Residential and Commercial Buildings/William P. Spence"
2945,Kỹ thuật thi công/ Nguyễn Đình Hiện
2946,"Construction Methods and Management, 7th Ed."
2947,"Construction Equipment Management for Engineers, Estimators, and Owners"
2948,"Kỹ thuật Thi công, Tập 1"
2949,"Kỹ thuật Thi công,  Tập 2"
2950,"Máy xây dựng /Nguyễn Văn Hùng (chủ biên), Phạm Quang Dũng, Nguyễn Thị Mai"
2951,Kỹ thuật thi công lắp ghép
2952,Hỏi và đáp các vấn đề về Kỹ Thuật Thi công
2953,"Đồ họa kiến trúc vẽ kỹ thuật kiến trúc - Tập 1/Nguyễn Hữu Trí, Nguyễn Thị Kim Tú"
2954,Architectural Renderring/Albert O.Halse 
2955,Architectural Renderring Ttechniques/ A Color Reference/Mike W. Aslsa
2956,Entourage/McGraw
2957,Giáo trình kinh tế xây dựng/Trường Cao Đẳng Xây Dựng Số 1
2958,Presentation Drawings by American Architects
2959,Graphic Thinking for Architects and Designers/Paul Laseau
2960,Kinh tế xây dựng/Nguyễn Công Thạnh
2961,Trắc địa đại cương/Phạm Văn Chuyên
2962,Giáo trình Cơ sở kiến trúc/Nguyễn Bá Đang
2963,Hướng dẫn giải bài tập trắc địa đại cương/Vũ Thặng
2964,Trắc địa xây dựng thực hành/Vũ Thặng
2965,Trắc địa đại cương/Nguyễn Tấn Lộc
2966,"Pearson International Edition, 3nd Ed"
2967,"Thống kê ứng dụng trong kinh tế - xã hội/Hoàng Trọng, Chu Nguyễn Mộng Ngọc"
2968,Phân tích dữ liệu thống kê với SPSS
2969,The business value of BIM for Construction in Major Global Markets: How contractors around the World are driving innovation with Building Information Modelling
2970,"BIM essential guide for BIM execution plan. Building and Construction Authority, Singapore"
2971,"BIM handbook: a guide to building information modeling for owners, managers, designers, engineers and contractors/ Charles Eastman, Paul Teicholz, Rafael Sacks, Ghang Lee."
2972,BIM lecture notes
2973,"Quản trị marketing/Lê Thế Giới, Nguyễn Xuân Lãn"
2974,"Armstrong, Principles Of Marketing"
2975,Giáo trình Marketing của Doanh nghiệp xây dựng
2976,Marketing của Doanh Nghiệp Xây Dựng
2977,Site Engineering Manual
2978,"Bài tập vẽ kỹ thuật xây dựng/Nguyễn Quang Cự, Đoàn Như Kim"
2979,"Giám sát và kiểm định chất lượng công trình (Tập 1, 2 & 3)"
2980,Bộ tiêu chẩn Việt Nam trong xây dựng (11 tập)
2981,Kiến trúc nhập môn/Nguyễn Hữu Trí
2982,Tiêu chuẩn quản lý hệ thống chất lượng ISO 9000 (9001-9004)
2983,Giáo trình Hệ thống thông tin địa lý
2984,Giáo trình Hệ thống thông tin địa lý
2985,Nguyên lý thiết kế kiến trúc công trình dân dụng
2986,Giáo trình Hệ thống thông tin địa lý
2987, Architects’ data/Enst và Peter Neufert
2988,"Managerial accounting for managers/Eric W. Noreen, Peter C. Brewer, Ray H. Garrison."
2989,"Quentin Pickard, Architects’ handbook"
2990,Bài tập & bài giải kế toán quản trị / Huỳnh Lợi
2991,"Phân tích hoạt động kinh doanh:Lý thuyết, bài tập và bài giải. Phong phú đủ các dạng bài tập. Lời giải chi tiết rõ ràng /Nguyễn Thị Mỵ, Phan Đức Dũng"
2992,Giáo trình Cơ sở kiến trúc/Nguyễn Bá Đang
2993,"Phân tích các báo cáo tài chính/Nguyễn Công Bình, Đặng Kim Cương"
2994,"Financial statement analysis/John J. Wild, K.R. Subramanyam"
2995,Giáo trình phân tích hoạt động kinh tế trong doanh nghiệp/Bộ Xây Dựng
2996,Architects’ Data/Enst và Peter Neufert
2997,Architects’ Handbook/Quentin Pickard
2998,"Structural Analysis / R. C. Hibbeler, Kai Beng Yap"
2999,"Đồ họa kiến trúc, vẽ ký thuật kiến trúc - Tập 1/Nguyễn Hữu Trí, Nguyễn Thị Kim Tú"
3000,"Design of Reinforced Concrete, 9th Edition"
3001,"Reinforced Concrete Design to Eurocode 2, 6th Edition"
3002,Design of metal structures
3003,"Giáo trình vẽ kỹ thuật xây dựng:Sách dùng cho các trường đào tạo THCN và dạy nghề/Nguyễn Quang Cự, Nguyễn Mạnh Dũng"
3004,"Kết cấu bê tông cốt thép: Thiết kế theo tiêu chuẩn châu Âu/ Phan Quang Minh, Ngô Thế Phong"
3005,"Kết cấu thép:Cấu kiện cơ bản/Phạm văn Hội (ch.b.), Nguyễn Quang Viên, Phạm Văn Tư, Lưu Văn Tường"
3006,Vẽ kỹ thuật 1: Tài liệu dùng cho sinh viên các ngành kỹ thuật/Đinh Công Sắt
3007,"Vẽ kỹ thuật xây dựng :Đã được hội đồng môn học của Bộ Giáo dục và Đào tạo thông qua làm tài liệu giảng dạy cho các trường đại học kỹ thuật /Đoàn Như Kim, Nghuyễn Quang Cự, Nguyễn Sỹ hạnh, Dương Tiến Thọ"
3008,Giáo trình cơ sở kiến trúc/Nguyễn Bá Minh
3009,Nguyên lý thiết kế kiến trúc dân dụng kiến trúc nhà ở/ Nguyễn Đức Thiềm
3010,Tuyển tập tiêu chuẩn xây dựng của Việt Nam =Proceedings of VietNam construction standards - Tập IV: Tiêu chuẩn thiết kế/Bộ Xây Dựng
3011,Sổ tay các công trình xây dựng: Dữ liệu kiến trúc sư/Ernst Neufert
3012,Chất lượng ở cho đô thị sau năm 2000
3013,Nguyên lý thiết kế kiến trúc nhà ở dân dụng/Nguyễn Đức Thiềm
3014,"Hình học họa hình - Tập 1:Phương pháp hai hình chiếu thẳng góc, Phương pháp hình chiếu trục đo/Nguyễn Đình Điện (Chủ biên), Đỗ Mạnh Môn"
3015,"Hình học họa hình - Tập 1:Phương pháp hai hình chiếu thẳng góc, Phương pháp hình chiếu trục đo/Nguyễn Đình Điện (Chủ biên), Đỗ Mạnh Môn"
3016,"Hình học họa hình - Tập 2:Hình chiếu phối cảnh hình chiếu có số bóng trên các hình chiếu/Nguyễn Đình Điện (Chủ biên), Dương Tiến Thọ, Nguyễn Văn Tuấn"
3017,Hình học họa hình bóng và phối cảnh/Văn Đình Thông
3018,Hướng dẫn giải bài tập Hình học họa hình
3019,"Giáo trình Lịch sử kiến trúc thế giới - Tập 1: Từ xã hội nguyên thủy đến thế kỷ XVIII/ Đặng Thái Hoàng, Nguyễn Văn Đỉnh, Nguyễn Đình Thi,..."
3020,Giáo trình lịch sử kiến trúc thế giới tập 2
3021,Lịch Sử Kiến Trúc Phương Tây
3022,"Giáo trình lịch sử kiến trúc thế giới - T. 1:Từ xã hội nguyên thủy đến thế kỷ XVIII/Đặng Thái Hoàng, Nguyễn Văn Đỉnh (ch.b.); Nguyễn Đình Thi,..."
3023,
3024,Công trình trên nền đất yếu
3025,Foundation Analysis and Design
3026,Các phương pháp cải tạo đất yếu trong xây dựng/Nguyễn Ngọc Bích
3027,Xử lý nền đất yếu trong xây dựng/Nguyễn Uyên
3028,Principles of foundation Engineering
3029,"Bản vẽ kỹ thuật tiêu chuẩn quốc tế/Trần Hữu Quế, Nguyễn Văn Tuấn(dịch)"
3030,Nền Móng công trình
3031,Geometric and Engineering Drawing/K. Morling
3032,Cơ học đất
3033,"TCXD 10304-2012, Tiêu chuẩn thiết kế móng cọc"
3034,Textbook of Engineering Drawing/K. Venkata Reddy
3035,Tài liệu hướng dẫn đồ án nền móng – BM Cơ Học Đất & Nền móng
3036,Foundationg analysic and design của tác giả Bowels
3037,Phân tích và tính toán móng cọc
3038,"Architectural working drawings,Residential and Commercial Buildings/William P. Spence"
3039,Soil mechanics and foundations / Muni Budhu
3040,Cơ học đất/Châu Ngọc Ẩn
3041,"Cơ học đất/Vũ Công Ngữ, Nguyễn Văn Dũng"
3042,"Hình học họa hình - Tập 1:Hình chiếu thẳng góc, hình chiếu trục đo/Nguyễn Mạnh Dũng (Chủ biên), Nguyễn Văn Điểm"
3043,Cơ học đất I và II
3044,Nền móng công trình/ Châu Ngọc Ẩn 
3045,"Vẽ kỹ thuật xây dựng :Đã được hội đồng môn học của Bộ Giáo dục và Đào tạo thông qua làm tài liệu giảng dạy cho các trường đại học kỹ thuật /Đoàn Như Kim, Nghuyễn Quang Cự, Nguyễn Sỹ hạnh, Dương Tiến Thọ"
3046,Nền và móng /Phan Hồng Quân
3047,Foundationg design and Construction
3048,Thiết kế móng nông/Nguyễn Uyên
3049,Phân tích và tính toán móng cọc
3050,Các phương pháp cải tạo đất yếu trong xây dựng/Nguyễn Ngọc Bích
3051,Foundationg analysic and design
3052,Pile design and Construction practice
3053,
3054,Foundation analysis and design
3055,Công trình trên đất yếu/Trần Quang Hộ
3056,Nền móng và tầng hầm nhà cao tầng/ Nguyễn Văn Quảng
3057,Principles of foundation Engineering
3058,"Testing of Concrete in Structures, Blackie Academic & Professional, Chapman & Hall"
3059,Giáo trình vật liệu xây dựng:Dành cho hệ đào tạo trung học chuyên nghiệp và dạy nghề/Phùng Văn Lự
3060,"Tuyển tập tiêu chuẩn xây dựng của Việt Nam =Proceedings of Vietnam construction standards - Tập IX: Bảo vệ công trình, an toàn, vệ sinh môi trường/Bộ Xây dựng"
3061,Construction materials: Their nature and behavior
3062,"Giáo trình vật liệu xây dựng/Phan Thế Vinh, Trần Hữu Bằng"
3063,"Lý thuyết kiến trúc/Nguyễn Mạnh Thu (ch.b.), Phùng Đức Tuấn"
3064,"Bài tập vật liệu xây dựng/Phùng Văn Lự, Nguyễn Anh Đức, Phạm Hữu Anh, Trịnh Hồng Tùng"
3065," Introduction to architecture/Ching, Francis D.K"
3066,Design of Reinforced Concrete
3067,"Architects’data/Neufert, Ernst"
3068,Tính toán kết cấu bê tông cốt thép theo TC ACI-318-2002
3069,Kết cấu bê tông và  bê tông cốt thép theo quy phạm Hoa Kỳ/Nguyễn Trung Hòa
3070,Kiến trúc nhập môn/Nguyễn Hữu Trí
3071,"Kết cấu bê tông cốt thép: Thiết kế theo tiêu chuẩn Châu Âu/Phan Quang Minh, Ngô Thế Phong"
3072," Reinforced Concrete - Mechanics and Design, 6th Edition"
3073, Nội dung cập nhật với phần Nội thất theo yêu cầu của ngành
3074,"Akthem Al-Manaseer, Structural Concrete - Theory and Design, 5th Edition"
3075,"Design of Concrete Structures, 14th Edition"
3076,"Reinforced concrete - A fundamental approach, 6th Edition"
3077,Reinforced concrete structures_Volume 2
3078,Reinforced concrete – analysis and design
3079,"""Ferrocement and laminated cementitious composites”, Techno press 3000"
3080,"“High-performance construction materials: science and application”, World scientific"
3081,"“Fibre reinforced cementitious composites”, Cromwell press, 2nd edition"
3082,Advanced concrete technology”
3083,"Sử dụng AutoCad 2007 - $nTập 1:Cơ sở vẽ thiết kế hai chiều:Lý thuyết, ví dụ thực hành và bài tập /Nguyễn Hữu Lộc"
3084,"Giáo trình vẽ kỹ thuật xây dựng:Sách dùng cho các trường đào tạo THCN và dạy nghề/Nguyễn Quang Cự, Nguyễn Mạnh Dũng"
3085,"Bài tập vẽ kỹ thuật xây dựng - Tập 2/Nguyễn Quang Cự, Đặng Văn Cứ, Đoàn Như Kim"
3086,"Các tiêu chuẩn Việt Nam về vẽ kĩ thuật: TCVN 7284:2003, TCVN 7285:2003,  TCVN 7286:2003, TCVN 8-20:2002"
3087,"Bryan Stafford Smith and Alex Coul, Tall building structures: analysis and design"
3088,Reinforced concrete design
3089,Tính toán và thiết kế nhà khung BTCT nhiều tầng
3090,Hướng dẫn sử dụng phần mềm ETABS
3091,Ứng dụng phần mềm SAFE trong thiết kế xây dựng
3092,Hướng Dẫn Sử Dụng ETABS Phần Mềm Chuyên Dụng Tính Toán Nhà Cao Tầng
3093,Ứng Dụng Tin Học Trong Thiết Kế Xây Dựng - Phần Mềm ETABS Và Microsoft Project
3094,Sử dụng AutoCAD 2012
3095,Giáo trình ETABS
3096,Giáo trình đồ án môn học kết cấu BTCT theo TCVN 5574:2018
3097,Hướng dẫn đồ án môn học bê tông cốt thép 1 (Sàn sườn toàn khối có bản dầm)
3098,"Sử dụng AutoCad 2007 - $nTập 1:Cơ sở vẽ thiết kế hai chiều:Lý thuyết, ví dụ thực hành và bài tập /Nguyễn Hữu Lộc"
3099,"Kết cấu bê tông cốt thép: Phần cấu kiện cơ bản/Phan Quang Minh, Ngô Thế Phong, Nguyễn Đình Cống"
3100,"Tính toán thực hành cấu kiện bê tông cốt thép theo tiêu chuẩn TCXDVN 356:2005, Tập I"
3101,"Bộ xây dựng, TCVN 5574:2012, Kết cấu bê tông và bê tông cốt thép – tiêu chuẩn thiết kế"
3102,"Reinforced Concrete Design to Eurocode 2, 6th Edition, Palgrave Macmillan, 2007.  (7th edition, 2012 published)"
3103," Reinforced Concrete - Mechanics and Design, 6th Edition"
3104,"Akthem Al-Manaseer, Structural Concrete - Theory and Design, 5th Edition"
3105,"Design of Concrete Structures, 14th Edition"
3106,"Reinforced concrete structures, Volume 1"
3107,"Kết cấu thép: Công trình dân dụng và công nghiệp - Giáo trình dùng cho sinh viên ngành xây dựng, kiến trúc /Phạm Văn Hội, Nguyễn Quang Viên, Phạm Văn Tư,..."
3108,Kết cấu liên hợp thép – bêtông
3109,"Tiêu chuẩn xây dựng Việt Nam, Kết cấu thép – Tiêu chuẩn thiết kế, TCXDVN 338:2005"
3110,Steel Structure – Practical design studies
3111,Bài tập thiết kế kết cấu thép/Trần Thị Thôn
3112,Kết cấu công thép công trình dân dụng và công nghiệp
3113,"Exploring Engineering – An Introduction to Engineering and Design, Second Edition"
3115,Bài tập thiết kế kết cấu thép/Trần Thị Thôn
3116,"Màu sắc và phương pháp vẽ màu /Nguyễn Duy Lẫm, Đặng Thị Bích Ngân"
3117,Thiết kế kết cấu thép nhà công nghiệp
3118, Kết cấu thép công trình dân dụng và công nghiệp
3119,"TCXDVN 5574: 2012, Kết cấu bê tông và bê tông cốt thép – Tiêu chuẩn thiết kế"
3120,Structural mechanics/A. Darkov..
3121,"TCXD 2737: 1995, Tải trọng và tác động – Tiêu chuẩn thiết kế, Nhà xuất bản xây dựng"
3122,"Structural Analysis / R. C. Hibbeler, Kai Beng Yap"
3123,Cơ học kết cấu - Tập 1:Hệ tĩnh định/Lều Thọ Trình
3124,Bài tập thiết kế kết cấu thép/Trần Thị Thôn
3125,"TCXDVN 33:2006, Cấp nước mạng lưới đường ống và công trình tiêu chuẩn thiết kế"
3126,"Tiêu chuẩn xây dựng Việt Nam, Kết cấu thép – Tiêu chuẩn thiết kế, TCVN 5575:2012"
3127,Water Supply – Distribution System and Facilities Design Standard
3128,"Tiêu chuẩn xây dựng Việt Nam, Kết cấu bê tông cốt thép – Tiêu chuẩn thiết kế, TCVN 5574:2012"
3129,Eurocode 3: Design of steel structures
3130,"TCVN 4450:1987, Căn hộ ở - Tiêu chuẩn thiết kế"
3131,Eurocode 4: Design of composite steel and concrete structures.
3132,"TCVN 4451:1987, Nhà ở - Nguyên tắc cơ bản để thiết kế"
3133,"Kết cấu thép cấu kiện cơ bản/Phạm văn Hội, Nguyễn Quang Viên, Phạm Văn Tư,..."
3134," TCVN 3905:1984, Nhà ở và nhà công cộng – Thông số hình học"
3135,Kết cấu liên hợp thép – bêtông
3136,Design of metal structures
3137,Quy chuẩn hệ thống cấp thoát nước trong nhà và công trình
3138,"Fundamentals for Engineers, Butterworth-Heinemann, 2006"
3139,Bí quyết vẽ tranh tĩnh vật/Huỳnh Phạm Hương Trang
3140,Tiêu chuẩn Việt Nam
3141,Building Physics: From physical principles to international standards
3142,Giáo trình cấp thoát nước
3143,Giáo trình dạy vẽ mỹ thuật/Trần Văn Tâm
3144,Sổ tay thiết kế công trình cấp thoát nước/Lê Mục Đích
3145,"TCVN 4474:1987, Thoát nước bên trong công trình"
3146,Giáo trình bố cục/Đàm Luyện
3147,"TCVN 4513-88, Cấp nước bên trong – Tiêu chuẩn thiết kế"
3148,"TCVN 4513:1988, Cấp nước bên trong công trình"
3149,"TCVN 4474-87, Thoát nước bên trong – Tiêu chuẩn thiết kế."
3150,Cấp thoát nước/Nguyễn Thống
3151,"Giáo trình cấp thoát nước trong nhà Trần Thị Mai (chủ biên), Trần Thị Sen, Nguyễn Đình Hải"
3152,Giáo trình hình họa 3/Triệu Khắc Lễ
3153,Distribution System and Facilities Design Standard
3154,TCVN 5738 – 1993 : Hệ thống báo cháy – yêu cầu kỹ thuật được ban hành theo quyết
3155,Luật xa gần/Phạm Xuân Thành
3156,TCVN 5738 – 2001 : Yêu cầu kỹ thuật hệ thống báo cháy tự động
3157,TCVN 3890 – 2009 : Phương tiện phòng cháy và chữa cháy cho nhà và công trình
3158,TCVN 4513 – 1988 : Cấp nước bên trong – Tiêu chuẩn thiết kế
3159, Mỹ thuật cơ bản và nâng cao: Tĩnh vật ngũ quan thạch cao/Gia Bảo
3160,TCVN 5740 – 1993 : Thiế bị chữa cháy – Vòi cuộn chữa cháy tổng hợp tráng cao su
3161,"TCVN 2622 – 1995 : Phòng cháy , chống cháy cho nhà và công trình – Yêu cầu thiết"
3162,TCVN 6160 – 1996 : Phòng cháy chữa cháy nhà cao tầng – Yêu cầu thiết kế
3163,"Linear algebra and its applications/ David C. Lay, Steven R. Lay, Judith J. McDonald"
3164,TCVN 6100 – 1996 : Những quy định về chất chữa cháy bằng khí.
3165,Abstract algebra: Theory and applications/ Thomas W. Judson
3166,Tiêu chuẩn NFPA.72 (National fire protection association) . Hiệp hội quốc tế
3167,"PCCC: Hệ thống chữa cháy, hệ thống báo cháy."
3168,Đại số tuyến tính và cấu trúc đại số 
3169,"Morgan J. Hurly, Daniel Gottuk : “SFPE handbook of Fire protection engineering”"
3170,"Siddiqui, Tauseef, SM.Abbas :“Advances in Fire and Process safety”"
3171,B.Aaron Johnson :“ Fire Sprinkler“
3172,Vẽ Mỹ Thuật/Trần Văn Tâm
3173,"K.Himoto, K.Nakamura, Y.Wakasuki :“Fire science and technology 2015”"
3174, TCVN 7336 – 2003 : Hệ thống Sprinkler tự động – yêu cầu thiết kế và lắp đặt
3175,TCVN 5760 – 1993 : Yêu cầu chung về thiết kế lắp đặt và sử dụng hệ thống chữa cháy
3176,Tự học vẽ hình họa cơ bản /Nguyễn Văn Tỵ
3177, TCVN 5739 – 1993 : Thiết bị chữa cháy – Đầu nối
3178,Đại số tuyến tính và cấu trúc đại số 
3179,Water supply and sewerage
3180,Toán 1
3181,Bài giảng tóm tắt: Toán 2
3182,Tính toán thiết kế các công trình xử lý nước thải / Trịnh Xuân Lai
3183,Hình họa 1 :Giáo trình cao đẳng sư phạm /Triệu Khắc Lễ
3184,"Kế toán doanh thu, chi phí và xác định kết quả hoạt động kinh doanh tại Công ty TNHH thương mại dịch vụ Tech House : Đồ án tốt nghiệp ngành Kế toán / Lê Thị Hiền ; Phạm Hiếu (Giảng viên hướng dẫn)"
3185,Tính toán thiết kế các công trình trong hệ thống cấp nước
3186,Bài giảng Toán kinh tế 1
3187,"TCXDVN 33:2006, Cấp nước mạng lưới đường ống và công trình - Tiêu chuẩn thiết kế"
3188,Luật xa gần/Phạm Xuân Thành
3189,TCVN 7957 - 2008: Tiêu chuẩn thiết kế mạng lưới thoát nước bên ngoài công trình
3190,An Introduction to Mathematical Economics Part 2
3191,Bài giảng Toán kinh tế 2
3192,"Tổng công ty cấp nước Sài Gòn – Phòng Kỹ thuật công nghệ, Tiêu chuẩn kỹ thuất thiết bị, vật tư ngành nước"
3193,Diễn họa kiến trúc/Philip Crowe
3194,Probability and statistics for engineering and the sciences / Jay L. Devore
3195,"Màu sắc và phương pháp vẽ màu /Nguyễn Duy Lẫm, Đặng Thị Bích Ngân"
3196,"Giáo trình lý thuyết xác xuất và thống kê toán học /Lê Trung Tương, Lê Hồng Vân, Huỳnh Văn Sáu"
3197,Cấp thoát nước
3198,Bí quyết vẽ phong cảnh/Huỳnh Phạm Hương Trang
3199,Cấp nước đô thị
3200,Giáo trình dạy vẽ mỹ thuật/Trần Văn Tâm
3201,Giáo trình bố cục/Đàm Luyện
3202,Mạng lưới cấp/thoát nước
3203,Các bảng tính toán thủy lực/Nguyễn Thị Hồng
3204, Các bảng tính toán thủy lực cống và mương thoát nước
3205,Máy bơm và trạm bơm
3206,Advanced Engineering Mathematics 
3207,Toán cho kỹ sư 
3208,Trang trí hình vuông/Uyên Huy
3209,Trang trí hình tròn/Uyên Huy
3210, Trang trí đường diềm/Uyên Huy
3211,Cấp thoát nước
3212,Toán ứng dụng
3213, TCXDVN 33:06: Cấp nước – Mạng lưới đường ống và công trình – Tiêu chuẩn thiết kế.
3214,Introductory Statistics -9th edition
3215,"""TCVN 5294:95: Chất lượng nước – Quy tắc lựa chọn và đánh giá chất lượng nguồn tập trung nước ăn uống – nước sinh hoạt"""
3216, Màu sắc và phương pháp sử dụng/Uyên Huy
3217,TCVN 5295:95: Chất lượng nước – Yêu cầu bảo vệ nước mặt và nước ngầm khỏi bị nhiễm bẩn do dầu
3218,"""TCVN 5524:95: Chất lượng nước – Yêu cầu chung về bảo vệ nước mặt nước ngầm"""
3219,Xác suất Thống kê và ứng dụng
3220,Giáo trình dạy vẽ mỹ thuật/Trần Văn Tâm
3221,Công trình thu nước – Trạm bơm cấp thoát nước
3222,Giáo trình lý thuyết xác suất và thống kê  toán học :Lý thuyết cơ bản và ứng dụng/Trần Gia Tùng
3223,Sổ tay máy bơm:Dùng cho ngành cấp thoát nước và kỹ thuật môi trường nước/Lê Dung
3224,"Bài tập thống kê ứng dụng trong quản trị, kinh doanh và nghiên cứu kinh tế =Statistics for business and economics/Trần Bá Nhẫn, Đinh Thái Hoàng"
3225,Wastewater treatment
3226,Sadar Renewable Energy Research Institute Vallabh Vidyanagar – Gujarat – India:Biochemical Engineering
3227,Công nghệ môi trường – (tập 1): Xử lý nước
3228,Advanced Engineering Mathematics 
3229,Toán cao cấp cho kỹ sư 1 
3230,Hóa nước vi sinh
3231,Advanced Engineering Mathematics 
3232,Toán cao cấp cho kỹ sư 2 
3233,Cơ sở hóa học quá trình xử lý nước cấp và nước thải
3236,TCVN 2005 và TCXDVN 51 – 2008: Thoát nước – Mạng lưới và công trình bên ngoài – Tiêu chuẩn thiết kế
3237,"TCXDVN 7957: Tiêu chuẩn quốc gia: Thoát nước mạng lưới và Công trình bên ngoài – Tiêu chuẩn thiết kế (tiêu chuẩn này sẽ thay đổi theo thời gian, phù hợp với điều kiện thực tế)"
3238,Giáo trình trang trí/Tạ Phương Thảo
3239,"Physics for scientists and engineers with modern physics : Technology update / Raymond A. Serway, John W. Jetwett, Jr."
3240,Giáo trình trang trí/Phạm Ngọc Tới
3241,Giáo trình trang trí/Nguyễn Thế Hùng
3242,Giáo trình Vẽ Kỹ thuật xây dựng
3243,Thí nghiệm các nguyên lý vật lý 2
3244,"Màu sắc và phương pháp vẽ màu /Nguyễn Duy Lẫm, Đặng Thị Bích Ngân"
3245,"Physics for scientists and engineers with modern physics : Technology update / Raymond A. Serway, John W. Jetwett, Jr."
3246,Vật lý Đại cương A2: Điện từ
3247,Trang trí hình vuông/Uyên Huy
3248,Trang trí hình tròn/Uyên Huy
3249,"Physics for scientists and engineers with modern physics : Technology update / Raymond A. Serway, John W. Jetwett, Jr."
3250,Trang trí đường diềm/Uyên Huy
3251,"Cơ sở vật lý - Tập 6:Quang học và vật lý lượng tử/David Halliday, Robert Resnick, Jearl Walker;  Hoàng Hữu Thư chủ biên, Phan Văn Thích, Phạm Văn Thiều dịch"
3252, Màu sắc và phương pháp sử dụng/Uyên Huy
3253,"Vật lý đại cương: Các nguyên lý và ứng dụng -$nTập 3: Quang học và vật lý lượng tử/Trần Ngọc Hợi (Chủ biên), Phạm Văn Thiều"
3254,Giáo trình dạy vẽ mỹ thuật/Trần Văn Tâm
3255,"Bài tập vật lý đại cương - Tập 2 : Điện - Dao động - Sóng: Biên soạn theo chương trình của Bộ Giáo Dục và Đào Tạo ban hành năm 1990:Dùng cho các trường đại học khối công nghiệp, công trình thủy lợi, giao thông vận tải/Lương Duyên Bình (chủ biên), Nguyễn Hữu Hồ, Lê Văn Nghĩa, Nguyễn Quang Sính"
3256,"Vật lý đại cương - Tập 3 - phần 1 :Quang học. Vật lý điện tử và hạt nhân (Dùng cho các trường đại học khối kỹ thuật công nghiệp) /Lương Duyên Bình, Ngô Phú An, Lê Băng Sương, Nguyễn Hữu Tăng"
3257,"Bài tập vật lý đại cương - Tập 2 : Điện - Dao động - Sóng: Biên soạn theo chương trình của Bộ Giáo Dục và Đào Tạo ban hành năm 1990:Dùng cho các trường đại học khối công nghiệp, công trình thủy lợi, giao thông vận tải/Lương Duyên Bình (chủ biên), Nguyễn Hữu Hồ, Lê Văn Nghĩa, Nguyễn Quang Sính"
3258,"Bài tập vật lý đại cương - T. 3: Quang học - Vật lý lượng tử:Biên soạn theo chương trình của Bộ Giáo dục và Đào tạo ban hành năm 1990 (Dùng cho các trường đại học kỹ thuật (Công nghiệp, Xây dựng, Kiến trúc, Thủy lợi, Giao thông vận tải, Mỏ địa chất, Sư phạm kỹ thuật công nghiệp...)/Lương Duyên Bình, Nguyễn Hữu Hồ, Lê Văn Nghĩa "
3259,Hướng dẫn sử dụng Epanet
3260,"Bài tập Vật lý 3 (Dao động, Sóng, Cơ nhiệt):Môn học: 1002013 - Vật lý đại cương A3/Trần Thị Thiên Hương, Huỳnh Quang Chiến"
3262,Physics for scientists and engineers with modern physics : Technology update  9th edition
3264,"Giáo trình kinh tế xây dựng/ Bùi Mạnh Hùng, Nguyễn Thu Hương, Nguyễn Thị Tuyết Dung, Đặng Thế Hiến, Cù Thanh Thủy"
3265,Modern Physics
3266,Modern Physics for Scientists and Engineers
3267,Giáo trình trang trí:Giáo trình cao đẳng Sư phạm/Tạ Phương Thảo 
3268,Giáo trình trang trí - Tập 2/Phạm Ngọc Tới
3269,Project Management – A Managerial Approach.
3270,"Spacetime Physics, 2nd Ed."
3271,"Giáo trình trang trí - Tập 3/Nguyễn THế Hùng, Nguyễn Thị Nhung"
3272,Mathematical Methods in the Physical Sciences
3273,"An Introduction to Error Analysis, 2nd Ed."
3274,Quản lý dự án
3275,"Màu sắc và phương pháp vẽ màu /Nguyễn Duy Lẫm, Đặng Thị Bích Ngân"
3276,Experiments in Modern Physics
3277,Quản lý dự án xây dựng
3278,"Cơ sở vật lý - Tập 1:Cơ học 1/David Halliday, Robert Resnick, Jearl Walker; Người dịch: Ngô Quốc Quýnh (chủ biên), Đào Kim Ngọc/"
3279,"Cơ sở vật lý - Tập 6:Quang học và vật lý lượng tử/David Halliday, Robert Resnick, Jearl Walker;  Hoàng Hữu Thư chủ biên, Phan Văn Thích, Phạm Văn Thiều dịch"
3280,Construction planning for Engineers
3281,Trang trí hình tròn/Uyên Huy
3282,"Vật lý đại cương các nguyên lý và ứng dụng, Tập 3: Quang học và Vật lý lượng tử"
3283,Construction Jobsite Management
3284,Construction Jobsite Management
3285,Trang trí hình vuông/Uyên Huy
3286,Tổ chức và kế hoạch hóa sản xuất xây dựng
3287,Trang trí hình diềm/Uyên Huy
3288,Thiết kế  tổ chức thi công/ Lê Văn Kiểm
3289,Lý thuyết hỏi và đáp về tổ chức và lập tiến độ thi công/Ngô Quang Tường
3290,Bài giảng nhập môn Công nghệ Vật liệu
3291, Màu sắc và phương pháp sử dụng/Uyên Huy
3292,Thiết kế tổng mặt bằng xây dựng/ Trịnh Quốc Thắng
3293,Kỹ thuật và quản lý an toàn trong xây dựng
3294,Giáo trình dạy vẽ mỹ thuật/Trần Văn Tâm
3295,Giáo trình trang trí/Tạ Phương Thảo
3296,Introduction to Magnetic Materials
3297,The business value of BIM for Construction in Major Global Markets: How contractors around the World are driving innovation with Building Information Modelling
3298,Introduction to Superconductivity
3299,Giáo trình trang trí/Phạm Ngọc Tới
3300,"Từ học và vật liệu từ/Thân Đức Hiền, Lưu Tuấn Tài"
3301,Giáo trình trang trí/Nguyễn Thế Hùng
3302,"Nhập môn về siêu dẫn:Vật liệu, tính chất và ứng dụng/Thân Đức Hiền"
3303,Introduction to Magnetic Materials
3304,The business value of BIM for Construction in Major Global Markets: How contractors around the World are driving innovation with Building Information Modelling
3305,Màu sắc và phương pháp vẽ màu/Đặng Thị Bích Ngân
3306,Handbook of Superconductivity
3307,"Handbook of High- Temperature Superconductivity, theory and experiment"
3308,Introduction to Magnetic Materials
3309,Nghệ thuật thị giác và những vấn đề cơ bản/Uyên Huy
3310,BIM essential guide for BIM execution plan. Building and Construction Authority
3311,Bố cục thị giác/Nguyễn Hồng Hưng
3312,"Fundamentals of Microfabrication and Nanotechnology - Volume I,II,III 3nd ed"
3313,"BIM handbook: a guide to building information modeling for owners, managers, designers, engineers and contractors/ Charles Eastman, Paul Teicholz, Rafael Sacks, Ghang Lee."
3314,Micromachined transducers source book
3315,BIM lecture notes
3316,Micro-Electro-Mechanical System Design
3317,A.Bhatia. Basic Electrical Engineering forHVAC Engineers. Continuing Education and Development
3318,"Lịch sử Design/Lê Huy Văn, Trần Văn Bình"
3319,Microsensor
3320,BIM essential guide for BIM execution plan. Building and Construction Authority
3321,Cơ sở công nghệ vi điện tử và vi hệ thống/Nguyễn Nam Trung
3322,Understanding Mordern art/Sam Phillips - Isms
3323,"2500/QĐ-Ttg. Quyết định thủ tưởng chính phủ phê duyệt đề án áp dụng mô hình thông tin công trình (BIM) trong hoạt động xây dựng và quản lý vận hành công trình, TTCP 2016."
3324,Điện tử nano – linh kiện và công nghệ
3325,Nguyên lý Design thị giác/Nguyễn Hồng Hưng 
3326,"Solar Cells Operation Principles, Technology, and System Application"
3327,Revit 2018 MEP fundamentals
3328,"PVCDROOM: Photovoltics: devices, systems and applications "
3329,Handbook of Photovoltaics Science and Enginnering
3330,"Physics of Semiconductor Devices, 2nd"
3331, Mastering Autodesk Revit MEP
3332,"Revit MEP, BimHaNoi"
3333,Thập đại tùng thư 10 nhà hội họa lớn thế giới/Âu Dương Anh
3334,Hóa học và hóa lý polymer
3335,Hóa lý polymer
3336,"Mỹ thuật của người Việt/Nguyễn Quân, Phan Cẩm Thượng"
3337,Polyme đại cương
3338,Kinh tế xây dựng
3339,Giáo trình dự toán xây dựng cơ bản/Bộ xây dựng
3340,Hướng dẫn thí nghiệm hóa học polyme
3341,Hình tượng con người trong nghệ thuật tạo hình truyền thống/Trần Lâm Biền
3342,Nghị định số 59/2015/NĐ-CP ngày 18/06/2015 của Chính phủ về QLDA đầu tư XDCT
3343,Mỹ thuật thời Lý/Nguyễn Đức Nùng
3344, Nghị định 32/2015/NĐ-CP ngày 25 tháng 03 năm 2015 của Chính phủ về quản lý chi phí đầu tư XDCT
3345,Organic chemistry / David Klein
3346,"Construction Equipment Management for Engineers, Estimators, and Owners"
3347,Lịch sử mỹ thuật thế giới: Giáo trình dùng cho các trường mỹ thuật; Môn học: 1052010 - Lịch sử mỹ thuật thế giới/Nguyễn Trân biên soạn
3348," Mechanical and Electrical Systems in Buildings, (5th Ed.) Upper Saddle Rive"
3349,"Mechanical and Electrical Equipment for Buildings, (11th Ed.) Hoboken"
3350,Lịch sử mỹ thuật Việt Nam/Nguyễn Phi Hoanh
3351,Bài giảng Tổ chức và Quản lý hệ thống MEP
3352,Construction methods and management : / Stephens W. Nunnally.
3353,Mechanical and electrical systems for construction managers.
3354,Giáo trình Hóa phân tích: Dùng cho sinh viên chuyên hóa/Hồ Thị Yêu Ly
3355,"Ứng dụng Ms Project 2007 trong thiết lập tiến độ và quản lý dự án xây dựng/Lương Đức Long, Trần Trung Kiên, Nguyễn Thành Trung..."
3356,"Fundamentals of analytical chemistry / Douglas A. Skoog, Donald M. West, F. James Holler, Stanley R. Crouch"
3357,"Lý thuyết kiến trúc/Nguyễn Mạnh Thu, Phùng Đức Tuấn"
3358,Các văn bản pháp luật liên quan hiện hành
3359,Hóa học phân tích 1:Cân bằng ion trong dung dịch/Nguyễn Tinh Dung
3360,Engineering Mechanics – Volume I – Statics.
3361,Hóa học phân tích:Tập 2: Các phản ứng ion trong dung dịch nước/Nguyễn Tinh Dung
3362,"Introduction to architecture/Ching, Francis D.K"
3363,Cơ sở lý thuyết hóa phân tích
3364,"Architects’data/Neufert, Ernst"
3365,"Mechanics of materials / Ferdinand P. Beer, E. Russell Johnston, John T. DeWolf, David F. Mazurek"
3366,Sức bền vật liệu
3367,Thiết kế nội thất có minh họa/ Francis D.K. Ching; Đặng Thái Hoàng dịch
3368,Giáo trình nguyên lý thiết kế kiến trúc nội thất:Dùng trong các trường THCN/Nguyễn Hoàng Liên
3369,
3370,Hóa học đại cương/Nguyễn Đình Soa
3371,Mechanics of materials.
3372,"Công nghệ sản xuất ván nhân tạo: ván dán và ván nhân tạo đặc biệt - $nTập 1/ Phạm Văn Chương, Nguyễn Hữu Quang"
3373,Hóa vô cơ T.2
3374,Công nghệ sản xuất ván nhân tạo: Ván dăm và ván sợi - $nTập 2/ Phạm Văn Chương
3375,“Advanced Engineering Mathematics”
3376,"Công nghệ sản xuất vật liệu composite gỗ/Lê Xuân Phương, Phan Duy Hưng"
3377,"Matlab Programming for Engineers, Fourth Edition"
3378,Khoa học gỗ: Giáo trình Đại học Lâm nghiệp/ Lê Xuân Tình
3379,Kiến thức cơ bản về gỗ/Vũ Hân
3380,"Tiêu chuẩn xây dựng Việt Nam TCXDVN 276:2003 về công trình công cộng - nguyên tắc cơ bản để thiết kế do Bộ Xây dựng ban hành, TCXDVN 276:2003"
3381," Luật xây dựng ban hành Số 50/2014/QH13, Ngày 18/06/2014"
3382,Kiến trúc cảnh quan/Hàn Tất Ngạn
3383,"Công nghệ sản xuất ván nhân tạo, Tập1 (Bài giảng dành cho sinh viên ngành Chế biến lâm sản)/Phạm Văn Chương, Nguyễn Văn Thuận"
3384,Tiếng Anh chuyên ngành công nghệ vật liệu
3385,"Tiêu chuẩn xây dựng Việt Nam TCXDVN 276:2003 về công trình công cộng - nguyên tắc cơ bản để thiết kế do Bộ Xây dựng ban hành, TCXDVN 276:2003"
3386," Luật xây dựng ban hành Số 50/2014/QH13, Ngày 18/06/2014"
3387,Công nghệ sản xuất ván dăm; Công nghệ sản xuất LVL từ gỗ keo tai tượng và gỗ cao su/Phan Duy Hưng
3388,Kiến trúc cảnh quan/Hàn Tất Ngạn
3389,Nguyên lý thiết kế kiến trúc dân dụng kiến trúc nhà ở/ Nguyễn Đức Thiềm
3390, Nội thất kiến trúc
3391,Sổ tay các công trình xây dựng: Dữ liệu kiến trúc sư/Ernst Neufert
3392,Thiết kế kiền trúc nhà ở và nhà thương mại/Thomas Obermeyer
3393,Tư duy và tổ hợp kiến trúc/Đặng Thái Hoàng ( Sưu tầm và giới thiệu )
3394,Architects’data
3395,Ngôn ngữ và hình thức kiến trúc/Đặng Thái Hoàng
3396,"Tiêu chuẩn xây dựng Việt Nam TCXDVN 276:2003 về công trình công cộng - nguyên tắc cơ bản để thiết kế do Bộ Xây dựng ban hành, TCXDVN 276:2003"
3397," Luật xây dựng ban hành Số 50/2014/QH13, Ngày 18/06/2014"
3398,Kiến trúc cảnh quan/Hàn Tất Ngạn
3399,Nguyên lý thiết kế kiến trúc dân dụng kiến trúc nhà ở/ Nguyễn Đức Thiềm
3400, Nội thất kiến trúc
3401," Thiết kế kiến trúc nhà ở dân dụng/Nguyễn Đức Thiềm, Trần Bút"
3402,Architects’data
3403,"Tiêu chuẩn xây dựng Việt Nam TCXDVN 276:2003 về công trình công cộng - nguyên tắc cơ bản để thiết kế do Bộ Xây dựng ban hành, TCXDVN 276:2003"
3404," Luật xây dựng ban hành Số 50/2014/QH13, Ngày 18/06/2014"
3405,"Kiến trúc công trình công cộng - Tập 1/ Nguyễn Việt Châu, Nguyễn Hồng Thục"
3406,Kiến trúc cảnh quan/Hàn Tất Ngạn
3407,"Lý thuyết kiến trúc/Nguyễn Mạnh Thu, Phùng Đức Tuấn"
3408,Introduction to architecture
3409,Architects’data
3410,Thiết kế nội thất có minh họa/ Francis D.K. Ching; Đặng Thái Hoàng dịch
3411,Sổ tay các công trình xây dựng: Dữ liệu kiến trúc sư/Ernst Neufert
3412,"Cơ sở tạo hình kiến trúc/ Nguyễn Ngọc Gỉa, Võ Đình Diệp"
3413,Thiết kế kiền trúc nhà ở và nhà thương mại/Thomas Obermeyer
3414,Giáo trình bố cục 1 & 2.
3415,Tư duy và tổ hợp kiến trúc/Đặng Thái Hoàng ( Sưu tầm và giới thiệu )
3416,Nghệ thuật và chất liệu
3417,Ngôn ngữ và hình thức kiến trúc/Đặng Thái Hoàng
3418,"Công nghệ sản xuất ván nhân tạo, Tập1 (Ván dán và ván nhân tạo đặc biệt)"
3419,"Renewable energy resources / John Twidell, Tony Weir"
3420,"Công nghệ sản xuất ván nhân tạo, Tập 2 (Ván dăm và ván sợi)"
3421," Thiết kế kiến trúc nhà ở dân dụng/Nguyễn Đức Thiềm, Trần Bút"
3422,Công nghệ sản xuất vật liệu composite gỗ
3423,"Kiến trúc công trình công cộng - Tập 1/ Nguyễn Việt Châu, Nguyễn Hồng Thục"
3424,Power quality in Power Systems and Electric Machines
3425,Khoa học gỗ: Giáo trình Đại học Lâm nghiệp/ Lê Xuân Tình
3426,Sổ tay các công trình xây dựng: Dữ liệu kiến trúc sư/Ernst Neufert
3427,Thiết kế kiền trúc nhà ở và nhà thương mại/Thomas Obermeyer
3428,"Đường vào nghệ thuật nhiếp ảnh, tập 1,2"
3429,Tư duy và tổ hợp kiến trúc/Đặng Thái Hoàng ( Sưu tầm và giới thiệu )
3430,Ngôn ngữ và hình thức kiến trúc/Đặng Thái Hoàng
3431,150 Workouts For Student Photographers 
3432," Thiết kế kiến trúc nhà ở dân dụng/Nguyễn Đức Thiềm, Trần Bút"
3433,Basics Creative Photography: Design Principles
3434,Bài giảng môn chuyên đề năng lượng tái tạo
3435,Năng lượng tái tạo và sự phát triển bền vững
3436,Năng lượng tái tạo 
3437,Ứng dụng năng lượng mặt trời để đun nước nóng và sản xuất nước ngọt từ nước biển
3438,Tiềm năng và phương hướng khai thác các dạng năng lượng tái tạo ở Việt Nam
3439,Complete Digital Photography
3440,Phong điện nguồn năng lượng tái tạo cho Việt Nam
3441,Giáo trình Nhiếp ảnh
3442,Tự học chụp ảnh
3443,"Kiến trúc công trình công cộng - Tập 1/ Nguyễn Việt Châu, Nguyễn Hồng Thục"
3444,Năng lượng mặt trời và ứng dụng
3445,"Renewable energy resources / John Twidell, Tony Weir"
3446,Gíáo trình mỹ học đại cương
3447,"Mỹ học về cái đẹp, về nghệ thuật , về con người"
3448,Conversion of coal – fired power plants to cogeneration and conbined – cycle 
3449, Lò hơi - Tập 1+2
3450,Mỹ học đại cương
3451,Bài giảng môn chuyên đề năng lượng tái tạo
3452,Năng lượng tái tạo và sự phát triển bền vững
3453,Mỹ học kiến trúc
3454,Năng lượng tái tạo 
3455,Sổ tay các công trình xây dựng: Dữ liệu kiến trúc sư/Ernst Neufert
3456,"Mỹ học đại cương/Lê Văn Dương, Lê Đình Lục, Lê Hồng Vân"
3457,Sổ tay các công trình xây dựng: Dữ liệu kiến trúc sư/Ernst Neufert
3458,Bảo toàn và quản lý năng lượng trong công nghiệp và trong các tòa nhà
3459,Sổ tay các công trình xây dựng: Dữ liệu kiến trúc sư/Ernst Neufert
3460,Giáo trình mỹ học Mác – Lê Nin
3461,Ứng dụng năng lượng mặt trời để đun nước nóng và sản xuất nước ngọt từ nước biển
3462,Tiềm năng và phương hướng khai thác các dạng năng lượng tái tạo ở Việt Nam
3463,Thiết kế kiền trúc nhà ở và nhà thương mại/Thomas Obermeyer
3464,Architects’ data
3465,Phong điện nguồn năng lượng tái tạo cho Việt Nam
3466,"Tiêu chuẩn xây dựng Việt Nam TCXDVN 276:2003 về công trình công cộng - nguyên tắc cơ bản để thiết kế do Bộ Xây dựng ban hành, TCXDVN 276:2003"
3467,Thiết kế kiền trúc nhà ở và nhà thương mại/Thomas Obermeyer
3468,Năng lượng mặt trời và các ứng dụng
3469,"Luật xây dựng ban hành Số 50/2014/QH13, Ngày 18/06/2014"
3470,Thiết kế kiền trúc nhà ở và nhà thương mại/Thomas Obermeyer
3471,Kiến trúc cảnh quan/Hàn Tất Ngạn
3472,Nguyên lý thiết kế kiến trúc dân dụng - Kiến trúc nhà công cộng: Giáo trình đào tạo kiến trúc sư/ Nguyễn Đức Thiềm
3473,Tư duy và tổ hợp kiến trúc/Đặng Thái Hoàng ( Sưu tầm và giới thiệu )
3474,Tư duy và tổ hợp kiến trúc/Đặng Thái Hoàng ( Sưu tầm và giới thiệu )
3475,Tư duy và tổ hợp kiến trúc/Đặng Thái Hoàng ( Sưu tầm và giới thiệu )
3476,Nội thất kiến trúc
3477,Ngôn ngữ và hình thức kiến trúc/Đặng Thái Hoàng
3478,Architects’ data
3479,Năng lượng tái tạo 
3480,Ngôn ngữ và hình thức kiến trúc/Đặng Thái Hoàng
3481,"Tiêu chuẩn xây dựng Việt Nam TCXDVN 276:2003 về công trình công cộng - nguyên tắc cơ bản để thiết kế do Bộ Xây dựng ban hành, TCXDVN 276:2003"
3482,Ứng dụng năng lượng mặt trời để đun nước nóng và sản xuất nước ngọt từ nước biển
3483,"Luật xây dựng ban hành Số 50/2014/QH13, Ngày 18/06/2014"
3484,Ngôn ngữ và hình thức kiến trúc/Đặng Thái Hoàng
3485,Kiến trúc cảnh quan/Hàn Tất Ngạn
3486,Tiềm năng và phương hướng khai thác các dạng năng lượng tái tạo ở Việt Nam
3487,Giáo trình Nhập môn Công nghệ Kỹ thuật Nhiệt
3488," Thiết kế kiến trúc nhà ở dân dụng/Nguyễn Đức Thiềm, Trần Bút"
3489,Kiến trúc nhà công cộng: Giáo trình đào tạo kiến trúc sư/ Nguyễn Đức Thiềm 
3490,Sổ tay sinh viên 2017
3491,Nội thất kiến trúc
3492,Engineering fundamentals : an introduction to engineering / Saeed Moaveni; Ishan Sharma (SI edition prepared)
3493," Thiết kế kiến trúc nhà ở dân dụng/Nguyễn Đức Thiềm, Trần Bút"
3494,Sổ tay các công trình xây dựng: Dữ liệu kiến trúc sư/Ernst Neufert
3495," Thiết kế kiến trúc nhà ở dân dụng/Nguyễn Đức Thiềm, Trần Bút"
3496,Thiết kế kiền trúc nhà ở và nhà thương mại
3497,Tư duy và tổ hợp kiến trúc/ Đặng Thái Hoàng (Sưu tầm và Giới thiệu)
3498,Ngôn ngữ và hình thức kiến trúc
3499,"Kiến trúc công trình công cộng - Tập 1/ Nguyễn Việt Châu, Nguyễn Hồng Thục"
3500,"Kiến trúc công trình công cộng - Tập 1/ Nguyễn Việt Châu, Nguyễn Hồng Thục"
3501,"Kiến trúc công trình công cộng - Tập 1/ Nguyễn Việt Châu, Nguyễn Hồng Thục"
3502, Thiết kế kiến trúc nhà ở dân dụng
3503,Fuel cell technology handbook/ Gregor Hoogers
3504,Kiến trúc công trình công cộng
3505,"Fuel cell fundamentals / Ryan O'Hayre, Suk-Won Cha, Whitney G. Colella, Fritz B. Prinz"
3506,"Hydrogen fuel cells for road vehicles /Pasquale Corbo, Fortunato Migliardini, Ottor Veneri"
3507,"Kiến trúc công trình công cộng - Tập 1/ Nguyễn Việt Châu, Nguyễn Hồng Thục"
3508,Fuel cell technology: Reaching towards commercialization/ Nigel Sammes
3509,Sổ tay các công trình xây dựng: Dữ liệu kiến trúc sư/Ernst Neufert
3510,Sổ tay các công trình xây dựng: Dữ liệu kiến trúc sư/Ernst Neufert
3511,Công nghệ chế tạo ô tô
3512,Thiết kế kiền trúc nhà ở và nhà thương mại/Thomas Obermeyer
3513,Thiết kế kiền trúc nhà ở và nhà thương mại/Thomas Obermeyer
3514,The Automotive Body Manufacturing System and Process
3515,Tư duy và tổ hợp kiến trúc/Đặng Thái Hoàng ( Sưu tầm và giới thiệu )
3516,Tư duy và tổ hợp kiến trúc/Đặng Thái Hoàng ( Sưu tầm và giới thiệu )
3517,"Automotive Body, V1 and V2"
3518,Automotive painting processes
3519,Ngôn ngữ và hình thức kiến trúc/Đặng Thái Hoàng
3520,Ngôn ngữ và hình thức kiến trúc/Đặng Thái Hoàng
3521,Giáo trình quản lý dịch vụ ô tô
3522," Thiết kế kiến trúc nhà ở dân dụng/Nguyễn Đức Thiềm, Trần Bút"
3523,Service Advisor Training Course Book
3524," Thiết kế kiến trúc nhà ở dân dụng/Nguyễn Đức Thiềm, Trần Bút"
3525,Service Advisor Training Program
3526,Advisor Training Handbook
3527,"Kiến trúc công trình công cộng - Tập 1/ Nguyễn Việt Châu, Nguyễn Hồng Thục"
3528,"Kiến trúc công trình công cộng - Tập 1/ Nguyễn Việt Châu, Nguyễn Hồng Thục"
3529,Custumer Satisfaction
3530,Phong điện nguồn năng lượng tái tạo cho Việt Nam
3531,Bài giảng môn chuyên đề năng lượng tái tạo
3532,Internal combustion engine fundamentals / John B. Heywood
3533,An introduction to combustion: Consepts and Applications/Stephen R. Turns
3534,Thiết kế kiền trúc nhà ở và nhà thương mại/Thomas Obermeyer
3535,Ứng dụng máy tính trong mộ phỏng động cơ
3536,Engineering Fundamentals of the Internal Combustion Engine
3537,Advanced Engine Technology
3538,Tư duy và tổ hợp kiến trúc/ Đặng Thái Hoàng (Sưu tầm và Giới thiệu)
3539,"Combustion / Irvin Glassman, Richard A. Yetter, Nick G. Glumac"
3540,Ngôn ngữ và hình thức kiến trúc/Đặng Thái Hoàng
3541,The Thermodynamics and Gas Dynamics of Internal Combustion Engine
3542," Thiết kế kiến trúc nhà ở dân dụng/Nguyễn Đức Thiềm, Trần Bút"
3543,"Kiến trúc công trình công cộng/Nguyễn Việt Châu, Nguyễn Thúc Hoàng"
3544,Thực tập động cơ đốt trong
3545,Thực tập hệ thống điều khiển động cơ
3546,Động cơ đốt trong
3547,Tính toán động cơ đốt trong
3548,Điện động cơ và điều khiển động cơ/ Đỗ Văn Dũng
3549,Hệ thống điện thân xe và điều khiển tự động trên ô tô/ Đỗ Văn Dũng
3550,"Fundamentals of Engineering Graphics, Cesil Jesen"
3551,"Automobile electrical and electronic system, 3rd edition"
3552,"Understanding automotive electronics, 8th edition"
3553,"Động cơ đốt trong 2:Giáo trình dành cho sinh viên Đại học chính quy, Đại học khối k3/7/Nguyễn Văn Trạng"
3554,Design of Automotive Engines
3555,Vẽ kiến trúc - Tập 2/Đặng Văn Cứ- Nguyễn Văn Tuấn
3556,The Internal Combustion Engine in Theory and Practice
3557,"Động cơ đốt trong 1:Môn học: 1230021 - Động cơ đốt trong 1; Giáo trình cho sinh viên đại học, cao đẳng, khối K/Nguyễn Văn Trạng"
3558,Nguyên lý động cơ đốt trong /Nguyễn Tất Tiến
3559,"Bài tập vẽ kiến trúc - Tập 1/Trần Hữu Quế, Nguyễn Văn Tuấn"
3560,Internal combustion engine fundamentals / John B. Heywood
3561,Engineering Fundamentals of the Internal Combustion Engine
3562,"Bản vẽ kỹ thuật tiêu chuẩn quốc tế/Trần Hữu Quế, Nguyễn Văn Tuấn(dịch)"
3563,"Hình học họa hình - Tập 1:Phương pháp hai hình chiếu thẳng góc, Phương pháp hình chiếu trục đo/Nguyễn Đình Điện (Chủ biên), Đỗ Mạnh Môn"
3564,Giáo trình nhập môn Công nghệ Kỹ thuật Ô tô
3565,Giáo trình điện tử nhập môn Công nghệ Kỹ thuật Ô tô
3566,Engineering: Issues Challenges and Opportunities for Development
3567,Introduction to Engineering Ethics
3568,"Exploring Engineering – An Introduction to Engineering and Design, 4th Edition"
3569,Tài liệu đào tạo TEAM 21
3570,Toyota computer control system
3571,Advanced automotive fault diagnosis
3572,"Diagnosis and troubleshooting of automotive electrical, electronic and computer system"
3573,"Hóa phân tích:Dùng cho sinh viên không chuyên Hóa/Hồ Thị Yêu Ly, Phan Thị Anh Đào"
3574,"Automotive fuel and emissions control systems, 4th edition"
3575,"Fundamentals of analytical chemistry / Douglas A. Skoog, Donald M. West, F. James Holler, Stanley R. Crouch"
3576,Giáo trình thực tập động cơ đốt trong
3577,Auto engine repair (6th ed.)
3578,"Automotive Engines: Diagnosis, Repair, Rebuilding (6th Edition)"
3579,Bài giảng Công nghệ chế biến lương thực
3580,Food additives
3581,Advanced automotive fault diagnosis
3582,Analytical methods for food additives
3583,"Diagnosis and troubleshooting of automotive electrical, electronic and computer system"
3584, Handbook of herbs and spices
3585,"Automotive fuel and emissions control systems, 4th edition"
3586,"Principles of fermentation technology / Peter F. Stanbury, Allan Whitaker, Stephen J. Hall"
3587,Bài giảng Công nghệ lên men
3588,Microbial Growth Kinetics
3589,Practical Fermentation Technology
3590,"Vẽ kỹ thuật xây dựng:Môn học: 1217100 - Vẽ kỹ thuật trong xây dựng; Đã được Hội đồng môn học của Bộ Giáo dục và Đào tạo thông qua dùng làm tài liệu giảng dạy cho các trường Đại học Kĩ thuật/Đoàn Như Kim, Nguyễn Quang Cự, Dương Tiến Thọ"
3591,Hóa sinh học: Đã được hội đồng thẩm định sách của bộ giáo dục và đào tạo giới thiệu làm sách dùng chung cho các trường đại học sư phạm
3592,Tính toán nhiệt và Động lực học động cơ đốt trong
3593,Nguyên lý động cơ đốt trong /Nguyễn Tất Tiến
3594,"Vẽ kỹ thuật xây dựng:Môn học: 1217100 - Vẽ kỹ thuật trong xây dựng; Đã được Hội đồng môn học của Bộ Giáo dục và Đào tạo thông qua dùng làm tài liệu giảng dạy cho các trường Đại học Kĩ thuật/Đoàn Như Kim, Nguyễn Quang Cự, Dương Tiến Thọ"
3595,Hóa học thực phẩm/Hoàng Kim Anh
3596,Tính toán Động cơ đốt trong
3597,"Biochemistry - 7th Edition,"
3598,Giáo trình dao động và tiếng ồn ô tô/ Lâm Mai Long
3599,"Lehnigher Principles of Biochemistry – 6th Edition,"
3600,Motorova vozidla CVUT Praha
3601,Vehicle refinement – Controlling noise  and vibration
3602,Food Biotechnology (Second edition)
3603,"Fundamentals of Food Biotechnology, (Second edition)"
3604,Công nghệ sinh học/Nguyễn Đức Lượng
3605,Vehicle Dynamics and Control
3606,MATLAB Documentation
3607,"Công nghệ tế bào/Nguyễn Đức Lượng, Lê Thị Thuỷ Tiên"
3608,ANSYS Documentation
3609,Công nghệ enzyme
3610,Mathematical Modeling and Simulation
3611,Công nghệ sinh học – tập 1
3612,"Hình học họa hình - Tập 1:Hình chiếu thẳng góc, hình chiếu trục đo/Nguyễn Mạnh Dũng (Chủ biên), Nguyễn Văn Điểm"
3613,"Phương pháp tính ứng dụng với matlab/ Nguyễn Hoài Sơn, Nguyễn Quận, Trang Tấn Triển, Lâm Phát Thuận"
3614,Nhập môn công nghệ sinh học /Phạm Thành Hổ
3615,MATLAB Programming for Engineers
3616,Applicationof Biotechnology to Traditional fermented food
3617,Mô phỏng động lực học trên ô tô bằng các phần mềm máy tính
3618,Plant biotechnology and transgenic plant
3619,Giáo trình ANSYS - phân tích ứng suất và biến dạng/Đỗ Thành Trung
3620,Animal cell technology: challenges for the 21st century
3621,"Giáo trình Ansys - Phân tích cơ cấu động/ Phạm Sơn Minh, Đỗ Thành Trung"
3622,Bài giảng thực tập sửa chữa thân vỏ ô tô ĐHSPKT TP.HCM
3623,Hóa sinh đại cương/ Đặng Thị Ngọc Dung
3624,Tài liệu đào tạo kỹ thuật TOYOTA – Kỹ thuật sửa chữa thân vỏ và sơn xe
3625,"Các quá trình, thiết bị trong công nghệ hóa học và thực phẩm : Công nghệ lạnh :Tập 1 /Trần Đức Ba, Nguyễn Tấn Dũng, Lê Văn Tán,..."
3626,"Công nghệ lạnh ứng dụng trong sản xuất nước đá, đá khô và nước giải khát/Nguyễn Tấn Dũng, Trịnh Văn Dũng, Trần Ngọc Hào, Trần Đức Ba"
3627,"Các quá trình và thiết bị truyền khối, Tập 3"
3628,"Introduction to Food Engineering, 3rd"
3629,"Bài giảng thực tập hệ thống treo, lái, góc đặt bánh xe và hệ thống phanh trên ô tô"
3630,Unit Operation in Food Engineering
3631,"Génie des procédés alimantaires, des bases aux applications"
3632,Modern Automotive Technology
3633,Wheel alignment
3634,"Các quá trình, thiết bị trong công nghệ hóa chất và thực phẩm -Tập 5 :Các quá trình hóa học /Nguyễn Bin"
3635,"Suspension system, Tems and Emas"
3636,Steering system
3637,Food Microbiology
3638,Electric steering system
3639,Braking system
3640,Food Microbiology. Second EditionSoftware
3641,Food analysis / Edited by S. Suzanne Nielsen
3642,ABS &TRC
3643,Bài giảng thực tập hệ thống truyền lực ô tô
3644,Phân tích hóa học thực phẩm
3645,Modern Automotive Technology
3646,"Ly hợp, hộp số MT"
3647,Hộp số tự động AT
3648,Hộp số tự động ECT
3649,"Trục các đăng, cầu chủ động"
3650,4WD
3651,Food Packaging Technology
3652,Lý thuyết ô tô
3653,Bài giảng Bao bì thực phẩm
3654,Thiết kế ô tô
3655,"Lý thuyết ô tô máy kéo/Nguyễn Hữu Cẩn(ch.b), Dư Quốc Thịnh, Phạm Minh Thái,..."
3656,"Các quá trình công nghệ cơ bản trong sản xuất thực phẩm/ Lê Bạch Tuyết, Lưu Duẩn, Hà Văn Thuyết...."
3657,"Kết cấu và tính toán ô tô máy kéo  – Tập 1, 2, 3"
3658,"Công nghệ chế  biến thực phẩm/Lê Văn Việt Mẫn (ch.b.), Lại Quốc Đạt, Nguyễn Thị Hiền,..."
3659,Tài liệu hướng dẫn ĐAMH Thiết Kế Ô Tô (tài liệu Bộ môn)
3660,"Automotive Handbook, 4th edition"
3661,"Hóa sinh học công nghiệp/Lê Ngọc Tú (ch.b.), La Văn Chứ, Đặng Thị Thu,..."
3662,Vehicle and Engine Technology/Heinz Heisler
3663,Hóa học thực phẩm/Hoàng Kim Anh
3664,"""Giáo trình Nghiên cứu và phát triển sản phẩm mới """
3665,Course Note: Food Product Development
3666,Food Product Development (FST 650 Syllabus
3667,Bài giảng Phát triển sản phẩm mới
3668,Quản lý và kiểm tra chất lượng thực phẩm
3669,Sensory Evaluation of Food: Statistical Methods and Procedures Food Science and Technology
3670,"Sensory evaluation techniques / Morten C. Meilgaard, Gail Vance Civille, B. Thomas Carr"
3671,"""Cơ sở thiết kế nhà máy hóa thực phẩm ""/ Trần Đình Yến"
3672,"Giáo trình thiết kế nhà máy cơ khí, phần đại cương"
3673,Food quality assurance : Principles and practices / Inteaz Alli
3674,Xử lý nước thải sinh hoạt và công nghiệp/Lâm Minh Triết
3675,Bài giảng Quản trị chất lượng thực phẩm/ Th.S Nguyễn Đặng Mỹ Duyên
3676, Quản lý chất lượng đồng bộ/ PGS. PTS. Trần Thị Dung
3677,Biological nutrient removal (BNR) operation in wastewater treatment plants : WEF Manual of practice No. 29 (ASCE/EWRI Manuals and reports on engineering Practice No.109)
3678,"Environmental biotechnology: principles and applications/ Bruce E. Rittmann, Perry L. McCarty"
3679,Environmetal Chemistry/Staney  E. Manahan
3680,Quản lý chất lượng sản phẩm/ PGS. TS. Đặng Đức Dũng
3681,Bài tập thực hành quản lý chất lượng thực phẩm/ TS. Nguyễn Văn Hiệu
3682,Cơ sở tiêu chuẩn hóa và đo lường/ PGS. TS. Trần Thị Dung
3683,Các văn bản pháp quy  về quản lý an toàn vệ sinh thực  phẩm
3684,Tiêu chuẩn Việt Nam. TCVN 4513–88. Cấp nước bên trong- Tiêu chuẩn thiết kế
3685,Áp dụng ISO 9000-HACCP-GMP trong ngành thủy sản - thực phẩm thức uống/ STS – VINATEST
3686,Cấp thoát nước :Giáo trình dùng cho sinh viên đại học chuyên ngành: Kiến trúc xây dựng /Hoàng Huệ
3687,"Công nghệ bảo quản lạnh thực phẩm/ Nguyễn Tiến Lực, Đặng Thị Ngọc Dung"
3688,Bài giảng Sản xuất sạch hơn/ Nguyễn Tiến Lực
3689,Hệ thống ống nước :Lắp đặt - sữa chữa - bảo trì /Phạm Cao Hoàn dịch
3690,"Technilogical Freezing Food (Book), Vol. 1/ Dzung N.T, Ba T.D"
3691,"Heat Transfer from Hams During Freezing by Low-Temperature Air/ Clary, B.L., G.L. Nelson, and R.E. Smith."
3692,"A New Method for Prediction of Surface Heat Transfer Coefficients in Freezing/ Cleland, A.C., and R.L. Earle."
3693,"A Comparison of Analytical and Numerical Methods of Predicting the Freezing Times of Foods/ Cleland, A.C., and R.L. Earle."
3694,"Cấp thoát nước/ Trần Hiếu Nhuệ (Ch.b) ; Trần Đức Hạ, Đỗ Hải, Ứng Quốc Dũng, Nguyễn Văn Tín"
3695,"Heat transfer process and heat transfer equipment (Book)/ Bon PV, Tho ND"
3696,Bài giảng Thông Gió và xử lý tiếng ồn/
3697,Kỹ thuật thông gió /Trần Ngọc Chấn
3698,"Advanced air and noise pollution control : Volume 2: Handbook of Environmental Engineering / Lawrence K. Wang, Norman C. Pereira, Yung-Tse Hung (edited); Kathleen Hung Li (consulting editor)"
3699,"MHW’s Water Treatment, Principals and Design/John C. Crittenden, R. Rhodes Trussell"
3700,Tính toán thiết kế các công trình trong hệ thống cấp nước sạch /Trịnh Xuân Lai 
3701,"Cấp nước - Mạng lưới đường ống và công trình, Tiêu chuẩn thiết kế "
3702,"Solid Waste engineering : A global Perspective - Third edition / William A. Worrell, P. Aarne Vesilind, Christian Ludwig"
3703,Handbook of Solid waste management - 2ndedition/Frank Kreith 
3704,"Waste management practices - Municipal, Hazardous, and Industrial/John Pichtel "
3705,"Soil pollution : Origin, monitoring & remediation / Ibrahim A. Mirsal"
3706,"Principles and Practice of Soil Science, The soil as a natural resource. 4th Ed./R.E. White"
3707,"Đất và môi trường/Lê Văn Khoa, Nguyễn Xuân cự, Lê Đức, Trần khắc Hiệp, Trần Cẩm Vân"
3708,Practical Design Calculations for Groundwater and Soil Remediation/Kuo. Jeff
3709,Bài giảng Thí nghiệm xử lý nước thải
3710,Vi sinh vật và nước thải/Lâm Minh Triết
3711,Advances in water and wastewater treatment technology/Tomonori Matsuo
3712,"Xử lý nước thải công nghiệp/Trịnh Xuân Lai, Nguyễn Trọng Dương"
3713,Fundamentals of Biological Wastewater Treatment/Udo Wiesmann
3714,Quá trình và thiết bị công nghệ hóa học và thực phẩm - Tập 2 : Các quá trình và thiết bị truyền nhiệt  - Phần 1 : Cơ sở lý thuyết về truyền nhiệt/Nguyễn Tấn Dũng
3715,Quá trình và thiết bị công nghệ hóa học và thực phẩm - Tập 2 : Các quá trình và thiết bị truyền nhiệt  - Phần 2: Các quá trình và thiết bị truyền nhiệt trong thực phẩm/Nguyễn Tấn Dũng
3716,"Environmental engineering / Ruth F. Weiner, Robin A. Matthews"
3717,Biotechnology for waste and wastewater treatment/Nicholas P. Cheremisinoff
3718,Quá trình và thiết bị công nghệ hóa học và thực phẩm - Tập 2 : Quá trình và thiết bị truyền nhiệt  - Phần 3 : Các quá trình và thiết bị làm lạnh và làm lạnh đông/Nguyễn Tấn Dũng
3719,Quá trình và thiết bị công nghệ hóa học và thực phẩm : Công nghệ lạnh ứng dụng trong thực phẩm (Sách chuyên khảo) / Nguyễn Tấn Dũng
3720,"Bài giảng, Thiết kế hệ thống cấp nước bằng Epanet"
3721,"Introduction to Food Engineering, 5rd/ R. Paul Singh, Dennis R Heldman."
3722,Hướng dẫn sử dụng Epanet/Lê Đình Hồng
3723,Hướng dẫn đồ án mạng lưới cấp thoát nước/Hoàng Huệ
3724,"Unit Operation in Food Engineering/ Albert Ibarz, Gustavo V. Barbosa- Canovas"
3725,"Génie des procédés alimantaires, des bases aux applications/ Jean-Jacques Bimbenet, Albert Duquenoy, Gilles Trystram, Dunod"
3726,"Thực tập xử lý nước cấp: Dùng cho môn học: Thực tập xử lý nước cấp. Giáo trình dùng cho sinh viên ngành CNKT Môi trường/ Trần Thị Kim Anh, Hoàng Thị Tuyết Nhung"
3727,Quá trình và thiết bị công nghệ hóa học và thực phẩm:Bài tập truyền nhiệt/Phạm Văn Bôn
3728,"""Nhập môn ngành Công nghệ thực phẩm """
3729,Xử lý nước cấp cho sinh hoạt và công nghiệp/ Trịnh Xuân Lai
3730,Công nghệ môi trường - Tập 1 :Xử lý nước /Hoàng Văn Huệ
3731,Xử lý nước cấp:Giáo trình dùng cho chuyên ngành cấp và thoát nước/Nguyễn Ngọc Dũng
3732,Xử lý cấp nước sinh hoạt và công nghiệp/Nguyễn Thị Thu Thủy
3733,Advances in water and wastewater treatment technology/Tomonori Matsuo
3734,Handbook of Water and Wastewater Treatment Technologies/Nicholas P. Cheremisinoff
3735,"Environmental engineering / Ruth F. Weiner, Robin A. Matthews"
3736,Lawrie’s meat science:7th ed/  Lawrie R. A.
3737,"Meat science, milk science and technology/ Cross H. R."
3738,"Sổ tay quá trình và thiết bị công nghệ hóa chất - Tập 1 :Cơ sờ lý thuyết, phương pháp tính toán, tra cứu số liệu và thiết bị /Trần Xoa, Nguyễn Trọng Khuông, Hồ Lê Viên"
3739,"Công nghệ chế biến thực phẩm thủy sản - Tập II:Ướp muối, chế biến nước mắm, chế biến khô và thức ăn liền/Nguyễn Trọng Cẩn, Đỗ Minh Phụng, Nguyễn Việt Dũng,..."
3740,Nguyên lý sản xuất đồ hộp thực phẩm/  Nguyễn Trọng Cẩn
3741,"Các quá trình và thiết bị truyền khối, Tập 3/ Nguyễn Tấn Dũng"
3742,"Quá trình và thiết bị công nghệ hóa học và thực phẩm: Kỹ thuật và công nghệ sấy thăng hoa (Sách chuyên khảo) - Dùng cho môn học: Quá trình và thiết bị truyền nhiệt, Quá trình thiết bị truyền khối, Quá trình thiết bị trong công nghệ môi trường,.../ Nguyễn Tấn Dũng"
3743,"Các quá trình và thiết bị công nghệ hóa chất và thực phẩm - Tập 1 : Các quá trình và thiết bị cơ học / Trần Hùng Dũng, Nguyễn Hữu Hiếu, Nguyễn Văn Lục… . $nQuyển 2 : $pPhần riêng bằng: màng, lực ly tâm, không khí, thủy lực; vận chuyển lưu chất : bơm quạt, máy nén tính hệ thống đường ống"
3744,Quá trình và thiết bị công nghệ hóa học và thực phẩm:Kỹ thuật và công nghệ sấy thăng hoa (Sách chuyên khảo)/Nguyễn Tấn Dũng
3745,"Unit Operations of Chemical Engineering/McCabe, Smith, and Harriott"
3746,"Thu hồi và hoàn thiện sản phẩm lên men: Dùng cho môn học: Đồ án QT&TB, đồ án tốt nghiệp/ Nguyễn Tấn Dũng, Mai Thị Hải Anh, Đỗ Thùy Khánh Linh, Nguyễn Đặng Mỹ Duyên, Đặng Thị Ngọc Dung"
3747,The method to determine the rate of freezing water inside product: The method to determine the rate of freezing water inside product of the freezing process/ Nguyen Tan Dzung
3748,"Introduction to food engineering / R. Paul Singh, Dennis R. Heldman"
3749,"Unit Operation in Food Engineering/ Albert Ibarz, Gustavo V. Barbosa- Canovas"
3750,"Génie des procédés alimantaires, des bases aux applications/ Jean-Jacques Bimbenet, Albert Duquenoy, Gilles Trystram, Dunod"
3751,"Các quá trình và thiết bị công nghệ hóa chất và thực phẩm - Tập 1 : Các quá trình và thiết bị cơ học / Trần Hùng Dũng, Nguyễn Hữu Hiếu, Nguyễn Văn Lục… . $nQuyển 2 : $pPhần riêng bằng: màng, lực ly tâm, không khí, thủy lực; vận chuyển lưu chất : bơm quạt, máy nén tính hệ thống đường ống"
3752,Quá trình và Thiết bị Công nghệ Hóa học và Thực phẩm/ Nguyễn Bin
3753,"Sổ tay quá trình và thiết bị công nghệ hóa chất - Tập 1 :Cơ sờ lý thuyết, phương pháp tính toán, tra cứu số liệu và thiết bị /Trần Xoa, Nguyễn Trọng Khuông, Hồ Lê Viên"
3754,"An Introduction to Nutrition./ Beth Snow, Maureen Zimmerman"
3755,"Sổ tay quá trình và thiết bị công nghệ hóa chất -Tập 2 /Trần Xoa, Nguyễn Trọng Khuông, Phạm Xuân Toản"
3756,"Dinh dưỡng và vệ sinh an toàn thực phẩm/ Hà Huy Khôi, Phạm Duy Tường, Nguyễn Công Khẩn chủ biên...và những người khác"
3757,"Unit Operations of Chemical Engineering/McCabe, Smith, and Harriott"
3758,Dinh dưỡng và thực phẩm/Nguyễn Ý Đức
3759,"Dinh dưỡng hợp lý và sức khỏe/ Hà Huy Khôi, Từ Giấy"
3760,"""Ăn điều trị trong một số bệnh thường gặp.   ""/ Phan Thị Kim, Nguyễn Văn Xang"
3761,"Xây dựng Cơ Cấu Bữa Ăn/ Từ Giấy, Bùi Thị Nhu Thuận, Hà Huy Khôi."
3762,"Thực tập vi sinh kỹ thuật môi trường: Dùng cho môn học: Thực tập vi sinh kỹ thuật môi trường/ Nguyễn Mỹ Linh, Nguyễn Thị Tịnh Ấu"
3763,"Dinh dưỡng cận đại, độc hại an toàn thực phẩm và sức khỏe bền vững = Advanced nutrition, nutritional toxicology food safety and sustainable health/ Bùi Minh Đức, Nguyễn Công Khẩn, Bùi Minh Thu....và những người khác"
3764,Vi sinh vật và nước thải/Lâm Minh Triết
3765,Vệ sinh an toàn thực phẩm/ Viện vệ sinh y tế công cộng TP. Hồ Chí Minh
3766,Ô nhiễm không khí và xử lý khí thảiTrần Ngọc Chấn/$nT2: $pCơ học về bụi và phương pháp xử lý bụi /
3767,Vi sinh vật học và an toàn vệ sinh thực phẩm/Lương Đức Phẩm
3768,Ô nhiễm không khí và xử lý khí thảiTrần Ngọc Chấn/$nT3:$pLý thuyết tính toán và công nghệ xử lý khí độc hại /
3769,"Vệ sinh và an toàn thực phẩm/Nguyễn Đức Lượng, Phạm Minh Tâm"
3770,Tài Liệu Tập Huấn: Vệ Sinh Và An Toàn Thực Phẩm/ Hội Khoa Học Kỹ Thuật Việt Nam
3771,"Mối nguy vệ sinh an toàn thực phẩm  – Chương trình kiểm soát GMP, GHP và hệ thống quản lý chất lượng vệ sinh an toàn thực phẩm HACCP/ Trần Đáng"
3772,Lý thuyết dinh dưỡng:Giáo trình Cao đẳng Sư phạm/Lương Thị Kim Tuyến
3773,Occupational safety and industrial environments/Hoàng Trí 
3774,"Student study guide & solutions manual Organic Chemistry, 2nd edition/ David Klein"
3775,Introduction to Health and Safety at Work/Nebosh 
3776,"Sugar confectionery and chocolate manufacture / R. Lees, E. B. Jackson"
3777,Wheat and Flour Testing Methods – A guide to Understanding Wheat and Flour Quality/ Wheat Marketing Center
3778,General guidance for the Environment/International Finance Corporation 
3779,nvestigating occupational accidents and occupational diseases/International Labour Organization 
3780,"Hands-on machine learning with Scikit-Learn & TensorFlow: Concepts, tools, and techniques to buid intelligent systems/  Aurélien Géron"
3781,Giáo trình công nghệ sản xuất các sản phẩm từ sữa và thức uống pha chế - Tập 2:Công nghệ sản xuất thức uống pha chế/Lê Văn Việt Mẫn
3782,Giáo trình công nghệ chế biến sữa và các sản phẩm từ sữa/ Lâm Xuân Thanh
3783,"Các quá trình công nghệ cơ bản trong sản xuất thực phẩm/ Lê Bạch Tuyết, Lưu Duẩn, Hà Văn Thuyết...."
3784,Giáo trình thực tập CNCB sữa/ TS. Hồ Thị Nguyệt Thu
3785,"Thí nghiệm công nghệ thực phẩm/Nguyễn Thị Hiền (ch.b.), Lại Quốc Đạt, Lê Văn Việt Mẫn,..."
3786,"Nhập môn ngành CN Kỹ thuật Môi trường/Nguyễn Thị Tịnh Ấu, Hoàng Thị Tuyết Nhung"
3787,Công nghệ sản xuất các sản phẩm từ sữa và thức uống - Tập 1: Công nghệ sản xuất các sản phẩm từ sữa/ Lê Văn Việt Mẫn 
3788,Giáo trình công nghệ các sản phẩm sữa/ Lâm Xuân Thanh
3789,Nghề môi trường
3790,"Dairy science and technology / Pieter Walstra, Jan T. M. Wouters, Tom J. Geurts"
3791,Dairy processing handbook
3792,"Handbook of Dairy Foods and Nutrition, Second Edition/ Miller G.D., Jarvis J.K., McBean L.D."
3793,Ứng dụng GIS trong quản lý tài nguyên thiên nhiên/TS. Nguyễn Kim Lợi
3794,GIS và viễn thám trong quản lý tài nguyên rừng và môi trường/PGS. TS. Bảo Huy
3795,"ESRI, ArcGIS user guide"
3796,"Introduction to environmental engineering / P. Aarne Vesilind, Susan M. Morgan, Lauren G. Heine"
3797,Hóa keo:Hóa lý các hệ vi dị thể và hiện tượng bề mặt/Mai Hữu Khiêm
3798,Hóa lý in/Nguyễn Ngọc Thích
3799,Hydrocolloids in Food Processing/ Thomas R. Laaman
3800,Thí nghiệm thực tập Công nghệ chế biến thịt và Thủy sản / Nguyễn Tiến Lực
3801,"Lawrie’s meat science, Woodhead Publishing limited, 336 p/ Lawrie R. A"
3802,"Meat science, milk science and technology/ Cross H. R. "
3803,Giáo trình Con người và môi trường / Bộ Giáo dục và Đào tạo
3804,Công nghệ chế biến thủy sản/ Nguyễn Trọng Cẩn
3805,Nguyên lý sản xuất đồ hộp thực phẩm/ Nguyễn Trọng Cẩn
3806,"Chemistry for engineering students / Lawrence Stephen Brown, Thomar A. Holme"
3807,Quá trình và thiết bị công nghệ hóa học và thực phẩm - Tập 2 : Các quá trình và thiết bị truyền nhiệt  - Phần 1 : Cơ sở lý thuyết về truyền nhiệt/Nguyễn Tấn Dũng
3808,"Các quá trình và thiết bị truyền nhiệt, Tập 2 (Phần 1, 2, 3)/ Nguyễn Tấn Dũng"
3809,Quá trình và thiết bị công nghệ hóa học và thực phẩm - Tập 2 : Quá trình và thiết bị truyền nhiệt  - Phần 3 : Các quá trình và thiết bị làm lạnh và làm lạnh đông/Nguyễn Tấn Dũng
3810,Hóa đại cương / Nguyễn Đình Soa
3811,"Introduction to Food Engineering, 3rd/ R. Paul Singh, Dennis R Heldman."
3812,Chemistry: A molecular approach/ Nivaldo J. Tro
3813,"Unit Operation in Food Engineering/ Albert Ibarz, Gustavo V. Barbosa- Canovas"
3814,Giáo trình cơ lưu chất
3815,Hướng dẫn giải các bài tập cơ bản trong cơ học thuỷ khí/ Nguyễn Quốc Ý
3816,"Génie des procédés alimantaires, des bases aux applications/ Jean-Jacques Bimbenet, Albert Duquenoy, Gilles Trystram, Dunod"
3817,"Fundamentals of Fluid Mechanics/ Munson, Young, Okiishi, Huensch"
3818,Quá trình và Thiết bị Công nghệ Hóa học và Thực phẩm – Bài tập Truyền Nhiệt/ Phạm Văn Bôn
3819,"Manley's technology of biscuits, crackers and cookies / Edited by Duncan Manley"
3820,"Bakery products science and technology / Weibiao Zhou (editors), Y. H. Hui (Administrative editor)"
3821,Tối ưu hóa thực nghiệm trong hóa học và kỹ thuật hóa học/Nguyễn Đình Soa
3822,"Sugar confectionery and chocolate manufacture / R. Lees, E. B. Jackson"
3823,Các bài toán cơ bản của tối ưu hóa và điều khiển tối ưu/PGS. TS. Nguyễn Nhật Lệ
3824,Tối ưu hóa ứng dụng/PGS. TS. Nguyễn Nhật Lệ 
3825,Tối ưu hóa hệ thống cấp thoát nước và môi trường / Phan Vĩnh Cẩn
3826,"Optimization of Solid Waste Conversion Process and Risk Control of Groundwater Pollution / Beidou Xi, Yonghai Jiang "
3827,"Giáo trình công nghệ chế biến chè, cà phê, cacao/ Nguyễn Tiến Lực"
3828,"Thí nghiệm thực tập Công nghệ chế biến trà, cà phê, ca cao/ Nguyễn Tiến Lực"
3829,"""Hướng dẫn thực tập ""/ Nguyễn Tiến Lực"
3830,Enineering Optimization – Theory and Practice / Singeresu S. Rao
3831,"Coffee – Recent Developments/ Clarke, R. J. and Vitzthum"
3832,The science of chocolate / Stephen T Beckett
3833,"Industrial Chocolate Manufacture and Use, 4th Edition/ Beckett, S., T."
3834,"Food Chemistry, 4th Revised and Extended Edition/ Belitz, H. D., Grosch, W., Schieberle"
3835,"Giáo trình công nghệ chế biến chè, cà phê, cacao/ Nguyễn Tiến Lực"
3836,"""Bài giảng  Công nghệ chế biến trà, cà phê, ca cao ""/ Nguyễn Tiến Lực"
3837,Environmental System Optimization / Douglas A. H.
3838,"Coffee – Recent Developments/ Clarke, R. J. and Vitzthum"
3839,The science of chocolate / Stephen T Beckett
3840,"Industrial Chocolate Manufacture and Use, 4th Edition/ Beckett, S., T."
3841,"Food Chemistry, 4th Revised and Extended Edition/ Belitz, H. D., Grosch, W., Schieberle"
3842,Bài giảng thực hành CNSX Nước giải khát & Rau quả/ Đặng Thị Ngọc Dung
3843,Công nghệ chế biến đồ uống/ Lê Văn Việt Mẫn
3844,"Công nghệ sau thu hoạch và chế biến rau quả/ Nguyễn Vân Tiếp, Quách Đĩnh, Nguyễn Văn Thoa"
3845,Nước giải khát/ Nguyễn Đình Thường
3846,"Kỹ thuật sản xuất đồ hộp rau quả/ Nguyễn Vân Tiếp, Quách Đĩnh, Ngô Mỹ Văn"
3847,Công nghệ bảo quản & chế biến rau quả / Tôn Nữ Minh Nguyệt
3848,"Fruit juice processing technology/ Steven Nagy Chin Shi Chen, Philip E. Shaw"
3849,"""Bài giảng thực hành Công nghệ chế biến lương thực ""/ Nguyễn Đặng Mỹ Duyên"
3850,Bảo quản và chế biến nông sản sau thu hoạch/ Trần Minh Tâm
3851,"Kỹ thuật chế biến lương thực - T. 2/Bùi Đức Hợi (ch.b.), Lê Hồng Khanh, Mai Văn Lề,..."
3852,"Bảo quản lương thực/ Mai Lê, Bùi Đức Hợi, Lương Hồng Nga"
3853,"Practical Research Methods: How to books/Dawson, Catherine"
3854,"Protein stability, flexibility and function. Biochimica et Biophysica Acta (BBA) - Proteins & Proteomics/ Kaare Teilum, Johan G. Olsen, Birthe B. Kragelund"
3855,Tập bài giảng: Nhập môn ngành CN Kỹ thuật Hóa học
3856,Bài giảng Kỹ thuật phòng thí nghiệm và an toàn hóa chất
3857,"An toàn trong phòng thí nghiệm hóa học/ Huỳnh Kỳ Phương Hạ, Ngô Văn Cờ, Nguyễn Lệ Trúc"
3858,Kỹ thuật an toàn trong phòng thí nghiệm hóa học /Trần Kim Tiến
3859,"Microsoft Office Professional 2013 Step By Step/ Beth Melton, Mark Dodge, Echo Swinford, Andrew Couch, Eric Legault, Ben M. Schorr, Ciprian Adrian Rusen"
3860,How to Write & Publish a Scientific Paper/ Robert. A. Day
3861,"Bài tập hóa học đại cương : Câu hỏi giáo khoa, bài tập tự luận, bài tập trắc nghiệm có lời giải / Nguyễn Đức Chung"
3862,"Bài tập hoá học đại cương - Tập 1:Các khái niệm và định luật căn bản, Cấu tạo nguyên tử - Định luật tuần hoàn, liên kết hoá học, trạng thái tập hợp vật chất, các nguyên lý nhiệt động lực học/Nguyễn Đức Chung"
3863,"Bài tập hóa học đại cương - Tập 2:Câu hỏi giáo khoa, bài tập tự luận, bài tập trắc nghiệm có lời giải/Nguyễn Đức Chung"
3864,Hóa học đại cương/Nguyễn Đình Soa
3865,Bài giảng hướng dẫn thực hành hóa đại cương 
3866,Phương pháp luận nghiên cứu/ Vũ Cao Đàm 
3867,"Bài tập hóa học đại cương : Câu hỏi giáo khoa, bài tập tự luận, bài tập trắc nghiệm có lời giải / Nguyễn Đức Chung"
3868,"Hóa vô cơ, tập 3/ Hoàng Nhâm "
3869,"Quản trị học căn bản/ Trần Đăng Thịnh, Nguyễn Thị Hồng, Phan Thị Thanh Hiền"
3870,"Fundamental of Management. Pearson Publisher. / Robbins, S.P., Coulter, M., Decenzo, D.A."
3871,Skills of workplace communication: A handbook for t and d specialists and their organizations/ Richard P. Picardi
3872,"Business and technical communication: An annotated guide to sources, skills, and samples/ Sandra E. Belanger, Susan Lee Kendall, Toby Leigh Matoush, Yuhfen Diana Wu"
3873,"""Problem solving and Decision making, Solf skills for a digital place""/ Jeff Butterfield"
3874,"""Critical Thinking Skills Developing Effective Analysis and Argument""/ Stella Cottrell"
3875,Cơ học lưu chất ứng dụng/ Phạm Văn Vĩnh
3876,Cơ sở công nghệ vi điện tử và vi hệ thống/Nguyễn Nam Trung
3877,"Quantitative chemical analysis/ Daniel C. Harris, Charles A. Lucy"
3878,"Solutions manual for quantitative chemical analysis/ Daniel C. Harris, Charles A. Lucy"
3879,Modern analytical chemistry/ D.  Harvey
3880,Fundamentals of analytical chemistry/ Douglas A. Skoog
3881,Hóa lý. Tập 3 (Dùng cho SV Hóa các trường Đại học Tổng hợp và Sư phạm)/ Trần Văn Nhân
3882,Hóa keo/Trần Văn Nhân
3883,"Atkins' Physical chemistry/ Peter Atkins, Julio de Paula, James Keeler"
3884,"The Practice of English Language Teaching (5th edition) / Harmer, J"
3885,"Hóa lý và hóa keo:Giáo trình dùng cho sinh viên, học viên cao học, nghiên cứu sinh các trường đại học cao đẳng thuộc các hệ đào tạo /Nguyễn Hữu Phú"
3886,"Applied Mechanics, Third Edition/ J.  HANNAH. M. J. Hillier"
3887,"Foundations of mechanical engineering/ Anthony Johnson, Keith Sherwin"
3888,"Hướng dẫn thực hành Lập sổ sách kế toán, Lập BCTC, Lập báo cáo thuế GTGT / Ths. Đặng Văn Sáng"
3889,"Principles of Language Learning and Teaching / Brown, H. D. "
3890,Cơ ứng dụng/ Vũ Quí Đạc
3891,Hướng dẫn thí nghiệm Hóa vô cơ/ TS. Nguyễn Vinh Tiến
3892,"Teaching by Principles: An Interactive Approach to Language Pedagogy / Brown, H. D"
3893,"Hóa học vô cơ tập 1, 2, 3/ hoàng nhâm"
3894,Giáo trình Nguyên lý kế toán / Võ Văn Nhị (chủ biên) 
3895,"Hands-On Machine Learning with Scikit-Learn and Tensorflow: Concepts, Tools, and Techniques to Build Intelligent SystemsQuá trình và thiết bị trong CNHH & Thực phẩm-Quyển 1: Khuấy-Lắng-Lọc/ Nguyễn Văn Lụa"
3896,A guide to the project management body of knowledge (PMBOK® guide) / Project Management Institute
3897,"Quá trình và thiết bị trong CNHH & Thực phẩm-Quyển 2-Tập 1: Phân riêng bằng khí động, lực ly tâm, bơm, quạt, máy nén, tính hệ thống đường ống/ Trần Hùng Dũng"
3898,"Techniques and Principles in Language Teaching / Larsen-Freeman, D"
3899,"Quá trình và thiết bị trong CNHH & Thực phẩm-Quyển 2-Tập 2: Cơ học vật liệu rời/ Vũ Bá Minh, Hoàng Minh Nam"
3900,Quản trị dự án hiệu quả
3901,"Unit Operations of Chemical Engineering, 8th edition/ Warren McCabe, Julian Smith, Peter Harriott"
3902,"Unit Operations I: Fluid Flows and Mechanical Operations, 17th Edition/ K. A. Gavhane"
3903,"Environmental project management : Principles, methodology, and processes / Ebenezer A. Sholarin, Joseph L. Awange"
3904,"Approaches and Methods in Language Teaching / Richards, J.C.& Rodgers"
3905,"Mechanical Operations, 1st Ed/ Swain"
3906,"Introduction to Particle Technology, 2nd Ed./ Martin Rhodes"
3907,"A Course in Language Teaching. Cambridge / Ur, P"
3908,"A Project management: A managerial approach, 11th Edition / Meredith, JR & Mantel, S "
3909,"An introductory English grammar / Stageberg, N.C."
3910,Kỹ thuật nhiệt/Lê Xuân Hòa
3911,"A project management: A systems approach to planning, scheduling and contracting, 13th Edition / Kerzner"
3912,"Analysing sentences: An introduction to English syntax / Burton-Roberts, N"
3913,Saigon times weekly
3914,"Cơ sở kỹ thuật nhiệt/Phạm Lê Dần, Đặng Quốc Phú"
3915,Financial times online
3916,"Nhiệt động lực học kỹ thuật/Hoàng Đình Tín, Lê Chí Hiệp"
3917,Truyền nhiệt và tính toán thiết bị trao đổi nhiệt /Hoàng Đình Tín
3918,"Heat transfer, Ninth Edition/ J. P. Holman"
3919,"Environmental Monitoring Handbook/ Frank R Burden, Ian McKelvie, Ulrich Forstner, Alex Guenther"
3920,Bài giảng môn Thuế của giảng viên 
3921,Giáo trình Phân tích Định lượng- Các phương pháp hóa học/ TS. Hồ Thị Yêu Ly
3922,"Bài giảng thí nghiệm phân tích công cụ, Lưu hành nội bộ"
3923,Hệ thống văn bản pháp luật về thuế và các văn bản liên quan
3924," Thí nghiệm hóa phân tích/ Nguyễn Bạch Tuyết, Lê Xuân Mai"
3925,Quản lý môi trường đô thị và khu công nghiệp/Phạm Ngọc Đăng 
3926,Tài liệu hướng dẫn thí nghiệm hóa lý
3927, Hóa lý 1/ Lê Thị Thanh Hương
3928,"An introductory English grammar / Stageberg, N.C."
3929,"Quan trắc nước thải công nghiệp/Nguyễn Văn Kiết, Huỳnh Trung Hải"
3930,"Analysing sentences: An introduction to English syntax / Burton-Roberts, N"
3931,"Hướng dẫn các phương pháp luận quan trắc nước, không khí, chất thải nguy hại/ ESCAP"
3932,English syntax and argumentation / 
3933,"Polymers: Chemistry and Physics of Mordern Materials/ J. M. G. Cowie, Valeria Arrighi"
3934,Giáo trình giao dịch và đàm phán kinh doanh/Hoàng Đức Thân
3935,Hệ thống thông tin quản lý/Nguyễn Thanh Hùng
3936,"Environmental economics : An elementary introduction / R. Kerry Turner, David Pearce, Ian Bateman"
3937,"Environmental & Natural Resource Economics / Tom Tietenberg, Lynne Lewis"
3938,Economics for Environmental Professionals / Frank R. Spellman 
3939,Topics in Environmental Economics / Mattias Boman
3940,"The Practice of English Language Teaching (5th eed.) / Harmer, J. "
3941,"Learning Teaching: The Essential  for English Language Teaching (3rd ed) / Scrivener, J. "
3942,"Các quá trình và thiết bị truyền nhiệt, Tập 2 (Phần 3)/ Nguyễn Tấn Dũng"
3943,"Classroom Management Techniques (1st ed.) Scrivener, J. "
3944,"Introduction to Food Engineering, 3rd/ R. Paul Singh, Dennis R Heldman"
3945,Giáo trình hóa kỹ thuật môi trường/Nguyễn Văn Sức
3946,"Unit Operation in Food Engineering/ Albert Ibarz, Gustavo V. Barbosa- Canovas"
3947,"Teacher’s Handbook: Contextualized Language Instruction (5th ed.) / Shrum, J. & Glisan, E. "
3948,"Génie des procédés alimantaires, des bases aux applications/ Jean-Jacques Bimbenet, Albert Duquenoy, Gilles Trystram, Dunod"
3949,Purchasing and supply chain management / Arjan J. van Weele
3950,"Chemical Engineers Handbook Seventh ed / Perry, Robert H., Don W. Green, and James O. Maloney"
3951,"How to Teach English / Harmer, J."
3952, Quá trình và Thiết bị Công nghệ Hóa học và Sản phẩm – Bài tập Truyền Nhiệt/ Phạm Văn Bôn
3953,Environmetal Chemistry/Staney  E. Manahan
3954," Contracts, relationships and integration: Towards a model of the procurement of complex performance / Lewis, M.A., Roehrich, J.K. "
3955,"Techniques and Principles in Language Teaching (3rd ed) / Larsen-Freeman, D. & Anderson, M. "
3956,Source Book of Alternative Technologies for Freshwater Augmentation in Latin America and the Caribbean/UNEP International Environmental Technology Centre
3957,"Giáo trình kỹ thuật điện/Nguyễn Trọng Thắng, Lê Thị Thanh Hoàng"
3958,Fundamentals of Electrical engineering/ Giorgio Rizzoni
3959,US Department of commerce / A basic guide to exporting
3960,Lịch sử thế giới cổ trung đại / Lương Ninh (cb)
3961,Introduction to Environmental Analysis/Roger N. Reeve
3962,Thông tư 200/2014/TT-BTC ngày 22/12/2014
3963,Phân tích định lượng /Nguyễn Thị Thu Vân
3964,Bài tâp và Sổ tay Phân tích Định lượng/ Nguyễn Thị Thu Vân
3965,Bài giảng Nhập môn ngành Logistics và Quản trị chuỗi cung ứng / Tài liệu lưu hành nội bộ
3966,Analytical chemistry for technicians / John Kenkel
3967,Các phương pháp phân tích công cụ trong hóa học hiện đại/Hồ Viết Quý
3968,Giáo trình hóa phân tích môi trường/Nguyễn Văn Sức
3969,"Những nền văn minh thế giới / Nguyễn Gia Phu, Nguyễn Văn Ánh, Đỗ Đình Hãng, Trần Văn La"
3970,Phương pháp nghiên cứu kinh tế kiến thức cơ bản / Trần Tiến Khai
3971,Modern analytical chemistry/David Harvey
3972,"Đại cương lịch sử thế giới cổ đại / Trịnh Nhu, Nguyễn Gia Phu"
3973,"Hình học họa hình - Tập 1:Phương pháp hai hình chiếu thẳng góc, Phương pháp hình chiếu trục đo/Nguyễn Đình Điện (Chủ biên), Đỗ Mạnh Môn"
3974,"Vẽ kỹ thuật cơ khí - Tập 1:Sách dùng cho các trường đại học kỹ thuật/Trần Hữu Quế, Đặng Văn Cứ, Nguyễn Văn Tuấn"
3975,"Text book of engineering drawing, 2nd ed/ L. V. Reddy"
3976,"Skillful Listening & Speaking Student Book 1 / Baker, L., & Gershon, S"
3977,"Machine drawing 3rd ed./ K.L. Narayana, P. Kannaiah, K. V. Reddy"
3978,Schaum’s Outline of Theory and Problems of Descriptive Geometry/ M. C. Hawk
3979,PET Practice tests/ Jenny Quintana
3980,"Giáo trình kỹ thuật điện:Dùng cho các trường đại học và cao đẳng khối công nghệ/Đặng Văn Thành, Lê Thị Thanh Hoàng, Phạm Thị Nga,..."
3981,"Bài tập vẽ kỹ thuật cơ khí - Tập 1/Trần Hữu Quế, Nguyễn Văn Tuấn"
3982,"Skillfull Listening & Speaking Student Book 4 / Clandfield, L., & McKinnon, M"
3983,"Giáo trình hình họa - vẽ kỹ thuật:Giáo trình dùng cho sinh viên các ngành kỹ thuật/Hồ Ngọc Bốn, Nguyễn Văn Đoàn"
3984,"Bộ luật Hàng hải Việt Nam, 2015 (có hiệu lực từ 01/07/2017)"
3985,"Contemporary Topics 3 / Beglar, D., Murray, N., & Rost, M"
3986,"Kỹ thuật điện: Lý thuyết, bài tập giải sẵn. Bài tập cho đáp số và bài tập trắc nghiệm. Sách giáo trình cho các trường Đại học/ Đặng Văn Đào, Lê Văn Doanh"
3987,Luật hàng không dân dụng Việt Nam:có hiệu lực 01/01/2007
3988,"Vocabulary for IELTS Advanced / Cullen, P"
3989,Electricity and Electronics Basis/Wiliam F.Steienberg
3990,"The Official Cambridge Guide to IELTS for  Academic and General Training / Cullen, P., French, A., & Jakeman, V"
3991,"Công nghệ hoá học vô cơ/ Trần Hồng Côn, Nguyễn Trọng Uyển"
3992,"Hoá kĩ thuật đại cương/ Phùng Tiến Đạt, Trần Thị Bính"
3993,"IELTS Practice Test Plus 1 / Jakeman, V., & McDowell, C"
3994,Electronics Circuits and Applications/Bernard Grob 
3995,"Speaking for IELTS / Kovacs, K"
3996,Giáo trình đánh giá tác động môi trường / Nguyễn Thị Thu Thảo
3997,Giáo trình đánh giá tác động môi trường /Hoàng Hưng
3998,"Lecture Ready 3 / Sarosy, P., & Sherak, K"
3999,"Listening for IELTS / Tomlinson, J., & Aish"
4000,Environmental Impact Assessment - A practical guide/Betty Bowers Marriott
4001,Đánh giá tác động môi trường phương pháp và ứng dụng/Lê Trình
4002,Total Quality Management / James R.Evans and William M.Lindsay 
4003,"Đánh giá tác động môi trường/Phạm Ngọc Hồ, Hoàng Xuân Cơ"
4004,"Skilful Listening & Speaking Student Book 3 / Boyle, M., & Kisslinger, E"
4005,"Assessment Of Sources of Air, Water, and Land Pollution/Alexander P. Economopoulos"
4006,"North Star: Listening and Speaking 4  / Solorzano, H. S., Jenifer, P. L., & Schmidt, J. P. L"
4007,"Q: Skills for Success 4 Listening & Speaking / Freire, R., & Jones, T"
4008,"Skillful Listening & Speaking Student Book 2 / David, B., & Robyn, B. L"
4009,Introduction to engineering and the environment/Edward S. Rubin 
4010,"Listening for IELTS / Fiona, A., & Jo, T"
4011,"Complete IELTS Bands 4-5 / Guy, B. H., & Vanessa, J"
4012,Intensive Ielts Listening / New Oriental Education & Technology Group
4013,"Britain for Learners of English / Driscoll, J"
4014,"Oxford Guide to British and American Culture / Crowther, J"
4015,"Check Your English Vocabulary for Living in the UK / Wyatt, D"
4016,Fertilizer manual/ UNIDO and IFDC (Editor)
4017,"Công nghệ muối khoáng ( phân bón, thuốc trừ sâu, các muối công nghiệp, các axit-bazo). Phần 2"
4018,Bài giảng Kế toán quản trị 1
4019,"American Ways: An Introduction to American Culture (4th Edition) / Datesman, M. K., Crandall, J., Kearny, E. N"
4020,The United States of America (Modern World Nations Series) / Gritzner. F. C
4021,Giáo trình phân tích hóa kỹ thuật môi trường
4022,"Giáo trình Kế toán quản trị / TS. Đoàn Ngọc Quế, ThS Đào Tất Thắng, TS. Lê Đình Trực"
4023,Chemistry for environmental Engineering/Clair N. Sawyer
4024,"Managerial Accounting / Ronald W. Hilton, David E. Platt"
4025,"English Phonetics and Phonology A Practical Course  / Roach, P."
4026,"Bài giảng Thực hành Hóa Phân tích Môi Trường/Nguyễn Thị Minh Nguyệt, Hoàng Thị Tuyết Nhung"
4027,"Understanding Phonology / Gussenhoven, C., & Jacobs, H"
4028,"Thí nghiệm hóa phân tích/Nguyễn Bạch Tuyết, Lê Xuân Mai"
4029,"Pragmatics / Yule, G"
4030,"Thiết lập và thẩm định dự án đầu tư : Lý thuyết và bài tập/Nguyễn Quốc Ấn, Phạm Thị Hà, Phan Thị Thu Hương, Nguyễn Quang Thu"
4031,Domestic and industrial wastewater treatment/Lam Minh Triet
4032,"Pragmatics / Peccei, J. S"
4033,"Cost-Benefit Analysis / Boardman, A.E., Greenberg, D.H., Vining, A.R., and Weimer, D.L"
4034,Industrial wastewater treatment/Trinh Xuan Lai
4035,"Pragmatics / Levinson, S. C"
4036,Design of Municipal Wastewater Treatment Plants/WEF & ASCE 
4037,"Semantics – A Course Book / Hurford, J. R., & Heasley, B"
4038,"Semantics Coursebook / To, T. M"
4039,"Water quality and Treatment, Americal water work associatation/Raymond D. Letterman "
4040,"Bài giảng Nhập môn ngành Quản lý công nghiệp – Khoa Kinh tế, ĐH Sư phạm Kỹ thuật TPHCM "
4041,Theory and practice of water and wastewater treatment / Ronald L. Droste
4042,"Semantics: a course book / Hurford, J. R., & Heasley, B"
4043,Materials Science and Engineering: An Introduction 7th /;' William D. Casllister Jr
4044,"Semantics Coursebook / To, M. T"
4045,Vật liệu học cơ sở:Giáo trình cho các ngành cơ khí của các trường Đại học/Nghiêm Hùng
4046,"Vật liệu kỹ thuật / Đặng Vũ Ngoạn (ch.b); Nguyễn Văn Dán, Nguyễn Ngọc Hà, Trương Văn Trường"
4047,Advances in water and wastewater treatment technology/Tomonori Matsuo
4048,Phương pháp nghiên cứu kinh tế kiến thức cơ bản/Trần Tiến Khai
4049," Tính toán ,  Thiết kế các chi tiết , thiết bị hóa chất và dầu khí/ Hồ Lê Viên"
4050,Fundamentals of Biological Wastewater Treatment/Udo Wiesmann
4051,Giaó trình các thiết bị trong công nghệ thực phẩm – công nghệ sinh học/ Tôn Thất Minh
4052,"The Study Skills Handbook (5th ed) / Cottrell, S. "
4053,Tính toán thiết kế máy và thiết bị thực phẩm/ Tôn Thất Minh
4054,"Environmental engineering / Ruth F. Weiner, Robin A. Matthews"
4055,Chemical_Process_Equipment_Selection_and_Design/ Stanley M. Walas
4056,"The Buzan Study Skills Handbook / Buzan, T. & Harrison, J. "
4057,Chemical_Process_Engineering _Design and _Economics/ Harry Silla
4058,Biotechnology for waste and wastewater treatment/Nicholas P. Cheremisinoff
4059," How to Study (8th ed.) / Fry, R. (2016)"
4060,Industrial Electrochemistry / D. Pletcher and F. C. Walsh
4061,Membranes for Industrial Wastewater Recovery and Re-use/Simon Judd and Bruce Jefferson
4062,"On course: Strategies for Creating Success in College and in Life,  Study Skills Plus Edition / Downing, S"
4063,Quản trị Marketing / Lê Thế Giới 
4064," Corrosion Engineering/  M. G. Fontana, N. D. Green"
4065,Domestic and industrial wastewater treatment/Lam Minh Triet
4066,Quản trị Marketing / Philip Kotler 
4067,Electrochemical Processes and Electrochemical Engineering/ F. Hine
4068,Thấu hiểu tiếp thị từ A đến Z / Philip Kotler 
4069,Japanese Language and Culture Starter A1 / Katsudou
4070,Japanese Language and Culture Starter A1 / Rikai
4071,Domestic and industrial wastewater treatment/Lam Minh Triet
4072,Armstrong’s Handbook of Human Resources Management Practice / Michael Armstrong
4073,Industrial wastewater treatment/Trinh Xuan Lai
4074,Marugoto : Japanese Language and Culture Starter A1 / Katsudou
4075,"Hóa kỹ thuật đại cương /Phùng Tiến Đạt, Trần Thị Bính"
4076,Design of Municipal Wastewater Treatment Plants/WEF & ASCE
4077,Marugoto : Japanese Language and Culture Starter A1 / Rikai
4078,"Handbook of Industrial Chemistry (Organic chemicals)/ Mohammad Farhat Ali, Bassam M. EI Ali, James G. Speight"
4079,"Water quality and Treatment, Americal water work associatation/Raymond D. Letterman "
4080,Mô hình hóa – tối ưu hóa trong CNHH&TP/ Nguyễn Tấn Dũng & Cộng sự
4081,Marugoto: Japanese Language and Culture Starter A1 / Katsudou
4082,Mô hình hóa – tối ưu hóa/; Nguyễn Cảnh
4083,Marugoto: Japanese Language and Culture Starter A1 / Rikai
4084,Theory and practice of water and wastewater treatment / Ronald L. Droste
4085,Ứng dụng tin học trong công nghệ hóa học - thực phẩm/Trịnh Văn Dũng
4086,Advances in water and wastewater treatment technology/Tomonori Matsuo
4087,"Unit Operation in Chemical Engineering/ Albert Ibarz, Gustavo V. Barbosa- Canovas"
4088,Fundamentals of Biological Wastewater Treatment/Udo Wiesmann
4089,"Génie des procédés alimantaires, des bases aux applications/ Jean-Jacques Bimbenet, Albert Duquenoy, Gilles Trystram, Dunod"
4090,"Materials and methods in ELT: A teacher's guide (3rd ed.) / McDonough, J., Shaw, C., & Masuhara, H"
4091,"Issues in Materials Development / Azarnoosh, M., Zeraatpishe, M., Faravani, A., & Kargozari, H. R."
4092,"Environmental engineering / Ruth F. Weiner, Robin A. Matthews"
4093,"Developing materials for language teaching (2nd ed.) / Tomlinson, B"
4094,"English language learning materials: A critical review/ Tomlinson, B"
4095,Biotechnology for waste and wastewater treatment/Nicholas P. Cheremisinoff
4096,Quá trình và thiết bị trong CNHH & Thực phẩm-Quyển 1: Khuấy-Lắng-Lọc/ Nguyễn Văn Lụa
4097,Membranes for Industrial Wastewater Recovery and Re-use/Simon Judd and Bruce Jefferson
4098,"Quá trình và thiết bị trong CNHH & Thực phẩm-Quyển 2-Tập 1: Phân riêng bằng khí động, lực ly tâm, bơm, quạt, máy nén, tính hệ thống đường ống/ Trần Hùng Dũng, Nguyễn Văn  Lục, Hoàng Minh Nam, Vũ Bá Minh"
4099,"Quá trình và thiết bị trong CNHH & Thực phẩm-Quyển 2-Tập 2: Cơ học vật liệu rời/ Vũ Bá Minh, Hoàng Minh Nam"
4100,"The Routledge handbook of teaching English to young learners /  Garton, S. & Copland, F"
4101,"Unit Operations of Chemical Engineering, 8th edition/ Warren McCabe, Julian Smith, Peter Harriott"
4102,"Teaching young learners English : from theory to practice / Shin, J.K. & Crandall, J"
4103,Unit Operations I: Fluid Flows and Mechanical Operations/ K. A. Gavhane
4104,"Teaching English to young learners: Critical issues in language teaching with 3-12 year olds / Bland, J."
4105,"Mechanical Operations, 1st Ed./ Swain"
4106,"Teaching Languages to Young Learners / Cameron, L."
4107,Introduction to Particle Technology/ Martin Rhodes
4108,Ô nhiễm không khí và xử lý khí thảiTrần Ngọc Chấn/$nT3:$pLý thuyết tính toán và công nghệ xử lý khí độc hại /
4109,"English for Primary Teachers: A Handbook of Activities and Classroom Language / Slattery, M."
4110,"Storytelling with Children Second Edition / Wright, A."
4111,Giáo trình ô nhiễm không khí/Đinh Xuân Thắng
4112,"Second Language Acquisition: An Introductory Course (4th ed.) / Gass, S. M., Behney, J., & Plonsky, L."
4113,"Understanding Second Language Acquisition (2nd ed.) / Ellis, R."
4114,"Kiểm soát ô nhiễm không khí/Nguyễn Đinh Tuấn, Nguyễn Thanh Hùng"
4115,"The Psychology of Second Language Acquisition / Dornyei, Z."
4116,"The Routledge Handbook of Second Language Acquisition / Gass, S. M., & Mackey, A."
4117,"Understanding Child Language Acquisition / Rowland, C."
4118,Kỹ thuật thông gió /Trần Ngọc Chấn
4119,"Theories in Second Language Acquisition: An Introduction (2nd ed.) / VanPatten, B., & Williams, J."
4120,"Universal Grammar and the Second Language Classroom / Whong, M., Gil, K.-H., & Marsden, H."
4121,"Sổ tay thủy khí động lực học ứng dụng /Hoàng Bá Chư, Trương Ngọc Tuấn"
4122,Kỹ thuật lọc bụi và làm sạch khí/Hoàng Kim Cơ
4123,"The Practice of Language Teaching. 5th / Harmer, J."
4124,"The TKT Course / Spratt, M., Pulveness, A. & Williams, M."
4125,Quality planning and analysis: From product development through use/ Frank M. Gryna ; Earlier ed. by J. M. Juran
4126,"Sổ tay quá trình và thiết bị công nghệ hóa chất - Tập 1 :Cơ sờ lý thuyết, phương pháp tính toán, tra cứu số liệu và thiết bị /Trần Xoa, Nguyễn Trọng Khuông, Hồ Lê Viên"
4127,Phổ khối: Lý thuyết - Bài tập - Bài giảng/ Nguyễn Kim Phi Phụng
4128,"English for Specific Purposes / Hutchinson, T. & Waters, A."
4129,Six Sigma Case Studies with Minitab / Kishore K. Pochampally & Surendra M.Gupta
4130,"Sổ tay quá trình và thiết bị công nghệ hóa chất -Tập 2 /Trần Xoa, Nguyễn Trọng Khuông, Phạm Xuân Toản"
4131,"Teaching English as a Second or Foreign Language. 3rd / Celcia-Murcia, M."
4132, Phổ NMR sử dụng trong phân tích hữu cơ/ Nguyễn Kim Phi Phụng
4133,"Spectrometric identification of organic compounds, 7th ed/ Robert. M. Silverstein, Francis. X. Webster"
4134,"Sổ tay quá trình và thiết bị công nghệ hóa chất, tập 3"
4135,"Learning Teaching / Scrivener, J."
4136,"Sổ tay quá trình và thiết bị công nghệ hóa chất, tập 4"
4137,"Sổ tay quá trình và thiết bị công nghệ hóa chất, tập 10"
4138,"At the Chalkface / Matthews, A., Spratt, M. & Dangerfield, L."
4139,Organic chemistry / David Klein
4140,"A Course in Language Teaching / Ur, P."
4141,Basic 1H and 13C-NMR spectroscopy/ Metin Balci
4142,"Air pollution control technology handbook / Karl B. Schnelle, Russell F. Dunn, Mary Ellen Ternes"
4143,"The Practice of English Language Teaching (5th eed.) / Harmer, J. "
4144,Fundamentals of Air pollution Engineering/Richard C. Flagan và John H. Seinfeld
4145,"Learning Teaching: The Essential  for English Language Teaching (3rd ed) / Scrivener, J. "
4146,"Classroom Management Techniques (1st ed.) / Scrivener, J. "
4147,"Environmental engineering / Ruth F. Weiner, Robin A. Matthews"
4148,"Teacher’s Handbook: Contextualized Language Instruction (5th ed.) / Shrum, J. & Glisan, E. "
4149,Environmental Engineer’s Mathematics Handbook/Frank R. Spellman
4150,"How to Teach English / Harmer, J."
4151,"Techniques and Principles in Language Teaching (3rd ed.) / Larsen-Freeman, D. & Anderson, M. "
4152,"Advanced air and noise pollution control : Volume 2: Handbook of Environmental Engineering / Lawrence K. Wang, Norman C. Pereira, Yung-Tse Hung (edited); Kathleen Hung Li (consulting editor)"
4153,Business Psychology and Organizational Behaviour / Eugene McKenna
4154,Tiêu chuẩn môi trường Việt Nam
4155,"Technical English 3 / Bonamy, D."
4156,"Technical English 4 / Bonamy, D."
4157,"Oxford English for Electrical and Mechanical Engineering / Glendinning, Eric H. & Glendinning, N."
4158,Bài giảng Sản xuất sạch hơn/Nguyễn Thị Tịnh Ấu
4159,Cambridge  English  for Engineering / Mark  Ibbotson
4160,Engineering fundamentals / Timings R.
4161,Sản xuất sạch hơn/Vũ Đình huấn
4162,Phân tích và thiết kế hướng đối tượng bằng UML / Đặng Văn Đức
4163,Tập huấn về sản xuất sạch hơn và tiết kiệm năng lượng/Chi cục bảo vệ môi trừơng
4164,Phân tích và thiết kế hướng đối tượng bằng UML / Đặng Văn Đức
4165,Sổ tay đánh giá và cải thiện hiệu quả lò hơi công nghiệp/Chi cục bảo vệ môi trường
4166,"Phân tích và thiết kế HTTT theo UML / Dương Kiều Hoa, Tôn Thất Hoà An"
4167,
4168,"English for Environmental Technology / Dang, T.V.A & Phan, V.B.M."
4169,Tập huấn về Áp dụng sản xuất sạch hơn trong các ngành công nghiệp/Chi cục bảo vệ môi trường
4170,"Learning UML 2.0 / Kim Hamilton, Russell Miles, O'Reilly"
4171,Cẩm nang ThP/Chi cục bảo vệ môi trường
4172,"Environment and Natural Resources / Gritzner, C. F."
4173,"Understanding Environmental Pollution: A Primer (2nd ed) / Hill, M. K."
4174,Dictionary of Environmental Technology / McGraw-Hill.
4175,Giáo trình nông hóa học/ Nguyễn Ngọc Nông
4176,"Pesticide Chemistry/ Hideo Ohkawa, Hisashi Miyagawa, and Philip W. Lee"
4177,"Air pollution control: a design approach/ C. David Cooper, F.C. Alley"
4178,Ô nhiễm không khí và xử lý khí thảiTrần Ngọc Chấn/$nT2: $pCơ học về bụi và phương pháp xử lý bụi /
4179,InfoTech. English for Computer Users. 4th edition / Esteras. R.
4180,Ô nhiễm không khí và xử lý khí thảiTrần Ngọc Chấn/$nT3:$pLý thuyết tính toán và công nghệ xử lý khí độc hại /
4181,"IGCSE ICT 2nd edition / Graham Brown, Brian Sargent, David Watson"
4182,Fundamentals of Air pollution Engineering/Richard C. Flagan và John H. Seinfeld
4183,"Oxford English for Computing / Boeckner, K. & Charles Brown, P."
4184,"Computing Essentials 2012: Complete Edition / O'Leary,T. J & O'Leary, L.I."
4185,"Oxford English for Information Technology / Glendinning, Eric H. & McEwan, J."
4186,"Advanced air and noise pollution control : Volume 2: Handbook of Environmental Engineering / Lawrence K. Wang, Norman C. Pereira, Yung-Tse Hung (edited); Kathleen Hung Li (consulting editor)"
4187,INCOTERMS 2010:Các quy tắc của ICC về sử dụng các điều kiện thương mại quốc tế và nội địa.ICC rulers for the of domestic and International trade terms
4188,Công nghệ nhuộm và hoàn tất/Nguyễn Công Toàn
4189," Hóa học thuốc nhuộm/ PGS.TS. Cao Hữu Trượng, PGS.TS. Hoàng Thị Lĩnh"
4190,"Electricity and electronics fundamentals / Fardo, S. W. & Patrick, D. R."
4191,Bài giảng môn Kỹ thuật Nhuộm và hoàn tất/ Đỗ Tường Hạ
4192,"Oxford English for electrical and mechanical engineering / Glendinning, E. H., & Glendnning, N."
4193,"Air pollution control technology handbook / Karl B. Schnelle, Russell F. Dunn, Mary Ellen Ternes"
4194,Cẩm nang Kỹ thuật Nhuộm/ Đặng Trấn Phòng
4195,"Oxford English for electronics / Glendinning, E. H., & John, M."
4196,Vật liệu dệt:Môn học: 1151010 - Vật liệu dệt may/Nguyễn Văn Lân
4197,Teach yourself electricity and electronics/Stan Gibilisco
4198, Dyeing and Chemical Technology of Textile Fibres/ E. R. Trotman.
4199,Teach yourself electricity and electronics/Stan Gibilisco
4200,Basic Principles of Textile Coloration. Society of Dyers and Colourists/ Arthur D. Broadbent
4201,Membrane Technology and Application/Richard W. Baker
4202,"Advance oxidation processes for water and wastewater treatment, Theory and Practice of Water and Wastewater Treatment/ Simon Parsons, Ronald L.Droste"
4203,An introduction to medicinal chemistry/ Graham Patrick
4204,"Pharmaceutics: The science of dosage form design, 2nd/ M. E. Aulton"
4205,"Understanding the basics of QSAR for applications in pharmaceutical sciences and risk assessment/ Kunal Roy, Supratik Kar, Rudra Narayan Das"
4206, Phân bón Hóa học/ Nguyễn Hoa Toàn
4207,Manual on Ferteilizer Manufacture./ Vincent Saucelli
4208,Kỹ thuật sản xuất vật liệu gốm sứ/Đỗ Quang Minh
4209,Xử lý nước cấp sinh hoạt và công nghiệp/Trịnh Xuân Lai 
4210,kỹ thuật sản xuất thủy tinh/  PGS.TS. Đỗ Quang Minh
4211,"Great Writing 4: Great Essays. Fourth edition / Folse, S. K., Solomon,V. E., & Clabeaux, D."
4212,Bài giảng AutoCad trong công trình xử lý môi trường
4213,Introductions to ceramics/ W.D. Kingery
4214,"Critical Thinking, Reading, and Writing. Seven edition / Barnet, S., & Bedau, H."
4215,"Ceramic processing, 2nd/ Mohamed N. Rahaman"
4216,"Connections: Writing, Reading and Critical Thinking. Third edition / Montgomery T. & Rainey. M. C."
4217,Kỹ thuật sản xuất xi măng/ PGS.TS Đỗ Quang Minh
4218,"Extended Writing & Research Skills. First edition /McCormack, J., & Slaght, J."
4219,H. F. W The chemistry of cements/ Taylor
4220,"Great Writing 5: Greater Essays. Third edition / Folse, S. K., Solomon,V. E., & Clabeaux, D."
4221,Lea’s chemistry of cement and concrete/ Hewllet
4222,"Writing Academic English (4th ed.) / Oshima, A., & Hogue, A."
4223,"Kỹ Thuật sản xuất xi măng Pooc lăng và các chất kết dính/ PGS, PTS. Bùi Văn Chén"
4224,"The Essentials of Academic Writing / Soles, D."
4225,"College Writing Skills. Seventh ed / John, L."
4226,"Writing up Your University Assignments and Research Projects / Murray, N., & Hughes, G."
4227," Bài giảng Nhập môn ngành QLCN – Khoa Kinh tế, ĐH Sư phạm Kỹ thuật TPHCM (tài liệu lưu hành nội bộ)"
4228,"Giáo trình Hóa lý Silicát, Trường Đại Học Bách Khoa/ Đỗ Quang Minh"
4229,"Great Writing 2: Great Paragraphs. Fourth edition / Folse, K. S., Muchmore-Vokoun, A., & Solomon, E. V."
4230,"Solid State Chemistry: an Introduction, 3rd ed/ Elaine A.Moore Lesley E.Smart"
4231,"Writing First with Readings: Practice in Context. Fourth edition / Kirszner, L. G. & Mandell, S. R."
4232," Interactions 1 - Writing, Silver edition / Cheryl, P. & Margaret, K. S."
4233,"Handbook of Clay Science, Volume 1 (Developments in Clay Science)/ B.K.G. Theng, G. Lagaly F. Bergaya "
4234,"First Steps in Academic Writing. Second edition / Hogue, A."
4235," Ceramic Processing and Sintering, 2nd ed/ M.N. Rahaman"
4236,"Introduction to Academic Writing. Third edition / Oshima, A., & Hogue, A."
4237,"Encyclopedia of materials characterization/ Bundle, Evans and Wilson"
4238,"X-Ray Diffraction A Practical Approach/ Suryanarayana, C., Norton, M. Grant"
4239,"College Writing Skills. Seventh edition / John, L."
4240,Các phương pháp phân tích vật lý và hóa lý – tập 1/ GS.TSKH. Nguyễn Đình Triệu
4241, Các phương pháp phân tích Hóa Lý vật liệu/ Trần Đại Lâm và các tác giả
4242,"Inside Writing: a writer’s workbook. Seven ed / Salomone, W. & Mc. Donald, S."
4243,Materials Science - Advanced Topics/ Yitzhak Mastai
4244,"Academic Writing from Paragraph to Essay / Zmach, E. D. & Rumisek, A. L."
4245,The Transmission Electron Microscope/ Khan Maaz
4246,"Giáo trình kinh tế học đại cương :Dành cho sinh viên không chuyên ngành kinh tế/Trần Đăng Thịnh, Võ Hữu Phước, Huỳnh Thị Cẩm Tú"
4247,"Effective Academic Writing 1: The Paragraph / Savage, A., & Mayer, P."
4248,"Industry inorganic pigments, 3rd ed/ G. Buxbaum and G. Pfaff (Ed)"
4249," High Performance Pigments, 2nd ed./ H. M. Smith (Ed.)"
4250,"Refining Composition Skills / Smalley, L. R., & Ruetten, K. M."
4251,Giáo trình Kỹ thuật gốm sứ/ PGS. TS Đỗ Quang Minh
4252,"Bài tập kinh tế học đại cương/ Trần Đăng Thịnh (chủ biên), Nguyễn Thị Thanh Vân, Trương Thị Hòa, Nguyễn Thị Thanh Thúy, Phan Thị Kim Phương"
4253,"Introduction to Ceramics, 2nd ed/ H. K. Bowen, D. R. Huhlmann W. D. Kingery"
4254,"Nanomaterials: An introduction to synthesis, properties and applications/ Dieter Vollath"
4255,"Kinh tế vi mô:Câu hỏi - bài tập - trắc nghiệm/Nguyễn Như Ý, Trần Thị Bích Dung, Nguyễn Hoàng Bảo, Trần Bá Thọ"
4256,"Great Writing 3: From Great Paragraphs to Great Essays. Third edition / Folse, S. K., Solomon,V. E., & Clabeaux, D."
4257,"Introduction to nanoscience/ Cabor L. Hornyak, H. F Tibbais, Joydeep Dutta, và Anil Rao"
4258,The physics and chemistry of nanosolids/ Frank J. Owens và Charles P. Poole JR
4259,"Writing Academic English (4th ed.) / Oshima, A., & Hogue, A."
4260,Optical properties and spectroscopy of nanomaterials/ Jin Zhong Zhang
4261,Kinh tế vĩ mô:Phần nhập môn /Dương Tấn Diệp
4262,"The Essentials of Academic Writing / Soles, D."
4263,Compostie sợi thủy tinh và ứng dụng/ Nguyễn Đăng Cường
4264,"College Writing Skills. Seventh ed / John, L. "
4265,Bài giảng môn học Hóa học và vật liệu Polymer Composite/ Huỳnh Nguyễn Anh Tuấn
4266,"Kinh tế vi mô/Lê Bảo Lâm, Nguyễn Như Ý, Trần Thị Bích Dung, Trần Bá Thọ"
4267,"Academic Writing from Paragraph to Essay / Zmach, E. D. & Rumisek, A. L."
4268," Kinh tế học vi mô: Câu hỏi  Bài tập trắc nghiệm / Nguyễn Như Ý, Trần Thị Bích Dung, Nguyễn Hoàng Bảo, Trần Bá Thọ"
4269, Processing of Polymer Matrix Composites/ P. K. Mallick
4270,Bài tập Kinh tế học vĩ mô / Dương Tấn Diệp
4271,"Reinforced Polymer Composites: Processing, Characterization and Post Life Cycle Assessment/ P. K. Bajpai and I. Singh"
4272,"Skillfull Reading & Writing Student Book 3 / Bixby, J., & Scanlon, J."
4273,"Kỹ thuật sản xuất chất dẻo, Bộ môn cao phân tử/  Đại học Bách khoa Hà Nội"
4274,"Making Connections Student Book 3 / Pakenham, K. J., Jo, M., & Williams, J."
4275,Plastics: Materials and processing/  A. Brent Strong
4276,"In Focus Student Book 3 / Brown, C., Culligan, B., & Phillips, J."
4277,"Plastics materials, Butterworths/ J. A. Brydson"
4278,"English for Environmental Technology / Đặng Thị Vân Anh, Phan Vũ Bình Minh"
4279,Khoa học kỹ thuật công nghệ cao su thiên nhiên/ Nguyễn Hữu Trí
4280,Quản trị học / Nguyễn Thị Liên Diệp
4281,"The Science and Technology of Rubber/ J. E. Mark, B. Erman, C. M. Roland"
4282,"Chemistry, Manufacture and Applications of Natural Rubber/ Shinzo Kohjiya, Yuko Ikeda"
4283,"Quản trị chiến lược/Lê Thế Giới, Nguyễn Thanh Liêm, Trần Hữu Hải"
4284,"Engineered Rubber Products - Introduction to Design, Manufacture and Testing/ J. G. Sommer"
4285,Rubber Basics/ Richard B. Simpson
4286,"Exploring Discourse in Context and Action / Candlin, C., Crichton, J., & Moore, S. "
4287,Các phương pháp phân tích vật lý và hóa lý – tập 1/ GS.TSKH. Nguyễn Đình Triệu
4288,"Quản trị chiến lược/Lê Thế Giới, Nguyễn Thanh Liêm, Trần Hữu Hải"
4289,"Research Methods in Education (8th ed.) / Cohen, L., Manion, L., & Morrison, K. "
4290,"Encyclopedia of materials characterization/ Bundle, Evans and Wilson"
4291,"Planning, Conducting and Evaluating Quantitative and Qualitative Research (4th ed.) / Creswell, J. W."
4292," Fourier Transform Infraed Spectrometry/ P. R. Griffiths, J. A. Haseth"
4293,"Stimulated Recall Methodology in Applied Linguistics and L2 Research (2nd ed.) /Gass, S. M., & Mackey, A. "
4294,Quản trị học=Management/Nguyễn Thị Liên Diệp
4295," NMR Spectroscopy of Polymers/ K. Hatada, T. Kitayama"
4296,"Giáo trình quản lý chất lượng môi trường:Phục vụ đào tạo kỹ sư chuyên ngành Quản lý môi trường và các ngành khác thuộc đề án "" Đưa các nội dung BVMT vào hệ thống Giáo dục quốc dân của Bộ Giáo dục và Đào tạo/Nguyễn Văn Phước, Nguyễn Thị Vân Hà"
4297,"Grounded Theory in Applied Linguistics Research: A Practical Guide / Hadley, G. "
4298,"Dynamic Lighting Scaterring/ B. J. Berne, R. Pecora"
4299,Introduction to Thermal Analysis/ M. E. Brown
4300,"The Palgrave Handbook of Applied Linguistics Research Methodology / Phakiti, A., De Costa, P., Plonsky, L., & Starfield, S. (Eds.)"
4301,"Thermal Analysis of Polymers/ J. D. Menczel, R. B. Prime"
4302,Materials Science - Advanced Topics/ Yitzhak Mastai
4303,"The Routledge Encyclopedia of Research Methods in Applied Linguistics: Quantitative, Qualitative, and Mixed-Methods Research (1st ed.) / Riazi, A. M."
4304,Nhựa Tổng Hợp Composite/ Nguyễn Phước Hậu
4305,Kỹ Thuật Sản Xuất Chất Dẻo/ Mai Thanh Sơn
4306,Kỹ Thuật Gia Công Polymer/  Đỗ Thành Thanh Sơn
4307,Luật bảo vệ môi trường xử phạt vi phạm hành chính và văn bản hướng dẫn thi hành
4308,Sơ Chế Cao Su Thiên Nhiên/ Viện nghiên cứu cao su
4309,An introduction to sociolinguistics / 
4310, Công Nghệ Học Cao Su/ Nguyễn Xuân Hiền
4311,Plastics engineering handbook of the society of the plastics industry/ Michael L.Berins.
4312,"Hệ thống quản lý môi trường-Hướng dẫn nguyên tắc, hệ thống và công nghệ hỗ trợ"
4313,Polymer process engineering/ Eric A. Grulke
4314,Quản trị xuất nhập khẩu / Đoàn Thị Hồng Vân
4315,"The origins and development of the English language / Algeo, J., & Pyles, T."
4316,Polymer science and technology/ Joel R. Fried.
4317,"The Routledge handbook of sociolinguistics around the world / Ball, M. J."
4318,undamental principles of polymeric materials/ Stephen L. Rosen
4319,"Sociolinguistics and language education / Hornberger, N. H., & McKay, S. L."
4320,"Introducing sociolinguistics / Mesthrie, R., Swann, J., Deumert, A., & Leap, W. L."
4321,"Wastewater Microbiology, Third Edition / Gabriel Bilton"
4322,"The SAGE handbook of sociolinguistics / Wodak, R., Johnstone, B., & Kerswill, P. E."
4323,Bài giảng vi sinh môi trường/Lê Quốc Tuấn
4324,"New concept in polymer Science, Polymer composites/ Raymond B. Seymur"
4325,Advanced composite materials/ Louis A. Pilato
4326,Carbon reinforcedrents and carbon
4327,Vi sinh vật học môi trường/Ngô Tự Thành
4328,"Exploring discourse in context and in action/ Christopher N. Candlin, Jonathan Crichton, Stephen H. Moore"
4329,"Research methods in education/ Louis Cohen, Lawrence Manion and Keith Morrison."
4330,"Vi sinh vật môi trường/Đỗ Hồng Lan Chi, Lâm Minh Triết"
4331,"Educational Research: Planning, Conducting, and Evaluating Quantitative and Qualitative Research (4th ed.) / Creswell, J. W. "
4332,Stimulated recall methodology in applied linguistics and L2 research/ Susan M. Gass and Alison Mackey.
4333,Grounded theory in applied linguistics research/ Gregory Hadley
4334,"The Palgrave Handbook of Applied Linguistics Research Methodology /Phakiti, A., De Costa, P., Plonsky, L., & Starfield, S. (Eds.)"
4335,Keo dán: Hóa học và công nghệ/ Nguyễn Văn Khôi
4336,"Keo dán gỗ: giáo trình Đại học Lâm nghiệp/ Phạm Văn Chương (chủ biên), Nguyễn Trọng Kiên"
4337,Bài giảng Công nghệ sơn – vecni/ Dương Thế Hy
4338,"The Routledge Encyclopedia of Research Methods in Applied Linguistics: Quantitative, Qualitative, and Mixed-Methods Research (1st ed.) / Riazi, A. M."
4339,Kỹ thuật sơn/Nguyễn Văn Lộc
4340,TẠP CHÍ:  Annual Review of Applied Linguistics Annual Review of Language Acquisition English Language Teaching Journal (ELT Journal) Language Learning Language Learning and Development Language Teaching Research Research in the Teaching of English Studies in Second Language Acquisition TESOL Quarterly / 
4341,Kỹ thuật sơn/ Đinh Văn Kiên
4342," Kỹ thuật keo dán/ Nguyễn Quốc Tín, Phạm Lê Dũng"
4343,"Adhesion and adhesives technology: An introduction/ Alphonsus V. Pocius, Mark Smith"
4344,"The Practice of Language Teaching. 5th / Harmer, J."
4345, Paint technology handbook/ Rodger Talbert
4346,Coatings Materials and Surface Coatings/ Arthur A. Tracton
4347,"The TKT Course / Spratt, M., Pulveness, A. & Williams, M."
4348,Surface Coatings/ Oil and Colours Chemists’ Association
4349,Các phương pháp phân tích vật lý và hóa lý – tập 1/GS.TSKH. Nguyễn Đình Triệu
4350,"English for Specific Purposes / Hutchinson, T. & Waters, A."
4351,"Fourier Transform Infraed Spectrometry/ P. R. Griffiths, J. A. Haseth"
4352,"Fourier Transform Infraed Spectrometry/P. R. Griffiths, J. A. Haseth"
4353,"NMR Spectroscopy of Polymers/ K. Hatada, T. Kitayama"
4354,"Teaching English as a Second or Foreign Language. 3rd / Celcia-Murcia, M."
4355,"Scanning Electron Microscopy, X-Ray Microanalysis, and Analytical Electron Microscopy/ C. E. Lyman et. al"
4356,"Learning Teaching / Scrivener, J."
4357," Dynamic Lighting Scaterring/ B. J. Berne, R. Pecor"
4358, Introduction to Thermal Analysis/ M. E. Brown
4359,"At the Chalkface / Matthews, A., Spratt, M. & Dangerfield, L."
4360," Thermal Analysis of Polymers/ J. D. Menczel, R. B. Prime"
4361,"A Course in Language Teaching / Ur, P."
4362,Công nghệ hương liệu mỹ phẩm/ Nguyễn Hữu Anh Tuấn
4363,"Preparation and color of azo-dyes/ Melvyn W. Mosher, and Jay M. Ansell"
4364,"A microscale approach to organic laboratory techniques, 6th ed/ Donald L. Pavia, Gary M. Lampman, George S. Kriz"
4365,"Skillful Reading & Writing 2. / Roger, L., & Wilkin, J."
4366,"Making Connections 2 / McEntire, J., & Williams, J."
4367,"Complete IELTS / Brook-Hart, G., & Jakeman, V."
4368,"Asian and Pacific cities: development patterns / Shirley, I., & Neill, C."
4369,"Misunderstanding Asia: International Relations Theory and Asian Studies Over Half a Century / Rozman, G."
4370,"Bài tập kinh tế học đại cương/ Trần Đăng Thịnh (chủ biên), Nguyễn Thị Thanh Vân, Trương Thị Hòa, Nguyễn Thị Thanh Thúy, Phan Thị Kim Phương"
4371,"Bài giảng chi tiết Vật lý 1 - Phần cơ nhiệt:Môn học: 1002011 - Vật lý đại cương A1/Huỳnh Quang Chiến, Trần Thị Thiên Hương"
4372,"Artificial intelligence:Structures and strategies for complex problem solving/ George F. Luger, William A Stubblefield."
4373,"Artificial intelligence:Structures and strategies for complex problem solving/ George F. Luger, William A Stubblefield."
4374,"Kinh tế vi mô/Lê Bảo Lâm, Nguyễn Như Ý, Trần Thị Bích Dung, Trần Bá Thọ"
4375,"Kinh tế vi mô/Lê Bảo Lâm, Nguyễn Như Ý, Trần Thị Bích Dung, Trần Bá Thọ"
4376,"Kinh tế vi mô:Câu hỏi - bài tập - trắc nghiệm/Nguyễn Như Ý, Trần Thị Bích Dung, Nguyễn Hoàng Bảo, Trần Bá Thọ"
4377,"Kinh tế vi mô:Câu hỏi - bài tập - trắc nghiệm/Nguyễn Như Ý, Trần Thị Bích Dung, Nguyễn Hoàng Bảo, Trần Bá Thọ"
4378,Problem solving and decision making/ Jeff Butterfield
4379,"Critical thinking skills: Effective anaysis, argument and reflection/Stella Cottrell"
4380,Cơ học kỹ thuật =Engineering mechanics : Giáo trình dùng cho sinh viên đại học và cao đẳng kỹ thuật/Nguyễn Văn Khang
4381,Hoá đại cương/Nguyễn Đình Soa
4382,"Áp dụng mô hình MFCA vào sản xuất sản phẩm bô nằm nữ tại Công ty TNHH kỹ thuật nhựa PH: Đồ án tốt nghiệp ngành Kỹ thuật công nghiệp/ Đặng Thị My, Nguyễn Trọng Tú; Tạ Nguyễn Minh Đức (Giảng viên hướng dẫn)"
4383,Giáo trình công nghệ chế biến gỗ:Mã môn học: 128020 - Phần I: Nguyên liệu gỗ/ Thái Thí
4384,Giáo trình triết học Mác-Lênin /Nguyễn Duy Quý
4385,Cơ sở công nghệ vi điện tử và vi hệ thống/Nguyễn Nam Trung
4386,Các bài giảng về Cơ nhiệt /Nguyễn Nhật Khanh
4387,"Áp dụng mô hình MFCA vào sản xuất sản phẩm bô nằm nữ tại Công ty TNHH kỹ thuật nhựa PH: Đồ án tốt nghiệp ngành Kỹ thuật công nghiệp/ Đặng Thị My, Nguyễn Trọng Tú; Tạ Nguyễn Minh Đức (Giảng viên hướng dẫn)"
4388,Giáo trình triết học Mác - Lênin: Dành cho bậc đại học hệ không chuyên lý luận chính trị
4389,"Điện tử công suất - Tập 1 :Lý thuyết - Thiết kế - Ứng dụng /Lê Văn Doanh, Nguyễn Thế Công, Trần Văn Thịnh"
4390,Giáo trình triết học Mác - Lênin: Dành cho bậc đại học hệ không chuyên lý luận chính trị
4391,Tâm lý học kỹ sư/ Bùi Thị Bích
4392,Kỹ năng xây dựng kế hoạch / Đặng Thị Diệu Hiền
4393,Giáo trình Chủ nghĩa xã hội khoa học: Dành cho bậc đại học hệ không chuyên lý luận chính trị
4394,Giáo trình kinh tế chính trị Mác - Lênin: Dành cho bậc đại học hệ không chuyên lý luận chính trị
4395,Giáo trình kinh tế chính trị Mác - Lênin: Dành cho bậc đại học hệ không chuyên lý luận chính trị
4396,Giáo trình Kinh tế chính trị học Mác– Lênin
4397,Giáo trình Kinh tế chính trị học Mác– Lênin
4398,Lịch sử các học thuyết kinh tế
4399,Lịch Sử Giao Thương
4400,Lênin toàn tập. - T2 = Полное собрание сочинений/V.I. Lenin$p
4401,Tư Bản
4402,Văn kiện Đại hội đại biểu toàn quốc lần thứ XIII
4403,Cách mạng công nghiệp lần thứ tư
4404,Giáo trình chủ nghĩa xã hội khoa học:$nDùng trong các trường đại học và cao đẳng
4405,Giáo trình Chủ nghĩa xã hội khoa học
4406,Giáo trình tư tưởng Hồ Chí Minh: Dành cho bậc đại học không chuyên lý luận chính trị
4407,Giáo trình tư tưởng Hồ Chí Minh: Dành cho bậc đại học không chuyên lý luận chính trị
4408,Giáo trình Tư tưởng Hồ Chí Minh: Dành cho bậc đại học hệ không chuyên lý luận chính trị
4409,"Ngân hàng câu hỏi thi, kiểm ra môn Tư tưởng Hồ Chí Minh"
4410,Tư tưởng Hồ Chí Minh Hỏi – Đáp
4411,"Giáo trình tư tưởng Hồ Chí Minh: Dành cho sinh viên đại học, cao đẳng khối không chuyên ngành Mác - Lênin, tư tưởng Hồ Chí Minh"
4412,"Tư tưởng Hồ Chí Minh về phòng, chống tham ô, lãng phí, quan liêu giá trị lý luận và thực tiễn"
4413,"Hỏi – đáp về tư tưởng, đạo đức phong cách Hồ Chí Minh"
4414,Hồ Chí Minh toàn tập 
4415,Giáo trình Chủ nghĩa xã hội khoa học: Dành cho bậc đại học hệ không chuyên lý luận chính trị
4416,Giáo trình chủ nghĩa xã hội khoa học: Dùng trong các trường đại học và cao đẳng
4417,Giáo trình Chủ nghĩa xã hội khoa học
4418,Giáo trình lịch sử Đảng Cộng sản Việt Nam: Dùng cho bậc đại học hệ không chuyên lý luận chính trị
4419,Giáo trình lịch sử Đảng Cộng Sản Việt Nam
4420,Một số chuyên đề về Đường lối cách mạng của Đảng Cộng sản Việt Nam
4421,"Giáo trình nhập môn luật học: Những vấn đề cơ bản cho học tập, nghiên cứu ngành Luật/ Viên Thế Giang, Bùi Hữu Toàn"
4422,Logic học
4423,Giáo trình Nhập môn logic học
4424,"Giáo trình nhập môn Lôgích học/Bùi Văn Mưa,  Nguyễn Ngọc Thu"
4425,Giáo trình Logic học (dùng cho sinh viên ngành luật)/Trường Đại học Luật Hà Nội
4426,Giáo trình Logic học đại cương/Nguyễn Như Hải
4427,A concise introduction to logic/Ian Hacking
4428,Giáo trình xã hội học đại cương/Tạ Minh
4429,"Nhập môn xã hội học/Tạ Minh, Trần Tuấn Phát "
4430,Giáo trình xã hội học pháp luật/Ngọ Văn Nhân 
4431,Xã hội học
4432,Xã hội học/Ngọ Văn Nhân
4433,Xã hội học nhập môn/Trần Thị Kim Xuyến 
4434,"Xã hội học/Phạm Tất Dong,Lê Ngọc Hùng "
4435,Nhập môn lịch sử xã hội học/Hermann Korte (bản dịch) 
4436,Xã hội học - Những vấn đề cơ bản/Nguyễn Minh Hòa 
4437,Nhập môn xã hội học/Nguyễn Thị Như Thúy (chủ biên);Đặng Minh Thị Tuấn 
4438,Xã hội học tội phạm/Thanh Lê
4439,Xã hội học pháp luật/Trần Đức Châm 
4440,Giáo trình Tâm lý học đại cương/Nguyễn Xuân Thức (Chủ biên)
4441,Tâm lý học nghề nghiệp/Dương Thị Kim Oanh 
4442,Giáo trình Tâm lý học Giáo dục/Nguyễn Đức Sơn (Chủ biên)
4443,Tâm lý học giáo dục/Phạm Thành Nghị
4444,"Tình huống Tâm lý học/Nguyễn Kim Quý, Nguyễn Xuân Thức "
4445,"Cơ sở văn hóa Việt Nam/Trần Quốc Vượng, Tô Ngọc Thanh, Nguyễn Chí Bền..."
4446,Cơ sở văn hóa Việt nam/Trần Ngọc Thêm
4447,Cơ sở văn hóa Việt Nam /Lê Văn Chưởng
4448,"Lịch sử văn hóa Đông Nam Á/Phạm Đức Dương, Phạm Nguyên Long (Chủ biên); Diệp Đình Hoa "
4449,Cơ sở văn hóa Việt Nam/Chu Xuân Diên
4450,Giáo trình Cơ sở văn hóa Việt Nam/Đặng Đức Siêu 
4451,Văn hóa Việt Nam tìm tòi và suy ngẫm /Trần Quốc Vượng
4452,Cơ sở văn hóa Việt Nam/Trần Diễm Thúy 
4453,"Microsoft Office Professional 2013 Step By Step/Beth Melton, Mark Dodge, Echo Swinford, Andrew Couch, Eric Legault, Ben M. Schorr, Ciprian Adrian Rusen"
4454,Giáo trình Lí luận chung về nhà nước và pháp luật/Trường Đại học Luật Hà Nội 
4455,Giáo trình Lý luận nhà nước và pháp luật (Tài liệu hướng dẫn môn học)/Nguyễn Minh Đoan 
4456,Giáo trình Lí luận chung về nhà nước và pháp luật
4457,Giáo trình Lý luận nhà nước và pháp luật/Đại học Luật Hà Nội
4458,Giáo trình Lý luận chung về Nhà nước và Pháp luật/Trường Đại học Luật Hà Nội
4459,Nhà nước và pháp luật đại cương/Nguyễn Đăng Dung
4460,Những vấn đề chung về Nhà nước và pháp luật/Viện nghiên cứu Nhà nước và pháp luật 
4461,Giáo trình Lý luận Nhà nước và pháp luật/Khoa luật - Đại học khoa học xã hội và nhân văn 
4462,Giáo trình Lí luận chung về nhà nước và pháp luật/Trường Đại học Luật Hà Nội 
4463,Giáo trình Lý luận nhà nước và pháp luật (Tài liệu hướng dẫn môn học)/Nguyễn Minh Đoan 
4464,Giáo trình Lý luận nhà nước và pháp luật/Đại học Luật Hà Nội
4465,Giáo trình Lý luận chung về Nhà nước và Pháp luật/Trường Đại học Luật Hà Nội
4466,Nhà nước và pháp luật đại cương/Nguyễn Đăng Dung
4467,Những vấn đề chung về Nhà nước và pháp luật/Viện nghiên cứu Nhà nước và pháp luật 
4468,Giáo trình Lý luận Nhà nước và pháp luật/Khoa luật - Đại học khoa học xã hội và nhân văn 
4469,“Lịch sử Nhà nước và Pháp luật Việt Nam” từ nguồn gốc đến trước Cách mạng tháng Tám 1945/Vũ Thị Phụng
4470,Sơ thảo lịch sử nhà nước và pháp luật Việt Nam (từ Cách mạng tháng Tám đến nay)/Viện Luật học 
4471,Sơ thảo lịch sử nhà nước và pháp quyền Việt Nam (từ nguồn gốc đến thế kỷ XIX)/Đình Gia Trinh 
4472,Đất nước Việt Nam qua các đời/Đào Duy Anh
4473,Đại Việt sử ký toàn thư:4 tập/Ngô Sĩ Liên 
4474,Lịch sử Việt Nam
4475,"Advanced engineering mathematics/ Erwin Kreyszig; in collaboration with Herbert Kreyszig, Adward J. Norminton"
4476,Giáo Trình Kỹ Thuật Số
4477,"Algebra, Topology, Differential Calculus, and Optimization Theory for Computer Science and Machine learning"
4478,"Giáo trình ngôn ngữ lập trình C: Dùng cho môn học: Ngôn ngữ lập trình C/ Trương Ngọc Sơn, Lê Minh, Trương Ngọc Hà, Lê Minh Thành"
4479,"Giáo trình ngôn ngữ lập trình C: Dùng cho môn học: Ngôn ngữ lập trình C/ Trương Ngọc Sơn, Lê Minh, Trương Ngọc Hà, Lê Minh Thành"
4480,"Digital systems : Principles and applications / Neal S. Widmer, Gregory L. Moss, Ronald J. Tocci"
4481,C:How to program
4482,Giáo trình Vi xử lý
4483,Thinking like an Engineer: An Active Learning Approach
4484,Embedded C Programming and the Microchip PIC: 1 edition November 3
4485," Exploring engineering:An introduction to engineering and design/Philip Kosky, Robert Balmer, William Keat, George Wise"
4486,Giáo trình Mạch điện
4487,Giáo trính xử lý ảnh
4488,"Giáo trình Mạch điện/Trần Tùng Giang, Lê Thị Thanh Hoàng"
4489,"Bài tập mạch điện phần II / Phạm Thị Cư (chủ biên) ; Lê Minh Cường, Trương Trọng Tuấn Mỹ"
4490,Digital Image Processing
4491,"Digital Image processing using MATLAB /Rafael C. Gonzalez, Richard E. Woods, Steven L. Eddins."
4492,"Sadiku Fundamentals of electric circuits/Charles K. Alexander, Matthew N. O. Sadiku"
4493,"Amazon S3 Essentials,"
4494,Lập trình Android
4495,Signals & Systems/Richard Baraniuk
4496,Android Cookbook
4497,Lý thuyết tín Hiệu
4498,Continuous-Time Signals and Systems
4499,Design Patterns- Elements of Reusable Object-Oriented Software
4500,Computer Organization and Architecture/William Stallings
4501,Nhập môn UML
4502,Principles of Computer Hardware/Alan Clements
4503,The Design Patterns Java Companion
4504,Kiến trúc máy tính tiên tiến/Trần Công Hùng
4505,Giáo trình Thực hành vi điều khiển
4506,"Computer networking:A top-down approach/James F. Kurose, Keith W. Ross"
4507,"Giáo trình Vi xử lý,"
4508,Object-Oriented Design & Patterns
4509,"Learning UML 2.0 / Russ Miles, Kim Hamilton"
4510,Introduction to Embedded Systems A Cyber-Physical Systems Approach
4511,Design Patterns- Elements of Reusable Object-Oriented Software
4512,Nhập môn UML
4513,Giáo trình thực hành kỹ thuật số
4514,The Design Patterns Java Companion
4515,Giáo trình thực hành kỹ thuật số
4516,Building the internetof things with IPv6 and MIPv6
4517,Mạch số
4518,Object-Oriented Design & Patterns
4519,"Artificial intelligence, structure and strategies for complex problem solving"
4520,Deep learning
4521,Machine learning
4522,Giáo trình vi xử lý nâng cao
4523,The definitive guide to the ARM CORTEX – M3
4524,Nhập môn cấu trúc dữ liệu và giải thuật
4525,Beginning Object-Oriented Programming with C sharp
4526,Mạch số
4527,"Programming C# 4.0/ Ian Griffiths, Matthew Adams, Jesse Liberty"
4528,The UX Book: Process and guidelines for ensuring a quality user experience
4529,Learning Python: powerful object-oriented programming
4530,Multimedia Learning
4531,New Venture Creation: Entrepreneurship for the 21st Century – A Pacific Rim Perspective:1st Edition
4532,Computer Science and Educational Software Design: A Resource for Multidisciplinary Work in Technology Enhanced Learning
4533,Magdalena D. Toda: CALCULUS: 6th Edition
4534,Bài giảng tóm tắt: Toán 3 – Bộ môn Toán – Khoa KHƯD
4535,High Involvement Innovation: Building and Sustaining Competitive Advantage Through Continuous Change
4536,A Entrepreneurship
4537,Design for Electrical and Computer Engineers
4538,"Struts 2 in action/ Donald Brown, Chad Michael Davis, Scott Stanlick"
4539,Design for Electrical and Computer Engineers
4540,Murach‘s Java Servlet and JSP
4541,Bài giảng tóm tắt: Toán 1 – Bộ môn Toán – Khoa KHƯD.
4542,Computer Organization Laboratory – Assembly Language Programming
4543,Giáo trình hướng dẫn thực hành hệ thống nhúng
4544,Thực tập Điện tử cơ bản
4545,Điện tử cơ bản
4546,Search Engines: Information Retrieval in Practice
4547,Tài liệu thực hành điện tử công suất
4548,Ứng dụng PSIM trong điện tử công suất
4549,CCNA IOS Commands Survival Guide
4550,Điện tử thực hành/ Đỗ Đức Trí
4551,Giáo trình Công nghệ Phần mềm
4552,Software Engineering
4553,"Learning UML 2.0 / Russ Miles, Kim Hamilton"
4554,Design Patterns- Elements of Reusable Object-Oriented Software
4555,MapReduce:Simplified Data Processing on Large Clusters
4556,Nhập môn UML
4557,Điện tử công suất
4558,The Design Patterns Java Companion
4559,Spark: Cluster Computing with Working Sets
4560,Điện Tử Công Suất: Tính Toán - Mô Phỏng - Thực Hành
4561,Object-Oriented Design & Patterns
4562,Bitcoin and cryptocurrency technologies: A comprehensive introduction
4563,Thí nghiệm các nguyên lý vật lý 2
4564,"Blockchain: Ultimate guide to understanding blockchain, bitcoin, cryptocurrencies, smart contracts and the future of money"
4565,SQL injection attacks and defense / Justin Clarke
4566,Vật lý đại cương - Tập 2: Điện từ
4567,Vật lý đại cương - Tập 2: Điện từ
4568,Control System Engineering
4569,Physics for Scientists and Engineers with Modern Physics: 9th Edition
4570,"Giáo trình Điện tử cơ bản/Trần Thu Hà, Trương Thị Bích Ngà, Nguyễn Thị Lưỡng,..."
4571,Electronic devices & circuit theory
4572,Electronic Devices
4573,Electronic Devices
4574,Electronic Principle
4575,"E-Commerce , 15th ed"
4576,Electronic Principle
4577,Mạch điện tử 1/ Lê Tiến Thường
4578,Giáo trình Điện tử cơ bản/ Trần Thu Hà 
4579,Electronic devices & circuit theory
4580,Electronic Commerce 2018: A Managerial and Social Networks Perspective
4581,Electronic devices/Thomas L. Floyd 
4582,Nhập môn thương mại điện tử
4583,Electronic Principle
4584,Mạch điện tử 2/ Lê Tiến Thường 
4585,Discrete Mathematics with Applications/Susanna S. Epp
4586,Discrete Mathematical Structures 
4587,Data Warehouse Systems: Design and Implementation
4588,Fundamentals of Digital logic with Verilog Design
4589,Data Warehousing and Analytics: Fueling the Data Engine
4590,"CMOS VLSI design:A circuits and systems perspective/Neil H.E. Weste, David Money Harris"
4591,"CMOS: Circuit Design, Layout, and Simulation/ R. Jacob Baker"
4592,Securing Oracle Database 12c
4593,CMOS Transistor Layout Kungfu
4594,SQL injection attacks and defense / Justin Clarke
4595,Introduction to Embedded Systems
4596,"Designing embedded systems with Arduino : A fundamental technology for makers / Tianhong Pan, Yi Zhu"
4597,"Text data management and analysis : A practical introduction to information retrieval and text mining / ChengXiang Zhai, Sean Massung"
4598,Verilog HDL: A Guide to Digital Design and Synthesis
4599,RTL Hardware Design Using VHDL
4600,Bài giảng thiết kế vi mạch số với VHDL
4601,Design of Analog CMOS Intergrated Circuits
4602,CMOS VLSI design
4603,Handbook of Modern Sensors: fifth edition
4604,Verilog HDL: A Guide to Digital Design and Synthesis
4605,Piezoelectric Sensors and Actuators
4606,Verilog HDL: A Guide to Digital Design and Synthesis
4607,Sensor and Signal Conditioning: second edition
4608,Fundamentals of Digital logic with Verilog Design
4609,Lập trình Android cơ bản
4610,Lập trình Android trong ứng dụng điều khiển
4611,Design for Electrical and Computer Engineers
4612,"Lập trình Android và ứng dụng trong các hệ thống Iots (Android trong điều khiển, Iots, Wearos)/ Nguyễn Văn Hiệp, Trần Đức Thiện, Trần Mạnh Sơn"
4613,Toán rời rạc
4614,Beginning Android™ Application Development
4615,Giáo trình Lý thuyết đồ thị
4616,Fundamentals of Software Architecture: An Engineering Approach Paperback 
4617,Nvidia Transfer Learning Toolkit For Intelligent Video Analytics
4618,Deep Learning for Coders with Fastai and PyTorch
4619,"Toán rời rạc/Nguyễn Đức Nghĩa, Nguyễn Tô Thành "
4620,Toán học rời rạc ứng dụng trong tin học
4621,Excel VBA Programming for Dummies: 5th edition
4622,An Introduction to Excel for Civil Engineers
4623,"Cẩm nang thuật toán - $nT.1:Các thuật toán thông dụng /Robert Sedgewick; Trần Đan Thư, Vũ Mạnh tường, Dương Vũ Diệu Trà, Nguyễn Tiến Huy (dịch), Hoàng kiếm (hiệu đính)"
4624,Laboratory Manual for Digital Image Processing with  Matlab & Python
4625,"Cẩm nang thuật toán - $nT.2::Các thuật toán thông dụng/Robert Sedgewick; Trần Đan Thư (dịch),...; Hoàng kiếm (hiệu đính)"
4626,Image Processing Tutorial with Python
4627,100 Excel VBA Simulations
4628,Raspberry Pi Image Processing Programming
4629,Excel For Scientists and Engineers
4630,"Deep Learning with PyTorch: Build, train, and tune neural networks using Python tools"
4631,"Deep Learning with PyTorch: Build, train, and tune neural networks using Python tools"
4632,Digital Image Processing (4th ed.)
4633,Introduction to Machine Learning with Python
4634,Pattern Reconition and Machine Learning
4635,Truyền hình số có nén và Multimedia
4636,Truyền hình số
4637,Giáo trình kỹ thuật lập trình C căn bản và nâng cao
4638,Dự toán xây dựng: Sách chuyên khảo/ Huỳnh Hàn Phong
4639,C programming : A modern approach / K. N. King
4640,"Định giá trong xây dựng: theo cơ chế mới (Nghị định 68/2019/NĐ-CP)/ Bùi Mạnh Hùng, Nguyễn Thị Tuyết Dung"
4641,"Giáo trình quản lý dự án đầu tư xây dựng/ Phan Nhựt Duy, Đoàn Ngọc Hiệp"
4642,Probability and Statistics for Engineering and Science: 8th edition with Enhanced WebAssign
4643,"Giáo trình tổ chức thi công xây dựng/ Lê Anh Dũng (chủ biên), Nguyễn Hoài Nam, Cù Huy Tình, Tường Minh Hồng, Lê Bá Sơn"
4644,Guide to Competitive Programming
4645,"Introduction to algorithms / Thomas H. Cormen, Charles E. Leiserson, Ronald L. Rivest, Clifford Stein"
4646,"Programming challenges : the programming contest training manual / Steven S. Skiena, Miguel A. Revilla"
4647,"Hình học họa hình: Phương pháp hình chiếu thẳng góc/ Đào Tiệp, Bùi Xuân Thìn, Tô Ngọc Hải..."
4648,"The Art of Computer Programming – Vol. 2, 3rd Edition"
4649,Advanced Engineering Mathematics 5th Revised Edition with online access 
4650,giáo trình Điện tử cơ bản
4651,Electronic devices & circuit theory
4652,Electronic Devices
4653,Đồ họa kiến trúc tập1: Vẽ kỹ thuật kiến trúc
4654,Electronic Principle
4655,Electronic Devices
4656,Introductory Statistics: 9th edition
4657,Xác suất Thống kê và ứng dụng
4658,Bản vẽ kỹ thuật – Tiêu chuẩn quốc tế
4659,Giáo trình lý thuyết xác suất và thống kê  toán học :Lý thuyết cơ bản và ứng dụng/Trần Gia Tùng
4660,"Thống kê ứng dụng trong quản trị, kinh doanh và nghiên cứu kinh tế =Statistics for business and economics/Trần Bá Nhẫn, Đinh Thái Hoàng"
4661,Kỹ năng giao tiếp và thương lượng trong kinh doanh
4662,"Cơ học công trình/ Trần Minh Tú, Nguyễn Thị Bích Phượng, Trần Thùy Dương"
4663,Kỹ năng giao tiếp trong kinh doanh
4664,Kỹ thuật điện
4665,Organizational Culture and Leadership 3rd edition
4666,Disciplined entrepreneurship
4667,The lean startup
4668,"Cung cấp điện/Nguyễn Xuân Phú, Nguyễn Công Hiền, Nguyễn Bội Khuê, "
4669,Essentials of Entrepreneurship and Small Business Management
4670,Giáo trình kỹ thuật chiếu sáng/Dương Lan Hương
4671,Design of Electrical Services for Buildings/Barrie Rigby
4672,Harvard Business Review entrepreneur's handbook: everything you need to launch and grow your new business.
4673,How to Write a Business Plan
4674,Thống kê trong kinh tế và kinh doanh: Cengage Learning
4675,"Thủy lực cơ sở/Phùng Văn Khương, Trần Đình Nghiên, Phạm Văn Vĩnh"
4676, Modern business statistics with Microsoft Excel. 7th edition
4677,Introduction to Robotics: Mechanics and Control
4678,"Phân tích dữ liệu nghiên cứu với SPSS :Dùng với SPSS các phiên bản 11.5, 13, 14, 15, 16 - Tập 2/Hoàng Trọng, Chu Nguyễn Mộng Ngọc"
4679,"Thủy lực-T1: (Sách dùng trong các trường đại học kỹ thuật, soạn theo chương trình đã được hội đồng môn học thủy lực của Bộ Giáo dục và Đào tạo duyệt)/  Nguyễn Tài "
4680,"Thủy lực - T.2:Sách dùng trong các trường đại học kỹ thuật, soạn theo chương trình đã được hội đồng môn học thủy lực của Bộ Giáo dục và Đào tạo duyệt/Nguyễn Tài, Lê Bá Sơn"
4681,"Robotics: Control, Sensing, Vision, and Intelligence"
4682,"Robotics: Modelling, Planning and Control"
4683,Process Control: theory and applications/ Jean-Pierre Corriou.
4684,"Bài tập thủy lực - Tập 1 /Hoàng Văn Quý, Nguyễn Cảnh Cầm"
4685,"Bài tập thủy lực - Tập 2 /Nguyễn Cảnh Cầm, Lưu Công Đào, Nguyễn Như Khuê, Hoàng Văn Quý"
4686,Cơ sở hệ thống điều khiển quá trình/Hoàng Minh Sơn
4687,Process Industrial Instruments and Control Handbook
4688,Handbook of Hydraulic Engineering Problems
4689,Process dynamics and control
4690,Basic hydraulic systems and components
4691,Practical process control “Fundamentals of Instrumentation and Process control”
4692,Tài chính dành cho nhà quản lý
4693,Kỹ thuật nhiệt 
4694,Giáo trình Quản trị xuất nhập khẩu
4695,Giáo trình quản trị ngoại thương
4696,Cài đặt và vận hành biến tần công nghiệp
4697,Giáo trình Kỹ thuật lạnh 
4698,Kỹ thuật kinh doanh xuất nhập khẩu
4699,Công nghệ Thủy lực và Khí nén (phần Khí nén)
4700,Nghiệp vụ ngoại thương
4701,Nhiệt động lực học kỹ thuật 
4702,Incoterms 2010
4703, Introduction to Robotics: Mechanics and Control: 4 th edition
4704,Incoterms 2020
4705,Truyền nhiệt 
4706,"Robotics: Modelling, Planning and Control"
4707,Thermodynamics:Fundamentals for Applications
4708,Nguyên lý thiết kế kiến trúc
4709,Giáo trình kỹ thuật Robot/Nguyễn Trường Thịnh
4710,Quản trị học
4711,Fundamentals of Management
4712,Kỹ thuật robot/Đào Văn Hiệp
4713,"Nguyên lý thiết kế cấu tạo các công trình kiến trúc/Phan Tấn Hài, Võ Đình Diệp, Cao Xuân Lương"
4714,Doing Academic Research
4715,Thiết kế kiến trúc công nghiệp
4717,Kiến trúc nhà ở
4718,Khởi hành-Lời khuyên sinh viên Việt Nam
4719,Kiến trúc nhà ở: Giáo trình đào tạo kiến trúc sư/ Nguyễn Đức Thiềm
4720,Lý thuyết điều khiển hiện đại
4721,"Automatic control systems / Farid Golnaraghi, Benjamin C. Kuo"
4722,Kiến trúc nhà công cộng:Giáo trình đào tạo kiến trúc sư/Nguyễn Đức Thiềm 
4723,Control systems engineering
4724,Global Marketing
4725,"Cấu tạo kiến trúc nhà dân dụng :Giáo trình dùng cho sinh viên ngành kiến trúc, xây dựng /Nguyễn Đức Thiềm, Nguyễn Mạnh Thu, Trần Bút"
4726,Marketing for Entrepreneurs: Concepts And Applications for New Ventures
4727,Architect Data=Dữ liệu kiến trúc sư
4728,Principles of marketing 18th Edition
4729,Quy chuẩn xây dựng Việt Nam - Tập 1:Ban hành kèm theo quyết định số 682/BXD - CSXD ngày 14-12-1996 của bộ trưởng Bộ Xây Dựng/Bộ Xây Dựng
4730,Quy chuẩn xây dựng Việt Nam - Tập 3:Phụ lục: Số liệu tự nhiên Việt Nam (Ban hành theo quyết định số 439/BXD - CSXD ngày 25-9-1997 của Bộ trưởng Bộ Xây dựng/Bộ Xây Dựng
4731,Quy chuẩn xây dựng Việt Nam:Ban hành kèm theo quyết định số 439/BXD - CSXD ngày 25-09-1997 của Bộ trưởng  Bộ Xây Dựng/Bộ Xây Dựng$nTập II
4732,Industrial Data Communications: 4th edition
4733,Measurement and Control Basics: 5th edition
4734,Kết cấu Bê tông cốt thép: Phần cấu kiện cơ bản
4735,Kết cấu thép: Phần cấu kiện cơ bản
4736,"Kết cấu thép - Tiêu chuẩn thiết kế = Steel structures - Design standard: Tiêu chuẩn Quốc gia TCVN 5575 : 2012,"
4737,Thiết kế kết cấu bêtông cốt thép theo TCVN 5574:2018 = Design of reinforced concrete structures following TCVN 5574:2018/ Bùi Quốc Bảo
4738,Tải trọng và tác động:Tiêu chuẩn thiết kế - TCXD 2737: 1995 (soát xét lần 2)
4739,"Automation, Production Systems, and Computer-Integrated Manufacturing: 5th edition"
4740,"Giáo trình hệ thống sản xuất tích hợp =Computer integrated manufacturing/Đặng Thiện Ngôn, Lê Chí Cương"
4741,Bài tập thiết kế Kết cấu thép
4742,"Giáo trình tổ chức thi công xây dựng/ Lê Anh Dũng (chủ biên), Nguyễn Hoài Nam, Cù Huy Tình, Tường Minh Hồng, Lê Bá Sơn"
4743,"Máy và hệ thống điều khiển số: Dùng cho môn học: Máy và hệ thống điều khiển số/ Lê Hiếu Giang, Đặng Minh Phụng, Thái Văn Phước, Quách Thanh Hải"
4744,Thiết kế tổng mặt bằng xây dựng/ Trịnh Quốc Thắng
4745,Quản lý bảo trì công nghiệp
4746,Computer Integrated Manufacturing
4747,Lý thuyết hỏi và đáp về tổ chức và lập tiến độ thi công/Ngô Quang Tường
4748,Introduction to Multisim for Electric Circuits: 10th Edition
4749,Ứng dụng MS Project trong lập tiến độ và quản lý dự án xây dựng
4750,Computer-Aided Circuit Analysis with Multisim: 1st Edition
4751,Construction planning for Engineers
4752,"Giáo trình tối ưu hóa: Dành cho sinh viên khối ngành Kinh tế/ Nguyễn Khắc Hiếu, Nguyễn Thị Anh Vân, Nguyễn Thị Mai Trâm"
4753,Woods - Digital Image Processing
4754,"Organizational Behavior, 18th Edition"
4755,"Giáo trình Cung cấp điện: Dành cho hệ Đại Học, Khối Ngành Công Nghệ"
4756,Hướng dẫn thiết kế lắp đặt điện theo tiêu chuẩn quốc tế IEC
4757,"Organizational Behavior: A Practical, Problem-Solving Approach, 3rd Ed"
4758,Giáo trình CAD trong kỹ thuật điện
4759,Sổ tay thiết kế điện hợp chuẩn
4760,Giáo trình An toàn điện
4761,"Nguyên lý kế toán/ Võ Văn Nhị (ch.b), Phạm Ngọc Toàn, Trần Thị Thanh Hải,..."
4762,Hệ thống bài tập và câu hỏi trắc nghiệm môn Nguyên lý kế toán 
4763,Cung cấp điện
4764,"Accounting Principles, 10th Edition"
4765,Cẩm nang thiết bị đóng cắt ABB
4766,"Thiết kế điện, dự toán và tính giá thành /K.B. Raina, S.K. bhattacharya; Phạm Văn Niên (dịch)"
4767,Giáo trình  “Nhập môn ngành Công nghệ May”
4768,Design of Electrical Services for Buildings/Barrie Rigby
4769,Hệ thống sản xuất
4770,Bảy thói quen cho người thành đạt (The 7 Habits of Highly Effective People)
4771,"Automation, Production Systems, and Computer-Integrated Manufacturing "
4772,Advanced Energy Design Guide for Small Retail Buildings
4773,Use your memory
4774,Analysis and Design of Low-Voltage Power Systems
4775,Phương pháp nâng cao hiệu quả học tập
4776,Quản trị sản xuất & dịch vụ
4777,Bộ sách “Đời thay đổi khi chúng ta thay đổi”
4778,Nghệ thuật giao tiếp để thành công:92 thủ thuật giúp bạn trở thành bậc thầy trong giao tiếp/Leil Lowndes
4779,Medium Voltage Design Guide: Merlin Gerin 
4780,Operation management (14th edition)
4781,Electrical Distribution Engineering
4782,Electric power distribution equipment and systems / T. A. Short
4783,Electrical Installation Caculations
4784,Hệ thống sản xuất
4785,Electrical Installation Guide
4786,Phương pháp học tập khoa học 
4787,Electrical Installation Hanbook
4788,Đo lường lao động và thiết kế công việc cho sản xuất công nghiệp/Nguyễn Văn Chung
4789,Lighting by Design/Christopher Cuttle
4790,Lighting Design Basics
4791,"Kỹ thuật soạn thảo văn bản:Dùng cho sinh viên các trường đại học - cao đẳng/Lê Xuân Soan, Nguyễn Hồng Kiên, Hoàng Thị Tâm"
4792,Uninterruptible Power Supplies
4793,Electric Power Substations Engineering
4794,Operation management 
4795,Phương pháp học tập thoải mái 
4796,Electrician’s Exam Study Guide
4797,"Giáo trình hệ thống sản xuất tích hợp =Computer integrated manufacturing/Đặng Thiện Ngôn, Lê Chí Cương"
4798,"Project Management – Achieving competitive advantage, 5th edition: Pearson"
4799,Computers in the Garment Industry
4800,"Transforming Clothing Production into a Demand-driven, Knowledge-based, High-tech Industry - The Leapfrog Paradigm"
4801,Điều khiển lập trình
4802,Management of Technology Systems in Garment Industry
4803,Computer technology for textiles and apparel
4804,A guide to the project management body of knowledge (PMBOK® guide) / Project Management Institute
4805,"Tự động hóa trong xây dựng /Đỗ Xuân Tùng (chủ biên), Trương Tri Ngộ, Lê Nho Bội"
4806,Lý thuyết điều khiển tự động
4807,Textile and Fashion Materials
4808,Giáo trình hệ thống cỡ số trang phục : Giáo trình dùng cho sinh viên ngành Công nghệ may / Phùng Thị Bích Dung (ch.b.); Nguyễn Thị Thúy
4809,Bài tập Điều khiển tự động
4810,Giáo trình Quản lý chất lượng trong các tổ chức  
4811,Excel Nâng Cao - Phân Tích Dữ Liệu Và Lập Mô Hình Kinh Doanh Trong Excel
4812,Giáo Trình Thống Kê Thực Hành
4813,Phương pháp nghiên cứu kinh tế kiến thức cơ bản/Trần Tiến Khai
4814,Xử lý thống kê số liệu thực nghiệm và những ví dụ ứng dụng trong ngành dệt may
4815,Research Methods for Business Students – Fourth Edition
4816,Giáo trình kỹ thuật may cơ bản/Trần Thị Cẩm Tú
4817,Business Research Methods
4818,Fashion Source Book
4819,Kỹ thuật phòng chống cháy - nổ nhà cao tầng
4820,"Basics Fashion Design 3: Construction, "
4821,Professional sewing techniques for designers
4824,Quản trị logistics và chuỗi cung ứng
4825,"Gopalakrishnan, Apparel Manufacturing Technology"
4826,"TCVN 3890 – 2009: Phương tiện phòng cháy và chữa cháy cho nhà và công trình – trang bị, bố trí, kiểm tra, bảo dưỡng"
4827,Essentials of supply chain management/ Michael Hugos
4828,TCVN 7336 – 2003: Hệ thống Sprinkler tự động – yêu cầu thiết kế và lắp đặt
4829,Giáo trình Anh văn chuyên ngành Công nghệ may 
4830,"Supply chain management Strategic, Planning, and Operation  7th edition"
4831,"TCVN 2622 – 1995: Phòng cháy, chống cháy cho nhà và công trình – Yêu cầu thiết kế"
4832,"Tiêu chuẩn NFPA.72 (National fire protection association) . Hiệp hội quốc tế PCCC: Hệ thống chữa cháy, hệ thống báo cháy"
4833,Quản trị vận hành và chuỗi cung ứng
4834,"Anh văn chuyên ngành Công nghệ May (Tài liệu lưu hành nội bộ - Khoa Thời trang và Du lịch, Trường Đại học Sư phạm Kỹ thuật TP.HCM)"
4835,"Tiêu chuẩn kỹ thuật thiết bị, vật tư ngành nước"
4836,Chiến lược cạnh tranh = Competitive strategy / Michael E. Porter ; Nguyễn Ngọc Toàn (dịch)
4837,"Giáo trình thiết kế trang phục 2/Trần Thị Thêu, Nguyễn Tuấn Anh"
4838,FUNDAMENTALS of STRATEGIC MANAGEMENT 2nd edition
4839,Water supply and sewerage
4840,"Giáo trình an toàn lao động và môi trường công nghiệp:Môn học: 1251250 - An toàn công nghiệp và môi trường, Lưu hành nội bộ/Hoàng Trí"
4841,Introduction to Health and Safety at Work: for the NEBOSH National General Certificate in Occupational Health and Safety  
4842,Giáo trình tạo mẫu trang phục nữ 
4843,"Occupational Health and Safety Management: A Practical Approach, Third Edition (3rd ed.)"
4844,Giáo trình thiết kế trang phục 4 
4845,Sổ tay máy bơm
4846,"Risk Assessment, 2nd edn"
4847,Giáo trình thiết kế trang phục nữ nâng cao
4848,Máy bơm và trạm bơm
4849,"Giáo trình công nghệ may:Sách dùng cho các trường đào tạo hệ trung học chuyên nghiệp/Trần Thủy Bình (ch.b.), Nguyễn Tiến Dũng, Lê Thị Mai Hoa,..."
4850,Giáo trình thiết kế trang phục nữ cơ bản:Giáo trình dùng cho sinh viên ngành Công nghệ may/Phùng Thị Bích Dung
4851,Giáo trình tạo mẫu trang phục nữ/Phùng Thị Bích Dung
4852,Giáo trình Thiết kế trang phục 1
4853,Hình họa-vẽ kỹ thuật 
4854,"Giáo trình thiết kế trang phục 2/Trần Thị Thêu, Nguyễn Tuấn Anh"
4855,"Xử lý nước thải đô thị và công nghiệp - Tính toán thiết kế công trình =Domestic and Inductrial Wastewater treatment - Calculation and Engineering design /Lâm Minh Triết, Nguyễn Thanh Hùng, Nguyễn Phước Dân"
4856,Giáo trình Thiết kế trang phục nam nâng cao 
4857,Metric Pattern Cutting For Menswear
4858,Tính toán thiết kế các công trình xử lý nước thải
4859,Giáo trình Triết học Mác – Lênin
4860,Giáo trình Những nguyên lý cơ bản của chủ nghĩa Mác– Lênin
4861,Wastewater treatment
4862,Giáo trình Công nghệ sản xuất may
4863,Công nghệ môi trường - Tập 1 :Xử lý nước /Hoàng Văn Huệ
4864,Advances in Apparel Manufacturing
4865,Hóa nước vi sinh
4866,Cơ sở hóa học quá trình xử lý nước cấp và nước thải
4867,"Cơ sở kỹ thuật điều hòa không khi /Hà Đăng Trung, Nguyễn Quân"
4868,Giáo trình điều hòa không khí/Lê Chí Hiệp
4869,Giáo trình cơ sở sản xuất may công nghiệp/Trần Thanh Hương
4870,Organizational Culture and Leadership 3rd edition
4871,Kỹ thuật lạnh đại cương 
4872,Giáo trình Công nghệ may trang phục 2
4873,Handbook of air conditioning and refrigeration/ Shan K. Wang.
4874,Refrigeration systems and applications/ Ibrahim Dancer
4875,Giáo trình quản lý chất lượng trang phục/Trần Thanh Hương
4876,Luật Hải quan
4877,Giáo trình Chuẩn bị sản xuất may
4878,Giáo trình Công nghệ may trang phục 2
4879,Autodesk Revit 2018 MEP Fundamentals: Student guide imperial
4880,"Phân tích dữ liệu nghiên cứu với SPSS :Dùng với SPSS các phiên bản 11.5, 13, 14, 15, 16 - Tập 2/Hoàng Trọng, Chu Nguyễn Mộng Ngọc"
4881,Giáo trình thiết kế trang phục 5/Trần Thanh Hương
4882,Giáo trình công nghệ may trang phục 3: Môn học - Công nghệ may trang phục 3 (MMH: 1251343)/Trần Thị Thanh Hương
4883,The business value of BIM for Construction in Major Global Markets: How contractoRevit MEP around the World are driving innovation with Building Information Modelling
4884,Research Methods for Business Students
4885,Quản lý chất lượng trong doanh nghiệp may công nghiệp
4886,BIM Handbook
4887,Quality Management Handbook for the Apparel Industry
4888,BIM lecture notes
4889,Work Quality Management in the Textile Industry
4890,Handbook of Managing Apparel Production and Quality
4891,Apparel Quality - A Guide to Evaluating Sewn Products
4892,The business value of BIM for Construction in Major Global Markets: How contractoRevit MEP around the World are driving innovation with Building Information Modelling
4893,The Fundamentals of Quality Assurance in the Textile Industry
4894,"Giáo trình lịch sử các học thuyết kinh tế/Phạm Quang Phan, An Như Hải"
4895,Giáo trình Quản lý sản xuất May Công nghiệp
4896,Lean Tools in Apparel Manufacturing (The Textile Institute Book Series)
4897,Industrial Engineering in Apparel Manufacturing
4898,Engineering Mechanics – Statics
4899,Apparel Manufacturing
4900,"Introduction to clothing manufacture/Gerry Cooklin, Steven G. Hayes, John McLoughlin"
4901,Quản trị tài chính công ty
4902,Giáo trình quản lý sản xuất trên vi tính/Nguyễn Thị Thúy
4903,Mechanics of materials/R. C. Hibbeler
4904,Giáo trình Xếp dỡ và vận chuyển Hàng hoá trên tàu 
4905,Engineering Mechanics
4906,Chuẩn bị sản xuất may
4907,Giáo trình công nghệ sản xuất may:Giáo trình dùng cho sinh viên ngành Công nghệ may/Trần Thanh Hương
4908,Operations Management Creating Value Along the Supply Chain.
4909,"Operations and supply chain management, Mc Graw Hill"
4910,Operations management
4911,"Organizational Behavior, 18th Edition"
4912,"Organizational Behavior: A Practical, Problem-Solving Approach, 3rd Ed"
4913,Thiết kế hệ thống cấp nước bằng Epanet: Bài giảng 
4914,Giáo trình Lập Kế hoạch sản xuất ngành may
4915,Hướng dẫn sử dụng Epanet
4916,Giáo trình công nghệ may trang phục 2: Tài liệu lưu hành nội bộ/Trần Thị Thanh Hương
4917,Hướng dẫn đồ án mạng lưới cấp thoát nước
4918,Giáo trình thiết kế trang phục 5/Trần Thanh Hương
4919,Giáo trình công nghệ may trang phục 3: Môn học - Công nghệ may trang phục 3 (MMH: 1251343)/Trần Thị Thanh Hương
4920,Research Methods for Business Students – Fourth Edition
4921,Giáo trình: Tổ chức quản lý sản xuất may
4922,Giáo trình thực tập cung cấp điện 
4923,Giáo trình: Lập kế hoạch sản xuất may
4924,Business Research Methods
4925,Electrical Installation Guide
4926,Quản trị logistics và chuỗi cung ứng
4927,Giáo trình: Quản lý đơn hàng ngành may 
4928,"Giáo trình “Cung cấp điện”: dành cho hệ Đại Học, Khối Ngành Công Nghệ"
4929,Essentials of supply chain management/ Michael Hugos
4930,Hướng dẫn thiết kế lắp đặt điện theo tiêu chuẩn quốc tế IEC
4931,Sổ tay thiết kế điện hợp chuẩn
4932,Giáo trình Luật thương mại (Tập 1+2)
4933,Giáo trình Thiết kế trang phục nam cơ bản 
4934,Pháp luật kinh tế
4935,Giáo trình chủ thể kinh doanh
4936,"Giáo trình pháp luật thương mại, hàng hóa và dịch vụ"
4937,"Giáo trình “Thiết kế trang phục nam cơ bản"""
4938,Thiết kế trang phục 2
4939,Textile Science 
4940,Tự động hóa trong hệ thống lạnh
4941,Bài giảng môn chuyên đề nhiệt
4942,Thiết kế trang phục nam nâng cao 
4943,Boilers for power and process/ Kumar Rayaprolu.
4944,Giáo trình Pháp luật đại cương
4945,Thiết kế trang phục nữ nâng cao
4946,"Industrial boilers and heat recovery steam generators: Design, applications and calculations"
4947,Pháp luật đại cương:Dùng trong các trường đại học và trung học chuyên nghiệp; Môn học: 1005020 - Pháp luật đại cương/Lê Minh Toàn
4948,Pháp luật đại cương:Dùng trong các trường đại học và trung học chuyên nghiệp; Môn học: 1005020 - Pháp luật đại cương/Lê Minh Toàn
4949,Giáo trình công nghệ sản xuất may:Giáo trình dùng cho sinh viên ngành Công nghệ may/Trần Thanh Hương
4950,Chuẩn bị sản xuất may
4951,Tổ chức quản lý sản xuất may 
4952,"Những vấn đề cơ bản của pháp luật đại cương/ Nguyễn Thị Tuyết Nga, Lê Văn Hợp"
4953,Năng lượng mặt trời và các ứng dụng 
4954,Hệ thống cỡ số trang phục 
4955,Renewable energy resources
4956,Công nghệ CAD ngành may 
4957,Giáo trình nguyên phụ liệu may =Garment materials and accessories/Nguyễn Tuấn Anh
4958,"Công nghệ in, thêu"
4959,Printed textile design
4960,Giáo trình thiết kế trang phục nữ cơ bản:Giáo trình dùng cho sinh viên ngành Công nghệ may/Phùng Thị Bích Dung
4961,Giáo trình Thực hành Chuẩn bị sản xuất may
4962,Carr and Latham's technology of clothing manufacture/ David J. Tyler (revised)
4963,Thiết kế nón và túi xách
4964,Giáo trình thiết kế trang phục nữ cơ bản:Giáo trình dùng cho sinh viên ngành Công nghệ may/Phùng Thị Bích Dung
4965,Thiết kế trang phục 2
4966,"The art of fashion draping, Fairchild Books & Visuals"
4967,Flat pattern cutting and modelling for fashion/Helen Stanley
4970,Phương Pháp Đo Bóc Khối Lượng Và Tính Dự Toán Công Trình Xây Dựng
4971,Công trình trên đất yếu/ Trần Quang Hộ
4972,Đàm Phán Trong Kinh Doanh Quốc Tế
4973,Kỹ Năng Giao Tiếp Và Thương Lượng Trong Kinh Doanh
4974,Foundation Analysis and Design: 5th ed
4975,Kỹ năng thương lượng =Negotiation:Cẩm nang kinh doanh
4976,Hình họa - Vẽ kỹ thuật xây dựng
4977,Getting to Yes 
4978,Geometric and Engineering Drawing
4979,Giáo trình mỹ thuật trang phục / Nguyễn Thị Trúc Đào
4980,Cơ học đất I và II
4981,Principles of foundation Engineering
4982,Tâm lý học quản trị kinh doanh
4983,Tâm lý học quản trị kinh doanh/Thái Trí Dũng
4984,Đắc nhân tâm
4985,"Cơ học công trình: Dành cho các ngành kiến trúc, vật liệu xây dựng, kỹ thuật môi trường/ Lều Thọ Trình, Đỗ Văn Bình"
4986,Giáo trình Cải tiến sản xuất ngành may
4987,Microsoft Office Professional 2013 Step By Step
4988,Bài tập thiết kế kết cấu thép/Trần Thị Thôn
4989,"TCVN 5575:2011, Kết cấu thép – tiêu chuẩn thiết kế"
4990,Giáo trình mỹ thuật trang phục 
4991,Metric Pattern Cutting  for men’s wear: 5th edition 
4992,"Giáo trình vật liệu xây dựng/ Phan Thế Vinh, Trần Hữu Bằng"
4993,", Metric Pattern Cutting for Women's Wear: 6th edition "
4994,Giáo trình Thiết kế trang phục nam cơ bản
4995,Bài tập Vật liệu xây dựng
4996,Giáo trình thiết kế trang phục nữ cơ bản:Giáo trình dùng cho sinh viên ngành Công nghệ may/Phùng Thị Bích Dung
4997,Giáo trình vật liệu xây dựng
4998,Lịch sử thời trang
4999,Tuyển tập tiêu chuẩn xây dựng: Tập 8
5000,Tuyển tập tiêu chuẩn xây dựng: Tập 10
5001,Metric Pattern Cutting  for men’s wear: 5th edition 
5002,Metric Pattern Cutting for Women's Wear: 6th edition 
5003,Construction materials: Their nature and behavior
5004,Giáo trình Công nghệ Cad ngành May
5005,Data Management 
5006,Pattern Design 
5007,Marker Making 
5008,Giáo trình Kỹ thuật điện
5009,Sustainable Issues in Infrastructure Engineering: The official 2020 publication of the Soil-Structure Interaction Group in Egypt (SSIGE) - 1st Ed.
5010,The art of fashion draping
5011,Flat pattern cutting and modelling for fashion/Helen Stanley
5012,The art of fashion draping/Connie Amaden-Crawford
5013,Advanced Introduction to Urban Transport Planning
5014,Flat pattern cutting and modelling for fashion/Helen Stanley
5015,Architectural Inspiration in Fashion Design
5016,"Transport Planning (Transport, Development and Sustainability Series"
5017,Metric pattern cutting for children’s wear and babywear
5018,Pattern Making for Fashion Design: 4th ed
5019,Thiết kế trang phục nam 
5020,Pattern Making for Fashion Design: 4th ed
5021,"Quản Lý Dự Án Xây Dựng: Thiết Kế, Đấu Thầu Và Các Thủ Tục Trước Xây Dựng "
5022,Giáo trình thiết kế trang phục 1 
5023,The art of manipulating fabric/Colette Wolff
5024,Lập và thẩm định dự án đầu tư
5025,Nghệ thuật dessin
5026,Hình họa cơ bản
5027,Hình họa 1
5028,Thiết kế tổ chức thi công 
5029,Những điều cơ bản dành cho người học vẽ
5030,Luật xa gần
5031,Mỹ thuật cơ bản và nâng cao: Tĩnh vật ngũ quan thạch cao
5032,Giải phẫu học: Hình họa căn bản tập 12 
5033,"Quản Lý Dự Án Xây Dựng:Thiết Kế, Đấu Thầu Và Các Thủ Tục Trước Xây Dựng "
5034,Giáo Trình Quản Lý Dự Án Đầu Tư Xây Dựng
5035,Màu sắc & phương pháp sử dụng
5036,Lập và thẩm định dự án đầu tư/Đỗ Phú Trần Tình
5037,Từ điển thuật ngữ mỹ thuật phổ thông
5038,Kinh doanh và tiếp thị thời trang 
5039,Project Management: The Managerial Process
5040,Giáo trình Khởi sự kinh doanh
5041,Project Management for Engineering and Construction
5042,Thập đại tùng thư 10 nhà hội họa lớn thế giới
5043,"Từ điển mỹ thuật hội họa thế giới /Tiệp Nhân, Vệ Hải; người dịch: Trần Kiết Hùng, Nguyễn Hồng Trang"
5044,Thiết kế  tổ chức thi công/ Lê Văn Kiểm
5045,Mỹ thuật của người Việt
5046,Các dân tộc ở Việt Nam:(Dẫn liệu nhân học- tộc người) /Nguyễn Đình Khoa
5047,Lý thuyết hỏi và đáp về tổ chức và lập tiến độ thi công/Ngô Quang Tường
5048,Hình tượng con người trong nghệ thuật tạo hình truyền thống
5049,Mỹ thuật thời Lý
5050,Lịch sử mỹ thuật thế giới: Giáo trình dùng cho các trường mỹ thuật; Môn học: 1052010 - Lịch sử mỹ thuật thế giới/Nguyễn Trân biên soạn
5051,Lịch sử mỹ thuật Việt Nam
5052,Quy Hoạch Và Thiết Kế Công Trình Giao Thông Đô Thị
5053,"TCXDVN 104:2007, Đường đô thị - Yêu cầu thiết kế"
5054,TCVN 7957:2008 về thoát nước - Mạng lưới và công trình bên ngoài - Tiêu chuẩn thiết kế
5055,Tài liệu học tập Lịch sử trang phục 1
5056,QCVN 07-2:2016/BXD. QUY CHUẨN KỸ THUẬT QUỐC GIA. CÁC CÔNG TRÌNH HẠ TẦNG KỸ THUẬT. CÔNG TRÌNH THOÁT NƯỚC
5057,Fashion – The definitive History of costume and style 
5058,"Tổ chức thi công đường ô tô/Nguyễn Quang Chiêu, Dương Học Hải"
5059,Giáo trình mỹ thuật trang phục:Sách dùng cho các trường đào tạo hệ Trung học chuyên nghiệp - Cao đẳng - Đại học/Trần Thủy Bình
5060,"Xây dựng mặt đường ô tô/Nguyễn Quang Chiêu, Phạm Huy Khang"
5061,Giáo trình xây dựng mặt đường ô tô - T.1/Dương Học Hải
5062,"Giáo trình xây dựng mặt đường ô tô - T.2/Trần Đình Bửu, Dương Ngọc Hải"
5063,"Tổ chức thi công đường ô tô/Nguyễn Quang Chiêu, Dương Học Hải"
5064,Nguyên lý Marketing 
5065,Kinh doanh và tiếp thị thời trang 
5066,Tiêu chuẩn kỹ thuật thi công và nghiệm thu nền mặt đường ô tô
5067,Xây dựng nền đường
5068,Giáo trình mỹ học
5069,Tổ chức thi công và các xí nghiệp phục vụ xây dựng đường ô tô
5070,Khơi nguồn mỹ học dân tộc
5071,Thi công đường ô tô/ Doãn Hoa
5072,Intelligent Transport System in Smart Cities - Aspects and Challenges of Vehicular Networks and Cloud
5073,Giáo trình mỹ thuật trang phục:Sách dùng cho các trường đào tạo hệ Trung học chuyên nghiệp - Cao đẳng - Đại học/Trần Thủy Bình
5074,Khai thác và Kiểm định cầu 
5075,Giáo trình “Nhập môn ngành Thiết kế thời trang”
5076,Giáo trình  “Nhập môn ngành Công nghệ May”
5077,Bảy thói quen cho người thành đạt (The 7 Habits of Highly Effective People)
5078,Use your memory
5079,Phương pháp nâng cao hiệu quả học tập 
5080,Nghệ thuật giao tiếp để thành công:92 thủ thuật giúp bạn trở thành bậc thầy trong giao tiếp/Leil Lowndes
5081,Bộ sách “Đời thay đổi khi chúng ta thay đổi” 
5082,Nghệ thuật giao tiếp để thành công:92 thủ thuật giúp bạn trở thành bậc thầy trong giao tiếp/Leil Lowndes
5083,Thiết kế cấp điện
5084,Phương pháp học tập khoa học 
5085,Tính toán thiết kế các công trình xử lý nước thải
5086,"Kỹ thuật soạn thảo văn bản:Dùng cho sinh viên các trường đại học - cao đẳng/Lê Xuân Soan, Nguyễn Hồng Kiên, Hoàng Thị Tâm"
5087,Giáo trình cấp thoát nước trong nhà (tái bản)
5088,Photography and Imagination (Routledge History of Photography)
5089,Cấp thoát nước
5090,Căn bản KỸ THUẬT NHIẾP ẢNH
5091,Nhiếp ảnh và cuộc sống
5092,Water supply and sewerage
5093,Nhiếp ảnh phê bình và tiểu luận
5094,Bài giảng Điều khiển lập trình 2
5095,Nghệ thuật dessin
5096,Nghệ thuật dessin
5097,Hình họa cơ bản
5098,Hình họa 1
5099,"Giáo trình AutoCAD 2015 - Phần 2D/ Mai Hoàng Long (ch.b), Trần Thanh Hiếu"
5100,Những điều cơ bản dành cho người học vẽ
5101,Luật xa gần
5102,Mỹ thuật cơ bản và nâng cao: Tĩnh vật ngũ quan thạch cao
5103,Giải phẫu học: Hình họa căn bản tập 12 
5104,Giáo trình trắc địa/ Phạm Văn Chuyên
5105,Hướng dẫn thực hành trắc địa đại cương/Phạm Văn Chuyên
5106,Sổ tay Trắc địa công trình
5107,Ký họa nhân vật 
5108,Giáo trình Trắc địa
5109,"Mỹ thuật căn bản và nâng cao :Vẽ ký họa nét /Gia Bảo, Hàn Vĩ"
5110,Geodetic and Control Surverying
5111,Art-Phác họa cơ thể người 
5112,Luật đấu thầu:Có hiệu lực thi hành từ ngày 01tháng 04 năm 2008
5113,Giáo trình kỹ thuật may cơ bản/Trần Thị Cẩm Tú
5114,"Luật xây dựng: Sửa đổi, bổ sung năm 2020/ Bộ Xây dựng"
5115,Các tiêu chuẩn về chuyên ngành địa kỹ thuật : TCVN 9355:2012 Gia cố nền đất yếu bằng bấc thấm thoát nước. TCVN 9363:2012 Khảo sát cho xây dựng - khảo sát địa kỹ thuật cho nhà cao tầng. TCVN 9364:2012 Nhà cao tầng - Kĩ thuật đo đạc phục vụ công tác thi công....
5116,Giáo trình thiết kế trang phục 1 
5117,TCVN 9437:2012 – Khoan thăm dò địa chất công trình.
5118,Thiết kế trang phục nữ căn bản
5119,TCVN 9351:2012 – Đất xây dựng - phương pháp thí nghiệm hiện trường - thí nghiệm xuyên tiêu chuẩn (SPT).
5120,TCVN 9352:2012 – Đất xây dựng - Phương pháp thí nghiệm xuyên tĩnh (CPT).
5121,TCVN 9354:2012 – Đất xây dựng - phương pháp xác định môđun biến dạng tại hiện trường bằng tấm nén phẳng (PLT).
5122,TCVN 9148:2012 – Công trình thủy lợi - Xác định hệ số thấm của đất chứa nước bằng phương pháp hút nước thí nghiệm từ hố khoan.
5123,Pattern Making for Fashion Design: 4th ed
5124,TCVN 9149:2012 – Công trình thủy lợi - Xác định hệ số thấm của đá bằng phương pháp thí nghiệm ép nước vào lỗ khoan”.
5125,
5126,Giáo trình thiết kế trang phục 1 
5127,
5128,TCVN 4197:2012 – Đất xây dựng - phương pháp xác định giới hạn dẻo và giới hạn chảy trong phòng thí nghiệm.
5129,Thiết kế trang phục nữ nâng cao 
5130,TCVN 4198:2014 – Đất xây dựng - phương pháp xác định thành phần hạt trong phòng thí nghiệm.
5131,TCVN 4199:2012 – Đất xây dựng - phương pháp xác định sức chống cắt trong phòng thí nghiệm ở máy cắt phẳng.
5132,TCVN 4200:2012 – Đất xây dựng - phương pháp xác định tính nén lún trong phòng thí nghiệm.
5133,TCVN 4201:2012 – Đất xây dựng - phương pháp xác định độ chặt tiêu chuẩn trong thí nghiệm.
5134,Thiết kế nón và túi xách
5135,Giáo trình thí nghiệm vật liệu xây dựng
5136,Tuyển tập tiêu chuẩn xây dựng : Tập 8 
5137,Tuyển tập tiêu chuẩn xây dựng : Tập 10
5138,Giáo trình Thí nghiệm Vật liệu Xây dựng tập 1
5139,Giáo trình Thí nghiệm Vật liệu Xây dựng tập 2
5140,Autodesk Revit tổng hợp 3 trong 1
5141,Applied numerical methods with MATLAB for engineers and scientists
5142,Advanced Engineering Mathematics
5143,Giáo trình đo lường cảm biến/Lê Chí Kiên
5144,Applied Numerical Methods using MATLAB
5145,Measurement and Instrumentation - Theory And Application: Third Edition
5146,Phương pháp tính ứng dụng trong tính toán kỹ thuật/Nguyễn Hoài Sơn
5147,"Internet of things : principles and paradigms/ edited by Rajkumar Buyya, Amir Vahid Dastjerdi "
5148,Lý thuyết điều khiển tự động
5149,Điều khiển hệ thống đa biến/Dương Hoài Nghĩa
5150,Bài tập điều khiển tự động/Nguyễn Thị Phương Hà
5151,"Giáo trình phương pháp tính:Môn học: 1001030 - Phương pháp tính/Trương Vĩnh An, Phạm Văn Hiển, Lê Xuân Trường"
5152,Fletcher Heisler: A Practical Introduction to Python 3
5153,Thuỷ văn công trình
5154,Handbook of Hydraulic Engineering Problems
5155,Introduction to Robotics: Mechanics and Control
5156,Basic hydraulic systems and components
5157,"Introduction to autonomous robots: Mechanism, sensors, actuators and algorithm"
5158,Concise hydrology
5159,"Autonomous Robots: modeling, path planning, and control"
5160,Bài giảng lớp bồi khảo sát tính toán thủy lực – thủy văn công trình giao thông
5161,"Robotics: Control, Sensing, Vision, and Intelligence"
5162,Giáo trình kỹ thuật Robot/Nguyễn Trường Thịnh
5163,Giáo trình thực tập Robot công nghiệp/Tưởng Phước Thọ
5164,Bài tập Thủy lực - Tập 1
5165,Kỹ thuật robot/Đào Văn Hiệp
5166,Bài tập Thủy lực - Tập 2
5167,Robot công nghiệp/Nguyễn Thiện Phúc
5168,Thủy văn cầu đường
5169,Thuỷ văn đại cương
5170,Bài giảng môn thủy lực đại cương
5171,Giáo trình Tin học ứng dụng ngành may 1
5172,1100 ý tưởng thay đổi Thiết kế đồ họa
5173,Sustainable Issues in Infrastructure Engineering: The official 2020 publication of the Soil-Structure Interaction Group in Egypt (SSIGE)
5174,"Giáo trình Corel Draw X7, X8, X9 & 2020"
5175,Giáo trình xử lý ảnh Phososhop CC
5176,Tiêu chuẩn thiết kế cầu 22TCN272-05 
5177,25 bài thực hành Photoshop CC
5178,Tiêu chuẩn thiết kế đường 4054-2005 
5179,Kết cấu bê tông cốt thép theo tiêu chuẩn Hoa Kỳ
5180,Cầu bê tông cốt thép trên đường ôtô - Tập 1
5181,Cầu bê tông cốt thép trên đường ôtô - Tập 2
5182,Thiết kế công trình hầm giao thông
5183,Giáo trình Tổng quan du lịch
5184,Infrastructure Engineering and Management
5185,Giáo trình Tổng quan du lịch
5186,Quy hoạch GTVT và thiết kế đường đô thị 
5187,"Comprehensive design example for 	prestressed concrete girder superstructure bridge"
5188,Tourism management: an introduction
5189,Giáo trình Tổng quan du lịch
5190,Tổng quan du lịch
5191,The Story Of Food - Câu Chuyện Thực Phẩm
5192,Hệ thống an ninh an toàn
5193,Tiểu vùng văn hóa xứ Huế (thuộc Bộ sách Không gian Văn hóa Việt Nam)
5194,Các Giá Trị Văn Hóa Việt Nam Chuyển Từ Truyền Thống Đến Hiện Đại
5195,Việt Nam - Campuchia _ Sự Tương Đồng Giữa Hai Nền Văn Hóa
5196,Design of Electrical Services for Buildings
5197,Nghệ Thuật Ẩm Thực Truyền Thống Việt Nam
5198,Closed Circuit Television
5199,Electrical distribution engineering / Anthony J. Pansini
5200,Intelligent Distributed Video Surveillance Systems
5201,Dinh dưỡng lý thuyết
5202,Dinh dưỡng người
5203,The Story Of Food - Câu Chuyện Thực Phẩm
5204,"Giáo trình Cung cấp điện: dành cho hệ Đại Học, Khối Ngành Công Nghệ"
5205,Chất Phụ Gia Thực Phẩm - Cẩm Nang Cho Người Tiêu Dùng
5206,Dinh dưỡng – Chìa khóa vàng cho sức khỏe
5207,Hướng dẫn thiết kế đồ án cung cấp điện
5208,Kỵ và hợp trong ăn uống
5209, Giáo trình CAD trong kỹ thuật điện
5210,Giáo trình môn học Nấu ăn Việt Nam
5211,Giáo trình an toàn điện
5212,Hệ thống cung cấp điện
5213,Khoa học về nấu ăn
5214,Khóa học nấu ăn tại gia của Gordon Ramsay
5215,Hướng dẫn thiết kế lắp đặt điện theo tiêu chuẩn IEC
5216,Thức ăn Việt Nam
5217,"Hệ thống cung cấp điện của xí nghiệp công nghiệp, đô thị và nhà cao tầng /Nguyễn Công Hiền, Nguyễn Mạnh Hoạch"
5218,Phở và các món nước
5219,Tinh hoa món cuốn Việt
5220,"Vệ sinh và an toàn thực phẩm/Nguyễn Đức Lượng, Phạm Minh Tâm"
5221,Giáo trình Thực hành Điều Khiển Lập Trình
5222,An toàn và vệ sinh thực phẩm 
5223,Giáo trình Điều Khiển Lập Trình
5224,Giáo trình Điều Khiển Lập Trình
5225,ON COOKING A TEXTBOOK OF CULINARY FUNDAMENTALS
5226,Bài giảng Điều khiển lập trình 2
5227,Automating Manufacturing Systems with PLCs
5228,Nghệ Thuật Ẩm Thực Truyền Thống Việt Nam
5229,Tự động hóa với SIMATIC S7 200
5230,Món Ăn Việt Nam
5231,Ăn Cơm Với Cá - 30 Món Cá Ngon Của Người Việt: Bìa Mềm (Sách màu)
5232,"Ăn Chay, Sống Lành (40 Mâm Cơm Thuần Chay Dễ Nấu Giàu Dinh Dưỡng)"
5233,Nấu Ăn Ngon - Các Món Nấu
5234,Bài giảng ANDDesign Ver7.6
5235,Thiết Kế Đường ô tô (Tập 2) 
5236,Giáo trình Hóa học thực phẩm 
5237,Thiết Kế Đường ô tô: Công trình vượt sông (Tập 3) 
5238,Thiết Kế Đường ô tô (Tập 4) 
5239,Giáo trình Hóa sinh học thực phẩm 
5240,Modifying Flavour in Food
5241,Nghệ thuật trang trí & cắt tỉa TRÁI CÂY
5242,Nghệ thuật trang trí và cắt tỉa rau củ/Quỳnh Hương 
5243,Nghệ thuật trang trí cắt tỉa rau củ & trái cây
5244,Nghệ thuật trang trí vành dĩa
5245,"Nghệ thuật điêu khắc trên củ, quả/Mai Phương; Tiểu Quỳnh (dịch)"
5246,The complete Book of Fruit Carving
5247,Food presentation secrests
5248,"Consumer Behaviour – Buying, having and being: 13th edition"
5249,Consumer Behavior and Marketing Decision Making: Eighth edition
5250,Kỹ năng Giao tiếp Kinh doanh
5251,Giao tiếp trong kinh doanh và cuộc sống
5252,Giáo trình giao tiếp kinh doanh
5253,DK Essential Managers: Negotiating
5254,Ứng Dụng Autodesk Revit Trong Thiết Kế Công Trình 3D Theo Công Nghệ Bim - Revit Structure Trong Thiết Kế Kết Cấu
5255,giáo trình môn học Bánh truyền thống Việt Nam
5256,Sustainable Urban Mobility Pathways
5257,Giáo trình Bánh Âu-Á
5258,Bánh Việt truyền thống mùa lể hội
5259,"Thiết kế - thi công giám sát công trình hầm giao thông/Nguyễn Viết Trung, Trần Thu Hằng"
5260,Khoa học về nấu ăn
5261,Professional Baking
5262,Bánh cho tiệc trà & Bánh điểm tâm
5263,Bài giảng thiết kế hầm và Metro 
5264,Nghệ thuật làm Bánh-Mứt-Xôi-Chè
5265,Sourdough Bread – Bánh mì men tự nhiên
5266,4 mùa cookies
5267,Tiêu chuẩn 22TCN 262- 2000 - Quy trình khảo sát thiết kế nền đường ô tô đắp trên đất yếu
5268,Chè bành dân dã
5269,Thiết kế và thi công nền đắp trên đất yếu/Nguyễn Quang Chiêu
5270,Qùa quê giữa phố
5271,The art of Modern CAKE
5272,Công trình trên đất yếu
5273,ON COOKING A TEXTBOOK OF CULINARY FUNDAMENTALS
5274,Foundation Analysis and Design
5275,Phương Pháp Chế Biến 999 Món Ăn Á – Âu
5276,Cook Korean! Nấu Như Người Hàn
5277,Những Món Ăn Nhật Dễ Chế Biến
5278,Nấu Ngon Chuẩn Thái - 90 Công Thức Món Thái Đặc Sắc Chuẩn Vị
5279,Giáo trình Tổ chức lao động và kỹ thuật chế biến của bộ phận bếp 
5280,bài giảng Quản trị suất ăn Công nghiệp
5281,Bảng thành phần thực phẩm Việt Nam
5282,Catering can be the only saviour to next-gen restaurants
5283,Quản trị nguồn nhân lực
5284,Cooking
5285,Hotel and Catering 
5286,Năng lượng tái tạo và sự phát triển bền vững 
5287,Food service industries 
5288,PROFESSIONAL BAKING
5289,Phong điện nguồn năng lượng tái tạo cho Việt Nam
5290,Bài giảng về Thực hành Bánh Việt: Tài liệu lưu hành nội bộ
5291,Bánh Điểm Tâm (Bánh Bột Mì)
5292,Bánh Tuyệt Ngon Không Cần Lò Nướng
5293,Món Ngon Xứ Huế
5294,Cách Nấu Xôi Chè 3 Miền
5295,Bánh Việt Truyền Thống Mùa Lễ Hội
5296,bài giảng Trang trí món ăn và tiệc
5297,Giáo trình Bánh Âu-Á
5298,Giáo trình Bánh Âu-Á
5299,Professional Baking 8th edition
5300,Bread 2nd edition
5301,The modern Baker
5302,Giáo trình Revit Architecture
5303,4 mùa cookies
5304,The art of Modern CAKE
5305,Giáo trình Encape 
5306,bài giảng Trang trí món ăn và tiệc
5307,Giáo trình Bánh Âu-Á
5308,Giáo trình Bánh Âu-Á
5309,Professional Baking 8th edition
5310,Bread 2nd edition
5311,The modern Baker
5312,4 mùa cookies
5313,The art of Modern CAKE
5314,Hướng dẫn giải bài tập Hình học họa hình
5315,Food and Beverage Service
5316,Hướng dẫn giải bài tập Hình học họa hình
5317,Bài giảng Nghiệp vụ bàn
5318,Việt Nam văn hoá sử cương
5319,Giáo trình Nghiệp vụ nhà hàng
5320,Lịch sử văn hoá Việt Nam truyền thống giản yếu
5321,Training Manual for Food and Beverage Services
5322,Food & Beverage Service Basics: Hotel Management
5323,Văn hóa học – Những lý thuyết Nhân học Văn hóa
5324,F & B service simplified: food and beverage
5325,Food and Beverage Service Manual
5326,Làng xóm Việt Nam
5327,Food and Beverage Services
5328,Nếp cũ tín ngưỡng Việt Nam 
5329,Food and beverage service- an insight
5330,Nếp cũ hội hè đình đám 
5331,Nếp cũ con người Việt Nam
5332,Food and beverage service
5333,Nếp cũ làng xóm Việt Nam
5334,Việt Nam phong tục/Phan Kế Bính
5335,Bài giảng quản trị tiệc
5336,Lệ làng phép nước
5337,Người Việt Nam với đạo giáo
5338,Văn hóa dân gian Việt Nam trong bối cảnh văn hóa Đông Nam Á
5339,Lịch sử văn hóa Trung Quốc 
5340,Banquet Management
5341,Bản sắc văn hóa Việt Nam
5342,Một cách tiếp cận văn hóa/Phan Ngọc
5343,Dining Room and Banquet Management
5344,The Banquet Servers Hand Guide
5345,Nguồn gốc của văn hóa và tôn giáo – Vật tổ và cấm kỵ
5346,The catering a guide to managing a successful business operation
5347,Đạo Mẫu và các hình thức Shaman trong các tộc người ở Việt Nam và châu Á
5348,Quản trị dịch vụ ăn uống chuyên nghiệp
5349,Introduction to Catering: Ingredients for Success
5350,Catering management.3rd ed
5351,"Strategic Management: Formulation, Implementation, and Control; 12th edition"
5352,"Strategic Management for Tourism, Hospitality and Events"
5353,Giáo trình quản trị chiến lược/Ngô Kim Thanh
5354,Food service industries 
5355,Giáo trình khai thác và thí nghiệm cầu: Dành cho học viên các trường đại học và cao đẳng chuyên ngành kỹ thuật xây dựng công trình giao thông/ Hoàng Phương Hoa
5356,Hotel and Catering 
5357,Restaurant English: A hand-on course for restaurant Professsonals
5358,Khai thác đánh giá và sửa chữa đường ôtô - Tập 1
5359,Khai thác đánh giá và sửa chữa đường ôtô - Tập 2
5360,"Khai thác kiểm định gia cố cầu/Nguyễn Ngọc Long, Nguyễn Văn Mợi, Nguyễn Như Khải (ch.b.)"
5361,Strategic Brand management
5362,Khai thác và bảo dưỡng đường
5363,Tư vấn dự án và tư vấn giám sát thi công xây dựng/ Trịnh Quốc Thắng
5364,Quản lý chất lượng công trình xây dựng/ Trần Vinh Vũ 
5365,"Quản lý chất lượng công trình xây dựng: kinh nghiệm quốc tế và quy định của Việt Nam/ Bùi Mạnh Hùng, Huỳnh Hàn Phong "
5366,Managing brands
5367,"Giám sát thi công và nghiệm thu công trình xây dựng: Phần xây dựng/ Bùi Mạnh Hùng, Lê Thanh Huấn, Nguyễn Bá Kế..."
5368,Quản trị thương hiệu
5369,"Giám sát thi công và nghiệm thu công trình xây dựng: Phần lắp đặt thiết bị/ Bùi Mạnh Hùng, Nguyễn Đức Toàn"
5370,"Thương hiệu với nhà quản lý /Nguyễn Quốc Thịnh, Nguyễn Thành Trung"
5371,Giám sát thi công và nghiệm thu công trình xây dựng phần Xây dựng
5372,Giáo trình khung đào tạo an toàn lao động - vệ sinh lao động trong ngành xây dựng
5373,"Kỹ thuật và quản lý an toàn trong xây dựng/Lưu Trường Văn, Lê Hoài Long"
5374,Sổ tay xây dựng công trình - Quy chuẩn kỹ thuật quốc gia về An toàn trong thi công xây dựng
5375,Bài giảng môn Quản trị bar
5376,Introduction to Health and Safety in Construction
5377,The Great Cocktail Book: The 150 tastiest Cocktails Paperback
5378,Construction Safety Management
5379,Drink - Kinh Doanh Đồ Uống Tại Thị Trường Việt Nam (Tái bản 2020)
5380,Green Smoothies
5381,Câu Chuyện Cocktail - Bartender's Guide
5382,Quản trị bar
5383,"Giáo trình Nguồn dự phòng và hệ thống ATS: dành cho hệ Đại Học, Khối Ngành Công Nghệ"
5384,Green Smoothies
5385,Câu Chuyện Cocktail - Bartender's Guide
5386,Kombucha - Tuyệt Đỉnh Thức Uống Lên Men
5387,Hướng dẫn thiết kế lắp đặt điện theo tiêu chuẩn quốc tế IEC
5388,Kinh Doanh Đồ Uống Tại Thị Trường Việt Nam (Tái bản 2020)
5389,Electrical Wiring Ressidential
5390,Khởi nghiệp Tinh gọn - The lean startup
5391,"Hệ thống quản lý tòa nhà, lý thuyết đại cương và áp dụng thi công thực tế"
5392,Sustainable entrepreneurship
5393,Inteligent Buildings and Building Automation 
5394,Integrated Building Management Systems in Data Central 
5395,Quản trị Khởi nghiệp
5396,Mạng truyền thông công nghiệp
5397,Nguyên Lý Kế Toán (Lý Thuyết - Bài Tập - Bài Giảng)
5398,Điều Hành Nhà Hàng For Dummies
5399,"MHW’s Water Treatment: Principals and Design,"
5400,Xử lý nước cấp sinh hoạt và công nghiệp 
5401,Theory and Practice of Water and Wastewater Treatment
5402,Kế Toán Quản Trị
5403,Quản Trị Dịch Vụ Ăn Uống Chuyên Nghiệp
5404,Điều Hành Nhà Hàng For Dummies
5405,Tính toán thiết kế các công trình trong hệ thống cấp nước sạch
5406,Lập Kế Hoạch Kinh Doanh Hiệu Quả
5407,"TCXDVN 33: 2006, Cấp nước - Mạng lưới đường ống và công trình, Tiêu chuẩn thiết kế"
5408,Bài giảng về Thực hành Quản trị tiệc 
5409,Quản trị dịch vụ ăn uống chuyên nghiệp
5410,"Wastewater Engineering, Treatment and reuse"
5411,Cẩm Nang Trở Thành Nhà Quản Lý Xuất Sắc
5412,Xử lý nước thải sinh hoạt và công nghiệp
5413,Biological Nutrient Removal (BNR) Operation in WWTP
5414,bài giảng Quản lý chất lượng DVAU
5415,"Air pollution control: a design approach/ C. David Cooper, F.C. Alley"
5416,Ô nhiễm không khí và xử lý khí thảiTrần Ngọc Chấn/$nT2: $pCơ học về bụi và phương pháp xử lý bụi /
5417,Quản lý dịch vụ
5418,Ô nhiễm không khí và xử lý khí thải/ Trần Ngọc Chấn/$nT3:$pLý thuyết tính toán và công nghệ xử lý khí độc hại /
5419,Quality Management in Service organizations
5420,Fundamentals of Air pollution Engineering
5421,Managing for Quality in the Service sector
5422,Advanced Air and Noise Pollution Control
5423,Global logistic and supply chain management: 3rd edition
5424,Air pollution control technology Handbook
5425,Quản trị chuỗi cung ứng
5426,Solid Waste Engineering
5427,Nghệ thuật trang trí món ăn
5428,The Food Stylists
5429,Handbook of Solid waste management
5430,"Waste management practices - Municipal, Hazardous, and Industrial"
5431,Quản trị tài chính
5432,Quản trị tài chính doanh nghiệp
5433,"Event Planning and Management: Principles, Planning and Practice."
5434,Bài giảng quản trị sự kiện 
5435,Lập kế hoạch tổ chức sự kiện chuyên nghiệp
5436,Giáo trình Cây xanh đô thị
5437,Cơ sở khoa học môi trường
5438,International event management: bridging the gap between theory and practice
5439,Cây xanh phát triển và quản lý trong môi trường đô thị
5440,"Event Management: For Tourism, Cultural, Business and Sporting Events"
5441,Kiến trúc cảnh quan đô thị
5442,The Event Planning Toolkit: Your Guide to Organizing Extraordinary Meetings
5443,Events Management An Introduction
5444,Điều Hành Nhà Hàng For Dummies
5445,Môi trường và con người
5446,Lập Kế Hoạch Kinh Doanh Hiệu Quả
5447,How Green is the city?
5448,Eco- landscape
5449,Bài giảng về Thực hành Quản trị tiệc
5450,Quản trị dịch vụ ăn uống chuyên nghiệp
5451,"Cơ sở âm học kiến trúc: Thiết kế chất lượng âm/ Việt Hà, Nguyễn Ngọc Giả"
5452,Cẩm Nang Trở Thành Nhà Quản Lý Xuất Sắc
5453,"Quang học kiến trúc - Chiếu sáng tự nhiên và chiếu sáng nhân tạo:Dùng cho sinh viên ngành kiến trúc, xây dựng, các đơn vị thiết kế ứng dụng thực tế/Việt Hà, Nguyễn Ngọc Giả"
5454,Dinh dưỡng học 
5455,Nhiệt – Khí hậu kiến trúc
5456,Bài giảng về Dinh dưỡng thực phẩm 
5457,Chiếu sáng trong kiến trúc:Thiết kế tạo môi trường ánh sáng tiện nghi và sử dụng ánh sáng năng lượng có hiệu quả/Phạm Đức Nguyên
5458,Y Học Dinh Dưỡng: Những Điều Bác Sĩ Không Nói Với Bạn
5459,"Nhiệt và khí hậu kiến trúc/Phạm Ngọc Đặng, Phạm Hải Hà"
5460,Deep Nutrition = Dinh Dưỡng Chuyên Sâu
5461,"Âm học kiến trúc, âm học đô thị/Phạm Đức Nguyên"
5462,Thành phần dinh dưỡng các món ăn đường phố phổ biến
5463,Điều hành Nhà hàng
5464,Ánh Sáng kiến trúc
5465,Thiết kế kiến trúc trong điều kiện nóng ẩm – thiết kế chiếu sáng tự nhiên và nhân tạo trong công trình
5466,Dịch vụ Khách hàng 5 sao
5467,Kỹ năng mềm dành cho nhà quản lý
5468,Nghệ thuật phát triển bản thân
5469,A Concise Introduction to Mixed Methods Research
5470,Tài liệu Hướng dẫn đổ án Quàn trị nhà hàng
5471,"Trang trí hoa, khoa Thời trang & DL"
5472,Nghệ thuật cắm hoa cổ điển phương Đông
5473,Nghệ thuật cắm hoa hiện đại phương Tây
5474,Nghệ thuật cắm hoa thực dụng
5475,Nghệ thuật cắm hoa
5476,Kiến trúc sinh khí hậu-Thiết kế sinh khí hậu trong kiến trúc Việt Nam
5477,Môi trường âm thanh trong công trình kiến trúc/Bùi Vạn Trân
5478,Front Office Operation ( Basic) for Hotel Management Students 
5479,Architectural graphic  standards
5480,Bài giảng Nghiệp vụ lễ tân
5481,Professional Front Office Management
5482,Vẽ mĩ thuật: Sách dùng cho sinh viên học ngành kiến trúc/ Lê Đức Lai
5483,Managing Front Office Operations
5484,Giáo trình cơ sở mỹ thuật dành cho sinh viên kiến trúc tập 1
5485,"Giáo trình cơ sở mỹ thuật dành cho sinh viên Kiến trúc: Tập 2/ Nguyễn Thị Lan Hương, Lê Đức Lai..."
5486,"Giáo trình cơ sở mỹ thuật  dành cho sinh viên Kiến trúc: Tập 3/ Nguyễn Thị Lan Hương, Lê Đức Lai..."
5487,Giáo trình dạy vẽ mỹ thuật
5488,Giáo trình bố cục
5489,Giáo trình hình họa
5490,Luật xa gần
5491,"Màu sắc và phương pháp vẽ màu /Nguyễn Duy Lẫm, Đặng Thị Bích Ngân"
5492,Vẽ mĩ thuật: Sách dùng cho sinh viên học ngành kiến trúc/ Lê Đức Lai
5493,Giáo trình cơ sở mỹ thuật dành cho sinh viên kiến trúc tập 1
5494,"Giáo trình cơ sở mỹ thuật dành cho sinh viên Kiến trúc: Tập 2/ Nguyễn Thị Lan Hương, Lê Đức Lai..."
5495,"Giáo trình cơ sở mỹ thuật  dành cho sinh viên Kiến trúc: Tập 3/ Nguyễn Thị Lan Hương, Lê Đức Lai..."
5496,"Giáo trình cơ sở mỹ thuật  dành cho sinh viên Kiến trúc: Tập 3/ Nguyễn Thị Lan Hương, Lê Đức Lai..."
5497,Giáo trình dạy vẽ mỹ thuật
5498,Giáo trình bố cục
5499,Giáo trình bố cục
5500,Luật xa gần
5501,"Màu sắc và phương pháp vẽ màu /Nguyễn Duy Lẫm, Đặng Thị Bích Ngân"
5502,Vẽ mĩ thuật: Sách dùng cho sinh viên học ngành kiến trúc/ Lê Đức Lai
5503,Giáo trình cơ sở mỹ thuật dành cho sinh viên kiến trúc tập 1
5504,"Giáo trình cơ sở mỹ thuật dành cho sinh viên Kiến trúc: Tập 2/ Nguyễn Thị Lan Hương, Lê Đức Lai..."
5505,"Giáo trình cơ sở mỹ thuật  dành cho sinh viên Kiến trúc: Tập 3/ Nguyễn Thị Lan Hương, Lê Đức Lai..."
5506,Giáo trình dạy vẽ mỹ thuật
5507,Giáo trình bố cục
5508,Giáo trình hình họa
5509,Luật xa gần
5510,"Màu sắc và phương pháp vẽ màu /Nguyễn Duy Lẫm, Đặng Thị Bích Ngân"
5511,Vẽ mĩ thuật: Sách dùng cho sinh viên học ngành kiến trúc/ Lê Đức Lai
5512,"Giáo trình cơ sở mỹ thuật  dành cho sinh viên Kiến trúc: Tập 3/ Nguyễn Thị Lan Hương, Lê Đức Lai..."
5513,"Giáo trình cơ sở mỹ thuật dành cho sinh viên Kiến trúc: Tập 2/ Nguyễn Thị Lan Hương, Lê Đức Lai..."
5514,Giáo trình cơ sở mỹ thuật dành cho sinh viên kiến trúc tập 1
5515,Giáo trình dạy vẽ mỹ thuật
5516,Vẽ mĩ thuật: Sách dùng cho sinh viên học ngành kiến trúc/ Lê Đức Lai
5517,Nội thất & Thiết kế nội thất - Tập 1/ Phạm Đình Việt (ch.b)
5518,Nội thất & thiết kế nội thất - Tập 2/ Phạm Đình Việt
5519,Vẽ mĩ thuật: Sách dùng cho sinh viên học ngành kiến trúc/ Lê Đức Lai
5520,Nội thất & Thiết kế nội thất - Tập 1/ Phạm Đình Việt (ch.b)
5521,Nội thất & thiết kế nội thất - Tập 2/ Phạm Đình Việt
5522,Cơ sở tạo hình 
5523,Giáo trình kế toán tài chính 
5524,Design thị giác 
5525,Ngôn ngữ của hình và màu sắc 
5526,Những nền tảng cơ bản của mỹ thuật 
5527,Hệ thống thông tin kế toán - tập 3 - bộ môn hệ thống thông tin kế toán
5528,Lịch sử mỹ thuật thế giới
5529,Các dân tộc ở Việt Nam:(Dẫn liệu nhân học- tộc người) /Nguyễn Đình Khoa
5530,Hình tượng con người trong nghệ thuật tạo hình truyền thống
5531,Tài chính doanh nghiệp căn bản: Lý thuyết & Thực hành quản lý ứng dụng cho các doanh nghiệp Việt Nam
5532,"Đồ họa kiến trúc vẽ kỹ thuật kiến trúc - Tập 1/Nguyễn Hữu Trí, Nguyễn Thị Kim Tú"
5533,"Tài chính doanh nghiệp hiện đại/Trần Ngọc Thơ, Nguyễn Thị Ngọc Trang, Phan Thị Bích Nguyệt, Nguyễn Thị Liên Hoa, Nguyễn Thị Uyên Uyên"
5534,"Giáo trình vẽ kỹ thuật xây dựng:Sách dùng cho các trường đào tạo THCN và dạy nghề/Nguyễn Quang Cự, Nguyễn Mạnh Dũng"
5535,Phương pháp thể  hiện kiến trúc
5536,Tài chính doanh nghiệp hiện đại
5537,"Architectural working drawings,Residential and Commercial Buildings"
5538,Lý thuyết tài chính tiền tệ
5539,"Đồ họa kiến trúc vẽ kỹ thuật kiến trúc - Tập 1/Nguyễn Hữu Trí, Nguyễn Thị Kim Tú"
5540,"Quản trị tài chính doanh nghiệp: Hệ thống câu hỏi trắc nghiệm, bài tập và đáp án"
5541,Vẽ kỹ thuật xây dựng
5542,"Bài tập vẽ kỹ thuật xây dựng:$nT.1/Đặng Văn Cứ, Nguyễn Quang Cự, Đoàn Như Kim"
5543,Kiến trúc nhập môn
5544,Nguyên lý thiết kế kiến trúc công trình dân dụng
5545,Sức bền vật liệu
5546,Cơ học kết cấu - Tập 1:Hệ tĩnh định/Lều Thọ Trình
5547,Cơ học kết cấu - Tập 2:Hệ siêu tĩnh/Lều Thọ Trình
5548,Structural analysis
5549,"Bài tập cơ học kết cấu - Tập 1:Hệ tĩnh định/Lều Thọ Trình, Nguyễn Mạnh Yên"
5550,"Bài tập cơ học kết cấu - Tập 2:Hệ siêu tĩnh/Lều Thọ Trình, Nguyễn Mạnh Yên"
5551,Structural mechanics
5552,"Giáo trình Kiểm toán, Bộ môn Kiểm toán, Khoa Kế toán"
5553,"Kết cấu bê tông cốt thép: Phần cấu kiện cơ bản/Phan Quang Minh, Ngô Thế Phong, Nguyễn Đình Cống"
5554,"Kết cấu thép cấu kiện cơ bản/Phạm văn Hội, Nguyễn Quang Viên, Phạm Văn Tư,..."
5555,Design of Reinforced Concrete
5556,Reinforced Concrete Design to Eurocode 2
5557,Design of metal structures
5558,Tính toán thực hành cấu kiện bê tông cốt thép theo tiêu chuẩn TCXDVN 356:2005 - Tập 1 
5559,Tính toán thực hành cấu kiện bê tông cốt thép theo tiêu chuẩn TCXDVN 356:2005 - Tập 2
5560,Tính toán tiết diện cột bê tông cốt thép
5561,Principles of Auding
5562,Bài tập thiết kế Kết cấu thép
5563,Auditing: An Integrated Approach
5564,"1.	TCXDVN 5574: 2012, Kết cấu bê tông và bê tông cốt thép – Tiêu chuẩn thiết kế"
5565,"TCXDVN 5575: 2012, Kết cấu thép – Tiêu chuẩn thiết kế"
5566,"TCXDVN 5574: 2012, Kết cấu bê tông và bê tông cốt thép – Tiêu chuẩn thiết kế"
5567,"TCXD 2737: 1995, Tải trọng và tác động – Tiêu chuẩn thiết kế"
5568,Auditing and Assurance Services in Australia
5569,Cơ sở tạo hình kiến trúc 
5570,Giáo trình bố cục 1
5571,Giáo trình bố cục 2
5572,Modern Auditing
5573,Kiểm toán (Auditing)
5574,Cơ sở tạo hình kiến trúc 
5575,Giáo trình bố cục 1
5576,Giáo trình bố cục 2
5577,Giáo trình Kế toán Ngân hàng
5578,Giáo trình Kế toán Ngân hàng
5579,Kế toán ngân hàng
5580,Nguyên lý thiết kế kiến trúc 
5581,Lý thuyết Kế toán Ngân hàng
5582,Kiến trúc nhà ở: Giáo trình đào tạo kiến trúc sư/ Nguyễn Đức Thiềm
5583,202 sơ đồ kế toán ngân hàng
5584,Bộ Tiêu chuẩn xây dựng Việt Nam (TCXNVN) 
5585,Bộ Quy chuẩn xây dựng Việt Nam (QCXDVN) 
5586,"Luật xây dựng: Sửa đổi, bổ sung năm 2020/ Bộ Xây dựng"
5587,Giáo trình phân tích hoạt động kinh doanh
5588,Luật nhà ở
5589,Luật quy hoạch đô thị hiệu lực 01 - 01 -2010
5590,Tiêu chuẩn thiết kế nhà ở cao tầng TCXDVN 323-2004.
5591,Nguyên lý thiết kế kiến trúc nội thất
5592,"Kinh tế học về Tiền, Ngân hàng và Thị trường tài chính"
5593,Lý thuyết kiến trúc
5594,Introduction to architecture
5595,Architects’data
5596,Nguyên lý nghiệp vụ Ngân hàng thương mại
5597,Thiết kế nội thất
5598,Fundamentals of commercial Banking
5599,Modern Commercial Banking
5600,Modern Commercial Banking
5601,Công nghệ sản xuất ván nhân tạo: Tập 1 (Bài giảng dành cho sinh viên ngành Chế biến lâm sản)
5602,The Principles of Banking
5603,Kiến trúc cảnh quan đô thị
5604,Pháp luật kinh tế
5605,Landscape Architecture
5606,From Concept To Form in Landscape Design
5607,Giáo trình chủ thể kinh doanh
5608,"Giáo trình pháp luật thương mại, hàng hóa và dịch vụ"
5609,Time Saver Standards for Urban Design
5610,Tài chính doanh nghiệp căn bản: Lý thuyết & Thực hành quản lý ứng dụng cho các doanh nghiệp Việt Nam
5611,Xu hướng mới kiến trúc - đô thị thế giới và Việt Nam thời hội nhập/Nguyễn Hữu Thái
5612,"Tài chính doanh nghiệp hiện đại/Trần Ngọc Thơ, Nguyễn Thị Ngọc Trang, Phan Thị Bích Nguyệt, Nguyễn Thị Liên Hoa, Nguyễn Thị Uyên Uyên"
5613,Lý thuyết tài chính tiền tệ
5614,"Giáo trình lịch sử nghệ thuật T. 2:Từ chủ nghĩa ấn tượng đến cuối thế kỷ XX/Đặng Thái Hoàng, Nguyễn Văn Đỉnh (Đồng ch.b.); Nguyễn Đình Thi,..."
5615,Kiến trúc Phương Tây
5616,"Quản trị tài chính doanh nghiệp: Hệ thống câu hỏi trắc nghiệm, bài tập và đáp án"
5617,A history of Architecture
5618,Văn hoá và kiến trúc phương Đông
5619,Lịch sử kiến trúc Việt Nam
5620,Kiến trúc cổ Việt Nam
5621,Đặc sắc đô thị phương đông:Mở đầu: Những chiều sâu văn hóa đô thị. Đô thị truyền thống Trung Quốc. Đặc sắc đô thị Nhật Bản. Kiến trúc Thái Lan và thủ đô Bangkok. Nét riêng đô thị Việt Nam/Trần Hùng
5622,"Thiết bị kỹ thuật trong kiến trúc công trình/Phạm Việt Anh, Nguyễn Lan Anh"
5623,Buiding Construction illustrated
5624,Tuyển tập Tiêu chuẩn xây dựng Việt nam
5625,Interior graphic and design standards
5626,Architectural graphic standards: 9th Ed.
5627,Interior graphic and design standards
5628,"Kiến trúc công trình công cộng - Tập 1/ Nguyễn Việt Châu, Nguyễn Hồng Thục"
5629,Tiêu chuẩn xây dựng Việt Nam 276: Công trình công cộng - Nguyên tắc cơ bản để thiết kế; Có hiệu lực từ 2003
5630,Architects’ data
5631,Nguyên lý thiết kế kiến trúc công trình dân dụng
5632,Quy hoạch xây dựng và phát triển đô thị
5633,Thiết kế Kiến trúc – Dân dụng
5634,Kiến trúc công trình Công cộng
5635,"bài giảng Đồ họa ứng dụng chuyên ngành, khoa Thời trang & Du lịch"
5636,Kiến trúc nhà ở
5637,Nguyên lý thiết kế kiến trúc công trình dân dụng
5638,Nội thất kiến trúc
5639,Architects’ data
5640,Graphics
5641,Mẫu nhà dân tự xây/Viện Nghiên Cứu Kiến Trúc
5642,Architects’ handbook
5643,Visual Thinking - Tư duy hình ảnh
5644,Thiết kế kiến trúc nhà ở dân dụng
5645,Kiến trúc công trình công cộng
5646,Dữ liệu kiến trúc sư
5647,Introduction to tourism
5648,Thiết kế kiền trúc nhà ở và nhà thương mại
5649,Tư duy và tổ hợp kiến trúc/Đặng Thái Hoàng ( Sưu tầm và giới thiệu )
5650,Ngôn ngữ và hình thức kiến trúc
5651,Architects’ Data
5652,Nguyên Lý Thiết Kế Kiến Trúc Công Trình Dân Dụng
5653,"Kiến trúc công trình công cộng - Tập 1/ Nguyễn Việt Châu, Nguyễn Hồng Thục"
5654,Tiêu chuẩn xây dựng Việt Nam 276: Công trình công cộng - Nguyên tắc cơ bản để thiết kế; Có hiệu lực từ 2003
5655, Bản sắc văn hóa Việt Nam
5656,Bài giảng về Văn hóa ẩm thực
5657,Khám phá ẩm thực truyền thống Việt Nam
5658,Bài giảng môn Nguyên liệu thực phẩm
5659,Các bệnh thiếu dinh dưỡng và sức khỏe cộng đồng ở Việt Nam
5660,Kiến trúc cảnh quan đô thị
5661,Vitamin và khoáng chất
5662,Tổ chức và quản lý môi trường cảnh quan đô thị
5663,Từ những góc nhìn về kiến trúc cảnh quan đô thị
5664,Landscape architecture
5665,"How to be a Conscious eater: making food choices that are good for you, others and the planet paperback"
5666,Xu hướng mới kiến trúc - đô thị thế giới và Việt Nam thời hội nhập/Nguyễn Hữu Thái
5667,Dictionnaire Historique de l’Art des Jardins
5668,"A Pocket Guide to Sustainable Food Shopping: How to Navigate the Grocery Store, Read Labels, and Help Save the Planet Paperback"
5669,"L’art des jardins dans les pays siniss: Chine, Japon, Core, Viet Nam"
5670,Etre humain sur la terre
5671,Kiến trúc cảnh quan đô thị
5672,Tổ chức và quản lý môi trường cảnh quan đô thị
5673,Từ những góc nhìn về kiến trúc cảnh quan đô thị
5674,Landscape architecture
5675,Xu hướng mới kiến trúc - đô thị thế giới và Việt Nam thời hội nhập/Nguyễn Hữu Thái
5676,Dictionnaire Historique de l’Art des Jardins
5677," L’art des jardins dans les pays siniss: Chine, Japon, Core, Viet Nam"
5678,Etre humain sur la terre
5679,Bài giảng Nghiệp vụ Bếp
5680,Bài giảng Nghiệp vụ Bếp
5681,Giáo trình trắc địa/ Phạm Văn Chuyên
5682,Hướng dẫn thực hành trắc địa đại cương/Phạm Văn Chuyên
5683,Trắc địa xây dựng thực hành/Vũ Thặng
5684,"Kỹ thuật thi công/ Lê Khánh Toàn, Phan Quang Vinh (ch.b); Đặng Hưng Cầu, Đặng Công Thuật, Đinh Thị Như Thảo"
5685,Sổ tay Trắc địa công trình
5686,Nướng sao cho không cháy
5687,"TCVN 9377-2:2012, Công tác hoàn thiện trong xây dựng – Thi công và nghiệm thu – Phần 2: Công tác trát trong xây dựng"
5688,Nguyên lý thiết kế kiến trúc nhà dân dụng
5689,Nội thất kiến trúc
5690,Architects’ Data
5691,Luật xây dựng/ Bộ Xây dựng
5692,Kiến trúc cảnh quan
5693,Food Chemistry
5694,Giáo trình Nhiếp ảnh: Tài liệu lưu hành nội bộ 
5695,Tự học chụp ảnh
5696,Đường vào nghệ thuật nhiếp ảnh: Tập 1 
5697,Đường vào nghệ thuật nhiếp ảnh: Tập 2
5698,150 Workouts For Student Photographers 
5699,Basics Creative Photography: Design Principles 
5700,Complete Digital Photography 
5701,Architect's data
5702,Patternmaking for jacket design
5703,Fashion Sketch
5704,Pattern Magic
5705,The art of fashion draping
5706,Flat pattern cutting and modelling for fashion/Helen Stanley
5707,Jiating Gouzhi Xinkuan
5708,Architectural Inspiration in Fashion Design
5709,Research: Seamless Fashion Creation
5710,Bài giảng môn Thiết kế trang phục thể thao
5711,Giáo trình luật ngân hàng Việt Nam
5712,Bài giảng Thiết kế thời trang căn bản
5713,Giáo trình Luật dân sự Việt Nam - tập 1
5714,The Theory of Fashion Design
5715,Giáo trình những quy định chung về Luật dân sự
5716,Fashion source: Techincal Design
5717,Fashion Sketch
5718,Tủ sách các nhà thiết kế
5719,"Giáo trình Pháp luật về tài sản, quyền sở hữu và thừa kế"
5720,Pháp luật thừa kế ở Việt Nam nhận thức và áp dụng
5721,"Luật thừa kế Việt Nam, Bản án và Bình luận án ( tập 1 và tập 2)"
5722,The dressmaker’s technique bibe: A complete guide to fashion sewing
5723,Giáo trình Luật Dân sự Việt Nam -tập 2
5724,Giáo trình pháp luật hợp đồng và bồi thường thiệt hại ngoài hợp đồng
5725,The dressmaker’s technique bibe: A complete guide to fashion sewing
5726,"Luật hợp đồng Việt Nam, Bản án và Bình luận bản án (tập 1 và tập 2)"
5727,"Luật bồi thường thiệt hại ngoài hợp đồng Việt Nam, Bản án và Bình luận bản án (tập 1 và tập 2)"
5728,Pattern Making for Fashion Design 
5729,Giáo trình thiết kế trang phục 1
5730,Tài sản thế chấp và xử lý tài sản thế chấp theo quy định của Bộ luật Dân sự
5731,Thiết kế trang phục nữ căn bản
5732,Pattern Making for Fashion Design
5733,Giáo trình Luật hình sự Việt Nam - phần chung
5734,Giáo trình thiết kế trang phục 1
5735,Thiết kế trang phục nữ căn bản
5736,The Dressmaker’s Teachnique Bible
5737,Giáo trình Luật hình sự Việt Nam- phần chung
5738,Bình luận khoa học Bộ luật hình sự
5739,Guide to producing a fashion show
5740,Giáo trình Luật hình sự Việt Nam - phần chung
5741,Giáo trình Luật hình sự Việt Nam- phần chung
5742,Bình luận khoa học Bộ luật hình sự
5743,Bài giảng Trang trí hoa
5744,Sách dạy trang điểm
5745,The make up manual = Trang điểm tự nhiên
5746,Art & Make up
5747,Giáo trình luật môi trường
5748,Skincare cho cô nàng bận rộn
5749,Chăm sóc thẩm mỹ da
5750,"Giáo trình Luật Dân sự 1, 2"
5751,Dưỡng da toàn thư
5752,Nguyên liệu dệt
5753,Nguyên phụ liệu may
5754,Giáo trình luật ngân hàng Việt Nam
5755,Quá trình hoàn tất vải 
5756,Nghiệp vụ hành chính văn phòng 
5757,Fashion Flats and Technical Drawing: Pck Spi Pa edition
5758,"Kỹ thuật soạn thảo và quản lý văn bản / Trần Thị Thu Hương, Phạm Thanh Dũng, Mang Văn Thới"
5759,Công tác tổ chức văn phòng và soạn thảo văn bản/Lê Dung
5760,Quản Trị Hành Chính văn Phòng
5761,Trang trí hoa
5762,Flats: Technical Drawing for Fashion : 2nd Ed.
5763,Sách dạy trang điểm
5764,Fashion sketch book: 2nd Ed. 
5765,How to draw fashion figure: Essential figure drawing techniques for women’s wear designers
5766,Fashion Sketchbook Figure Template: 430 Large Female Figure Template for Easily Sketching Your Fashion Design Styles and Building Your Portfolio
5767,Giáo trình Kế toán quản trị
5768,Phương pháp vẽ người mẫu trong thiết kế thời trang
5769,Phương pháp vẽ thiết kế thời trang/Trâu Hải Lam; Dịch giả: Anh Vũ
5770,The make up manual – Trang điểm tự nhiên
5771,Bài giảng Kỹ thuật xử lý chất liệu
5772,Giáo trình Đầu tư quốc tế
5773,Art & Make up
5774,The art of manipulating fabric/Colette Wolff
5775,"Nghề thêu rua/Thái Văn Bôn, Nguyễn Thị Hạnh "
5776,Promoting and Managing International Investment: Towards an Integrated Policy Approach
5777,Kỹ thuật đan móc
5778,Hospitality Information Technology.
5779,Kỹ thuật đan móc len sợi: Thực hành đan móc len sợi 
5780,Đan móc thời trang 
5781,Selling and Sales Management: 8th edition
5782,Sashiko Traditional Hand Stitching
5783,Beginner’s Guide to Machine Embroidered Landscapes
5784,The Embroidery Stitch Bible
5785,Giao dịch và đàm phán kinh doanh
5786,Long-Arm Machine Quilting
5787,"Event planning and management: principle, planning and practice"
5788,The Ultimate Quilting Book
5789,The Fabric Design Book
5790,Bài giảng Nhập môn ngành QLCN – Khoa Kinh tế
5791,International Legal English (A course for classroom or self-study use)
5792,Professional English in Use Law
5793,English for Law in Higher Education Studies
5794,English for Legal Professionals
5795,International Legal English (A course for classroom or self-study use)
5796,Professional English in Use Law
5797,English for Law in Higher Education Studies
5798,English for Legal Professionals
5799,Market Leader - Business Law
5800,English for Garment Technology: Textbook in HCMUTE
5801,English for Garment Technology and Fashion 
5802,Công nghiệp thời trang
5803,Giáo trình công nghệ sản xuất may:Giáo trình dùng cho sinh viên ngành Công nghệ may/Trần Thanh Hương
5804,Giáo trình Luật thương mại quốc tế
5805,Pháp luật kinh tế
5806,Giáo trình chủ thể kinh doanh
5807,"Giáo trình pháp luật thương mại, hàng hóa và dịch vụ"
5808,Luật hành chính Việt Nam
5809,Giáo trình luật hành chính Việt Nam
5810,Luật xử lí vi phạm hành chính
5811,Luật ban hành văn bản quy phạm pháp luật
5812,Luật khiếu nại 
5813,Luật tố cáo
5814,"Luật cán bộ công chức, viên chức "
5815,Giáo trình Luật So sánh
5816,Chuẩn bị sản xuất may
5817,Những hệ thống pháp luật chính trong thế giới đương đại
5818,The Fashion System
5819,The Fairchild Dictionary of Fashion: 3rd Ed.
5820,Giáo trình luật tố tụng hình sự Việt Nam
5821,Fashion Designer Survival Guide: Start and Run Your Own Fashion Business: Rev. and expanded ed
5822,Giáo trình Luật  tố tụng hình sự Việt Nam 
5823,Merchandising of Fashion Products
5824,Designing Clothes : Culture and Organization of the Fashion Industry
5825,Giáo trình luật tố tụng dân sự Việt Nam
5826,Giáo trình luật tố tụng dân sự Việt Nam
5827,Fashion Supply Chain Management : Industry and Business Analysis
5828,Fashion Sketch
5829,"Giáo trình Luật thương mại Việt Nam, tập 1, tập 2"
5830,Pattern Magic
5831,Giáo trình Luật Thương mại Việt Nam (Tập 2)
5832,The art of fashion draping
5833,Flat pattern cutting and modelling for fashion
5834,"Giáo trình Công pháp quốc tế, (quyển 1,2)"
5835,Giáo trình Luật quốc tế
5836,Giáo trình Luật quốc tế
5837,Fabric dyeing for beginners
5838,Giáo trình tư pháp quốc tế
5839,Jiating Gouzhi Xinkuan
5840,The Fabric & Yarn Dyer’s Handbook
5841,Giáo trình tư pháp quốc tế
5842,Giáo trình tư pháp quốc tế
5843,Architectural Inspiration in Fashion Design
5844,Research: Seamless Fashion Creation
5845,Giáo trình hình họa học phần 4
5846,Adobe In Design Classroom in a Book
5847,Typographic Sytems
5848,Giáo trình Luật thương mại quốc tế
5849,Thinking With Type
5850,"Tổ chức nội dung và thiết kế, trình bày báo in"
5851,Pháp luật kinh tế
5852,Tài liệu học tập Lịch sử trang phục 1
5853,Fashion – The definitive History of costume and style 
5854,Ngàn năm áo mũ 
5855,Giáo trình mỹ thuật trang phục:Sách dùng cho các trường đào tạo hệ Trung học chuyên nghiệp - Cao đẳng - Đại học/Trần Thủy Bình
5856,Clothing technique
5857,Giáo trình chủ thể kinh doanh
5858,What people wore when 
5859,100 Dress The Costume Institute 
5860,Ngàn năm áo mũ 
5861,Clothing technique
5862,What people wore when 
5863,100 Dress The Costume Institute 
5864,Giáo trình Luật Lao động
5865,Giáo trình Luật đất đai
5866,Giáo trình Luật đất đai
5867,Adobe Illustrator Classroom in a Book
5868,Flats: Technical drawing for fashion
5869,Adobe Illustrator for Fashion Design
5870,Photoshop and Illustrator for Fashion and Textile Design
5871,Digital fashion Illustration with Photoshop and Illustrator
5872,Fashion Illustrator
5873,Giáo trình Kỹ thuật soạn thảo văn bản
5874,Giáo trình Kỹ thuật soạn thảo văn bản
5875,Giáo trình Kỹ năng soạn thảo văn bản hành chính thông dụng
5876,Giáo trình xây dựng văn bản pháp luật
5877,Luật Ban hành văn bản quy phạm pháp luật hiện hành 
5878,Giáo trình Lý luận và pháp luật về quyền con người
5879,Giáo dục quyền con người: Những vấn đề lý luận và thực tiễn
5880,Các văn kiện quốc tế về quyền con người
5881, Giáo trình Luật Dân sự Việt Nam -tập 2
5882,Giáo trình Luật dân sự -tập 2
5883,Giáo trình pháp luật Hợp Đồng và bồi thường thiệt hại ngoài Hợp Đồng
5884,"Luật bồi thường thiệt hại ngoài Hợp đồng tại Việt Nam, Bản án và Bình luận án"
5885,Pháp luật về Hợp đồng trong thương mại và đầu tư
5886,Giáo trình Luật dân sự
5887,Luật hợp đồng Việt Nam – Bản án và bình luận bản án
5888,Pháp luật hợp đồng- một số vấn đề pháp lý cơ bản
5889,Giáo trình Luật ngân sách nhà nước
5890,Giáo trình Luật Thuế Việt Nam
5891,Giáo trình Luật Thuế Việt Nam
5892,Giáo trình Luật thương mại (Tập 1+2)
5893,Pháp luật kinh tế
5894,Giáo trình chủ thể kinh doanh
5895,Giáo trình luật thương mại Việt Nam (tâp 1 và tập 2)
5896,Giáo trình luật cạnh tranh
5897,Pháp luật về hạn chế cạnh tranh trong hoạt động nhượng quyền thương mại ở Việt Nam từ tư duy pháp lý của EU và Hoa Kỳ đến kinh nghiệm lập pháp của Việt Nam
5898,Almanach những nền văn minh thế giới
5899,Văn minh phương Tây
5900,Lịch sử văn hóa Trung Quốc
5901,Đất nước Việt Nam qua các đời
5902,Tiếng Việt thực hành
5903,Tiếng Việt thực hành
5904,Tiếng Việt thực hành
5905,Tiếng Việt thực hành
5906,Tiếng Việt thực hành
5907,Tiếng Việt thực hành
5908,Thực hành tiếng Việt
5909,Thực hành tiếng Việt
5910,Giáo trình Phương pháp luận nghiên cứu khoa học
5911,Business Research Methods – Twelfth Edition
5912,Research Methods for Business Students 
5913,Phương pháp nghiên cứu kinh tế - Kiến thức cơ bản
5914,Phân tích dữ liệu nghiên cứu với SPSS
5915,Phương pháp nghiên cứu xã hội học
5916,Quản trị hành chính văn phòng =Administrative office management/Vương Thị Kim Thanh
5917,Quản trị hành chính văn phòng
5918,Quản trị văn phòng
5919,Quản trị hành chính văn phòng
5920,Quản trị văn phòng
5921,Quản trị hành chính văn phòng
5922,Giáo trình kỹ năng tư vấn pháp luật
5923,Bộ phiếu kỹ thuật kỹ năng hành nghề luật sư
5924,Giáo trình luật dân sự Việt Nam (tập 1 và tập 2)
5925,Giáo trình kĩ năng tư vấn pháp luật
5926,Giáo trình Kỹ năng chuyên sâu của luật sư trong việc giải quyết các vụ án dân sự
5927,Nghiệp vụ của luật sư về tư vấn pháp luật và tư vấn hợp đồng
5928,Án lệ và sử dụng án lệ trong đào tạo luật ở Việt Nam hiện nay
5929,Sách Án Lệ và Bình Luận - Quyển 1
5930,Sách Án Lệ và Bình Luận - Quyển 2
5931,Sách Án lệ và Bình luận - Quyển 3
5932,"Giáo trình Luật sở hữu trí tuệ/ Nguyễn Hồ Bích Hằng, Nguyễn Xuân Quang"
5933,Giáo trình Kỹ năng tư vấn pháp luật
5934,Pháp luật kinh tế
5935,Giáo trình chủ thể kinh doanh
5936,"Giáo trình pháp luật thương mại, hàng hóa và dịch vụ"
5937,"Giáo trình pháp luật thương mại, hàng hóa và dịch vụ"
5938,Pháp luật về kinh doanh bất động sản ở Việt Nam
5939,Pháp luật về thế chấp quyền sử dụng đất tại các tổ chức tín dụng ở Việt Nam
5940,Pháp luật về kinh doanh dịch vụ bất động sản ở Việt Nam
5941,Pháp luật về kinh doanh dịch vụ bất động sản ở Việt Nam
5942,Tập bài giảng Pháp luật Kinh doanh bất động sản
5943,Chính sách phát triển thị trường bất động sản ở Việt Nam
5944,Bình luận Luật nhà ở năm 2014
5945,Pháp luật Kinh tế Việt Nam trong thời kỳ đổi mới
5946,"Giáo trình luật chứng khoán/ Viên Thế Giang, Võ Thị Mỹ Hương"
5947,Giáo trình một số hợp đồng đặc thù trong lĩnh vực thương mại và kĩ năng đàm phán soạn thảo
5948,Giáo trình một số hợp đồng đặc thù trong lĩnh vực thương mại và kĩ năng đàm phán soạn thảo
5949,Nghệ thuật đàm phán
5950,"Kiến thức pháp lí và kĩ năng cơ bản trong đàm phán, soạn thảo và kí kết hợp đồng thương mại"
5951,"Study Skills for Science, Engineering and Technology Students"
5952,Physiology for Engineers: Applying Engineering Methods to Physiological Systems
5953,Electrical Safety of Low-Voltage Systems
5954,Electrical Product Compliance and Safety Engineering
5955, Guidelines for Design Solutions for Process Equipment Failures
5956,Biosensors: Fundamentals and Applications
5957,Biomaterials Science: An Introduction to Materials in Medicine
5958,Fundamentals of  Materials Science and Engineering
5959,Practical Biomedical Signal Analysis Using MATLAB
5960, Biosignal and Biomedical Image Processing: Matlab-based applications
5961,Advanced Optical and Wireless Communications Systems
5962,Wireless Mesh Networks for IoT and Smart Cities: Technologies and applications
5963,Giáo trính xử lý ảnh y sinh
5964,"Medical imaging: artificial intelligence, image recognition, and machine learning techniques / [edited by] K.C. Santosh, Sameer Antani, D.S. Guru, Nilanjan Dey."
5965,"Medical Imaging: Technology and Applications (Devices, Circuits, and Systems)"
5966,"Deep learning for coders with fastai and PyTorch: AI applications without a PhD/ Jeremy Howard, Sylvain Gugger "
5967,Pattern Reconition and Machine Learning
5968,Introduction to Machine Learning with Python
5969,Piezoelectric Sensors and Actuators
5970,"Sensor and Signal Conditioning, second edition"
